#Parameters = {L=90; W=90; d=0.8; d_antenna=50; gap=50; gap_volt_1=50; height_plate=120; my_die=5; r_aperature=10; t=0.035; t_bone=16; t_fat=10; t_muscle=20; t_plate=1; t_skin=2; voltage_monitor1=40; voltage_monitor2=200; width_plate=120}
#"Time / ns"	"o1,1 [Real / W^(1/2)]"
#-----------------------------------
0.0000000000000	0.0000000000000
0.0014008342986926	9.6604325496278e-22
0.0028016685973853	1.0320488549167e-20
0.0042025027796626	2.8919995204830e-20
0.0056033371947706	4.3813007317632e-20
0.0070041716098785	4.2032646451954e-20
0.0084050055593252	2.3234753774184e-20
0.0098058404400945	-1.0239708384679e-21
0.011206674389541	-1.5527233460432e-20
0.012607508338988	-1.0040754483695e-20
0.014008343219757	1.4400741097518e-20
0.015409177169204	4.5447180165913e-20
0.016810011118650	6.7207552352881e-20
0.018210846930742	7.0187522208392e-20
0.019611680880189	5.6227291945562e-20
0.021012514829636	3.6564278206988e-20
0.022413348779082	2.5424769375881e-20
0.023814182728529	3.2291418591708e-20
0.025215016677976	5.6023094656535e-20
0.026615852490067	8.4523189071744e-20
0.028016686439514	1.0161972632586e-19
0.029417520388961	9.7375262270042e-20
0.030818354338408	7.4531403034077e-20
0.032219190150499	4.6989355020441e-20
0.033620022237301	3.1985788280067e-20
0.035020858049393	4.0375370707658e-20
0.036421693861485	7.0020069833138e-20
0.037822525948286	1.0635999468602e-19
0.039223361760378	1.3043325110739e-19
0.040624193847179	1.2960260667602e-19
0.042025029659271	1.0463898079811e-19
0.043425861746073	6.9380549359709e-20
0.044826697558165	4.3298484820753e-20
0.046227533370256	4.0905816431329e-20
0.047628365457058	6.3776775525878e-20
0.049029201269150	9.9762363346202e-20
0.050430033355951	1.2984936499250e-19
0.051830869168043	1.3859981142467e-19
0.053231704980135	1.2233225777835e-19
0.054632537066936	9.0792171214433e-20
0.056033372879028	6.1628393604621e-20
0.057434204965830	5.0768100235517e-20
0.058835040777922	6.3918559452748e-20
0.060235876590014	9.3795134106033e-20
0.061636708676815	1.2449255627031e-19
0.063037544488907	1.4036395502670e-19
0.064438380300999	1.3435581912030e-19
0.065839216113091	1.1135621728462e-19
0.067240044474602	8.5014398646281e-20
0.068640880286694	7.0021252442920e-20
0.070041716098785	7.4205442173943e-20
0.071442551910877	9.4754107854620e-20
0.072843387722969	1.2037517429844e-19
0.074244216084480	1.3781092668954e-19
0.075645051896572	1.3895224206440e-19
0.077045887708664	1.2479076780583e-19
0.078446723520756	1.0429742629096e-19
0.079847559332848	8.9072585505557e-20
0.081248387694359	8.6909359569715e-20
0.082649223506451	9.7869450987254e-20
0.084050059318542	1.1484699701778e-19
0.085450895130634	1.2803759388177e-19
0.086851723492146	1.3060442579540e-19
0.088252559304237	1.2227775433080e-19
0.089653395116329	1.0903646680490e-19
0.091054230928421	9.9373304114967e-20
0.092455066740513	9.9454768480606e-20
0.093855895102024	1.0991241229950e-19
0.095256730914116	1.2591530692390e-19
0.096657566726208	1.4021993512723e-19
0.098058402538300	1.4725950063400e-19
0.099459238350391	1.4592415970670e-19
0.10086006671190	1.3956483393148e-19
0.10226090252399	1.3345203382820e-19
0.10366173833609	1.3142661747488e-19
0.10506257414818	1.3381542461106e-19
0.10646340996027	1.3772722635130e-19
0.10786423832178	1.3930080821972e-19
0.10926507413387	1.3640089393786e-19
0.11066590994596	1.3012376923602e-19
0.11206674575806	1.2423288618145e-19
0.11346758157015	1.2290657961740e-19
0.11486840993166	1.2818814075325e-19
0.11626924574375	1.3868298185032e-19
0.11767008155584	1.5026024047770e-19
0.11907091736794	1.5829988026975e-19
0.12047175318003	1.6014314886724e-19
0.12187258154154	1.5634972442747e-19
0.12327341735363	1.5010907322076e-19
0.12467425316572	1.4524412677030e-19
0.12607508897781	1.4405720013947e-19
0.12747591733932	1.4630552874318e-19
0.12887676060200	1.4982276533124e-19
0.13027758896351	1.5224838200467e-19
0.13167843222618	1.5267016656889e-19
0.13307926058769	1.5213766904956e-19
0.13448008894920	1.5278646299314e-19
0.13588093221188	1.5617627499277e-19
0.13728176057339	1.6194159461530e-19
0.13868260383606	1.6770174435899e-19
0.14008343219757	1.7039933543289e-19
0.14148426055908	1.6827658318593e-19
0.14288510382175	1.6221730425322e-19
0.14428593218327	1.5555327874455e-19
0.14568677544594	1.5236469135362e-19
0.14708760380745	1.5520392418272e-19
0.14848843216896	1.6355532059281e-19
0.14988927543163	1.7396609946013e-19
0.15129010379314	1.8185139251975e-19
0.15269094705582	1.8398263629269e-19
0.15409177541733	1.8024317246319e-19
0.15549260377884	1.7368920075008e-19
0.15689344704151	1.6892215887994e-19
0.15829427540302	1.6968656423882e-19
0.15969511866570	1.7697936333530e-19
0.16109594702721	1.8867302178450e-19
0.16249677538872	2.0088810128765e-19
0.16389761865139	2.1033728269288e-19
0.16529844701290	2.1626136929422e-19
0.16669929027557	2.2089948731108e-19
0.16810011863708	2.2839299402838e-19
0.16950094699860	2.4287984753572e-19
0.17090179026127	2.6684081418894e-19
0.17230261862278	3.0060467243213e-19
0.17370344698429	3.4332880956444e-19
0.17510429024696	3.9490282282347e-19
0.17650511860847	4.5767841254013e-19
0.17790596187115	5.3714937630086e-19
0.17930679023266	6.4147747936032e-19
0.18070761859417	7.8043487837885e-19
0.18210846185684	9.6461356940142e-19
0.18350929021835	1.2056434533466e-18
0.18491013348103	1.5176974428298e-18
0.18631096184254	1.9198680037621e-18
0.18771179020405	2.4385791106188e-18
0.18911263346672	3.1094424397341e-18
0.19051346182823	3.9786630593540e-18
0.19191430509090	5.1046829341168e-18
0.19331513345242	6.5609410199613e-18
0.19471596181393	8.4404318564829e-18
0.19611680507660	1.0862310810920e-17
0.19751763343811	1.3980396254079e-17
0.19891847670078	1.7993173482666e-17
0.20031930506229	2.3155346296536e-17
0.20172013342381	2.9791779955102e-17
0.20312097668648	3.8315376550371e-17
0.20452180504799	4.9250512342420e-17
0.20592264831066	6.3263832039240e-17
0.20732347667217	8.1203751634069e-17
0.20872430503368	1.0415023151721e-16
0.21012514829636	1.3347648414974e-16
0.21152597665787	1.7092547834396e-16
0.21292681992054	2.1870562751673e-16
0.21432764828205	2.7961118748192e-16
0.21572847664356	3.5717404740156e-16
0.21712931990623	4.5585571509729e-16
0.21853014826775	5.8128943612439e-16
0.21993099153042	7.4058213454768e-16
0.22133181989193	9.4269134260304e-16
0.22273264825344	1.1988960451370e-15
0.22413349151611	1.5233814499777e-15
0.22553431987762	1.9339716714341e-15
0.22693516314030	2.4530404495334e-15
0.22833599150181	3.1086445859829e-15
0.22973681986332	3.9359380656762e-15
0.23113766312599	4.9789303912119e-15
0.23253849148750	6.2926623987773e-15
0.23393933475018	7.9459068109424e-15
0.23534016311169	1.0024512110977e-14
0.23674099147320	1.2635532675503e-14
0.23814183473587	1.5912340618329e-14
0.23954266309738	2.0020951856017e-14
0.24094350636005	2.5167806952538e-14
0.24234433472157	3.1609375625860e-14
0.24374516308308	3.9664001656682e-14
0.24514600634575	4.9726414256884e-14
0.24654683470726	6.2285598770653e-14
0.24794767796993	7.7946777179462e-14
0.24934850633144	9.7458303092209e-14
0.25074934959412	1.2174451984731e-13
0.25215017795563	1.5194608266912e-13
0.25355100631714	1.8946946604963e-13
0.25495183467865	2.3604723861301e-13
0.25635269284248	2.9381141616880e-13
0.25775352120399	3.6538320654679e-13
0.25915434956551	4.5398225651840e-13
0.26055517792702	5.6355907353950e-13
0.26195600628853	6.9895619240340e-13
0.26335686445236	8.6610471398962e-13
0.26475769281387	1.0722615286993e-12
0.26615852117538	1.3262967113459e-12
0.26755934953690	1.6390438268774e-12
0.26896017789841	2.0237206008189e-12
0.27036103606224	2.4964392532356e-12
0.27176186442375	3.0768193982206e-12
0.27316269278526	3.7887254097924e-12
0.27456352114677	4.6611629486715e-12
0.27596434950829	5.7293527561120e-12
0.27736520767212	7.0360163008376e-12
0.27876603603363	8.6329259713080e-12
0.28016686439514	1.0582766434009e-11
0.28156769275665	1.2961363753117e-11
0.28296852111816	1.5860358165698e-11
0.28436937928200	1.9390366048921e-11
0.28577020764351	2.3684783301281e-11
0.28717103600502	2.8904333787549e-11
0.28857186436653	3.5242475604491e-11
0.28997269272804	4.2931845578575e-11
0.29137355089188	5.2251973581274e-11
0.29277437925339	6.3538355132842e-11
0.29417520761490	7.7193300362932e-11
0.29557603597641	9.3698743208748e-11
0.29697686433792	1.1363139595932e-10
0.29837772250175	1.3768068629627e-10
0.29977855086327	1.6667020541483e-10
0.30117937922478	2.0158279212534e-10
0.30258020758629	2.4359017580800e-10
0.30398103594780	2.9408747659332e-10
0.30538189411163	3.5473479709225e-10
0.30678272247314	4.2750503137512e-10
0.30818355083466	5.1474086104619e-10
0.30958437919617	6.1922200700337e-10
0.31098520755768	7.4424227891612e-10
0.31238606572151	8.9370189026994e-10
0.31378689408302	1.0722143173325e-09
0.31518772244453	1.2852313657774e-09
0.31658855080605	1.5391876662108e-09
0.31798937916756	1.8416708158497e-09
0.31939023733139	2.2016219958232e-09
0.32079106569290	2.6295638999585e-09
0.32219189405441	3.1378715181773e-09
0.32359272241592	3.7410816666750e-09
0.32499355077744	4.4562518120017e-09
0.32639440894127	5.3033808455893e-09
0.32779523730278	6.3058913646330e-09
0.32919606566429	7.4911836733804e-09
0.33059689402580	8.8912885942705e-09
0.33199772238731	1.0543611317360e-08
0.33339858055115	1.2491789824765e-08
0.33479940891266	1.4786677660084e-08
0.33620023727417	1.7487471026811e-08
0.33760106563568	2.0663005528831e-08
0.33900189399719	2.4393273179157e-08
0.34040272235870	2.8771124149785e-08
0.34180358052254	3.3904242968674e-08
0.34320440888405	3.9917374294873e-08
0.34460523724556	4.6954841792513e-08
0.34600606560707	5.5183509317658e-08
0.34740689396858	6.4796033427683e-08
0.34880775213242	7.6014714522898e-08
0.35020858049393	8.9095820499097e-08
0.35160940885544	1.0433443975444e-07
0.35301023721695	1.2206996302666e-07
0.35441106557846	1.4269225800945e-07
0.35581192374229	1.6664871793637e-07
0.35721275210381	1.9445242571692e-07
0.35861358046532	2.2669117072383e-07
0.36001440882683	2.6403776587358e-07
0.36141523718834	3.0726141631021e-07
0.36281609535217	3.5724048075281e-07
0.36421692371368	4.1497668235024e-07
0.36561775207520	4.8161155064008e-07
0.36701858043671	5.5844424196039e-07
0.36841940879822	6.4695257151470e-07
0.36982026696205	7.4881540967908e-07
0.37122109532356	8.6593831838400e-07
0.37262192368507	1.0004819159803e-06
0.37402275204659	1.1548925158422e-06
0.37542358040810	1.3319377103471e-06
0.37682443857193	1.5347452517744e-06
0.37822526693344	1.7668460259301e-06
0.37962609529495	2.0322199816292e-06
0.38102692365646	2.3353513824986e-06
0.38242775201797	2.6812874693860e-06
0.38382861018181	3.0757014428673e-06
0.38522943854332	3.5249624943390e-06
0.38663026690483	4.0362169784203e-06
0.38803109526634	4.6174714043445e-06
0.38943192362785	5.2776863412873e-06
0.39083278179169	6.0268739616731e-06
0.39223361015320	6.8762183218496e-06
0.39363443851471	7.8381963248830e-06
0.39503526687622	8.9267105067847e-06
0.39643609523773	1.0157241376874e-05
0.39783695340157	1.1547001122381e-05
0.39923778176308	1.3115105502948e-05
0.40063861012459	1.4882763935020e-05
0.40203943848610	1.6873465938261e-05
0.40344026684761	1.9113211237709e-05
0.40484112501144	2.1630748960888e-05
0.40624195337296	2.4457815015921e-05
0.40764278173447	2.7629428586806e-05
0.40904361009598	3.1184179533739e-05
0.41044443845749	3.5164557630196e-05
0.41184529662132	3.9617258153157e-05
0.41324612498283	4.4593525672099e-05
0.41464695334435	5.0149559683632e-05
0.41604778170586	5.6346892961301e-05
0.41744861006737	6.3252882682718e-05
0.41884946823120	7.0941146987025e-05
0.42025029659271	7.9492019722238e-05
0.42165112495422	8.8993067038245e-05
0.42305195331573	9.9539589427877e-05
0.42445278167725	0.00011123523290735
0.42585363984108	0.00012419253471307
0.42725446820259	0.00013853370910510
0.42865529656410	0.00015439100388903
0.43005612492561	0.00017190753715113
0.43145695328712	0.00019123792299069
0.43285781145096	0.00021254905732349
0.43425863981247	0.00023602062719874
0.43565946817398	0.00026184605667368
0.43706029653549	0.00029023352544755
0.43846112489700	0.00032140678376891
0.43986198306084	0.00035560523974709
0.44126281142235	0.00039308489067480
0.44266363978386	0.00043411939986981
0.44406446814537	0.00047900070785545
0.44546529650688	0.00052803999278694
0.44686615467072	0.00058156880550086
0.44826698303223	0.00063993968069553
0.44966781139374	0.00070352706825361
0.45106863975525	0.00077272742055357
0.45246946811676	0.00084795965813100
0.45387032628059	0.00092966598458588
0.45527115464211	0.0010183122940361
0.45667198300362	0.0011143888114020
0.45807281136513	0.0012184118386358
0.45947363972664	0.0013309232890606
0.46087449789047	0.0014524902217090
0.46227532625198	0.0015837047249079
0.46367615461349	0.0017251849640161
0.46507698297501	0.0018775751814246
0.46647781133652	0.0020415438339114
0.46787866950035	0.0022177854552865
0.46927949786186	0.0024070197250694
0.47068032622337	0.0026099896058440
0.47208115458488	0.0028274597134441
0.47348198294640	0.0030602158512920
0.47488284111023	0.0033090643119067
0.47628366947174	0.0035748276859522
0.47768449783325	0.0038583471905440
0.47908532619476	0.0041604801081121
0.48048615455627	0.0044820969924331
0.48188701272011	0.0048240786418319
0.48328784108162	0.0051873135380447
0.48468866944313	0.0055726906284690
0.48608949780464	0.0059811011888087
0.48749032616615	0.0064134295098484
0.48889118432999	0.0068705519661307
0.49029201269150	0.0073533346876502
0.49169284105301	0.0078626312315464
0.49309366941452	0.0083992797881365
0.49449449777603	0.0089640961959958
0.49589535593987	0.0095578525215387
0.49729618430138	0.010181286372244
0.49869701266289	0.010835090652108
0.50009787082672	0.011519919149578
0.50149869918823	0.012236374430358
0.50289952754974	0.012984997592866
0.50430035591125	0.013766262680292
0.50570118427277	0.014580564573407
0.50710201263428	0.015428213402629
0.50850284099579	0.016309430822730
0.50990366935730	0.017224336043000
0.51130449771881	0.018172953277826
0.51270538568497	0.019155219197273
0.51410621404648	0.020170979201794
0.51550704240799	0.021219965070486
0.51690787076950	0.022301763296127
0.51830869913101	0.023415805771947
0.51970952749252	0.024561356753111
0.52111035585403	0.025737542659044
0.52251118421555	0.026943383738399
0.52391201257706	0.028177771717310
0.52531284093857	0.029439456760883
0.52671372890472	0.030727032572031
0.52811455726624	0.032038904726505
0.52951538562775	0.033373288810253
0.53091621398926	0.034728214144707
0.53231704235077	0.036101557314396
0.53371787071228	0.037491053342819
0.53511869907379	0.038894306868315
0.53651952743530	0.040308784693480
0.53792035579681	0.041731808334589
0.53932118415833	0.043160542845726
0.54072207212448	0.044591967016459
0.54212290048599	0.046022895723581
0.54352372884750	0.047449994832277
0.54492455720901	0.048869814723730
0.54632538557053	0.050278823822737
0.54772621393204	0.051673401147127
0.54912704229355	0.053049832582474
0.55052787065506	0.054404307156801
0.55192869901657	0.055732913315296
0.55332952737808	0.057031661272049
0.55473041534424	0.058296553790569
0.55613124370575	0.059523575007915
0.55753207206726	0.060708727687597
0.55893290042877	0.061848025768995
0.56033372879028	0.062937490642071
0.56173455715179	0.063973173499107
0.56313538551331	0.064951121807098
0.56453621387482	0.065867468714714
0.56593704223633	0.066718459129333
0.56733787059784	0.067500464618206
0.56873875856400	0.068209975957870
0.57013958692551	0.068843677639961
0.57154041528702	0.069398432970047
0.57294124364853	0.069871269166470
0.57434207201004	0.070259377360344
0.57574290037155	0.070560172200203
0.57714372873306	0.070771262049675
0.57854455709457	0.070890530943871
0.57994538545609	0.070916153490543
0.58134621381760	0.070846587419510
0.58274710178375	0.070680625736713
0.58414793014526	0.070417314767838
0.58554875850677	0.070055998861790
0.58694958686829	0.069596290588379
0.58835041522980	0.069038122892380
0.58975124359131	0.068381763994694
0.59115207195282	0.067627832293510
0.59255290031433	0.066777296364307
0.59395372867584	0.065831467509270
0.59535455703735	0.064791977405548
0.59675544500351	0.063660770654678
0.59815627336502	0.062440089881420
0.59955710172653	0.061132460832596
0.60095793008804	0.059740707278252
0.60235875844955	0.058267939835787
0.60375958681107	0.056717559695244
0.60516041517258	0.055093269795179
0.60656124353409	0.053399078547955
0.60796207189560	0.051639281213284
0.60936290025711	0.049818407744169
0.61076378822327	0.047941148281097
0.61216461658478	0.046012319624424
0.61356544494629	0.044036816805601
0.61496627330780	0.042019624263048
0.61636710166931	0.039965845644474
0.61776793003082	0.037880737334490
0.61916875839233	0.035769674926996
0.62056958675385	0.033638160675764
0.62197041511536	0.031491734087467
0.62337124347687	0.029335919767618
0.62477213144302	0.027176149189472
0.62617295980453	0.025017725303769
0.62757378816605	0.022865846753120
0.62897461652756	0.020725641399622
0.63037544488907	0.018602184951305
0.63177627325058	0.016500480473042
0.63317710161209	0.014425413683057
0.63457792997360	0.012381686829031
0.63597875833511	0.010373754426837
0.63737958669662	0.0084057692438364
0.63878047466278	0.0064815934747458
0.64018130302429	0.0046048583462834
0.64158213138580	0.0027790097519755
0.64298295974731	0.0010073177982122
0.64438378810883	-0.00070712796878070
0.64578461647034	-0.0023614871315658
0.64718544483185	-0.0039532678201795
0.64858627319336	-0.0054803732782602
0.64998710155487	-0.0069411029107869
0.65138792991638	-0.0083340993151069
0.65278881788254	-0.0096582593396306
0.65418964624405	-0.010912649333477
0.65559047460556	-0.012096508406103
0.65699130296707	-0.013209289871156
0.65839213132858	-0.014250754378736
0.65979295969009	-0.015220999717712
0.66119378805161	-0.016120487824082
0.66259461641312	-0.016950033605099
0.66399544477463	-0.017710682004690
0.66539627313614	-0.018403612077236
0.66679716110229	-0.019030082970858
0.66819798946381	-0.019591487944126
0.66959881782532	-0.020089402794838
0.67099964618683	-0.020525645464659
0.67240047454834	-0.020902305841446
0.67380130290985	-0.021221715956926
0.67520213127136	-0.021486325189471
0.67660295963287	-0.021698601543903
0.67800378799438	-0.021860979497433
0.67940461635590	-0.021975893527269
0.68080544471741	-0.022045820951462
0.68220633268356	-0.022073319181800
0.68360716104507	-0.022061072289944
0.68500798940659	-0.022011872380972
0.68640881776810	-0.021928563714027
0.68780964612961	-0.021813962608576
0.68921047449112	-0.021670786663890
0.69061130285263	-0.021501617506146
0.69201213121414	-0.021308941766620
0.69341295957565	-0.021095188334584
0.69481378793716	-0.020862763747573
0.69621467590332	-0.020614063367248
0.69761550426483	-0.020351450890303
0.69901633262634	-0.020077211782336
0.70041716098785	-0.019793532788754
0.70181798934937	-0.019502433016896
0.70321881771088	-0.019205776974559
0.70461964607239	-0.018905291333795
0.70602047443390	-0.018602622672915
0.70742130279541	-0.018299348652363
0.70882213115692	-0.017996987327933
0.71022301912308	-0.017696948722005
0.71162384748459	-0.017400505021214
0.71302467584610	-0.017108751460910
0.71442550420761	-0.016822626814246
0.71582633256912	-0.016542924568057
0.71722716093063	-0.016270358115435
0.71862798929214	-0.016005588695407
0.72002881765366	-0.015749234706163
0.72142964601517	-0.015501847490668
0.72283047437668	-0.015263867564499
0.72423136234283	-0.015035578981042
0.72563219070435	-0.014817096292973
0.72703301906586	-0.014608386904001
0.72843384742737	-0.014409353025258
0.72983467578888	-0.014219877310097
0.73123550415039	-0.014039861038327
0.73263633251190	-0.013869206421077
0.73403716087341	-0.013707764446735
0.73543798923492	-0.013555276207626
0.73683881759644	-0.013411343097687
0.73823970556259	-0.013275439850986
0.73964053392410	-0.013146966695786
0.74104136228561	-0.013025313615799
0.74244219064713	-0.012909919023514
0.74384301900864	-0.012800268828869
0.74524384737015	-0.012695858255029
0.74664467573166	-0.012596126645803
0.74804550409317	-0.012500406242907
0.74944633245468	-0.012407911941409
0.75084716081619	-0.012317772023380
0.75224804878235	-0.012229111045599
0.75364887714386	-0.012141115963459
0.75504970550537	-0.012053072452545
0.75645053386688	-0.011964334174991
0.75785136222839	-0.011874259449542
0.75925219058990	-0.011782129295170
0.76065301895142	-0.011687103658915
0.76205384731293	-0.011588240042329
0.76345467567444	-0.011484555900097
0.76485550403595	-0.011375112459064
0.76625639200211	-0.011259078048170
0.76765722036362	-0.011135729029775
0.76905804872513	-0.011004386469722
0.77045887708664	-0.010864345356822
0.77185970544815	-0.010714794509113
0.77326053380966	-0.010554810985923
0.77466136217117	-0.010383406654000
0.77606219053268	-0.010199615731835
0.77746301889420	-0.010002575814724
0.77886384725571	-0.0097915576770902
0.78026473522186	-0.0095659177750349
0.78166556358337	-0.0093250125646591
0.78306639194489	-0.0090681063011289
0.78446722030640	-0.0087943412363529
0.78586804866791	-0.0085027636960149
0.78726887702942	-0.0081924106925726
0.78866970539093	-0.0078624160960317
0.79007053375244	-0.0075120590627193
0.79147136211395	-0.0071407584473491
0.79287219047546	-0.0067479978315532
0.79427307844162	-0.0063332291319966
0.79567390680313	-0.0058958092704415
0.79707473516464	-0.0054349973797798
0.79847556352615	-0.0049500176683068
0.79987639188766	-0.0044401520863175
0.80127722024918	-0.0039048155304044
0.80267804861069	-0.0033435698132962
0.80407887697220	-0.0027560768648982
0.80547970533371	-0.0021420130506158
0.80688053369522	-0.0015009954804555
0.80828142166138	-0.00083256349898875
0.80968225002289	-0.00013622466940433
0.81108307838440	0.00058845541207120
0.81248390674591	0.0013417718000710
0.81388473510742	0.0021238503977656
0.81528556346893	0.0029346817173064
0.81668639183044	0.0037741982378066
0.81808722019196	0.0046423478052020
0.81948804855347	0.0055391262285411
0.82088887691498	0.0064645493403077
0.82228976488113	0.0074185836128891
0.82369059324265	0.0084010735154152
0.82509142160416	0.0094116954132915
0.82649224996567	0.010449981316924
0.82789307832718	0.011515374295413
0.82929390668869	0.012607303448021
0.83069473505020	0.013725220225751
0.83209556341171	0.014868585392833
0.83349639177322	0.016036810353398
0.83489722013474	0.017229182645679
0.83629810810089	0.018444817513227
0.83769893646240	0.019682679325342
0.83909976482391	0.020941615104675
0.84050059318542	0.022220445796847
0.84190142154694	0.023517997935414
0.84330224990845	0.024833125993609
0.84470307826996	0.026164660230279
0.84610390663147	0.027511339634657
0.84750473499298	0.028871769085526
0.84890556335449	0.030244398862123
0.85030645132065	0.031627558171749
0.85170727968216	0.033019520342350
0.85310810804367	0.034418564289808
0.85450893640518	0.035822980105877
0.85590976476669	0.037231065332890
0.85731059312820	0.038641069084406
0.85871142148972	0.040051158517599
0.86011224985123	0.041459381580353
0.86151307821274	0.042863711714745
0.86291390657425	0.044262073934078
0.86431479454041	0.045652378350496
0.86571562290192	0.047032557427883
0.86711645126343	0.048400554805994
0.86851727962494	0.049754295498133
0.86991810798645	0.051091667264700
0.87131893634796	0.052410498261452
0.87271976470947	0.053708568215370
0.87412059307098	0.054983612149954
0.87552142143250	0.056233383715153
0.87692224979401	0.057455681264400
0.87832313776016	0.058648299425840
0.87972396612167	0.059809081256390
0.88112479448318	0.060935843735933
0.88252562284470	0.062026374042034
0.88392645120621	0.063078440725803
0.88532727956772	0.064089775085449
0.88672810792923	0.065058134496212
0.88812893629074	0.065981298685074
0.88952976465225	0.066857121884823
0.89093059301376	0.067683443427086
0.89233148097992	0.068458147346973
0.89373230934143	0.069179095327854
0.89513313770294	0.069844163954258
0.89653396606445	0.070451200008392
0.89793479442596	0.070998065173626
0.89933562278748	0.071482636034489
0.90073645114899	0.071902826428413
0.90213727951050	0.072256594896317
0.90353810787201	0.072541914880276
0.90493893623352	0.072756826877594
0.90633982419968	0.072899334132671
0.90774065256119	0.072967469692230
0.90914148092270	0.072959274053574
0.91054230928421	0.072872787714005
0.91194313764572	0.072706095874310
0.91334396600723	0.072457343339920
0.91474479436874	0.072124712169170
0.91614562273026	0.071706496179104
0.91754645109177	0.071201026439667
0.91894727945328	0.070606663823128
0.92034816741943	0.069921761751175
0.92174899578094	0.069144695997238
0.92314982414246	0.068273879587650
0.92455065250397	0.067307859659195
0.92595148086548	0.066245287656784
0.92735230922699	0.065084993839264
0.92875313758850	0.063825972378254
0.93015396595001	0.062467314302921
0.93155479431152	0.061008185148239
0.93295562267303	0.059447798877954
0.93435651063919	0.057785436511040
0.93575733900070	0.056020520627499
0.93715816736221	0.054152678698301
0.93855899572372	0.052181791514158
0.93995982408524	0.050108034163713
0.94136065244675	0.047931842505932
0.94276148080826	0.045653861016035
0.94416230916977	0.043274894356728
0.94556313753128	0.040795899927616
0.94696396589279	0.038218025118113
0.94836485385895	0.035542674362659
0.94976568222046	0.032771598547697
0.95116651058197	0.029906939715147
0.95256733894348	0.026951218023896
0.95396816730499	0.023907283321023
0.95536899566650	0.020778253674507
0.95676982402802	0.017567498609424
0.95817065238953	0.014278639107943
0.95957148075104	0.010915620252490
0.96097230911255	0.0074827726930380
0.96237319707870	0.0039848694577813
0.96377402544022	0.00042711652349681
0.96517485380173	-0.0031848966609687
0.96657568216324	-0.0068452642299235
0.96797651052475	-0.010547812096775
0.96937733888626	-0.014286103658378
0.97077816724777	-0.018053393810987
0.97217899560928	-0.021842574700713
0.97357982397079	-0.025646142661572
0.97498065233231	-0.029456216841936
0.97638154029846	-0.033264588564634
0.97778236865997	-0.037062820047140
0.97918319702148	-0.040842309594154
0.98058402538300	-0.044594310224056
0.98198485374451	-0.048309896141291
0.98338568210602	-0.051979914307594
0.98478651046753	-0.055594962090254
0.98618733882904	-0.059145379811525
0.98758816719055	-0.062621325254440
0.98898899555206	-0.066012911498547
0.99038988351822	-0.069310270249844
0.99179071187973	-0.072503648698330
0.99319154024124	-0.075583390891552
0.99459236860275	-0.078539893031120
0.99599319696426	-0.081363551318645
0.99739402532578	-0.084044769406319
0.99879485368729	-0.086574003100395
1.0001957416534	-0.088941901922226
1.0015965700150	-0.091139391064644
1.0029973983765	-0.093157753348351
1.0043982267380	-0.094988688826561
1.0057990550995	-0.096624217927456
1.0071998834610	-0.098056696355343
1.0086007118225	-0.099278807640076
1.0100015401840	-0.10028357803822
1.0114023685455	-0.10106448084116
1.0128031969070	-0.10161551088095
1.0142040252686	-0.10193128883839
1.0156048536301	-0.10200709849596
1.0170056819916	-0.10183884948492
1.0184065103531	-0.10142303258181
1.0198073387146	-0.10075670480728
1.0212081670761	-0.099837481975555
1.0226089954376	-0.098663568496704
1.0240098237991	-0.097233898937702
1.0254107713699	-0.095548182725906
1.0268115997314	-0.093606963753700
1.0282124280930	-0.091411568224430
1.0296132564545	-0.088964141905308
1.0310140848160	-0.086267501115799
1.0324149131775	-0.083325147628784
1.0338157415390	-0.080141268670559
1.0352165699005	-0.076720759272575
1.0366173982620	-0.073069289326668
1.0380182266235	-0.069193296134472
1.0394190549850	-0.065100029110909
1.0408198833466	-0.060797508805990
1.0422207117081	-0.056294467300177
1.0436215400696	-0.051600333303213
1.0450223684311	-0.046725146472454
1.0464231967926	-0.041679538786411
1.0478240251541	-0.036474741995335
1.0492248535156	-0.031122548505664
1.0506256818771	-0.025635318830609
1.0520265102386	-0.020025989040732
1.0534274578094	-0.014308024197817
1.0548282861710	-0.0084953885525465
1.0562291145325	-0.0026024910621345
1.0576299428940	0.0033558914437890
1.0590307712555	0.0093646897003055
1.0604315996170	0.015408609062433
1.0618324279785	0.021472159773111
1.0632332563400	0.027539681643248
1.0646340847015	0.033595338463783
1.0660349130630	0.039623115211725
1.0674357414246	0.045606873929501
1.0688365697861	0.051530409604311
1.0702373981476	0.057377569377422
1.0716382265091	0.063132375478745
1.0730390548706	0.068779096007347
1.0744398832321	0.074302300810814
1.0758407115936	0.079686857759953
1.0772415399551	0.084917932748795
1.0786423683167	0.089980974793434
1.0800431966782	0.094861775636673
1.0814441442490	0.099546551704407
1.0828449726105	0.10402205586433
1.0842458009720	0.10827567428350
1.0856466293335	0.11229551583529
1.0870474576950	0.11607041954994
1.0884482860565	0.11958992481232
1.0898491144180	0.12284423410892
1.0912499427795	0.12582424283028
1.0926507711411	0.12852162122726
1.0940515995026	0.13092887401581
1.0954524278641	0.13303948938847
1.0968532562256	0.13484790921211
1.0982540845871	0.13634964823723
1.0996549129486	0.13754114508629
1.1010557413101	0.13841979205608
1.1024565696716	0.13898389041424
1.1038573980331	0.13923257589340
1.1052582263947	0.13916601240635
1.1066590547562	0.13878536224365
1.1080598831177	0.13809287548065
1.1094608306885	0.13709186017513
1.1108616590500	0.13578665256500
1.1122624874115	0.13418254256248
1.1136633157730	0.13228565454483
1.1150641441345	0.13010293245316
1.1164649724960	0.12764222919941
1.1178658008575	0.12491220235825
1.1192666292191	0.12192241847515
1.1206674575806	0.11868330836296
1.1220682859421	0.11520604789257
1.1234691143036	0.11150251328945
1.1248699426651	0.10758513957262
1.1262707710266	0.10346688330173
1.1276715993881	0.099161207675934
1.1290724277496	0.094682045280933
1.1304732561111	0.090043783187866
1.1318740844727	0.085261233150959
1.1332749128342	0.080349564552307
1.1346757411957	0.075324177742004
1.1360765695572	0.070200555026531
1.1374775171280	0.064994260668755
1.1388783454895	0.059720829129219
1.1402791738510	0.054395768791437
1.1416800022125	0.049034513533115
1.1430808305740	0.043652378022671
1.1444816589355	0.038264516741037
1.1458824872971	0.032885812222958
1.1472833156586	0.027530793100595
1.1486841440201	0.022213563323021
1.1500849723816	0.016947744414210
1.1514858007431	0.011746467091143
1.1528866291046	0.0066223209723830
1.1542874574661	0.0015873401425779
1.1556882858276	-0.0033470483031124
1.1570891141891	-0.0081700729206204
1.1584899425507	-0.012871666811407
1.1598907709122	-0.017442502081394
1.1612915992737	-0.021874016150832
1.1626924276352	-0.026158405467868
1.1640932559967	-0.030288640409708
1.1654942035675	-0.034258477389812
1.1668950319290	-0.038062475621700
1.1682958602905	-0.041696004569530
1.1696966886520	-0.045155242085457
1.1710975170135	-0.048437166959047
1.1724983453751	-0.051539525389671
1.1738991737366	-0.054460801184177
1.1753000020981	-0.057200182229280
1.1767008304596	-0.059757579118013
1.1781016588211	-0.062133610248566
1.1795024871826	-0.064329601824284
1.1809033155441	-0.066347576677799
1.1823041439056	-0.068190172314644
1.1837049722672	-0.069860570132732
1.1851058006287	-0.071362465620041
1.1865066289902	-0.072699986398220
1.1879074573517	-0.073877662420273
1.1893082857132	-0.074900403618813
1.1907091140747	-0.075773507356644
1.1921099424362	-0.076502613723278
1.1935108900070	-0.077093668282032
1.1949117183685	-0.077552825212479
1.1963125467300	-0.077886424958706
1.1977133750916	-0.078100897371769
1.1991142034531	-0.078202717006207
1.2005150318146	-0.078198350965977
1.2019158601761	-0.078094318509102
1.2033166885376	-0.077897101640701
1.2047175168991	-0.077613152563572
1.2061183452606	-0.077248841524124
1.2075191736221	-0.076810367405415
1.2089200019836	-0.076303757727146
1.2103208303452	-0.075734786689281
1.2117216587067	-0.075108982622623
1.2131224870682	-0.074431635439396
1.2145233154297	-0.073707789182663
1.2159241437912	-0.072942219674587
1.2173249721527	-0.072139434516430
1.2187258005142	-0.071303643286228
1.2201266288757	-0.070438742637634
1.2215275764465	-0.069548301398754
1.2229284048080	-0.068635575473309
1.2243292331696	-0.067703530192375
1.2257300615311	-0.066754832863808
1.2271308898926	-0.065791830420494
1.2285317182541	-0.064816564321518
1.2299325466156	-0.063830778002739
1.2313333749771	-0.062835916876793
1.2327342033386	-0.061833113431931
1.2341350317001	-0.060823276638985
1.2355358600616	-0.059807132929564
1.2369366884232	-0.058785188943148
1.2383375167847	-0.057757832109928
1.2397383451462	-0.056725248694420
1.2411391735077	-0.055687472224236
1.2425400018692	-0.054644376039505
1.2439408302307	-0.053595710545778
1.2453416585922	-0.052541092038155
1.2467424869537	-0.051480062305927
1.2481433153152	-0.050412088632584
1.2495442628860	-0.049336593598127
1.2509450912476	-0.048252973705530
1.2523459196091	-0.047160621732473
1.2537467479706	-0.046058960258961
1.2551475763321	-0.044947449117899
1.2565484046936	-0.043825581669807
1.2579492330551	-0.042692892253399
1.2593500614166	-0.041548948734999
1.2607508897781	-0.040393341332674
1.2621517181396	-0.039225704967976
1.2635525465012	-0.038045719265938
1.2649533748627	-0.036853149533272
1.2663542032242	-0.035647887736559
1.2677550315857	-0.034429937601089
1.2691558599472	-0.033199429512024
1.2705566883087	-0.031956590712070
1.2719575166702	-0.030701709911227
1.2733583450317	-0.029435079544783
1.2747591733932	-0.028157029300928
1.2761600017548	-0.026867903769016
1.2775609493256	-0.025568140670657
1.2789617776871	-0.024258283898234
1.2803626060486	-0.022939013317227
1.2817634344101	-0.021611113101244
1.2831642627716	-0.020275428891182
1.2845650911331	-0.018932813778520
1.2859659194946	-0.017584074288607
1.2873667478561	-0.016229962930083
1.2887675762177	-0.014871193096042
1.2901684045792	-0.013508480042219
1.2915692329407	-0.012142570689321
1.2929700613022	-0.010774269700050
1.2943708896637	-0.0094044255092740
1.2957717180252	-0.0080338986590505
1.2971725463867	-0.0066635166294873
1.2985733747482	-0.0052940491586924
1.2999742031097	-0.0039261910133064
1.3013750314713	-0.0025605703704059
1.3027758598328	-0.0011977620888501
1.3041766881943	0.00016168772708625
1.3055776357651	0.0015172504354268
1.3069784641266	0.0028684157878160
1.3083792924881	0.0042147068306804
1.3097801208496	0.0055556935258210
1.3111809492111	0.0068910080008209
1.3125817775726	0.0082203466445208
1.3139826059341	0.0095434645190835
1.3153834342957	0.010860167443752
1.3167842626572	0.012170298025012
1.3181850910187	0.013473724946380
1.3195859193802	0.014770343899727
1.3209867477417	0.016060078516603
1.3223875761032	0.017342885956168
1.3237884044647	0.018618756905198
1.3251892328262	0.019887730479240
1.3265900611877	0.021149881184101
1.3279908895493	0.022405315190554
1.3293917179108	0.023654149845243
1.3307925462723	0.024896513670683
1.3321933746338	0.026132527738810
1.3335943222046	0.027362324297428
1.3349951505661	0.028586041182280
1.3363959789276	0.029803853482008
1.3377968072891	0.031015969812870
1.3391976356506	0.032222639769316
1.3405984640121	0.033424109220505
1.3419992923737	0.034620642662048
1.3434001207352	0.035812489688396
1.3448009490967	0.036999881267548
1.3462017774582	0.038183037191629
1.3476026058197	0.039362199604511
1.3490034341812	0.040537625551224
1.3504042625427	0.041709631681442
1.3518050909042	0.042878542095423
1.3532059192657	0.044044699519873
1.3546067476273	0.045208428055048
1.3560075759888	0.046370044350624
1.3574084043503	0.047529850155115
1.3588092327118	0.048688173294067
1.3602100610733	0.049845378845930
1.3616108894348	0.051001872867346
1.3630118370056	0.052158080041409
1.3644126653671	0.053314436227083
1.3658134937286	0.054471358656883
1.3672143220901	0.055629219859838
1.3686151504517	0.056788370013237
1.3700159788132	0.057949151843786
1.3714168071747	0.059111963957548
1.3728176355362	0.060277227312326
1.3742184638977	0.061445422470570
1.3756192922592	0.062617026269436
1.3770201206207	0.063792482018471
1.3784209489822	0.064972162246704
1.3798217773438	0.066156379878521
1.3812226057053	0.067345410585403
1.3826234340668	0.068539552390575
1.3840242624283	0.069739088416100
1.3854250907898	0.070944331586361
1.3868259191513	0.072155565023422
1.3882267475128	0.073373019695282
1.3896275758743	0.074596837162971
1.3910285234451	0.075827032327652
1.3924293518066	0.077063597738743
1.3938301801682	0.078306451439857
1.3952310085297	0.079555556178093
1.3966318368912	0.080810844898224
1.3980326652527	0.082072250545025
1.3994334936142	0.083339601755142
1.4008343219757	0.084612607955933
1.4022351503372	0.085890814661980
1.4036359786987	0.087173625826836
1.4050368070602	0.088460393249989
1.4064376354218	0.089750438928604
1.4078384637833	0.091043084859848
1.4092392921448	0.092337660491467
1.4106401205063	0.093633443117142
1.4120409488678	0.094929620623589
1.4134417772293	0.096225187182426
1.4148426055908	0.097518980503082
1.4162434339523	0.098809726536274
1.4176442623138	0.10009604692459
1.4190452098846	0.10137659311295
1.4204460382462	0.10264998674393
1.4218468666077	0.10391487926245
1.4232476949692	0.10516985505819
1.4246485233307	0.10641339421272
1.4260493516922	0.10764384269714
1.4274501800537	0.10885947197676
1.4288510084152	0.11005844175816
1.4302518367767	0.11123891919851
1.4316526651382	0.11239907145500
1.4330534934998	0.11353707313538
1.4344543218613	0.11465106904507
1.4358551502228	0.11573917418718
1.4372559785843	0.11679940670729
1.4386568069458	0.11782972514629
1.4400576353073	0.11882802844048
1.4414584636688	0.11979217082262
1.4428592920303	0.12072009593248
1.4442601203918	0.12160979956388
1.4456609487534	0.12245937436819
1.4470618963242	0.12326692789793
1.4484627246857	0.12403054535389
1.4498635530472	0.12474829703569
1.4512643814087	0.12541814148426
1.4526652097702	0.12603802978992
1.4540660381317	0.12660598754883
1.4554668664932	0.12712009251118
1.4568676948547	0.12757858633995
1.4582685232162	0.12797984480858
1.4596693515778	0.12832228839397
1.4610701799393	0.12860435247421
1.4624710083008	0.12882450222969
1.4638718366623	0.12898114323616
1.4652726650238	0.12907275557518
1.4666734933853	0.12909790873528
1.4680743217468	0.12905532121658
1.4694751501083	0.12894397974014
1.4708759784698	0.12876299023628
1.4722768068314	0.12851153314114
1.4736776351929	0.12818881869316
1.4750785827637	0.12779407203197
1.4764794111252	0.12732653319836
1.4778802394867	0.12678548693657
1.4792810678482	0.12617038190365
1.4806818962097	0.12548094987869
1.4820827245712	0.12471712380648
1.4834835529327	0.12387906014919
1.4848843812943	0.12296692281961
1.4862852096558	0.12198092043400
1.4876860380173	0.12092120200396
1.4890868663788	0.11978797614574
1.4904876947403	0.11858155578375
1.4918885231018	0.11730249971151
1.4932893514633	0.11595156043768
1.4946901798248	0.11452972888947
1.4960910081863	0.11303808540106
1.4974918365479	0.11147769540548
1.4988926649094	0.10984954982996
1.5002934932709	0.10815461724997
1.5016943216324	0.10639395564795
1.5030952692032	0.10456874966621
1.5044960975647	0.10268037021160
1.5058969259262	0.10073038190603
1.5072977542877	0.098720379173756
1.5086985826492	0.096651941537857
1.5100994110107	0.094526514410973
1.5115002393723	0.092345416545868
1.5129010677338	0.090109944343567
1.5143018960953	0.087821424007416
1.5157027244568	0.085481353104115
1.5171035528183	0.083091378211975
1.5185043811798	0.080653205513954
1.5199052095413	0.078168466687202
1.5213060379028	0.075638636946678
1.5227068662643	0.073064938187599
1.5241076946259	0.070448420941830
1.5255085229874	0.067790076136589
1.5269093513489	0.065090931952000
1.5283101797104	0.062352132052183
1.5297110080719	0.059574890881777
1.5311119556427	0.056760374456644
1.5325127840042	0.053909622132778
1.5339136123657	0.051023427397013
1.5353144407272	0.048102367669344
1.5367152690887	0.045146901160479
1.5381160974503	0.042157463729382
1.5395169258118	0.039134550839663
1.5409177541733	0.036078743636608
1.5423185825348	0.032990612089634
1.5437194108963	0.029870616272092
1.5451202392578	0.026719057932496
1.5465210676193	0.023536037653685
1.5479218959808	0.020321551710367
1.5493227243423	0.017075605690479
1.5507235527039	0.013798313215375
1.5521243810654	0.010489952750504
1.5535252094269	0.0071509159170091
1.5549260377884	0.0037816166877747
1.5563268661499	0.00038239452987909
1.5577276945114	-0.0030465186573565
1.5591286420822	-0.0065049552358687
1.5605294704437	-0.0099927075207233
1.5619302988052	-0.013509410433471
1.5633311271667	-0.017054468393326
1.5647319555283	-0.020627057179809
1.5661327838898	-0.024226183071733
1.5675336122513	-0.027850758284330
1.5689344406128	-0.031499665230513
1.5703352689743	-0.035171724855900
1.5717360973358	-0.038865648210049
1.5731369256973	-0.042579941451550
1.5745377540588	-0.046312827616930
1.5759385824203	-0.050062261521816
1.5773394107819	-0.053825944662094
1.5787402391434	-0.057601395994425
1.5801410675049	-0.061386015266180
1.5815418958664	-0.065177083015442
1.5829427242279	-0.068971730768681
1.5843435525894	-0.072766840457916
1.5857443809509	-0.076559022068977
1.5871453285217	-0.080344624817371
1.5885461568832	-0.084119729697704
1.5899469852448	-0.087880238890648
1.5913478136063	-0.091621980071068
1.5927486419678	-0.095340676605701
1.5941494703293	-0.099031999707222
1.5955502986908	-0.10269146412611
1.5969511270523	-0.10631440579891
1.5983519554138	-0.10989598184824
1.5997527837753	-0.11343120038509
1.6011536121368	-0.11691492795944
1.6025544404984	-0.12034206837416
1.6039552688599	-0.12370754033327
1.6053560972214	-0.12700632214546
1.6067569255829	-0.13023346662521
1.6081577539444	-0.13338401913643
1.6095585823059	-0.13645307719707
1.6109594106674	-0.13943567872047
1.6123602390289	-0.14232698082924
1.6137610673904	-0.14512228965759
1.6151620149612	-0.14781710505486
1.6165628433228	-0.15040718019009
1.6179636716843	-0.15288846194744
1.6193645000458	-0.15525715053082
1.6207653284073	-0.15750966966152
1.6221661567688	-0.15964265167713
1.6235669851303	-0.16165299713612
1.6249678134918	-0.16353790462017
1.6263686418533	-0.16529494524002
1.6277694702148	-0.16692203283310
1.6291702985764	-0.16841742396355
1.6305711269379	-0.16977985203266
1.6319719552994	-0.17100837826729
1.6333727836609	-0.17210245132446
1.6347736120224	-0.17306190729141
1.6361744403839	-0.17388686537743
1.6375752687454	-0.17457784712315
1.6389760971069	-0.17513582110405
1.6403769254684	-0.17556220293045
1.6417777538300	-0.17585879564285
1.6431787014008	-0.17602781951427
1.6445795297623	-0.17607189714909
1.6459803581238	-0.17599402368069
1.6473811864853	-0.17579750716686
1.6487820148468	-0.17548605799675
1.6501828432083	-0.17506375908852
1.6515836715698	-0.17453499138355
1.6529844999313	-0.17390453815460
1.6543853282928	-0.17317740619183
1.6557861566544	-0.17235888540745
1.6571869850159	-0.17145442962646
1.6585878133774	-0.17046968638897
1.6599886417389	-0.16941049695015
1.6613894701004	-0.16828291118145
1.6627902984619	-0.16709318757057
1.6641911268234	-0.16584774851799
1.6655919551849	-0.16455319523811
1.6669927835464	-0.16321624815464
1.6683936119080	-0.16184359788895
1.6697944402695	-0.16044190526009
1.6711953878403	-0.15901774168015
1.6725962162018	-0.15757760405540
1.6739970445633	-0.15612795948982
1.6753978729248	-0.15467521548271
1.6767987012863	-0.15322576463223
1.6781995296478	-0.15178593993187
1.6796003580093	-0.15036197006702
1.6810011863708	-0.14895984530449
1.6824020147324	-0.14758527278900
1.6838028430939	-0.14624366164207
1.6852036714554	-0.14494021236897
1.6866044998169	-0.14367987215519
1.6880053281784	-0.14246745407581
1.6894061565399	-0.14130753278732
1.6908069849014	-0.14020438492298
1.6922078132629	-0.13916200399399
1.6936086416245	-0.13818401098251
1.6950094699860	-0.13727362453938
1.6964102983475	-0.13643369078636
1.6978111267090	-0.13566677272320
1.6992120742798	-0.13497515022755
1.7006129026413	-0.13436083495617
1.7020137310028	-0.13382554054260
1.7034145593643	-0.13337068259716
1.7048153877258	-0.13299724459648
1.7062162160873	-0.13270579278469
1.7076170444489	-0.13249652087688
1.7090178728104	-0.13236926496029
1.7104187011719	-0.13232368230820
1.7118195295334	-0.13235919177532
1.7132203578949	-0.13247498869896
1.7146211862564	-0.13266997039318
1.7160220146179	-0.13294266164303
1.7174228429794	-0.13329130411148
1.7188236713409	-0.13371372222900
1.7202244997025	-0.13420745730400
1.7216253280640	-0.13476987183094
1.7230261564255	-0.13539817929268
1.7244269847870	-0.13608945906162
1.7258278131485	-0.13684062659740
1.7272287607193	-0.13764829933643
1.7286295890808	-0.13850888609886
1.7300304174423	-0.13941852748394
1.7314312458038	-0.14037315547466
1.7328320741653	-0.14136856794357
1.7342329025269	-0.14240042865276
1.7356337308884	-0.14346434175968
1.7370345592499	-0.14455580711365
1.7384353876114	-0.14567014575005
1.7398362159729	-0.14680254459381
1.7412370443344	-0.14794798195362
1.7426378726959	-0.14910136163235
1.7440387010574	-0.15025743842125
1.7454395294189	-0.15141092240810
1.7468403577805	-0.15255644917488
1.7482411861420	-0.15368859469891
1.7496420145035	-0.15480184555054
1.7510428428650	-0.15589055418968
1.7524436712265	-0.15694901347160
1.7538444995880	-0.15797144174576
1.7552454471588	-0.15895202755928
1.7566462755203	-0.15988495945930
1.7580471038818	-0.16076442599297
1.7594479322433	-0.16158458590508
1.7608487606049	-0.16233953833580
1.7622495889664	-0.16302324831486
1.7636504173279	-0.16362963616848
1.7650512456894	-0.16415260732174
1.7664520740509	-0.16458614170551
1.7678529024124	-0.16492424905300
1.7692537307739	-0.16516108810902
1.7706545591354	-0.16529084742069
1.7720553874969	-0.16530773043633
1.7734562158585	-0.16520595550537
1.7748570442200	-0.16497984528542
1.7762578725815	-0.16462373733521
1.7776587009430	-0.16413211822510
1.7790595293045	-0.16349971294403
1.7804603576660	-0.16272145509720
1.7818611860275	-0.16179245710373
1.7832621335983	-0.16070802509785
1.7846629619598	-0.15946361422539
1.7860637903214	-0.15805493295193
1.7874646186829	-0.15647786855698
1.7888654470444	-0.15472866594791
1.7902662754059	-0.15280385315418
1.7916671037674	-0.15070034563541
1.7930679321289	-0.14841544628143
1.7944687604904	-0.14594687521458
1.7958695888519	-0.14329272508621
1.7972704172134	-0.14045150578022
1.7986712455750	-0.13742218911648
1.8000720739365	-0.13420423865318
1.8014729022980	-0.13079759478569
1.8028737306595	-0.12720270454884
1.8042745590210	-0.12342052906752
1.8056753873825	-0.11945250630379
1.8070762157440	-0.11530068516731
1.8084770441055	-0.11096769571304
1.8098778724670	-0.10645679384470
1.8112788200378	-0.10177195072174
1.8126796483994	-0.096917688846588
1.8140804767609	-0.091899208724499
1.8154813051224	-0.086722224950790
1.8168821334839	-0.081393040716648
1.8182829618454	-0.075918532907963
1.8196837902069	-0.070306181907654
1.8210846185684	-0.064564138650894
1.8224854469299	-0.058701202273369
1.8238862752914	-0.052726779133081
1.8252871036530	-0.046650853008032
1.8266879320145	-0.040483906865120
1.8280887603760	-0.034236893057823
1.8294895887375	-0.027921238914132
1.8308904170990	-0.021548850461841
1.8322912454605	-0.015132134780288
1.8336920738220	-0.0086839720606804
1.8350929021835	-0.0022176457569003
1.8364937305450	0.0042532379738986
1.8378945589066	0.010714848525822
1.8392955064774	0.017153184860945
1.8406963348389	0.023554090410471
1.8420971632004	0.029903251677752
1.8434979915619	0.036186162382364
1.8448988199234	0.042388159781694
1.8462996482849	0.048494506627321
1.8477004766464	0.054490495473146
1.8491013050079	0.060361582785845
1.8505021333694	0.066093489527702
1.8519029617310	0.071672208607197
1.8533037900925	0.077084034681320
1.8547046184540	0.082315549254417
1.8561054468155	0.087353572249413
1.8575062751770	0.092185258865356
1.8589071035385	0.096798211336136
1.8603079319000	0.10118057578802
1.8617087602615	0.10532118380070
1.8631095886230	0.10920958220959
1.8645104169846	0.11283609271049
1.8659112453461	0.11619162559509
1.8673121929169	0.11926782131195
1.8687130212784	0.12205691635609
1.8701138496399	0.12455190718174
1.8715146780014	0.12674665451050
1.8729155063629	0.12863592803478
1.8743163347244	0.13021555542946
1.8757171630859	0.13148231804371
1.8771179914474	0.13243393599987
1.8785188198090	0.13306902348995
1.8799196481705	0.13338701426983
1.8813204765320	0.13338817656040
1.8827213048935	0.13307376205921
1.8841221332550	0.13244597613811
1.8855229616165	0.13150802254677
1.8869237899780	0.13026411831379
1.8883246183395	0.12871937453747
1.8897254467010	0.12687972187996
1.8911262750626	0.12475184351206
1.8925271034241	0.12234318256378
1.8939279317856	0.11966185271740
1.8953288793564	0.11671678721905
1.8967297077179	0.11351764947176
1.8981305360794	0.11007492989302
1.8995313644409	0.10639972239733
1.9009321928024	0.10250371694565
1.9023330211639	0.098399020731449
1.9037338495255	0.094098113477230
1.9051346778870	0.089613780379295
1.9065355062485	0.084959112107754
1.9079363346100	0.080147579312325
1.9093371629715	0.075192935764790
1.9107379913330	0.070109233260155
1.9121388196945	0.064910709857941
1.9135396480560	0.059611674398184
1.9149404764175	0.054226417094469
1.9163413047791	0.048769123852253
1.9177421331406	0.043253816664219
1.9191429615021	0.037694342434406
1.9205437898636	0.032104399055243
1.9219446182251	0.026497477665544
1.9233455657959	0.020886857062578
1.9247463941574	0.015285565517843
1.9261472225189	0.0097063034772873
1.9275480508804	0.0041613802313805
1.9289488792419	-0.0013373596593738
1.9303497076035	-0.0067785736173391
1.9317505359650	-0.012151445262134
1.9331513643265	-0.017445679754019
1.9345521926880	-0.022651489824057
1.9359530210495	-0.027759574353695
1.9373538494110	-0.032761119306087
1.9387546777725	-0.037647802382708
1.9401555061340	-0.042411863803864
1.9415563344955	-0.047046113759279
1.9429571628571	-0.051543992012739
1.9443579912186	-0.055899556726217
1.9457588195801	-0.060107480734587
1.9471596479416	-0.064162984490395
1.9485604763031	-0.068061813712120
1.9499613046646	-0.071800142526627
1.9513622522354	-0.075374640524387
1.9527630805969	-0.078782454133034
1.9541639089584	-0.082021251320839
1.9555647373199	-0.085089221596718
1.9569655656815	-0.087985031306744
1.9583663940430	-0.090707793831825
1.9597672224045	-0.093256995081902
1.9611680507660	-0.095632478594780
1.9625688791275	-0.097834385931492
1.9639697074890	-0.099863156676292
1.9653705358505	-0.10171958804131
1.9667713642120	-0.10340478271246
1.9681721925735	-0.10492019355297
1.9695730209351	-0.10626750439405
1.9709738492966	-0.10744863748550
1.9723746776581	-0.10846567898989
1.9737755060196	-0.10932090878487
1.9751763343811	-0.11001669615507
1.9765771627426	-0.11055561155081
1.9779779911041	-0.11094033718109
1.9793789386749	-0.11117376387119
1.9807797670364	-0.11125894635916
1.9821805953979	-0.11119899153709
1.9835814237595	-0.11099708080292
1.9849822521210	-0.11065647006035
1.9863830804825	-0.11018045246601
1.9877839088440	-0.10957241058350
1.9891847372055	-0.10883578658104
1.9905855655670	-0.10797413438559
1.9919863939285	-0.10699106007814
1.9933872222900	-0.10589018464088
1.9947880506516	-0.10467521101236
1.9961888790131	-0.10334979742765
1.9975897073746	-0.10191761702299
1.9989905357361	-0.10038240998983
2.0003914833069	-0.098747961223125
2.0017921924591	-0.097018130123615
2.0031931400299	-0.095196835696697
2.0045938491821	-0.093288026750088
2.0059947967529	-0.091295659542084
2.0073955059052	-0.089223682880402
2.0087964534760	-0.087076067924500
2.0101971626282	-0.084856845438480
2.0115981101990	-0.082570075988770
2.0129988193512	-0.080219894647598
2.0143997669220	-0.077810481190681
2.0158004760742	-0.075345993041992
2.0172014236450	-0.072830602526665
2.0186021327972	-0.070268467068672
2.0200030803680	-0.067663684487343
2.0214040279388	-0.065020434558392
2.0228047370911	-0.062342908233404
2.0242056846619	-0.059635311365128
2.0256063938141	-0.056901868432760
2.0270073413849	-0.054146766662598
2.0284080505371	-0.051374152302742
2.0298089981079	-0.048588108271360
2.0312097072601	-0.045792676508427
2.0326106548309	-0.042991869151592
2.0340113639832	-0.040189646184444
2.0354123115540	-0.037389941513538
2.0368130207062	-0.034596618264914
2.0382139682770	-0.031813442707062
2.0396146774292	-0.029044071212411
2.0410156250000	-0.026292055845261
2.0424163341522	-0.023560855537653
2.0438172817230	-0.020853854715824
2.0452179908752	-0.018174365162849
2.0466189384460	-0.015525616705418
2.0480196475983	-0.012910705991089
2.0494205951691	-0.010332578793168
2.0508215427399	-0.0077939848415554
2.0522222518921	-0.0052974983118474
2.0536231994629	-0.0028455399442464
2.0550239086151	-0.00044041179353371
2.0564248561859	0.0019156773341820
2.0578255653381	0.0042206132784486
2.0592265129089	0.0064724069088697
2.0606272220612	0.0086692329496145
2.0620281696320	0.010809458792210
2.0634288787842	0.012891653925180
2.0648298263550	0.014914565719664
2.0662305355072	0.016877094283700
2.0676314830780	0.018778244033456
2.0690321922302	0.020617131143808
2.0704331398010	0.022392988204956
2.0718338489532	0.024105191230774
2.0732347965240	0.025753285735846
2.0746355056763	0.027336973696947
2.0760364532471	0.028856096789241
2.0774371623993	0.030310610309243
2.0788381099701	0.031700551509857
2.0802390575409	0.033026065677404
2.0816397666931	0.034287389367819
2.0830407142639	0.035484883934259
2.0844414234161	0.036619059741497
2.0858423709869	0.037690542638302
2.0872430801392	0.038700044155121
2.0886440277100	0.039648324251175
2.0900447368622	0.040536180138588
2.0914456844330	0.041364423930645
2.0928463935852	0.042133949697018
2.0942473411560	0.042845755815506
2.0956480503082	0.043500952422619
2.0970489978790	0.044100765138865
2.0984497070312	0.044646508991718
2.0998506546021	0.045139510184526
2.1012513637543	0.045581072568893
2.1026523113251	0.045972477644682
2.1040530204773	0.046315010637045
2.1054539680481	0.046609997749329
2.1068549156189	0.046858847141266
2.1082556247711	0.047063045203686
2.1096565723419	0.047224141657352
2.1110572814941	0.047343716025352
2.1124582290649	0.047423321753740
2.1138589382172	0.047464482486248
2.1152598857880	0.047468692064285
2.1166605949402	0.047437451779842
2.1180615425110	0.047372289001942
2.1194622516632	0.047274786978960
2.1208631992340	0.047146543860435
2.1222639083862	0.046989165246487
2.1236648559570	0.046804238110781
2.1250655651093	0.046593323349953
2.1264665126801	0.046357959508896
2.1278672218323	0.046099677681923
2.1292681694031	0.045820016413927
2.1306688785553	0.045520517975092
2.1320698261261	0.045202732086182
2.1334705352783	0.044868171215057
2.1348714828491	0.044518321752548
2.1362724304199	0.044154617935419
2.1376731395721	0.043778482824564
2.1390740871429	0.043391328305006
2.1404747962952	0.042994573712349
2.1418757438660	0.042589645832777
2.1432764530182	0.042177937924862
2.1446774005890	0.041760794818401
2.1460781097412	0.041339486837387
2.1474790573120	0.040915217250586
2.1488797664642	0.040489122271538
2.1502807140350	0.040062338113785
2.1516814231873	0.039635993540287
2.1530823707581	0.039211206138134
2.1544830799103	0.038789078593254
2.1558840274811	0.038370657712221
2.1572847366333	0.037956926971674
2.1586856842041	0.037548795342445
2.1600863933563	0.037147108465433
2.1614873409271	0.036752663552761
2.1628882884979	0.036366224288940
2.1642889976501	0.035988535732031
2.1656899452209	0.035620287060738
2.1670906543732	0.035262107849121
2.1684916019440	0.034914586693048
2.1698923110962	0.034578237682581
2.1712932586670	0.034253526479006
2.1726939678192	0.033940888941288
2.1740949153900	0.033640697598457
2.1754956245422	0.033353284001350
2.1768965721130	0.033078897744417
2.1782972812653	0.032817747443914
2.1796982288361	0.032569982111454
2.1810989379883	0.032335732132196
2.1824998855591	0.032115109264851
2.1839005947113	0.031908228993416
2.1853015422821	0.031715191900730
2.1867022514343	0.031536053866148
2.1881031990051	0.031370807439089
2.1895039081573	0.031219355762005
2.1909048557281	0.031081531196833
2.1923058032990	0.030957119539380
2.1937065124512	0.030845921486616
2.1951074600220	0.030747760087252
2.1965081691742	0.030662512406707
2.1979091167450	0.030590049922466
2.1993098258972	0.030530218034983
2.2007107734680	0.030482806265354
2.2021114826202	0.030447546392679
2.2035124301910	0.030424129217863
2.2049131393433	0.030412264168262
2.2063140869141	0.030411699786782
2.2077147960663	0.030422236770391
2.2091157436371	0.030443709343672
2.2105164527893	0.030475949868560
2.2119174003601	0.030518747866154
2.2133181095123	0.030571863055229
2.2147190570831	0.030635034665465
2.2161197662354	0.030708016827703
2.2175207138062	0.030790628865361
2.2189216613770	0.030882762745023
2.2203223705292	0.030984353274107
2.2217233181000	0.031095342710614
2.2231240272522	0.031215630471706
2.2245249748230	0.031345076858997
2.2259256839752	0.031483497470617
2.2273266315460	0.031630739569664
2.2287273406982	0.031786702573299
2.2301282882690	0.031951382756233
2.2315289974213	0.032124828547239
2.2329299449921	0.032307107001543
2.2343306541443	0.032498240470886
2.2357316017151	0.032698176801205
2.2371323108673	0.032906789332628
2.2385332584381	0.033123936504126
2.2399339675903	0.033349502831697
2.2413349151611	0.033583462238312
2.2427356243134	0.033825851976871
2.2441365718842	0.034076739102602
2.2455372810364	0.034336138516665
2.2469382286072	0.034603983163834
2.2483391761780	0.034880105406046
2.2497398853302	0.035164255648851
2.2511408329010	0.035456173121929
2.2525415420532	0.035755626857281
2.2539424896240	0.036062441766262
2.2553431987762	0.036376468837261
2.2567441463470	0.036697544157505
2.2581448554993	0.037025433033705
2.2595458030701	0.037359803915024
2.2609465122223	0.037700206041336
2.2623474597931	0.038046125322580
2.2637481689453	0.038397029042244
2.2651491165161	0.038752395659685
2.2665498256683	0.039111733436584
2.2679507732391	0.039474550634623
2.2693514823914	0.039840318262577
2.2707524299622	0.040208417922258
2.2721531391144	0.040578134357929
2.2735540866852	0.040948677808046
2.2749550342560	0.041319213807583
2.2763557434082	0.041688892990351
2.2777566909790	0.042056906968355
2.2791574001312	0.042422473430634
2.2805583477020	0.042784824967384
2.2819590568542	0.043143160641193
2.2833600044250	0.043496616184711
2.2847607135773	0.043844252824783
2.2861616611481	0.044185053557158
2.2875623703003	0.044517975300550
2.2889633178711	0.044841974973679
2.2903640270233	0.045156061649323
2.2917649745941	0.045459326356649
2.2931656837463	0.045750945806503
2.2945666313171	0.046030141413212
2.2959673404694	0.046296142041683
2.2973682880402	0.046548150479794
2.2987689971924	0.046785332262516
2.3001699447632	0.047006819397211
2.3015706539154	0.047211728990078
2.3029716014862	0.047399222850800
2.3043725490570	0.047568555921316
2.3057732582092	0.047719076275826
2.3071742057800	0.047850240021944
2.3085749149323	0.047961585223675
2.3099758625031	0.048052676022053
2.3113765716553	0.048123098909855
2.3127775192261	0.048172451555729
2.3141782283783	0.048200357705355
2.3155791759491	0.048206496983767
2.3169798851013	0.048190623521805
2.3183808326721	0.048152580857277
2.3197815418243	0.048092298209667
2.3211824893951	0.048009779304266
2.3225831985474	0.047905065119267
2.3239841461182	0.047778241336346
2.3253848552704	0.047629434615374
2.3267858028412	0.047458834946156
2.3281865119934	0.047266699373722
2.3295874595642	0.047053374350071
2.3309884071350	0.046819269657135
2.3323891162872	0.046564832329750
2.3337900638580	0.046290528029203
2.3351907730103	0.045996807515621
2.3365917205811	0.045684128999710
2.3379924297333	0.045352980494499
2.3393933773041	0.045003913342953
2.3407940864563	0.044637568295002
2.3421950340271	0.044254664331675
2.3435957431793	0.043856002390385
2.3449966907501	0.043442383408546
2.3463973999023	0.043014574795961
2.3477983474731	0.042573295533657
2.3491990566254	0.042119208723307
2.3506000041962	0.041652970016003
2.3520007133484	0.041175257414579
2.3534016609192	0.040686786174774
2.3548023700714	0.040188319981098
2.3562033176422	0.039680667221546
2.3576040267944	0.039164647459984
2.3590049743652	0.038641043007374
2.3604059219360	0.038110602647066
2.3618066310883	0.037573993206024
2.3632075786591	0.037031836807728
2.3646082878113	0.036484733223915
2.3660092353821	0.035933274775743
2.3674099445343	0.035378079861403
2.3688108921051	0.034819774329662
2.3702116012573	0.034258984029293
2.3716125488281	0.033696293830872
2.3730132579803	0.033132251352072
2.3744142055511	0.032567355781794
2.3758149147034	0.032002065330744
2.3772158622742	0.031436808407307
2.3786165714264	0.030871994793415
2.3800175189972	0.030308037996292
2.3814182281494	0.029745351523161
2.3828191757202	0.029184328392148
2.3842198848724	0.028625331819057
2.3856208324432	0.028068680316210
2.3870217800140	0.027514658868313
2.3884224891663	0.026963528245687
2.3898234367371	0.026415539905429
2.3912241458893	0.025870967656374
2.3926250934601	0.025330085307360
2.3940258026123	0.024793153628707
2.3954267501831	0.024260405451059
2.3968274593353	0.023732019588351
2.3982284069061	0.023208122700453
2.3996291160583	0.022688817232847
2.4010300636292	0.022174196317792
2.4024307727814	0.021664384752512
2.4038317203522	0.021159540861845
2.4052324295044	0.020659856498241
2.4066333770752	0.020165514200926
2.4080340862274	0.019676651805639
2.4094350337982	0.019193347543478
2.4108357429504	0.018715627491474
2.4122366905212	0.018243497237563
2.4136373996735	0.017776980996132
2.4150383472443	0.017316151410341
2.4164392948151	0.016861110925674
2.4178400039673	0.016411986202002
2.4192409515381	0.015968874096870
2.4206416606903	0.015531818382442
2.4220426082611	0.015100805088878
2.4234433174133	0.014675782062113
2.4248442649841	0.014256704598665
2.4262449741364	0.013843577355146
2.4276459217072	0.013436455279589
2.4290466308594	0.013035433366895
2.4304475784302	0.012640600092709
2.4318482875824	0.012251996435225
2.4332492351532	0.011869592592120
2.4346499443054	0.011493297293782
2.4360508918762	0.011123003438115
2.4374516010284	0.010758629068732
2.4388525485992	0.010400151833892
2.4402532577515	0.010047606192529
2.4416542053223	0.0097010526806116
2.4430551528931	0.0093605294823647
2.4444558620453	0.0090260244905949
2.4458568096161	0.0086974650621414
2.4472575187683	0.0083747496828437
2.4486584663391	0.0080577852204442
2.4500591754913	0.0077465195208788
2.4514601230621	0.0074409600347281
2.4528608322144	0.0071411547251046
2.4542617797852	0.0068471515551209
2.4556624889374	0.0065589644946158
2.4570634365082	0.0062765544280410
2.4584641456604	0.0059998463839293
2.4598650932312	0.0057287588715553
2.4612658023834	0.0054632453247905
2.4626667499542	0.0052033099345863
2.4640674591064	0.0049490071833134
2.4654684066772	0.0047004153020680
2.4668691158295	0.0044576046057045
2.4682700634003	0.0042206156067550
2.4696707725525	0.0039894557558000
2.4710717201233	0.0037641185335815
2.4724726676941	0.0035446097608656
2.4738733768463	0.0033309715799987
2.4752743244171	0.0031232885085046
2.4766750335693	0.0029216706752777
2.4780759811401	0.0027262321673334
2.4794766902924	0.0025370689108968
2.4808776378632	0.0023542479611933
2.4822783470154	0.0021778175141662
2.4836792945862	0.0020078283268958
2.4850800037384	0.0018443532753736
2.4864809513092	0.0016875006258488
2.4878816604614	0.0015374058857560
2.4892826080322	0.0013942182995379
2.4906833171844	0.0012580803595483
2.4920842647552	0.0011291152331978
2.4934849739075	0.0010074249003083
2.4948859214783	0.00089309702161700
2.4962866306305	0.00078621960710734
2.4976875782013	0.00068689399631694
2.4990885257721	0.00059523707022890
2.5004892349243	0.00051137205446139
2.5018901824951	0.00043541216291487
2.5032908916473	0.00036744514363818
2.5046918392181	0.00030752582824789
2.5060925483704	0.00025568131241016
2.5074934959412	0.00021192809799686
2.5088942050934	0.00017629220383242
2.5102951526642	0.00014882360119373
2.5116958618164	0.00012959778541699
2.5130968093872	0.00011870011803694
2.5144975185394	0.00011619874567259
2.5158984661102	0.00012211600551382
2.5172991752625	0.00013641217083205
2.5187001228333	0.00015899080608506
2.5201008319855	0.00018972539692186
2.5215017795563	0.00022849644301459
2.5229024887085	0.00027522086747922
2.5243034362793	0.00032985856523737
2.5257041454315	0.00039238887256943
2.5271050930023	0.00046276717330329
2.5285060405731	0.00054088101023808
2.5299067497253	0.00062652654014528
2.5313076972961	0.00071941886562854
2.5327084064484	0.00081923423567787
2.5341093540192	0.00092566694365814
2.5355100631714	0.0010384733323008
2.5369110107422	0.0011574801756069
2.5383117198944	0.0012825484154746
2.5397126674652	0.0014135108795017
2.5411133766174	0.0015501149464399
2.5425143241882	0.0016919993795455
2.5439150333405	0.0018387181917205
2.5453159809113	0.0019898009486496
2.5467166900635	0.0021448172628880
2.5481176376343	0.0023034128826112
2.5495183467865	0.0024653004948050
2.5509192943573	0.0026302072219551
2.5523200035095	0.0027978064026684
2.5537209510803	0.0029676710255444
2.5551218986511	0.0031392714008689
2.5565226078033	0.0033120256848633
2.5579235553741	0.0034853739198297
2.5593242645264	0.0036588383372873
2.5607252120972	0.0038320319727063
2.5621259212494	0.0040046214126050
2.5635268688202	0.0041762511245906
2.5649275779724	0.0043464815244079
2.5663285255432	0.0045147631317377
2.5677292346954	0.0046804719604552
2.5691301822662	0.0048429849557579
2.5705308914185	0.0050017549656332
2.5719318389893	0.0051563503220677
2.5733325481415	0.0053064385429025
2.5747334957123	0.0054517230018973
2.5761342048645	0.0055918656289577
2.5775351524353	0.0057264389470220
2.5789358615875	0.0058549293316901
2.5803368091583	0.0059767873026431
2.5817375183105	0.0060915038920939
2.5831384658813	0.0061986646614969
2.5845394134521	0.0062979613430798
2.5859401226044	0.0063891531899571
2.5873410701752	0.0064720092341304
2.5887417793274	0.0065462565980852
2.5901427268982	0.0066115725785494
2.5915434360504	0.0066676177084446
2.5929443836212	0.0067140897735953
2.5943450927734	0.0067507731728256
2.5957460403442	0.0067775445058942
2.5971467494965	0.0067943404428661
2.5985476970673	0.0068011106923223
2.5999484062195	0.0067977691069245
2.6013493537903	0.0067841885611415
2.6027500629425	0.0067602349445224
2.6041510105133	0.0067258225753903
2.6055517196655	0.0066809691488743
2.6069526672363	0.0066258031874895
2.6083533763885	0.0065605412237346
2.6097543239594	0.0064854305237532
2.6111552715302	0.0064006857573986
2.6125559806824	0.0063064652495086
2.6139569282532	0.0062028914690018
2.6153576374054	0.0060901008546352
2.6167585849762	0.0059683024883270
2.6181592941284	0.0058378046378493
2.6195602416992	0.0056990087032318
2.6209609508514	0.0055523659102619
2.6223618984222	0.0053983284160495
2.6237626075745	0.0052373083308339
2.6251635551453	0.0050696800462902
2.6265642642975	0.0048958072438836
2.6279652118683	0.0047160875983536
2.6293659210205	0.0045309914276004
2.6307668685913	0.0043410658836365
2.6321675777435	0.0041469149291515
2.6335685253143	0.0039491578936577
2.6349692344666	0.0037483898922801
2.6363701820374	0.0035451650619507
2.6377708911896	0.0033400037791580
2.6391718387604	0.0031334124505520
2.6405727863312	0.0029259105212986
2.6419734954834	0.0027180467732251
2.6433744430542	0.0025104007218033
2.6447751522064	0.0023035723716021
2.6461760997772	0.0020981654524803
2.6475768089294	0.0018947705393657
2.6489777565002	0.0016939534107223
2.6503784656525	0.0014962519053370
2.6517794132233	0.0013021765043959
2.6531801223755	0.0011122181313112
2.6545810699463	0.00092685717390850
2.6559817790985	0.00074657320510596
2.6573827266693	0.00057185185141861
2.6587834358215	0.00040318421088159
2.6601843833923	0.00024105361080728
2.6615850925446	8.5910571215209e-05
2.6629860401154	-6.1853352235630e-05
2.6643867492676	-0.00020192185183987
2.6657876968384	-0.00033405114663765
2.6671886444092	-0.00045804426190443
2.6685893535614	-0.00057371205184609
2.6699903011322	-0.00068084063241258
2.6713910102844	-0.00077918259194121
2.6727919578552	-0.00086848001228645
2.6741926670074	-0.00094851007452235
2.6755936145782	-0.0010191323235631
2.6769943237305	-0.0010803155601025
2.6783952713013	-0.0011321285273880
2.6797959804535	-0.0011746971867979
2.6811969280243	-0.0012081495951861
2.6825976371765	-0.0012325772549957
2.6839985847473	-0.0012480337172747
2.6853992938995	-0.0012545723002404
2.6868002414703	-0.0012523030163720
2.6882009506226	-0.0012414383236319
2.6896018981934	-0.0012223031371832
2.6910026073456	-0.0011953044449911
2.6924035549164	-0.0011608742643148
2.6938042640686	-0.0011194174876437
2.6952052116394	-0.0010712887160480
2.6966061592102	-0.0010168090229854
2.6980068683624	-0.00095631188014522
2.6994078159332	-0.00089019222650677
2.7008085250854	-0.00081893237074837
2.7022094726562	-0.00074308819603175
2.7036101818085	-0.00066324591170996
2.7050111293793	-0.00057997240219265
2.7064118385315	-0.00049378839321434
2.7078127861023	-0.00040517543675378
2.7092134952545	-0.00031461095204577
2.7106144428253	-0.00022261001868173
2.7120151519775	-0.00012974627315998
2.7134160995483	-3.6637771700043e-05
2.7148168087006	5.6094198953360e-05
2.7162177562714	0.00014787248801440
2.7176184654236	0.00023819193302188
2.7190194129944	0.00032661185832694
2.7204201221466	0.00041271816007793
2.7218210697174	0.00049607810797170
2.7232217788696	0.00057621451560408
2.7246227264404	0.00065261527197435
2.7260236740112	0.00072477560024709
2.7274243831635	0.00079224904766306
2.7288253307343	0.00085468217730522
2.7302260398865	0.00091181474272162
2.7316269874573	0.00096344610210508
2.7330276966095	0.0010093869641423
2.7344286441803	0.0010494225425646
2.7358293533325	0.0010833026608452
2.7372303009033	0.0011107665486634
2.7386310100555	0.0011315844021738
2.7400319576263	0.0011455928906798
2.7414326667786	0.0011527093593031
2.7428336143494	0.0011529163457453
2.7442343235016	0.0011462320107967
2.7456352710724	0.0011326826643199
2.7470359802246	0.0011122933356091
2.7484369277954	0.0010850990656763
2.7498376369476	0.0010511641157791
2.7512385845184	0.0010105947731063
2.7526395320892	0.00096353323897347
2.7540402412415	0.00091013626661152
2.7554411888123	0.00085054954979569
2.7568418979645	0.00078489253064618
2.7582428455353	0.00071326433680952
2.7596435546875	0.00063576782122254
2.7610445022583	0.00055253657046705
2.7624452114105	0.00046374840894714
2.7638461589813	0.00036961556179449
2.7652468681335	0.00027035616221838
2.7666478157043	0.00016616216453258
2.7680485248566	5.7177763665095e-05
2.7694494724274	-5.6499826314393e-05
2.7708501815796	-0.00017480127280578
2.7722511291504	-0.00029766274383292
2.7736518383026	-0.00042501575080678
2.7750527858734	-0.00055679585784674
2.7764534950256	-0.00069296569563448
2.7778544425964	-0.00083353609079495
2.7792551517487	-0.00097857182845473
2.7806560993195	-0.0011281752958894
2.7820570468903	-0.0012824556324631
2.7834577560425	-0.0014415018958971
2.7848587036133	-0.0016053775325418
2.7862594127655	-0.0017741428455338
2.7876603603363	-0.0019478977192193
2.7890610694885	-0.0021268199197948
2.7904620170593	-0.0023111789487302
2.7918627262115	-0.0025013119447976
2.7932636737823	-0.0026975714135915
2.7946643829346	-0.0029002688825130
2.7960653305054	-0.0031096420716494
2.7974660396576	-0.0033258637413383
2.7988669872284	-0.0035490829031914
2.8002676963806	-0.0037794834934175
2.8016686439514	-0.0040173251181841
2.8030693531036	-0.0042629498057067
2.8044703006744	-0.0045167477801442
2.8058710098267	-0.0047790985554457
2.8072719573975	-0.0050503159873188
2.8086729049683	-0.0053306184709072
2.8100736141205	-0.0056201368570328
2.8114745616913	-0.0059189461171627
2.8128752708435	-0.0062271077185869
2.8142762184143	-0.0065446924418211
2.8156769275665	-0.0068717785179615
2.8170778751373	-0.0072084194980562
2.8184785842896	-0.0075546153821051
2.8198795318604	-0.0079102804884315
2.8212802410126	-0.0082752499729395
2.8226811885834	-0.0086492933332920
2.8240818977356	-0.0090321525931358
2.8254828453064	-0.0094235520809889
2.8268835544586	-0.0098232021555305
2.8282845020294	-0.010230775922537
2.8296852111816	-0.010645871981978
2.8310861587524	-0.011067990213633
2.8324868679047	-0.011496515944600
2.8338878154755	-0.011930735781789
2.8352885246277	-0.012369871139526
2.8366894721985	-0.012813121080399
2.8380904197693	-0.013259685598314
2.8394911289215	-0.013708776794374
2.8408920764923	-0.014159597456455
2.8422927856445	-0.014611311256886
2.8436937332153	-0.015063000842929
2.8450944423676	-0.015513658523560
2.8464953899384	-0.015962177887559
2.8478960990906	-0.016407398506999
2.8492970466614	-0.016848148778081
2.8506977558136	-0.017283283174038
2.8520987033844	-0.017711710184813
2.8534994125366	-0.018132397904992
2.8549003601074	-0.018544329330325
2.8563010692596	-0.018946472555399
2.8577020168304	-0.019337741658092
2.8591027259827	-0.019716996699572
2.8605036735535	-0.020083067938685
2.8619043827057	-0.020434819161892
2.8633053302765	-0.020771179348230
2.8647062778473	-0.021091185510159
2.8661069869995	-0.021393971517682
2.8675079345703	-0.021678751334548
2.8689086437225	-0.021944757550955
2.8703095912933	-0.022191226482391
2.8717103004456	-0.022417392581701
2.8731112480164	-0.022622510790825
2.8745119571686	-0.022805914282799
2.8759129047394	-0.022967055439949
2.8773136138916	-0.023105505853891
2.8787145614624	-0.023220960050821
2.8801152706146	-0.023313181474805
2.8815162181854	-0.023381985723972
2.8829169273376	-0.023427227512002
2.8843178749084	-0.023448815569282
2.8857185840607	-0.023446753621101
2.8871195316315	-0.023421159014106
2.8885202407837	-0.023372262716293
2.8899211883545	-0.023300377652049
2.8913218975067	-0.023205863311887
2.8927228450775	-0.023089088499546
2.8941237926483	-0.022950444370508
2.8955245018005	-0.022790404036641
2.8969254493713	-0.022609569132328
2.8983261585236	-0.022408714517951
2.8997271060944	-0.022188767790794
2.9011278152466	-0.021950744092464
2.9025287628174	-0.021695649251342
2.9039294719696	-0.021424401551485
2.9053304195404	-0.021137829869986
2.9067311286926	-0.020836731418967
2.9081320762634	-0.020521987229586
2.9095327854156	-0.020194640383124
2.9109337329865	-0.019855935126543
2.9123344421387	-0.019507242366672
2.9137353897095	-0.019149947911501
2.9151360988617	-0.018785312771797
2.9165370464325	-0.018414415419102
2.9179377555847	-0.018038183450699
2.9193387031555	-0.017657510936260
2.9207396507263	-0.017273385077715
2.9221403598785	-0.016886977478862
2.9235413074493	-0.016499625518918
2.9249420166016	-0.016112705692649
2.9263429641724	-0.015727499499917
2.9277436733246	-0.015345054678619
2.9291446208954	-0.014966176822782
2.9305453300476	-0.014591511338949
2.9319462776184	-0.014221695251763
2.9333469867706	-0.013857479207218
2.9347479343414	-0.013499775901437
2.9361486434937	-0.013149589300156
2.9375495910645	-0.012807870283723
2.9389503002167	-0.012475371360779
2.9403512477875	-0.012152580544353
2.9417519569397	-0.011839760467410
2.9431529045105	-0.011537082493305
2.9445536136627	-0.011244770139456
2.9459545612335	-0.010963177308440
2.9473552703857	-0.010692763142288
2.9487562179565	-0.010433972813189
2.9501571655273	-0.010187091305852
2.9515578746796	-0.0099521502852440
2.9529588222504	-0.0097289392724633
2.9543595314026	-0.0095171080902219
2.9557604789734	-0.0093163214623928
2.9571611881256	-0.0091263642534614
2.9585621356964	-0.0089471619576216
2.9599628448486	-0.0087786903604865
2.9613637924194	-0.0086208377033472
2.9627645015717	-0.0084732947871089
2.9641654491425	-0.0083355177193880
2.9655661582947	-0.0082068070769310
2.9669671058655	-0.0080864308401942
2.9683678150177	-0.0079737501218915
2.9697687625885	-0.0078682703897357
2.9711694717407	-0.0077695930376649
2.9725704193115	-0.0076773110777140
2.9739711284637	-0.0075908931903541
2.9753720760345	-0.0075096343643963
2.9767730236053	-0.0074326964095235
2.9781737327576	-0.0073592113330960
2.9795746803284	-0.0072883963584900
2.9809753894806	-0.0072196163237095
2.9823763370514	-0.0071523664519191
2.9837770462036	-0.0070861871354282
2.9851779937744	-0.0070205531083047
2.9865787029266	-0.0069548115134239
2.9879796504974	-0.0068881930783391
2.9893803596497	-0.0068198950029910
2.9907813072205	-0.0067491889931262
2.9921820163727	-0.0066755004227161
2.9935829639435	-0.0065984190441668
2.9949836730957	-0.0065176449716091
2.9963846206665	-0.0064328913576901
2.9977853298187	-0.0063438066281378
2.9991862773895	-0.0062499521300197
3.0005869865417	-0.0061508407816291
3.0019879341125	-0.0060460199601948
3.0033886432648	-0.0059351492673159
3.0047895908356	-0.0058180396445096
3.0061905384064	-0.0056946319527924
3.0075912475586	-0.0055649373680353
3.0089921951294	-0.0054289735853672
3.0103929042816	-0.0052867275662720
3.0117938518524	-0.0051381583325565
3.0131945610046	-0.0049832407385111
3.0145955085754	-0.0048220166936517
3.0159962177277	-0.0046546286903322
3.0173971652985	-0.0044813212007284
3.0187978744507	-0.0043024187907577
3.0201988220215	-0.0041182851418853
3.0215995311737	-0.0039292932488024
3.0230004787445	-0.0037358165718615
3.0244011878967	-0.0035382381174713
3.0258021354675	-0.0033369704615325
3.0272028446198	-0.0031324732117355
3.0286037921906	-0.0029252576641738
3.0300045013428	-0.0027158809825778
3.0314054489136	-0.0025049317628145
3.0328063964844	-0.0022930232807994
3.0342071056366	-0.0020807890687138
3.0356080532074	-0.0018688797717914
3.0370087623596	-0.0016579651273787
3.0384097099304	-0.0014487311709672
3.0398104190826	-0.0012418739497662
3.0412113666534	-0.0010380928870291
3.0426120758057	-0.00083808682393283
3.0440130233765	-0.00064255075994879
3.0454137325287	-0.00045217364095151
3.0468146800995	-0.00026763559435494
3.0482153892517	-8.9604378445074e-05
3.0496163368225	8.1268044596072e-05
3.0510170459747	0.00024434656370431
3.0524179935455	0.00039900845149532
3.0538187026978	0.00054463749984279
3.0552196502686	0.00068062340142205
3.0566203594208	0.00080636923667043
3.0580213069916	0.00092130771372467
3.0594220161438	0.0010249206097797
3.0608229637146	0.0011167507618666
3.0622239112854	0.0011963989818469
3.0636246204376	0.0012635032180697
3.0650255680084	0.0013177138753235
3.0664262771606	0.0013586776331067
3.0678272247314	0.0013860434992239
3.0692279338837	0.0013994944747537
3.0706288814545	0.0013987881829962
3.0720295906067	0.0013837893493474
3.0734305381775	0.0013544715475291
3.0748312473297	0.0013108856510371
3.0762321949005	0.0012531036045402
3.0776329040527	0.0011811662698165
3.0790338516235	0.0010950657306239
3.0804345607758	0.00099477428011596
3.0818355083466	0.00088030903134495
3.0832362174988	0.00075179955456406
3.0846371650696	0.00060952245257795
3.0860378742218	0.00045388285070658
3.0874388217926	0.00028535042656586
3.0888397693634	0.00010437843593536
3.0902404785156	-8.8654051069170e-05
3.0916414260864	-0.00029344670474529
3.0930421352386	-0.00050972646567971
3.0944430828094	-0.00073716725455597
3.0958437919617	-0.00097532162908465
3.0972447395325	-0.0012236022157595
3.0986454486847	-0.0014813216403127
3.1000463962555	-0.0017477713990957
3.1014471054077	-0.0020223008468747
3.1028480529785	-0.0023043544497341
3.1042487621307	-0.0025934514123946
3.1056497097015	-0.0028891244437546
3.1070504188538	-0.0031908478122205
3.1084513664246	-0.0034980021882802
3.1098520755768	-0.0038098876830190
3.1112530231476	-0.0041257813572884
3.1126537322998	-0.0044450000859797
3.1140546798706	-0.0047669429332018
3.1154553890228	-0.0050910818390548
3.1168563365936	-0.0054169157519937
3.1182572841644	-0.0057439147494733
3.1196579933167	-0.0060714869759977
3.1210589408875	-0.0063989884220064
3.1224596500397	-0.0067257736809552
3.1238605976105	-0.0070512508973479
3.1252613067627	-0.0073749185539782
3.1266622543335	-0.0076963580213487
3.1280629634857	-0.0080151902511716
3.1294639110565	-0.0083310073241591
3.1308646202087	-0.0086433449760079
3.1322655677795	-0.0089516872540116
3.1336662769318	-0.0092555135488510
3.1350672245026	-0.0095543619245291
3.1364679336548	-0.0098478682339191
3.1378688812256	-0.010135760530829
3.1392695903778	-0.010417819023132
3.1406705379486	-0.010693807154894
3.1420712471008	-0.010963426902890
3.1434721946716	-0.011226313188672
3.1448731422424	-0.011482072062790
3.1462738513947	-0.011730343103409
3.1476747989655	-0.011970844119787
3.1490755081177	-0.012203392572701
3.1504764556885	-0.012427864596248
3.1518771648407	-0.012644147500396
3.1532781124115	-0.012852084822953
3.1546788215637	-0.013051457703114
3.1560797691345	-0.013242010027170
3.1574804782867	-0.013423489406705
3.1588814258575	-0.013595694676042
3.1602821350098	-0.013758501969278
3.1616830825806	-0.013911831192672
3.1630837917328	-0.014055626466870
3.1644847393036	-0.014189806766808
3.1658854484558	-0.014314237982035
3.1672863960266	-0.014428750611842
3.1686871051788	-0.014533162117004
3.1700880527496	-0.014627319760621
3.1714887619019	-0.014711116440594
3.1728897094727	-0.014784490689635
3.1742906570435	-0.014847401529551
3.1756913661957	-0.014899797737598
3.1770923137665	-0.014941604807973
3.1784930229187	-0.014972729608417
3.1798939704895	-0.014993079006672
3.1812946796417	-0.015002585947514
3.1826956272125	-0.015001218765974
3.1840963363647	-0.014988978393376
3.1854972839355	-0.014965880662203
3.1868979930878	-0.014931928366423
3.1882989406586	-0.014887106604874
3.1896996498108	-0.014831387437880
3.1911005973816	-0.014764749445021
3.1925013065338	-0.014687213115394
3.1939022541046	-0.014598845504224
3.1953029632568	-0.014499761164188
3.1967039108276	-0.014390103518963
3.1981046199799	-0.014270018786192
3.1995055675507	-0.014139642007649
3.2009065151215	-0.013999091461301
3.2023072242737	-0.013848470523953
3.2037081718445	-0.013687894679606
3.2051088809967	-0.013517519459128
3.2065098285675	-0.013337546959519
3.2079105377197	-0.013148238882422
3.2093114852905	-0.012949897907674
3.2107121944427	-0.012742866761982
3.2121131420135	-0.012527487240732
3.2135138511658	-0.012304088100791
3.2149147987366	-0.012072973884642
3.2163155078888	-0.011834426783025
3.2177164554596	-0.011588731780648
3.2191171646118	-0.011336199939251
3.2205181121826	-0.011077196337283
3.2219188213348	-0.010812152177095
3.2233197689056	-0.010541559197009
3.2247204780579	-0.010265931487083
3.2261214256287	-0.0099857682362199
3.2275221347809	-0.0097015202045441
3.2289230823517	-0.0094135850667953
3.2303240299225	-0.0091223251074553
3.2317247390747	-0.0088281072676182
3.2331256866455	-0.0085313487797976
3.2345263957977	-0.0082325311377645
3.2359273433685	-0.0079321879893541
3.2373280525208	-0.0076308641582727
3.2387290000916	-0.0073290639556944
3.2401297092438	-0.0070272237062454
3.2415306568146	-0.0067257098853588
3.2429313659668	-0.0064248582348228
3.2443323135376	-0.0061250249855220
3.2457330226898	-0.0058266147971153
3.2471339702606	-0.0055300826206803
3.2485346794128	-0.0052358903922141
3.2499356269836	-0.0049444502219558
3.2513363361359	-0.0046560866758227
3.2527372837067	-0.0043710274621844
3.2541379928589	-0.0040894467383623
3.2555389404297	-0.0038115205243230
3.2569398880005	-0.0035374762956053
3.2583405971527	-0.0032676043920219
3.2597415447235	-0.0030022219289094
3.2611422538757	-0.0027416036464274
3.2625432014465	-0.0024859218392521
3.2639439105988	-0.0022352212108672
3.2653448581696	-0.0019894510041922
3.2667455673218	-0.0017485328717157
3.2681465148926	-0.0015124320052564
3.2695472240448	-0.0012811952037737
3.2709481716156	-0.0010549320140854
3.2723488807678	-0.00083375268150121
3.2737498283386	-0.00061769509920850
3.2751505374908	-0.00040668196743354
3.2765514850616	-0.00020052841864526
3.2779521942139	1.0038056643680e-06
3.2793531417847	0.00019813554536086
3.2807538509369	0.00039102087612264
3.2821547985077	0.00057974632363766
3.2835555076599	0.00076437654206529
3.2849564552307	0.00094501994317397
3.2863574028015	0.0011218765284866
3.2877581119537	0.0012952415272593
3.2891590595245	0.0014654580736533
3.2905597686768	0.0016328487545252
3.2919607162476	0.0017976606031880
3.2933614253998	0.0019600526429713
3.2947623729706	0.0021201318595558
3.2961630821228	0.0022780152503401
3.2975640296936	0.0024338830262423
3.2989647388458	0.0025879926979542
3.3003656864166	0.0027406467124820
3.3017663955688	0.0028921330813318
3.3031673431396	0.0030426727607846
3.3045680522919	0.0031924021895975
3.3059689998627	0.0033414009958506
3.3073697090149	0.0034897460136563
3.3087706565857	0.0036375622730702
3.3101713657379	0.0037850367370993
3.3115723133087	0.0039323880337179
3.3129732608795	0.0040798056870699
3.3143739700317	0.0042273947037756
3.3157749176025	0.0043751532211900
3.3171756267548	0.0045230025425553
3.3185765743256	0.0046708453446627
3.3199772834778	0.0048186304047704
3.3213782310486	0.0049663786776364
3.3227789402008	0.0051141651347280
3.3241798877716	0.0052620619535446
3.3255805969238	0.0054100733250380
3.3269815444946	0.0055580991320312
3.3283822536469	0.0057059410028160
3.3297832012177	0.0058533521369100
3.3311839103699	0.0060001006349921
3.3325848579407	0.0061460188589990
3.3339855670929	0.0062910108827055
3.3353865146637	0.0064350161701441
3.3367872238159	0.0065779490396380
3.3381881713867	0.0067196497693658
3.3395888805389	0.0068598692305386
3.3409898281097	0.0069982856512070
3.3423907756805	0.0071345586329699
3.3437914848328	0.0072683743201196
3.3451924324036	0.0073994761332870
3.3465931415558	0.0075276615098119
3.3479940891266	0.0076527581550181
3.3493947982788	0.0077745877206326
3.3507957458496	0.0078929429873824
3.3521964550018	0.0080075804144144
3.3535974025726	0.0081182364374399
3.3549981117249	0.0082246363162994
3.3563990592957	0.0083265202119946
3.3577997684479	0.0084236441180110
3.3592007160187	0.0085157770663500
3.3606014251709	0.0086026955395937
3.3620023727417	0.0086841760203242
3.3634030818939	0.0087600015103817
3.3648040294647	0.0088299605995417
3.3662047386169	0.0088938595727086
3.3676056861877	0.0089515317231417
3.3690066337585	0.0090028299018741
3.3704073429108	0.0090476293116808
3.3718082904816	0.0090858237817883
3.3732089996338	0.0091173183172941
3.3746099472046	0.0091420393437147
3.3760106563568	0.0091599225997925
3.3774116039276	0.0091709122061729
3.3788123130798	0.0091749588027596
3.3802132606506	0.0091720102354884
3.3816139698029	0.0091620264574885
3.3830149173737	0.0091449795290828
3.3844156265259	0.0091208722442389
3.3858165740967	0.0090897474437952
3.3872172832489	0.0090516824275255
3.3886182308197	0.0090067796409130
3.3900189399719	0.0089551545679569
3.3914198875427	0.0088969245553017
3.3928205966949	0.0088322078809142
3.3942215442657	0.0087611349299550
3.3956222534180	0.0086838593706489
3.3970232009888	0.0086005628108978
3.3984241485596	0.0085114538669586
3.3998248577118	0.0084167532622814
3.4012258052826	0.0083166714757681
3.4026265144348	0.0082114022225142
3.4040274620056	0.0081011261790991
3.4054281711578	0.0079860351979733
3.4068291187286	0.0078663546591997
3.4082298278809	0.0077423606999218
3.4096307754517	0.0076143750920892
3.4110314846039	0.0074827494099736
3.4124324321747	0.0073478319682181
3.4138331413269	0.0072099408134818
3.4152340888977	0.0070693627931178
3.4166347980499	0.0069263661280274
3.4180357456207	0.0067812143824995
3.4194364547729	0.0066341892816126
3.4208374023438	0.0064855888485909
3.4222381114960	0.0063357185572386
3.4236390590668	0.0061848736368120
3.4250397682190	0.0060333330184221
3.4264407157898	0.0058813681825995
3.4278416633606	0.0057292655110359
3.4292423725128	0.0055773407220840
3.4306433200836	0.0054259407334030
3.4320440292358	0.0052754129283130
3.4334449768066	0.0051260679028928
3.4348456859589	0.0049781482666731
3.4362466335297	0.0048318188637495
3.4376473426819	0.0046871998347342
3.4390482902527	0.0045444206334651
3.4404489994049	0.0044036768376827
3.4418499469757	0.0042652506381273
3.4432506561279	0.0041294828988612
3.4446516036987	0.0039967130869627
3.4460523128510	0.0038672061637044
3.4474532604218	0.0037411022931337
3.4488539695740	0.0036184252239764
3.4502549171448	0.0034991404972970
3.4516556262970	0.0033832367043942
3.4530565738678	0.0032707904465497
3.4544575214386	0.0031619840301573
3.4558582305908	0.0030570651870221
3.4572591781616	0.0029562665149570
3.4586598873138	0.0028597307391465
3.4600608348846	0.0027674708981067
3.4614615440369	0.0026793961878866
3.4628624916077	0.0025953755248338
3.4642632007599	0.0025153122842312
3.4656641483307	0.0024391913320869
3.4670648574829	0.0023670764639974
3.4684658050537	0.0022990633733571
3.4698665142059	0.0022352188825607
3.4712674617767	0.0021755369380116
3.4726681709290	0.0021199332550168
3.4740691184998	0.0020682800095528
3.4754698276520	0.0020204498432577
3.4768707752228	0.0019763486925513
3.4782714843750	0.0019359153229743
3.4796724319458	0.0018990960670635
3.4810731410980	0.0018658110639080
3.4824740886688	0.0018359341192991
3.4838750362396	0.0018093078397214
3.4852757453918	0.0017857807688415
3.4866766929626	0.0017652462702245
3.4880774021149	0.0017476528882980
3.4894783496857	0.0017329803667963
3.4908790588379	0.0017211869126186
3.4922800064087	0.0017121570417657
3.4936807155609	0.0017056823708117
3.4950816631317	0.0017014943296090
3.4964823722839	0.0016993342433125
3.4978833198547	0.0016990230651572
3.4992840290070	0.0017004965338856
3.5006849765778	0.0017037845682353
3.5020856857300	0.0017089394386858
3.5034866333008	0.0017159532289952
3.5048873424530	0.0017246997449547
3.5062882900238	0.0017349417321384
3.5076889991760	0.0017463951371610
3.5090899467468	0.0017588210757822
3.5104908943176	0.0017720990581438
3.5118916034698	0.0017862411914393
3.5132925510406	0.0018013388616964
3.5146932601929	0.0018174713477492
3.5160942077637	0.0018346210708842
3.5174949169159	0.0018526421627030
3.5188958644867	0.0018712948076427
3.5202965736389	0.0018903303425759
3.5216975212097	0.0019095826428384
3.5230982303619	0.0019290177151561
3.5244991779327	0.0019487205427140
3.5258998870850	0.0019688229076564
3.5273008346558	0.0019894109573215
3.5287015438080	0.0020104614086449
3.5301024913788	0.0020318399183452
3.5315032005310	0.0020533602219075
3.5329041481018	0.0020748721435666
3.5343048572540	0.0020963330753148
3.5357058048248	0.0021178275346756
3.5371065139771	0.0021395238582045
3.5385074615479	0.0021615887526423
3.5399084091187	0.0021841088309884
3.5413091182709	0.0022070563863963
3.5427100658417	0.0022303126752377
3.5441107749939	0.0022537421900779
3.5455117225647	0.0022772755473852
3.5469124317169	0.0023009593132883
3.5483133792877	0.0023249508813024
3.5497140884399	0.0023494632914662
3.5511150360107	0.0023746863007545
3.5525157451630	0.0024007221218199
3.5539166927338	0.0024275667965412
3.5553174018860	0.0024551423266530
3.5567183494568	0.0024833653587848
3.5581190586090	0.0025122112128884
3.5595200061798	0.0025417469441891
3.5609207153320	0.0025721197016537
3.5623216629028	0.0026035071350634
3.5637223720551	0.0026360594201833
3.5651233196259	0.0026698610745370
3.5665242671967	0.0027049272321165
3.5679249763489	0.0027412348426878
3.5693259239197	0.0027787713333964
3.5707266330719	0.0028175741899759
3.5721275806427	0.0028577407356352
3.5735282897949	0.0028994062449783
3.5749292373657	0.0029427031986415
3.5763299465179	0.0029877217020839
3.5777308940887	0.0030344920232892
3.5791316032410	0.0030829987954348
3.5805325508118	0.0031332147773355
3.5819332599640	0.0031851388048381
3.5833342075348	0.0032388167455792
3.5847349166870	0.0032943314872682
3.5861358642578	0.0033517708070576
3.5875365734100	0.0034111889544874
3.5889375209808	0.0034725819714367
3.5903382301331	0.0035358869936317
3.5917391777039	0.0036010157782584
3.5931398868561	0.0036678963806480
3.5945408344269	0.0037365071475506
3.5959417819977	0.0038068864960223
3.5973424911499	0.0038791070692241
3.5987434387207	0.0039532324299216
3.6001441478729	0.0040292670018971
3.6015450954437	0.0041071311570704
3.6029458045959	0.0041866721585393
3.6043467521667	0.0042677065357566
3.6057474613190	0.0043500680476427
3.6071484088898	0.0044336542487144
3.6085491180420	0.0045184297487140
3.6099500656128	0.0046044010668993
3.6113507747650	0.0046915705315769
3.6127517223358	0.0047798869200051
3.6141524314880	0.0048692249692976
3.6155533790588	0.0049593937583268
3.6169540882111	0.0050501767545938
3.6183550357819	0.0051413741894066
3.6197557449341	0.0052328384481370
3.6211566925049	0.0053244768641889
3.6225576400757	0.0054162302985787
3.6239583492279	0.0055080312304199
3.6253592967987	0.0055997651070356
3.6267600059509	0.0056912563741207
3.6281609535217	0.0057822768576443
3.6295616626740	0.0058725797571242
3.6309626102448	0.0059619327075779
3.6323633193970	0.0060501433908939
3.6337642669678	0.0061370613984764
3.6351649761200	0.0062225637957454
3.6365659236908	0.0063065262511373
3.6379666328430	0.0063888044096529
3.6393675804138	0.0064692241139710
3.6407682895660	0.0065475902520120
3.6421692371368	0.0066237025894225
3.6435699462891	0.0066973734647036
3.6449708938599	0.0067684389650822
3.6463716030121	0.0068367542698979
3.6477725505829	0.0069021824747324
3.6491732597351	0.0069645838811994
3.6505742073059	0.0070238104090095
3.6519751548767	0.0070797037333250
3.6533758640289	0.0071321036666632
3.6547768115997	0.0071808607317507
3.6561775207520	0.0072258412837982
3.6575784683228	0.0072669354267418
3.6589791774750	0.0073040500283241
3.6603801250458	0.0073371073231101
3.6617808341980	0.0073660300113261
3.6631817817688	0.0073907389305532
3.6645824909210	0.0074111456051469
3.6659834384918	0.0074271550402045
3.6673841476440	0.0074386727064848
3.6687850952148	0.0074456138536334
3.6701858043671	0.0074479123577476
3.6715867519379	0.0074455351568758
3.6729874610901	0.0074384775944054
3.6743884086609	0.0074267550371587
3.6757891178131	0.0074103870429099
3.6771900653839	0.0073893843218684
3.6785910129547	0.0073637426830828
3.6799917221069	0.0073334476910532
3.6813926696777	0.0072984914295375
3.6827933788300	0.0072588925249875
3.6841943264008	0.0072147035971284
3.6855950355530	0.0071660145185888
3.6869959831238	0.0071129365824163
3.6883966922760	0.0070555815473199
3.6897976398468	0.0069940425455570
3.6911983489990	0.0069283875636756
3.6925992965698	0.0068586650304496
3.6940000057220	0.0067849261686206
3.6954009532928	0.0067072436213493
3.6968016624451	0.0066257230937481
3.6982026100159	0.0065405061468482
3.6996033191681	0.0064517557621002
3.7010042667389	0.0063596451655030
3.7024049758911	0.0062643457204103
3.7038059234619	0.0061660227365792
3.7052066326141	0.0060648359358311
3.7066075801849	0.0059609427116811
3.7080085277557	0.0058544892817736
3.7094092369080	0.0057456069625914
3.7108101844788	0.0056344075128436
3.7122108936310	0.0055209877900779
3.7136118412018	0.0054054488427937
3.7150125503540	0.0052879243157804
3.7164134979248	0.0051686037331820
3.7178142070770	0.0050477320328355
3.7192151546478	0.0049255858175457
3.7206158638000	0.0048024230636656
3.7220168113708	0.0046784384176135
3.7234175205231	0.0045537385158241
3.7248184680939	0.0044283573515713
3.7262191772461	0.0043023023754358
3.7276201248169	0.0041756210848689
3.7290208339691	0.0040484503842890
3.7304217815399	0.0039210221730173
3.7318224906921	0.0037936272565275
3.7332234382629	0.0036665422376245
3.7346243858337	0.0035399631597102
3.7360250949860	0.0034139722120017
3.7374260425568	0.0032885624095798
3.7388267517090	0.0031636992935091
3.7402276992798	0.0030393938068300
3.7416284084320	0.0029157460667193
3.7430293560028	0.0027929407078773
3.7444300651550	0.0026711982209235
3.7458310127258	0.0025507048703730
3.7472317218781	0.0024315612390637
3.7486326694489	0.0023137754760683
3.7500333786011	0.0021973017137498
3.7514343261719	0.0020821066573262
3.7528350353241	0.0019682238344103
3.7542359828949	0.0018557680305094
3.7556366920471	0.0017449017614126
3.7570376396179	0.0016357734566554
3.7584383487701	0.0015284593682736
3.7598392963409	0.0014229416847229
3.7612400054932	0.0013191339094192
3.7626409530640	0.0012169398833066
3.7640419006348	0.0011163132730871
3.7654426097870	0.0010172869078815
3.7668435573578	0.00091995694674551
3.7682442665100	0.00082443229621276
3.7696452140808	0.00073078094283119
3.7710459232330	0.00063900026725605
3.7724468708038	0.00054902676492929
3.7738475799561	0.00046077783918008
3.7752485275269	0.00037419973523356
3.7766492366791	0.00028929510153830
3.7780501842499	0.00020611348736566
3.7794508934021	0.00012471256195568
3.7808518409729	4.5113658416085e-05
3.7822525501251	-3.2722171454225e-05
3.7836534976959	-0.00010888069664361
3.7850542068481	-0.00018345064017922
3.7864551544189	-0.00025647506117821
3.7878558635712	-0.00032792688580230
3.7892568111420	-0.00039772296440788
3.7906577587128	-0.00046576958266087
3.7920584678650	-0.00053201551781967
3.7934594154358	-0.00059648405294865
3.7948601245880	-0.00065926555544138
3.7962610721588	-0.00072047382127494
3.7976617813110	-0.00078018923522905
3.7990627288818	-0.00083841878222302
3.8004634380341	-0.00089509284589440
3.8018643856049	-0.00095009891083464
3.8032650947571	-0.0010033333674073
3.8046660423279	-0.0010547447018325
3.8060667514801	-0.0011043493868783
3.8074676990509	-0.0011522098211572
3.8088684082031	-0.0011983913136646
3.8102693557739	-0.0012429230846465
3.8116700649261	-0.0012857833644375
3.8130710124969	-0.0013269132468849
3.8144717216492	-0.0013662467245013
3.8158726692200	-0.0014037360670045
3.8172733783722	-0.0014393599703908
3.8186743259430	-0.0014731114497408
3.8200752735138	-0.0015049765352160
3.8214759826660	-0.0015349171590060
3.8228769302368	-0.0015628726687282
3.8242776393890	-0.0015887769404799
3.8256785869598	-0.0016125827096403
3.8270792961121	-0.0016342747258022
3.8284802436829	-0.0016538631170988
3.8298809528351	-0.0016713594086468
3.8312819004059	-0.0016867490485311
3.8326826095581	-0.0016999795334414
3.8340835571289	-0.0017109763575718
3.8354842662811	-0.0017196740955114
3.8368852138519	-0.0017260485328734
3.8382859230042	-0.0017301234183833
3.8396868705750	-0.0017319495091215
3.8410875797272	-0.0017315649893135
3.8424885272980	-0.0017289555398747
3.8438892364502	-0.0017240428132936
3.8452901840210	-0.0017167062032968
3.8466911315918	-0.0017068347660825
3.8480918407440	-0.0016943792579696
3.8494927883148	-0.0016793813556433
3.8508934974670	-0.0016619588714093
3.8522944450378	-0.0016422559274361
3.8536951541901	-0.0016203813720495
3.8550961017609	-0.0015963640762493
3.8564968109131	-0.0015701483935118
3.8578977584839	-0.0015416294336319
3.8592984676361	-0.0015107089420781
3.8606994152069	-0.0014773444272578
3.8621001243591	-0.0014415648765862
3.8635010719299	-0.0014034527121112
3.8649017810822	-0.0013631036272272
3.8663027286530	-0.0013205922441557
3.8677034378052	-0.0012759616365656
3.8691043853760	-0.0012292419560254
3.8705050945282	-0.0011804833775386
3.8719060420990	-0.0011297741439193
3.8733067512512	-0.0010772312525660
3.8747076988220	-0.0010229661129415
3.8761086463928	-0.00096704543102533
3.8775093555450	-0.00090947118587792
3.8789103031158	-0.00085019483231008
3.8803110122681	-0.00078916578786448
3.8817119598389	-0.00072638905839995
3.8831126689911	-0.00066196202533320
3.8845136165619	-0.00059606740251184
3.8859143257141	-0.00052892405074090
3.8873152732849	-0.00046071951510385
3.8887159824371	-0.00039155670674518
3.8901169300079	-0.00032144464785233
3.8915176391602	-0.00025033787824214
3.8929185867310	-0.00017820297216531
3.8943192958832	-0.00010507722618058
3.8957202434540	-3.1089621188585e-05
3.8971209526062	4.3565283704083e-05
3.8985219001770	0.00011868456931552
3.8999226093292	0.00019411367247812
3.9013235569000	0.00026977169909514
3.9027245044708	0.00034563319059089
3.9041252136230	0.00042167832725681
3.9055261611938	0.00049784174188972
3.9069268703461	0.00057399267097935
3.9083278179169	0.00064995768480003
3.9097285270691	0.00072557263774797
3.9111294746399	0.00080073159188032
3.9125301837921	0.00087540398817509
3.9139311313629	0.00094960542628542
3.9153318405151	0.0010233358480036
3.9167327880859	0.0010965188266709
3.9181334972382	0.0011689767707139
3.9195344448090	0.0012404619483277
3.9209351539612	0.0013107266277075
3.9223361015320	0.0013795988634229
3.9237368106842	0.0014470210298896
3.9251377582550	0.0015130310785025
3.9265384674072	0.0015776925720274
3.9279394149780	0.0016410107491538
3.9293401241302	0.0017028775764629
3.9307410717010	0.0017630760557950
3.9321420192719	0.0018213391304016
3.9335427284241	0.0018774359486997
3.9349436759949	0.0019312426447868
3.9363443851471	0.0019827554933727
3.9377453327179	0.0020320434123278
3.9391460418701	0.0020791608840227
3.9405469894409	0.0021240713540465
3.9419476985931	0.0021666169632226
3.9433486461639	0.0022065518423915
3.9447493553162	0.0022436224389821
3.9461503028870	0.0022776525001973
3.9475510120392	0.0023085866123438
3.9489519596100	0.0023364752996713
3.9503526687622	0.0023614063393325
3.9517536163330	0.0023834230378270
3.9531543254852	0.0024024681188166
3.9545552730560	0.0024183795321733
3.9559559822083	0.0024309409782290
3.9573569297791	0.0024399582762271
3.9587578773499	0.0024453194346279
3.9601585865021	0.0024470114149153
3.9615595340729	0.0024450868368149
3.9629602432251	0.0024396036751568
3.9643611907959	0.0024305710103363
3.9657618999481	0.0024179290048778
3.9671628475189	0.0024015717208385
3.9685635566711	0.0023813941515982
3.9699645042419	0.0023573392536491
3.9713652133942	0.0023294116836041
3.9727661609650	0.0022976570762694
3.9741668701172	0.0022621168754995
3.9755678176880	0.0022227889858186
3.9769685268402	0.0021796175278723
3.9783694744110	0.0021325217094272
3.9797701835632	0.0020814433228225
3.9811711311340	0.0020263923797756
3.9825718402863	0.0019674578215927
3.9839727878571	0.0019047826062888
3.9853734970093	0.0018385082948953
3.9867744445801	0.0017687180079520
3.9881753921509	0.0016954110469669
3.9895761013031	0.0016185203567147
3.9909770488739	0.0015379694523290
3.9923777580261	0.0014537387760356
3.9937787055969	0.0013659081887454
3.9951794147491	0.0012746554566547
3.9965803623199	0.0011802117805928
3.9979810714722	0.0010827960213646
3.9993820190430	0.00098255823832005
4.0007829666138	0.00087955943308771
4.0021834373474	0.00077379465801641
4.0035843849182	0.00066524511203170
4.0049853324890	0.00055393617367372
4.0063862800598	0.00043997180182487
4.0077867507935	0.00032353182905354
4.0091876983643	0.00020483953994699
4.0105886459351	8.4117302321829e-05
4.0119895935059	-3.8447527913377e-05
4.0133900642395	-0.00016271363710985
4.0147910118103	-0.00028857181314379
4.0161919593811	-0.00041591745684855
4.0175929069519	-0.00054462562547997
4.0189938545227	-0.00067454145755619
4.0203943252563	-0.00080548791447654
4.0217952728271	-0.00093728175852448
4.0231962203979	-0.0010697476100177
4.0245971679688	-0.0012027225457132
4.0259976387024	-0.0013360492885113
4.0273985862732	-0.0014695671852678
4.0287995338440	-0.0016031068516895
4.0302004814148	-0.0017364905215800
4.0316009521484	-0.0018695390317589
4.0330018997192	-0.0020020788069814
4.0344028472900	-0.0021339450031519
4.0358037948608	-0.0022649776656181
4.0372042655945	-0.0023950166068971
4.0386052131653	-0.0025238948874176
4.0400061607361	-0.0026514427736402
4.0414071083069	-0.0027774933259934
4.0428080558777	-0.0029018931090832
4.0442085266113	-0.0030245045199990
4.0456094741821	-0.0031452006660402
4.0470104217529	-0.0032638532575220
4.0484113693237	-0.0033803191035986
4.0498118400574	-0.0034944363869727
4.0512127876282	-0.0036060328129679
4.0526137351990	-0.0037149433046579
4.0540146827698	-0.0038210307247937
4.0554151535034	-0.0039241933263838
4.0568161010742	-0.0040243580006063
4.0582170486450	-0.0041214628145099
4.0596179962158	-0.0042154327966273
4.0610184669495	-0.0043061673641205
4.0624194145203	-0.0043935454450548
4.0638203620911	-0.0044774417765439
4.0652213096619	-0.0045577492564917
4.0666217803955	-0.0046343971043825
4.0680227279663	-0.0047073499299586
4.0694236755371	-0.0047765905037522
4.0708246231079	-0.0048420997336507
4.0722255706787	-0.0049038389697671
4.0736260414124	-0.0049617476761341
4.0750269889832	-0.0050157583318651
4.0764279365540	-0.0050658159889281
4.0778288841248	-0.0051118992269039
4.0792293548584	-0.0051540257409215
4.0806303024292	-0.0051922402344644
4.0820312500000	-0.0052265925332904
4.0834321975708	-0.0052571198903024
4.0848326683044	-0.0052838418632746
4.0862336158752	-0.0053067645058036
4.0876345634460	-0.0053258980624378
4.0890355110168	-0.0053412690758705
4.0904359817505	-0.0053529222495854
4.0918369293213	-0.0053609143942595
4.0932378768921	-0.0053653032518923
4.0946388244629	-0.0053661456331611
4.0960392951965	-0.0053634988144040
4.0974402427673	-0.0053574340417981
4.0988411903381	-0.0053480453789234
4.1002421379089	-0.0053354506380856
4.1016430854797	-0.0053197718225420
4.1030435562134	-0.0053011178970337
4.1044445037842	-0.0052795605733991
4.1058454513550	-0.0052551394328475
4.1072463989258	-0.0052278819493949
4.1086468696594	-0.0051978379487991
4.1100478172302	-0.0051651094108820
4.1114487648010	-0.0051298532634974
4.1128497123718	-0.0050922553054988
4.1142501831055	-0.0050524892285466
4.1156511306763	-0.0050106728449464
4.1170520782471	-0.0049668606370687
4.1184530258179	-0.0049210633151233
4.1198534965515	-0.0048732971772552
4.1212544441223	-0.0048236330039799
4.1226553916931	-0.0047722221352160
4.1240563392639	-0.0047192750498652
4.1254568099976	-0.0046650073491037
4.1268577575684	-0.0046095745638013
4.1282587051392	-0.0045530293136835
4.1296596527100	-0.0044953357428312
4.1310606002808	-0.0044364230707288
4.1324610710144	-0.0043762619607151
4.1338620185852	-0.0043149180710316
4.1352629661560	-0.0042525604367256
4.1366639137268	-0.0041894121095538
4.1380643844604	-0.0041256728582084
4.1394653320312	-0.0040614507161081
4.1408662796021	-0.0039967410266399
4.1422672271729	-0.0039314646273851
4.1436676979065	-0.0038655439857394
4.1450686454773	-0.0037989737465978
4.1464695930481	-0.0037318537943065
4.1478705406189	-0.0036643552593887
4.1492710113525	-0.0035966462455690
4.1506719589233	-0.0035288124345243
4.1520729064941	-0.0034608193673193
4.1534738540649	-0.0033925434108824
4.1548743247986	-0.0033238497562706
4.1562752723694	-0.0032546892762184
4.1576762199402	-0.0031851497478783
4.1590771675110	-0.0031154402531683
4.1604781150818	-0.0030458052642643
4.1618785858154	-0.0029764142818749
4.1632795333862	-0.0029072775505483
4.1646804809570	-0.0028382369782776
4.1660814285278	-0.0027690378483385
4.1674818992615	-0.0026994489599019
4.1688828468323	-0.0026293718256056
4.1702837944031	-0.0025588870048523
4.1716847419739	-0.0024882180150598
4.1730852127075	-0.0024176277220249
4.1744861602783	-0.0023473007604480
4.1758871078491	-0.0022772683296353
4.1772880554199	-0.0022074091248214
4.1786885261536	-0.0021375238429755
4.1800894737244	-0.0020674380939454
4.1814904212952	-0.0019970850553364
4.1828913688660	-0.0019265325972810
4.1842923164368	-0.0018559420714155
4.1856927871704	-0.0017854868201539
4.1870937347412	-0.0017152766231447
4.1884946823120	-0.0016453210264444
4.1898956298828	-0.0015755489002913
4.1912961006165	-0.0015058647841215
4.1926970481873	-0.0014362112851813
4.1940979957581	-0.0013666010927409
4.1954989433289	-0.0012971105752513
4.1968994140625	-0.0012278399663046
4.1983003616333	-0.0011588681954890
4.1997013092041	-0.0010902310023084
4.2011022567749	-0.0010219274554402
4.2025027275085	-0.00095395115204155
4.2039036750793	-0.00088632135884836
4.2053046226501	-0.00081909610889852
4.2067055702209	-0.00075235951226205
4.2081060409546	-0.00068619049852714
4.2095069885254	-0.00062063429504633
4.2109079360962	-0.00055569561664015
4.2123088836670	-0.00049135892186314
4.2137098312378	-0.00042762287193909
4.2151103019714	-0.00036453065695241
4.2165112495422	-0.00030217759194784
4.2179121971130	-0.00024069019127637
4.2193131446838	-0.00018018753326032
4.2207136154175	-0.00012074546248186
4.2221145629883	-6.2384424381889e-05
4.2235155105591	-5.0868002290372e-06
4.2249164581299	5.1165214244975e-05
4.2263169288635	0.00010635229409672
4.2277178764343	0.00016040113405325
4.2291188240051	0.00021319628285710
4.2305197715759	0.00026461423840374
4.2319202423096	0.00031456074793823
4.2333211898804	0.00036299086059444
4.2347221374512	0.00040990210254677
4.2361230850220	0.00045530725037679
4.2375235557556	0.00049920135643333
4.2389245033264	0.00054153992095962
4.2403254508972	0.00058223924133927
4.2417263984680	0.00062119838548824
4.2431273460388	0.00065832748077810
4.2445278167725	0.00069356721360236
4.2459287643433	0.00072689045919105
4.2473297119141	0.00075828714761883
4.2487306594849	0.00078774336725473
4.2501311302185	0.00081522681284696
4.2515320777893	0.00084068696014583
4.2529330253601	0.00086406746413559
4.2543339729309	0.00088532234076411
4.2557344436646	0.00090442574582994
4.2571353912354	0.00092136906459928
4.2585363388062	0.00093614635989070
4.2599372863770	0.00094873982015997
4.2613377571106	0.00095911259995773
4.2627387046814	0.00096721423324198
4.2641396522522	0.00097299454500899
4.2655405998230	0.00097641971660778
4.2669410705566	0.00097747868858278
4.2683420181274	0.00097617803839967
4.2697429656982	0.00097252853447571
4.2711439132690	0.00096653297077864
4.2725448608398	0.00095818244153634
4.2739453315735	0.00094746192917228
4.2753462791443	0.00093436310999095
4.2767472267151	0.00091889500617981
4.2781481742859	0.00090108363656327
4.2795486450195	0.00088096014223993
4.2809495925903	0.00085854530334473
4.2823505401611	0.00083383970195428
4.2837514877319	0.00080682692350820
4.2851519584656	0.00077749090269208
4.2865529060364	0.00074583833338693
4.2879538536072	0.00071191368624568
4.2893548011780	0.00067579740425572
4.2907552719116	0.00063758727628738
4.2921562194824	0.00059737032279372
4.2935571670532	0.00055520149180666
4.2949581146240	0.00051109842024744
4.2963590621948	0.00046505714999512
4.2977595329285	0.00041707925265655
4.2991604804993	0.00036719656782225
4.3005614280701	0.00031547990511172
4.3019623756409	0.00026202801382169
4.3033628463745	0.00020694371778518
4.3047637939453	0.00015031034126878
4.3061647415161	9.2180802312214e-05
4.3075656890869	3.2585128792562e-05
4.3089661598206	-2.8447235308704e-05
4.3103671073914	-9.0862537035719e-05
4.3117680549622	-0.00015456917753909
4.3131690025330	-0.00021944304171484
4.3145694732666	-0.00028534900047816
4.3159704208374	-0.00035216723335907
4.3173713684082	-0.00041980913374573
4.3187723159790	-0.00048821608652361
4.3201727867126	-0.00055734277702868
4.3215737342834	-0.00062713352963328
4.3229746818542	-0.00069750496186316
4.3243756294250	-0.00076834356877953
4.3257765769958	-0.00083952071145177
4.3271770477295	-0.00091091281501576
4.3285779953003	-0.00098241574596614
4.3299789428711	-0.0010539453942329
4.3313798904419	-0.0011254256824031
4.3327803611755	-0.0011967716272920
4.3341813087463	-0.0012678788043559
4.3355822563171	-0.0013386263744906
4.3369832038879	-0.0014088915195316
4.3383836746216	-0.0014785708626732
4.3397846221924	-0.0015475919935852
4.3411855697632	-0.0016159086953849
4.3425865173340	-0.0016834819689393
4.3439869880676	-0.0017502547707409
4.3453879356384	-0.0018161365296692
4.3467888832092	-0.0018810041947290
4.3481898307800	-0.0019447202794254
4.3495903015137	-0.0020071617327631
4.3509912490845	-0.0020682420581579
4.3523921966553	-0.0021279167849571
4.3537931442261	-0.0021861656568944
4.3551940917969	-0.0022429642267525
4.3565945625305	-0.0022982587106526
4.3579955101013	-0.0023519571404904
4.3593964576721	-0.0024039428681135
4.3607974052429	-0.0024541062302887
4.3621978759766	-0.0025023741181940
4.3635988235474	-0.0025487267412245
4.3649997711182	-0.0025931855197996
4.3664007186890	-0.0026357835158706
4.3678011894226	-0.0026765298098326
4.3692021369934	-0.0027153878472745
4.3706030845642	-0.0027522775344551
4.3720040321350	-0.0027871008496732
4.3734045028687	-0.0028197802603245
4.3748054504395	-0.0028502852655947
4.3762063980103	-0.0028786370530725
4.3776073455811	-0.0029048868454993
4.3790078163147	-0.0029290772508830
4.3804087638855	-0.0029512126930058
4.3818097114563	-0.0029712505638599
4.3832106590271	-0.0029891193844378
4.3846116065979	-0.0030047572217882
4.3860120773315	-0.0030181505717337
4.3874130249023	-0.0030293485615402
4.3888139724731	-0.0030384473502636
4.3902149200439	-0.0030455498490483
4.3916153907776	-0.0030507172923535
4.3930163383484	-0.0030539422295988
4.3944172859192	-0.0030551545787603
4.3958182334900	-0.0030542616732419
4.3972187042236	-0.0030512027442455
4.3986196517944	-0.0030459912959486
4.4000205993652	-0.0030387260485440
4.4014215469360	-0.0030295613687485
4.4028220176697	-0.0030186509247869
4.4042229652405	-0.0030060915742069
4.4056239128113	-0.0029918933287263
4.4070248603821	-0.0029759930912405
4.4084258079529	-0.0029583012219518
4.4098262786865	-0.0029387606773525
4.4112272262573	-0.0029173882212490
4.4126281738281	-0.0028942837379873
4.4140291213989	-0.0028695974033326
4.4154295921326	-0.0028434754349291
4.4168305397034	-0.0028160104993731
4.4182314872742	-0.0027872221544385
4.4196324348450	-0.0027570729143918
4.4210329055786	-0.0027255106251687
4.4224338531494	-0.0026925127021968
4.4238348007202	-0.0026581143029034
4.4252357482910	-0.0026224036701024
4.4266362190247	-0.0025854911655188
4.4280371665955	-0.0025474724825472
4.4294381141663	-0.0025084023363888
4.4308390617371	-0.0024682926014066
4.4322395324707	-0.0024271346628666
4.4336404800415	-0.0023849296849221
4.4350414276123	-0.0023417100310326
4.4364423751831	-0.0022975385654718
4.4378433227539	-0.0022524881642312
4.4392437934875	-0.0022066137753427
4.4406447410583	-0.0021599379833788
4.4420456886292	-0.0021124549675733
4.4434466362000	-0.0020641561131924
4.4448471069336	-0.0020150560885668
4.4462480545044	-0.0019652112387121
4.4476490020752	-0.0019147114362568
4.4490499496460	-0.0018636517925188
4.4504504203796	-0.0018120957538486
4.4518513679504	-0.0017600494902581
4.4532523155212	-0.0017074649222195
4.4546532630920	-0.0016542724333704
4.4560537338257	-0.0016004241770133
4.4574546813965	-0.0015459302812815
4.4588556289673	-0.0014908665325493
4.4602565765381	-0.0014353488804772
4.4616570472717	-0.0013794864062220
4.4630579948425	-0.0013233391800895
4.4644589424133	-0.0012668994022533
4.4658598899841	-0.0012101051397622
4.4672608375549	-0.0011528822360560
4.4686613082886	-0.0010951901786029
4.4700622558594	-0.0010370500385761
4.4714632034302	-0.00097853923216462
4.4728641510010	-0.00091975461691618
4.4742646217346	-0.00086076476145536
4.4756655693054	-0.00080157560296357
4.4770665168762	-0.00074212957406417
4.4784674644470	-0.00068233808269724
4.4798679351807	-0.00062213133787736
4.4812688827515	-0.00056150043383241
4.4826698303223	-0.00050051149446517
4.4840707778931	-0.00043928169179708
4.4854712486267	-0.00037793110823259
4.4868721961975	-0.00031653308542445
4.4882731437683	-0.00025508544058539
4.4896740913391	-0.00019351557421032
4.4910745620728	-0.00013171846512705
4.4924755096436	-6.9610396167263e-05
4.4938764572144	-7.1718914114172e-06
4.4952774047852	5.5539272580063e-05
4.4966783523560	0.00011840914521599
4.4980788230896	0.00018131049000658
4.4994797706604	0.00024414883228019
4.5008807182312	0.00030689244158566
4.5022816658020	0.00036957350675948
4.5036821365356	0.00043226146954112
4.5050830841064	0.00049502291949466
4.5064840316772	0.00055788567988202
4.5078849792480	0.00062082044314593
4.5092854499817	0.00068374513648450
4.5106863975525	0.00074654899071902
4.5120873451233	0.00080912426346913
4.5134882926941	0.00087139266543090
4.5148887634277	0.00093331845710054
4.5162897109985	0.00099490408319980
4.5176906585693	0.0010561734670773
4.5190916061401	0.0011171490186825
4.5204925537109	0.0011778299231082
4.5218930244446	0.0012381796259433
4.5232939720154	0.0012981258332729
4.5246949195862	0.0013575736666098
4.5260958671570	0.0014164254534990
4.5274963378906	0.0014746005181223
4.5288972854614	0.0015320475213230
4.5302982330322	0.0015887445770204
4.5316991806030	0.0016446874942631
4.5330996513367	0.0016998690553010
4.5345005989075	0.0017542596906424
4.5359015464783	0.0018077933927998
4.5373024940491	0.0018603677162901
4.5387029647827	0.0019118620548397
4.5401039123535	0.0019621627870947
4.5415048599243	0.0020111878402531
4.5429058074951	0.0020588987972587
4.5443062782288	0.0021052951924503
4.5457072257996	0.0021503944881260
4.5471081733704	0.0021942006424069
4.5485091209412	0.0022366824559867
4.5499100685120	0.0022777630947530
4.5513105392456	0.0023173345252872
4.5527114868164	0.0023552842903882
4.5541124343872	0.0023915290366858
4.5555133819580	0.0024260347709060
4.5569138526917	0.0024588189553469
4.5583148002625	0.0024899246636778
4.5597157478333	0.0025193840265274
4.5611166954041	0.0025471844710410
4.5625171661377	0.0025732517242432
4.5639181137085	0.0025974588934332
4.5653190612793	0.0026196609251201
4.5667200088501	0.0026397388428450
4.5681204795837	0.0026576388627291
4.5695214271545	0.0026733865961432
4.5709223747253	0.0026870695874095
4.5723233222961	0.0026987933088094
4.5737237930298	0.0027086327318102
4.5751247406006	0.0027165981009603
4.5765256881714	0.0027226279489696
4.5779266357422	0.0027266149409115
4.5793275833130	0.0027284503448755
4.5807280540466	0.0027280696667731
4.5821290016174	0.0027254773303866
4.5835299491882	0.0027207401581109
4.5849308967590	0.0027139554731548
4.5863313674927	0.0027052094228566
4.5877323150635	0.0026945429854095
4.5891332626343	0.0026819470804185
4.5905342102051	0.0026673786342144
4.5919346809387	0.0026507955044508
4.5933356285095	0.0026321865152568
4.5947365760803	0.0026115877553821
4.5961375236511	0.0025890741962940
4.5975379943848	0.0025647324509919
4.5989389419556	0.0025386319030076
4.6003398895264	0.0025108100380749
4.6017408370972	0.0024812759365886
4.6031413078308	0.0024500314611942
4.6045422554016	0.0024170929100364
4.6059432029724	0.0023825031239539
4.6073441505432	0.0023463265970349
4.6087450981140	0.0023086327128112
4.6101455688477	0.0022694764193147
4.6115465164185	0.0022288942709565
4.6129474639893	0.0021869156043977
4.6143484115601	0.0021435867529362
4.6157488822937	0.0020989887416363
4.6171498298645	0.0020532391499728
4.6185507774353	0.0020064674317837
4.6199517250061	0.0019587774295360
4.6213521957397	0.0019102151272818
4.6227531433105	0.0018607585225254
4.6241540908813	0.0018103435868397
4.6255550384521	0.0017589135095477
4.6269555091858	0.0017064746934921
4.6283564567566	0.0016531273722649
4.6297574043274	0.0015990576939657
4.6311583518982	0.0015444876626134
4.6325592994690	0.0014896087814122
4.6339597702026	0.0014345287345350
4.6353607177734	0.0013792538084090
4.6367616653442	0.0013237174134701
4.6381626129150	0.0012678394559771
4.6395630836487	0.0012115880381316
4.6409640312195	0.0011550143826753
4.6423649787903	0.0010982465464622
4.6437659263611	0.0010414490243420
4.6451663970947	0.00098476896528155
4.6465673446655	0.00092829822096974
4.6479682922363	0.00087206740863621
4.6493692398071	0.00081607012543827
4.6507697105408	0.00076030264608562
4.6521706581116	0.00070479506393895
4.6535716056824	0.00064961874159053
4.6549725532532	0.00059486762620509
4.6563730239868	0.00054062693379819
4.6577739715576	0.00048694977886043
4.6591749191284	0.00043385653407313
4.6605758666992	0.00038135526119731
4.6619768142700	0.00032947043655440
4.6633772850037	0.00027826096629724
4.6647782325745	0.00022781442385167
4.6661791801453	0.00017822021618485
4.6675801277161	0.00012953756959178
4.6689805984497	8.1776495790109e-05
4.6703815460205	3.4905016946141e-05
4.6717824935913	-1.1118041584268e-05
4.6731834411621	-5.6301298172912e-05
4.6745839118958	-0.00010059298801934
4.6759848594666	-0.00014388270210475
4.6773858070374	-0.00018603363423608
4.6787867546082	-0.00022692966740578
4.6801872253418	-0.00026651579537429
4.6815881729126	-0.00030481134308502
4.6829891204834	-0.00034188968129456
4.6843900680542	-0.00037783576408401
4.6857905387878	-0.00041270290967077
4.6871914863586	-0.00044648998300545
4.6885924339294	-0.00047914608148858
4.6899933815002	-0.00051059620454907
4.6913943290710	-0.00054077175445855
4.6927947998047	-0.00056962954113260
4.6941957473755	-0.00059715117095038
4.6955966949463	-0.00062332826200873
4.6969976425171	-0.00064814829966053
4.6983981132507	-0.00067159155150875
4.6997990608215	-0.00069364486262202
4.7012000083923	-0.00071431987453252
4.7026009559631	-0.00073366297874600
4.7040014266968	-0.00075174542143941
4.7054023742676	-0.00076863251160830
4.7068033218384	-0.00078434572787955
4.7082042694092	-0.00079884100705385
4.7096047401428	-0.00081201840657741
4.7110056877136	-0.00082376447971910
4.7124066352844	-0.00083400792209432
4.7138075828552	-0.00084276020061225
4.7152080535889	-0.00085011956980452
4.7166090011597	-0.00085623154882342
4.7180099487305	-0.00086122483480722
4.7194108963013	-0.00086514960275963
4.7208118438721	-0.00086795294191688
4.7222123146057	-0.00086950318654999
4.7236132621765	-0.00086965307127684
4.7250142097473	-0.00086831278167665
4.7264151573181	-0.00086549541447312
4.7278156280518	-0.00086131395073608
4.7292165756226	-0.00085592933464795
4.7306175231934	-0.00084947660798207
4.7320184707642	-0.00084200396668166
4.7334189414978	-0.00083345448365435
4.7348198890686	-0.00082370039308444
4.7362208366394	-0.00081261229934171
4.7376217842102	-0.00080012640682980
4.7390222549438	-0.00078627688344568
4.7404232025146	-0.00077118020271882
4.7418241500854	-0.00075497885700315
4.7432250976562	-0.00073777424404398
4.7446260452271	-0.00071958114858717
4.7460265159607	-0.00070032605435699
4.7474274635315	-0.00067988981027156
4.7488284111023	-0.00065817090217024
4.7502293586731	-0.00063513970235363
4.7516298294067	-0.00061085663037375
4.7530307769775	-0.00058544683270156
4.7544317245483	-0.00055904453620315
4.7558326721191	-0.00053173606283963
4.7572331428528	-0.00050352688413113
4.7586340904236	-0.00047434627776965
4.7600350379944	-0.00044408752000891
4.7614359855652	-0.00041266070911661
4.7628364562988	-0.00038003543158993
4.7642374038696	-0.00034625461557880
4.7656383514404	-0.00031141692306846
4.7670392990112	-0.00027563786716200
4.7684397697449	-0.00023900900851004
4.7698407173157	-0.00020157314429525
4.7712416648865	-0.00016332211089320
4.7726426124573	-0.00012421493011061
4.7740435600281	-8.4204766608309e-05
4.7754440307617	-4.3262814870104e-05
4.7768449783325	-1.3908502296545e-06
4.7782459259033	4.1378749301657e-05
4.7796468734741	8.4991974290460e-05
4.7810473442078	0.00012938548752572
4.7824482917786	0.00017449592996854
4.7838492393494	0.00022026539954823
4.7852501869202	0.00026664484175853
4.7866506576538	0.00031359714921564
4.7880516052246	0.00036109948996454
4.7894525527954	0.00040914240526035
4.7908535003662	0.00045772409066558
4.7922539710999	0.00050683907466009
4.7936549186707	0.00055646389955655
4.7950558662415	0.00060654827393591
4.7964568138123	0.00065701740095392
4.7978572845459	0.00070778437657282
4.7992582321167	0.00075876840855926
4.8006591796875	0.00080991198774427
4.8020601272583	0.00086118699982762
4.8034610748291	0.00091258634347469
4.8048615455627	0.00096410576952621
4.8062624931335	0.0010157229844481
4.8076634407043	0.0010673843789846
4.8090643882751	0.0011190065415576
4.8104648590088	0.0011704922653735
4.8118658065796	0.0012217515613884
4.8132667541504	0.0012727190041915
4.8146677017212	0.0013233574572951
4.8160681724548	0.0013736487599090
4.8174691200256	0.0014235740527511
4.8188700675964	0.0014730964321643
4.8202710151672	0.0015221543144435
4.8216714859009	0.0015706677222624
4.8230724334717	0.0016185536514968
4.8244733810425	0.0016657435335219
4.8258743286133	0.0017121899873018
4.8272747993469	0.0017578622791916
4.8286757469177	0.0018027308396995
4.8300766944885	0.0018467516638339
4.8314776420593	0.0018898554844782
4.8328785896301	0.0019319558050483
4.8342790603638	0.0019729638006538
4.8356800079346	0.0020128090400249
4.8370809555054	0.0020514482166618
4.8384819030762	0.0020888613071293
4.8398823738098	0.0021250336430967
4.8412833213806	0.0021599398460239
4.8426842689514	0.0021935326512903
4.8440852165222	0.0022257461678237
4.8454856872559	0.0022565138060600
4.8468866348267	0.0022857866715640
4.8482875823975	0.0023135417141020
4.8496885299683	0.0023397768381983
4.8510890007019	0.0023644913453609
4.8524899482727	0.0023876666091383
4.8538908958435	0.0024092555977404
4.8552918434143	0.0024291879963130
4.8566923141479	0.0024473913945258
4.8580932617188	0.0024638150352985
4.8594942092896	0.0024784437846392
4.8608951568604	0.0024912916123867
4.8622961044312	0.0025023820344359
4.8636965751648	0.0025117204058915
4.8650975227356	0.0025192792527378
4.8664984703064	0.0025250068865716
4.8678994178772	0.0025288520846516
4.8692998886108	0.0025307948235422
4.8707008361816	0.0025308623444289
4.8721017837524	0.0025291196070611
4.8735027313232	0.0025256348308176
4.8749032020569	0.0025204378180206
4.8763041496277	0.0025134966708720
4.8777050971985	0.0025047250092030
4.8791060447693	0.0024940259754658
4.8805065155029	0.0024813511408865
4.8819074630737	0.0024667386896908
4.8833084106445	0.0024503143504262
4.8847093582153	0.0024322413373739
4.8861103057861	0.0024126511998475
4.8875107765198	0.0023915844503790
4.8889117240906	0.0023689747322351
4.8903126716614	0.0023446897976100
4.8917136192322	0.0023186088073999
4.8931140899658	0.0022906993981451
4.8945150375366	0.0022610540036112
4.8959159851074	0.0022298628464341
4.8973169326782	0.0021973408292979
4.8987174034119	0.0021636355668306
4.9001183509827	0.0021287717390805
4.9015192985535	0.0020926590077579
4.9029202461243	0.0020551583729684
4.9043207168579	0.0020161790307611
4.9057216644287	0.0019757482223213
4.9071226119995	0.0019340224098414
4.9085235595703	0.0018912308150902
4.9099240303040	0.0018475793767720
4.9113249778748	0.0018031689105555
4.9127259254456	0.0017579661216587
4.9141268730164	0.0017118457471952
4.9155278205872	0.0016646812437102
4.9169282913208	0.0016164374537766
4.9183292388916	0.0015672155423090
4.9197301864624	0.0015172279672697
4.9211311340332	0.0014667168725282
4.9225316047668	0.0014158596750349
4.9239325523376	0.0013647095765918
4.9253334999084	0.0013132021995261
4.9267344474792	0.0012612217105925
4.9281349182129	0.0012086881324649
4.9295358657837	0.0011556207900867
4.9309368133545	0.0011021452955902
4.9323377609253	0.0010484443046153
4.9337382316589	0.00099468289408833
4.9351391792297	0.00094094948144630
4.9365401268005	0.00088724488159642
4.9379410743713	0.00083352241199464
4.9393415451050	0.00077975320164114
4.9407424926758	0.00072597624966875
4.9421434402466	0.00067230453714728
4.9435443878174	0.00061888236086816
4.9449453353882	0.00056582252727821
4.9463458061218	0.00051315932068974
4.9477467536926	0.00046084646601230
4.9491477012634	0.00040880287997425
4.9505486488342	0.00035698153078556
4.9519491195679	0.00030542199965566
4.9533500671387	0.00025425542844459
4.9547510147095	0.00020365620730445
4.9561519622803	0.00015376841474790
4.9575524330139	0.00010464803199284
4.9589533805847	5.6252429203596e-05
4.9603543281555	8.4846160461893e-06
4.9617552757263	-3.8732960092602e-05
4.9631557464600	-8.5396757640410e-05
4.9645566940308	-0.00013140693772584
4.9659576416016	-0.00017660735466052
4.9673585891724	-0.00022085876844358
4.9687590599060	-0.00026410404825583
4.9701600074768	-0.00030638801399618
4.9715609550476	-0.00034782048896886
4.9729619026184	-0.00038850249256939
4.9743628501892	-0.00042845652205870
4.9757633209229	-0.00046760027180426
4.9771642684937	-0.00050577917136252
4.9785652160645	-0.00054283952340484
4.9799661636353	-0.00057870330056176
4.9813666343689	-0.00061340286629274
4.9827675819397	-0.00064705905970186
4.9841685295105	-0.00067981140455231
4.9855694770813	-0.00071173981996253
4.9869699478149	-0.00074281892739236
4.9883708953857	-0.00077292963396758
4.9897718429565	-0.00080191803863272
4.9911727905273	-0.00082966795889661
4.9925732612610	-0.00085614994168282
4.9939742088318	-0.00088142242748290
4.9953751564026	-0.00090558681404218
4.9967761039734	-0.00092872430104762
4.9981770515442	-0.00095085427165031
4.9995775222778	-0.00097193132387474
5.0009784698486	-0.00099188252352178
5.0023794174194	-0.0010106560075656
5.0037803649902	-0.0010282557923347
5.0051808357239	-0.0010447363601997
5.0065817832947	-0.0010601669782773
5.0079827308655	-0.0010745852487162
5.0093836784363	-0.0010879727778956
5.0107841491699	-0.0011002671672031
5.0121850967407	-0.0011114028748125
5.0135860443115	-0.0011213559191674
5.0149869918823	-0.0011301640188321
5.0163874626160	-0.0011379085481167
5.0177884101868	-0.0011446690186858
5.0191893577576	-0.0011504753492773
5.0205903053284	-0.0011552878422663
5.0219907760620	-0.0011590191861615
5.0233917236328	-0.0011615870753303
5.0247926712036	-0.0011629663640633
5.0261936187744	-0.0011632101377472
5.0275945663452	-0.0011624247999862
5.0289950370789	-0.0011607147753239
5.0303959846497	-0.0011581261642277
5.0317969322205	-0.0011546229943633
5.0331978797913	-0.0011501114349812
5.0345983505249	-0.0011445009149611
5.0359992980957	-0.0011377661721781
5.0374002456665	-0.0011299741454422
5.0388011932373	-0.0011212595272809
5.0402016639709	-0.0011117588728666
5.0416026115417	-0.0011015392374247
5.0430035591125	-0.0010905608069152
5.0444045066833	-0.0010786986676976
5.0458049774170	-0.0010658124228939
5.0472059249878	-0.0010518273338675
5.0486068725586	-0.0010367820505053
5.0500078201294	-0.0010208151070401
5.0514082908630	-0.0010040975175798
5.0528092384338	-0.00098674977198243
5.0542101860046	-0.00096878671320155
5.0556111335754	-0.00095012108795345
5.0570120811462	-0.00093062157975510
5.0584125518799	-0.00091019429964945
5.0598134994507	-0.00088884239085019
5.0612144470215	-0.00086667021969333
5.0626153945923	-0.00084383087232709
5.0640158653259	-0.00082044757436961
5.0654168128967	-0.00079655222361907
5.0668177604675	-0.00077207694994286
5.0682187080383	-0.00074690440669656
5.0696191787720	-0.00072094623465091
5.0710201263428	-0.00069420656654984
5.0724210739136	-0.00066679401788861
5.0738220214844	-0.00063887611031532
5.0752224922180	-0.00061059952713549
5.0766234397888	-0.00058202090440318
5.0780243873596	-0.00055308640003204
5.0794253349304	-0.00052367284661159
5.0808258056641	-0.00049366441089660
5.0822267532349	-0.00046302354894578
5.0836277008057	-0.00043181772343814
5.0850286483765	-0.00040018986328505
5.0864295959473	-0.00036829133750871
5.0878300666809	-0.00033621519105509
5.0892310142517	-0.00030396747752093
5.0906319618225	-0.00027148958179168
5.0920329093933	-0.00023871581652202
5.0934333801270	-0.00020563215366565
5.0948343276978	-0.00017230052617379
5.0962352752686	-0.00013883414794691
5.0976362228394	-0.00010533905879129
5.0990366935730	-7.1858885348774e-05
5.1004376411438	-3.8356869481504e-05
5.1018385887146	-4.7474986786256e-06
5.1032395362854	2.9039536457276e-05
5.1046400070190	6.2998784414958e-05
5.1060409545898	9.7026742878370e-05
5.1074419021606	0.00013095287431497
5.1088428497314	0.00016460854385514
5.1102437973022	0.00019789663201664
5.1116442680359	0.00023082370171323
5.1130452156067	0.00026347735547461
5.1144461631775	0.00029596165404655
5.1158471107483	0.00032832421129569
5.1172475814819	0.00036051560891792
5.1186485290527	0.00039240231853910
5.1200494766235	0.00042382511310279
5.1214504241943	0.00045466894516721
5.1228508949280	0.00048490610788576
5.1242518424988	0.00051458977395669
5.1256527900696	0.00054380390793085
5.1270537376404	0.00057259789900854
5.1284542083740	0.00060094130458310
5.1298551559448	0.00062872312264517
5.1312561035156	0.00065579568035901
5.1326570510864	0.00068203749833629
5.1340575218201	0.00070739968214184
5.1354584693909	0.00073191360570490
5.1368594169617	0.00075565709266812
5.1382603645325	0.00077869847882539
5.1396613121033	0.00080104917287827
5.1410617828369	0.00082264881348237
5.1424627304077	0.00084338791202754
5.1438636779785	0.00086315080989152
5.1452646255493	0.00088185531785712
5.1466650962830	0.00089947017841041
5.1480660438538	0.00091600639279932
5.1494669914246	0.00093148939777166
5.1508679389954	0.00094593514222652
5.1522684097290	0.00095934083219618
5.1536693572998	0.00097169057698920
5.1550703048706	0.00098296732176095
5.1564712524414	0.00099315971601754
5.1578717231750	0.0010022540809587
5.1592726707458	0.0010102208470926
5.1606736183167	0.0010170063469559
5.1620745658875	0.0010225434089079
5.1634750366211	0.0010267781326547
5.1648759841919	0.0010297003900632
5.1662769317627	0.0010313573293388
5.1676778793335	0.0010318366112188
5.1690788269043	0.0010312224039808
5.1704792976379	0.0010295462561771
5.1718802452087	0.0010267596226186
5.1732811927795	0.0010227479506284
5.1746821403503	0.0010173832997680
5.1760826110840	0.0010105905821547
5.1774835586548	0.0010023937793449
5.1788845062256	0.00099291221704334
5.1802854537964	0.00098230713047087
5.1816859245300	0.00097070296760648
5.1830868721008	0.00095812487415969
5.1844878196716	0.00094448600430042
5.1858887672424	0.00092963437782601
5.1872892379761	0.00091343786334619
5.1886901855469	0.00089586165267974
5.1900911331177	0.00087699701543897
5.1914920806885	0.00085702317301184
5.1928925514221	0.00083612470189109
5.1942934989929	0.00081440480425954
5.1956944465637	0.00079184299102053
5.1970953941345	0.00076831941260025
5.1984963417053	0.00074369460344315
5.1998968124390	0.00071790098445490
5.2012977600098	0.00069099513348192
5.2026987075806	0.00066314276773483
5.2040996551514	0.00063454377232119
5.2055001258850	0.00060533639043570
5.2069010734558	0.00057553517399356
5.2083020210266	0.00054503511637449
5.2097029685974	0.00051368295680732
5.2111034393311	0.00048137776320800
5.2125043869019	0.00044814657303505
5.2139053344727	0.00041415359009989
5.2153062820435	0.00037963700015098
5.2167067527771	0.00034480559406802
5.2181077003479	0.00030974732362665
5.2195086479187	0.00027439952827990
5.2209095954895	0.00023859710199758
5.2223105430603	0.00020217473502271
5.2237110137939	0.00016507093096152
5.2251119613647	0.00012737968063448
5.2265129089355	8.9323126303498e-05
5.2279138565063	5.1159709983040e-05
5.2293143272400	1.3075269635010e-05
5.2307152748108	-2.4888850020943e-05
5.2321162223816	-6.2836246797815e-05
5.2335171699524	-0.00010094541357830
5.2349176406860	-0.00013936482719146
5.2363185882568	-0.00017812603618950
5.2377195358276	-0.00021711553563364
5.2391204833984	-0.00025611490127631
5.2405209541321	-0.00029488748987205
5.2419219017029	-0.00033326860284433
5.2433228492737	-0.00037121772766113
5.2447237968445	-0.00040881067980081
5.2461242675781	-0.00044618156971410
5.2475252151489	-0.00048344524111599
5.2489261627197	-0.00052063673501834
5.2503271102905	-0.00055769347818568
5.2517280578613	-0.00059448194224387
5.2531285285950	-0.00063085189322010
5.2545294761658	-0.00066669035004452
5.2559304237366	-0.00070195295847952
5.2573313713074	-0.00073666218668222
5.2587318420410	-0.00077087723184377
5.2601327896118	-0.00080465292558074
5.2615337371826	-0.00083800574066117
5.2629346847534	-0.00087089929729700
5.2643351554871	-0.00090325198834762
5.2657361030579	-0.00093496381305158
5.2671370506287	-0.00096594833303243
5.2685379981995	-0.00099615880753845
5.2699384689331	-0.0010255987290293
5.2713394165039	-0.0010543139651418
5.2727403640747	-0.0010823669144884
5.2741413116455	-0.0011098020477220
5.2755417823792	-0.0011366172693670
5.2769427299500	-0.0011627525091171
5.2783436775208	-0.0011881040409207
5.2797446250916	-0.0012125596404076
5.2811455726624	-0.0012360436376184
5.2825460433960	-0.0012585503282025
5.2839469909668	-0.0012801485136151
5.2853479385376	-0.0013009514659643
5.2867488861084	-0.0013210643082857
5.2881493568420	-0.0013405333738774
5.2895503044128	-0.0013593208277598
5.2909512519836	-0.0013773159589618
5.2923521995544	-0.0013943838421255
5.2937526702881	-0.0014104241272435
5.2951536178589	-0.0014254145789891
5.2965545654297	-0.0014394164318219
5.2979555130005	-0.0014525395818055
5.2993559837341	-0.0014648847281933
5.3007569313049	-0.0014764933148399
5.3021578788757	-0.0014873312320560
5.3035588264465	-0.0014973139623180
5.3049592971802	-0.0015063576865941
5.3063602447510	-0.0015144261997193
5.3077611923218	-0.0015215497696772
5.3091621398926	-0.0015278039500117
5.3105630874634	-0.0015332624316216
5.3119635581970	-0.0015379497781396
5.3133645057678	-0.0015418248949572
5.3147654533386	-0.0015448061749339
5.3161664009094	-0.0015468235360458
5.3175668716431	-0.0015478678978980
5.3189678192139	-0.0015480056172237
5.3203687667847	-0.0015473511302844
5.3217697143555	-0.0015460054855794
5.3231701850891	-0.0015439989510924
5.3245711326599	-0.0015412708744407
5.3259720802307	-0.0015377016970888
5.3273730278015	-0.0015331837348640
5.3287734985352	-0.0015276897465810
5.3301744461060	-0.0015213036676869
5.3315753936768	-0.0015141899930313
5.3329763412476	-0.0015065148472786
5.3343772888184	-0.0014983590226620
5.3357777595520	-0.0014896710636094
5.3371787071228	-0.0014802881050855
5.3385796546936	-0.0014700173633173
5.3399806022644	-0.0014587398618460
5.3413810729980	-0.0014464794658124
5.3427820205688	-0.0014334013685584
5.3441829681396	-0.0014197365380824
5.3455839157104	-0.0014056726358831
5.3469843864441	-0.0013912651920691
5.3483853340149	-0.0013764153700322
5.3497862815857	-0.0013609298039228
5.3511872291565	-0.0013446266530082
5.3525876998901	-0.0013274361845106
5.3539886474609	-0.0013094414025545
5.3553895950317	-0.0012908371863887
5.3567905426025	-0.0012718285433948
5.3581910133362	-0.0012525261845440
5.3595919609070	-0.0012328921584412
5.3609929084778	-0.0012127677910030
5.3623938560486	-0.0011919665848836
5.3637948036194	-0.0011703841155395
5.3651952743530	-0.0011480649700388
5.3665962219238	-0.0011251891264692
5.3679971694946	-0.0011019867379218
5.3693981170654	-0.0010786225320771
5.3707985877991	-0.0010551151353866
5.3721995353699	-0.0010313319507986
5.3736004829407	-0.0010070635471493
5.3750014305115	-0.00098213949240744
5.3764019012451	-0.00095652363961563
5.3778028488159	-0.00093034107703716
5.3792037963867	-0.00090382085181773
5.3806047439575	-0.00087718595750630
5.3820052146912	-0.00085054570809007
5.3834061622620	-0.00082384631969035
5.3848071098328	-0.00079690711572766
5.3862080574036	-0.00076952134259045
5.3876085281372	-0.00074156938353553
5.3890094757080	-0.00071308785118163
5.3904104232788	-0.00068425928475335
5.3918113708496	-0.00065533007727936
5.3932123184204	-0.00062649976462126
5.3946127891541	-0.00059783557662740
5.3960137367249	-0.00056925480021164
5.3974146842957	-0.00054058054229245
5.3988156318665	-0.00051164103206247
5.4002161026001	-0.00048236144357361
5.4016170501709	-0.00045280152698979
5.4030179977417	-0.00042312420555390
5.4044189453125	-0.00039351530722342
5.4058194160461	-0.00036409587482922
5.4072203636169	-0.00033487207838334
5.4086213111877	-0.00030574729316868
5.4100222587585	-0.00027658863109536
5.4114227294922	-0.00024731131270528
5.4128236770630	-0.00021793686028104
5.4142246246338	-0.00018859728879761
5.4156255722046	-0.00015948404325172
5.4170260429382	-0.00013076752657071
5.4184269905090	-0.00010252620268147
5.4198279380798	-7.4718242103700e-05
5.4212288856506	-4.7209505282808e-05
5.4226298332214	-1.9844001144520e-05
5.4240303039551	7.4775280154427e-06
5.4254312515259	3.4746652090689e-05
5.4268321990967	6.1845392338000e-05
5.4282331466675	8.8592110842001e-05
5.4296336174011	0.00011481217370601
5.4310345649719	0.00014040194218978
5.4324355125427	0.00016535967006348
5.4338364601135	0.00018977053696290
5.4352369308472	0.00021375506184995
5.4366378784180	0.00023740675533190
5.4380388259888	0.00026074572815560
5.4394397735596	0.00028370766085573
5.4408402442932	0.00030617072479799
5.4422411918640	0.00032800470944494
5.4436421394348	0.00034911834518425
5.4450430870056	0.00036948503111489
5.4464435577393	0.00038913602475077
5.4478445053101	0.00040812947554514
5.4492454528809	0.00042651066905819
5.4506464004517	0.00044428528053686
5.4520473480225	0.00046141704660840
5.4534478187561	0.00047784944763407
5.4548487663269	0.00049353629583493
5.4562497138977	0.00050846353406087
5.4576506614685	0.00052265083650127
5.4590511322021	0.00053613068303093
5.4604520797729	0.00054891710169613
5.4618530273438	0.00056098191998899
5.4632539749146	0.00057225330965593
5.4646544456482	0.00058264005929232
5.4660553932190	0.00059207080630586
5.4674563407898	0.00060052837943658
5.4688572883606	0.00060805957764387
5.4702577590942	0.00061475252732635
5.4716587066650	0.00062069273553789
5.4730596542358	0.00062591896858066
5.4744606018066	0.00063040241366252
5.4758615493774	0.00063406076515093
5.4772620201111	0.00063680077437311
5.4786629676819	0.00063856580527499
5.4800639152527	0.00063936435617507
5.4814648628235	0.00063926487928256
5.4828653335571	0.00063835812034085
5.4842662811279	0.00063670839881524
5.4856672286987	0.00063431961461902
5.4870681762695	0.00063113414216787
5.4884686470032	0.00062706734752283
5.4898695945740	0.00062205840367824
5.4912705421448	0.00061611027922481
5.4926714897156	0.00060929491883144
5.4940719604492	0.00060172233497724
5.4954729080200	0.00059348775539547
5.4968738555908	0.00058462581364438
5.4982748031616	0.00057509646285325
5.4996752738953	0.00056481012143195
5.5010762214661	0.00055367982713506
5.5024771690369	0.00054166931658983
5.5038781166077	0.00052881432930008
5.5052790641785	0.00051520689157769
5.5066795349121	0.00050095259211957
5.5080804824829	0.00048612410319038
5.5094814300537	0.00047073903260753
5.5108823776245	0.00045477075036615
5.5122828483582	0.00043818433186971
5.5136837959290	0.00042097500409000
5.5150847434998	0.00040318444371223
5.5164856910706	0.00038488529389724
5.5178861618042	0.00036614228156395
5.5192871093750	0.00034697496448644
5.5206880569458	0.00032734853448346
5.5220890045166	0.00030719966161996
5.5234894752502	0.00028648611623794
5.5248904228210	0.00026523295673542
5.5262913703918	0.00024354658671655
5.5276923179626	0.00022158338106237
5.5290927886963	0.00019948452245444
5.5304937362671	0.00017731194384396
5.5318946838379	0.00015501950110774
5.5332956314087	0.00013247824972495
5.5346965789795	0.00010954518074868
5.5360970497131	8.6141946667340e-05
5.5374979972839	6.2304861785378e-05
5.5388989448547	3.8179958210094e-05
5.5402998924255	1.3965421203466e-05
5.5417003631592	-1.0170111636398e-05
5.5431013107300	-3.4152108128183e-05
5.5445022583008	-5.8015764807351e-05
5.5459032058716	-8.1867583503481e-05
5.5473036766052	-0.00010581469541648
5.5487046241760	-0.00012989956303500
5.5501055717468	-0.00015407384489663
5.5515065193176	-0.00017822164227255
5.5529069900513	-0.00020221553859301
5.5543079376221	-0.00022597337374464
5.5557088851929	-0.00024948461214080
5.5571098327637	-0.00027279468486086
5.5585103034973	-0.00029595970408991
5.5599112510681	-0.00031899911118671
5.5613121986389	-0.00034187489654869
5.5627131462097	-0.00036450842162594
5.5641140937805	-0.00038682256126776
5.5655145645142	-0.00040878314757720
5.5669155120850	-0.00043041381286457
5.5683164596558	-0.00045177410356700
5.5697174072266	-0.00047291198279709
5.5711178779602	-0.00049381953431293
5.5725188255310	-0.00051441928371787
5.5739197731018	-0.00053459045011550
5.5753207206726	-0.00055422179866582
5.5767211914062	-0.00057326193200424
5.5781221389771	-0.00059174088528380
5.5795230865479	-0.00060974940424785
5.5809240341187	-0.00062738591805100
5.5823245048523	-0.00064469961216673
5.5837254524231	-0.00066166004398838
5.5851263999939	-0.00067816919181496
5.5865273475647	-0.00069410883588716
5.5879282951355	-0.00070939672878012
5.5893287658691	-0.00072402186924592
5.5907297134399	-0.00073804124258459
5.5921306610107	-0.00075154082151130
5.5935316085815	-0.00076458306284621
5.5949320793152	-0.00077716901432723
5.5963330268860	-0.00078923476394266
5.5977339744568	-0.00080068298848346
5.5991349220276	-0.00081143167335540
5.6005353927612	-0.00082145485794172
5.6019363403320	-0.00083079218165949
5.6033372879028	-0.00083952408749610
5.6047382354736	-0.00084772694390267
5.6061387062073	-0.00085543270688504
5.6075396537781	-0.00086261180695146
5.6089406013489	-0.00086918636225164
5.6103415489197	-0.00087506591808051
5.6117420196533	-0.00088018772657961
5.6131429672241	-0.00088454328943044
5.6145439147949	-0.00088818010408431
5.6159448623657	-0.00089117878815159
5.6173458099365	-0.00089361984282732
5.6187462806702	-0.00089555070735514
5.6201472282410	-0.00089696963550523
5.6215481758118	-0.00089782598661259
5.6229491233826	-0.00089803762966767
5.6243495941162	-0.00089751783525571
5.6257505416870	-0.00089620362268761
5.6271514892578	-0.00089407671475783
5.6285524368286	-0.00089117430616170
5.6299529075623	-0.00088757916819304
5.6313538551331	-0.00088339461944997
5.6327548027039	-0.00087870861170813
5.6341557502747	-0.00087355828145519
5.6355562210083	-0.00086791219655424
5.6369571685791	-0.00086167943663895
5.6383581161499	-0.00085474736988544
5.6397590637207	-0.00084703310858458
5.6411595344543	-0.00083852448733523
5.6425604820251	-0.00082929112249985
5.6439614295959	-0.00081945775309578
5.6453623771667	-0.00080914667341858
5.6467633247375	-0.00079841894330457
5.6481637954712	-0.00078724260674790
5.6495647430420	-0.00077550701098517
5.6509656906128	-0.00076307909330353
5.6523666381836	-0.00074987474363297
5.6537671089172	-0.00073590880492702
5.6551680564880	-0.00072129641193897
5.6565690040588	-0.00070620037149638
5.6579699516296	-0.00069075002102181
5.6593704223633	-0.00067497475538403
5.6607713699341	-0.00065878871828318
5.6621723175049	-0.00064203562214971
5.6635732650757	-0.00062457349849865
5.6649737358093	-0.00060635554837063
5.6663746833801	-0.00058746302966028
5.6677756309509	-0.00056807178771123
5.6691765785217	-0.00054836744675413
5.6705770492554	-0.00052845338359475
5.6719779968262	-0.00050830130930990
5.6733789443970	-0.00048777076881379
5.6747798919678	-0.00046668905997649
5.6761808395386	-0.00044495088513941
5.6775813102722	-0.00042258552275598
5.6789822578430	-0.00039975246181712
5.6803832054138	-0.00037666776916012
5.6817841529846	-0.00035349893732928
5.6831846237183	-0.00033028284087777
5.6845855712891	-0.00030691039864905
5.6859865188599	-0.00028318670229055
5.6873874664307	-0.00025893634301610
5.6887879371643	-0.00023409954155795
5.6901888847351	-0.00020876905182377
5.6915898323059	-0.00018314967746846
5.6929907798767	-0.00015746171993669
5.6943912506104	-0.00013183905684855
5.6957921981812	-0.00010627585288603
5.6971931457520	-8.0647965660319e-05
5.6985940933228	-5.4793257731944e-05
5.6999950408936	-2.8607486456167e-05
5.7013955116272	-2.1060286599095e-06
5.7027964591980	2.4579831006122e-05
5.7041974067688	5.1267354137963e-05
5.7055983543396	7.7811193477828e-05
5.7069988250732	0.00010416873556096
5.7083997726440	0.00013040819612797
5.7098007202148	0.00015665788669139
5.7112016677856	0.00018302579701412
5.7126021385193	0.00020953283819836
5.7140030860901	0.00023609463823959
5.7154040336609	0.00026255921693519
5.7168049812317	0.00028877821750939
5.7182054519653	0.00031467335065827
5.7196063995361	0.00034026365028694
5.7210073471069	0.00036564181209542
5.7224082946777	0.00039091348298825
5.7238087654114	0.00041613314533606
5.7252097129822	0.00044126983266324
5.7266106605530	0.00046621699584648
5.7280116081238	0.00049083848716691
5.7294125556946	0.00051502475980669
5.7308130264282	0.00053873227443546
5.7322139739990	0.00056198815582320
5.7336149215698	0.00058486172929406
5.7350158691406	0.00060741929337382
5.7364163398743	0.00062968523707241
5.7378172874451	0.00065162673126906
5.7392182350159	0.00067316519562155
5.7406191825867	0.00069420383078977
5.7420196533203	0.00071465951623395
5.7434206008911	0.00073448568582535
5.7448215484619	0.00075368070974946
5.7462224960327	0.00077228102600202
5.7476229667664	0.00079034420195967
5.7490239143372	0.00080792739754543
5.7504248619080	0.00082506588660181
5.7518258094788	0.00084175611846149
5.7532262802124	0.00085794937331229
5.7546272277832	0.00087355991126969
5.7560281753540	0.00088848738232628
5.7574291229248	0.00090264715254307
5.7588300704956	0.00091599917504936
5.7602305412292	0.00092856108676642
5.7616314888000	0.00094039679970592
5.7630324363708	0.00095158239128068
5.7644333839417	0.00096216407837346
5.7658338546753	0.00097213045228273
5.7672348022461	0.00098141247872263
5.7686357498169	0.00098991603590548
5.7700366973877	0.00099756801500916
5.7714371681213	0.0010043549118564
5.7728381156921	0.0010103321401402
5.7742390632629	0.0010155935306102
5.7756400108337	0.0010202188277617
5.7770404815674	0.0010242258431390
5.7784414291382	0.0010275560198352
5.7798423767090	0.0010301014408469
5.7812433242798	0.0010317622218281
5.7826437950134	0.0010325053008273
5.7840447425842	0.0010323880705982
5.7854456901550	0.0010315350955352
5.7868466377258	0.0010300737340003
5.7882475852966	0.0010280632413924
5.7896480560303	0.0010254575172439
5.7910490036011	0.0010221225675195
5.7924499511719	0.0010179036762565
5.7938508987427	0.0010127075947821
5.7952513694763	0.0010065581882372
5.7966523170471	0.00099959445651621
5.7980532646179	0.00099200720433146
5.7994542121887	0.00098394916858524
5.8008546829224	0.00097546540200710
5.8022556304932	0.00096647575264797
5.8036565780640	0.00095682474784553
5.8050575256348	0.00094636954599991
5.8064579963684	0.00093505921540782
5.8078589439392	0.00092296418733895
5.8092598915100	0.00091024040011689
5.8106608390808	0.00089705083519220
5.8120617866516	0.00088348437566310
5.8134622573853	0.00086951779667288
5.8148632049561	0.00085503951413557
5.8162641525269	0.00083992292638868
5.8176651000977	0.00082410709001124
5.8190655708313	0.00080764078302309
5.8204665184021	0.00079066562466323
5.8218674659729	0.00077334692468867
5.8232684135437	0.00075579120311886
5.8246688842773	0.00073799688834697
5.8260698318481	0.00071986287366599
5.8274707794189	0.00070125260390341
5.8288717269897	0.00068207847652957
5.8302721977234	0.00066236034035683
5.8316731452942	0.00064222735818475
5.8330740928650	0.00062186195282266
5.8344750404358	0.00060141598805785
5.8358755111694	0.00058094435371459
5.8372764587402	0.00056038814364001
5.8386774063110	0.00053961650701240
5.8400783538818	0.00051850557792932
5.8414793014526	0.00049701193347573
5.8428797721863	0.00047520137741230
5.8442807197571	0.00045322062214836
5.8456816673279	0.00043122883653268
5.8470826148987	0.00040932750562206
5.8484830856323	0.00038752384716645
5.8498840332031	0.00036574446130544
5.8512849807739	0.00034388969652355
5.8526859283447	0.00032189692137763
5.8540863990784	0.00029977905796841
5.8554873466492	0.00027762161334977
5.8568882942200	0.00025554141029716
5.8582892417908	0.00023363193031400
5.8596897125244	0.00021192483836785
5.8610906600952	0.00019038768368773
5.8624916076660	0.00016895504086278
5.8638925552368	0.00014757475582883
5.8652930259705	0.00012624340888578
5.8666939735413	0.00010501265933271
5.8680949211121	8.3965613157488e-05
5.8694958686829	6.3178682466969e-05
5.8708968162537	4.2691735870903e-05
5.8722972869873	2.2501779312734e-05
5.8736982345581	2.5811614250415e-06
5.8750991821289	-1.7092517737183e-05
5.8765001296997	-3.6512465158012e-05
5.8779006004333	-5.5638691264903e-05
5.8793015480042	-7.4415715062059e-05
5.8807024955750	-9.2800044512842e-05
5.8821034431458	-0.00011078141687904
5.8835039138794	-0.00012838575639762
5.8849048614502	-0.00014565896708518
5.8863058090210	-0.00016263892757706
5.8877067565918	-0.00017932993068825
5.8891072273254	-0.00019569337018766
5.8905081748962	-0.00021165941143408
5.8919091224670	-0.00022715359227732
5.8933100700378	-0.00024212538846768
5.8947105407715	-0.00025656499201432
5.8961114883423	-0.00027050252538174
5.8975124359131	-0.00028399060829543
5.8989133834839	-0.00029707906651311
5.9003143310547	-0.00030979185248725
5.9017148017883	-0.00032211345387623
5.9031157493591	-0.00033399043604732
5.9045166969299	-0.00034534645965323
5.9059176445007	-0.00035610582563095
5.9073181152344	-0.00036621920298785
5.9087190628052	-0.00037568216794170
5.9101200103760	-0.00038453965680674
5.9115209579468	-0.00039287423714995
5.9129214286804	-0.00040077877929434
5.9143223762512	-0.00040832036756910
5.9157233238220	-0.00041550915921107
5.9171242713928	-0.00042228586971760
5.9185247421265	-0.00042853652848862
5.9199256896973	-0.00043413019739091
5.9213266372681	-0.00043896835995838
5.9227275848389	-0.00044302555033937
5.9241285324097	-0.00044636128586717
5.9255290031433	-0.00044909730786458
5.9269299507141	-0.00045136676635593
5.9283308982849	-0.00045325831160881
5.9297318458557	-0.00045478067477234
5.9311323165894	-0.00045586278429255
5.9325332641602	-0.00045638994197361
5.9339342117310	-0.00045625932398252
5.9353351593018	-0.00045542896259576
5.9367356300354	-0.00045393599430099
5.9381365776062	-0.00045187585055828
5.9395375251770	-0.00044935260666534
5.9409384727478	-0.00044642674038187
5.9423389434814	-0.00044308556243777
5.9437398910522	-0.00043925130739808
5.9451408386230	-0.00043482240289450
5.9465417861938	-0.00042972774826922
5.9479422569275	-0.00042396443313919
5.9493432044983	-0.00041760187014006
5.9507441520691	-0.00041074832552113
5.9521450996399	-0.00040349832852371
5.9535460472107	-0.00039588735671714
5.9549465179443	-0.00038787533412687
5.9563474655151	-0.00037936645094305
5.9577484130859	-0.00037025706842542
5.9591493606567	-0.00036048711626790
5.9605498313904	-0.00035007076803595
5.9619507789612	-0.00033909248304553
5.9633517265320	-0.00032767222728580
5.9647526741028	-0.00031591730657965
5.9661531448364	-0.00030388409504667
5.9675540924072	-0.00029156502569094
5.9689550399780	-0.00027890430646949
5.9703559875488	-0.00026583159342408
5.9717564582825	-0.00025229679886252
5.9731574058533	-0.00023828999837860
5.9745583534241	-0.00022384025214706
5.9759593009949	-0.00020899763330817
5.9773597717285	-0.00019381062884349
5.9787607192993	-0.00017830978322309
5.9801616668701	-0.00016250414773822
5.9815626144409	-0.00014639017172158
5.9829635620117	-0.00012996548321098
5.9843640327454	-0.00011323764192639
5.9857649803162	-9.6224473963957e-05
5.9871659278870	-7.8947836300358e-05
5.9885668754578	-6.1426020693034e-05
5.9899673461914	-4.3669642764144e-05
5.9913682937622	-2.5683559215395e-05
5.9927692413330	-7.4741546995938e-06
5.9941701889038	1.0942074368359e-05
5.9955706596375	2.9533395718317e-05
5.9969716072083	4.8255540605169e-05
5.9983725547791	6.7061511799693e-05
