#Parameters = {L=90; W=90; d=0.8; d_antenna=50; gap=50; gap_volt_1=50; height_plate=120; my_die=5; r_aperature=10; t=0.035; t_bone=16; t_fat=10; t_muscle=20; t_plate=1; t_skin=2; voltage_monitor1=40; voltage_monitor2=200; width_plate=120}
#"Time / ns"	"o2,1 [Real / W^(1/2)]"
#-----------------------------------
0.0000000000000	0.0000000000000
0.0014008342986926	0.0000000000000
0.0028016685973853	0.0000000000000
0.0042025027796626	0.0000000000000
0.0056033371947706	0.0000000000000
0.0070041716098785	0.0000000000000
0.0084050055593252	0.0000000000000
0.0098058404400945	0.0000000000000
0.011206674389541	0.0000000000000
0.012607508338988	0.0000000000000
0.014008343219757	0.0000000000000
0.015409177169204	0.0000000000000
0.016810011118650	0.0000000000000
0.018210846930742	0.0000000000000
0.019611680880189	0.0000000000000
0.021012514829636	0.0000000000000
0.022413348779082	0.0000000000000
0.023814182728529	0.0000000000000
0.025215016677976	0.0000000000000
0.026615852490067	0.0000000000000
0.028016686439514	0.0000000000000
0.029417520388961	0.0000000000000
0.030818354338408	0.0000000000000
0.032219190150499	0.0000000000000
0.033620022237301	0.0000000000000
0.035020858049393	0.0000000000000
0.036421693861485	0.0000000000000
0.037822525948286	0.0000000000000
0.039223361760378	0.0000000000000
0.040624193847179	0.0000000000000
0.042025029659271	0.0000000000000
0.043425861746073	0.0000000000000
0.044826697558165	0.0000000000000
0.046227533370256	0.0000000000000
0.047628365457058	0.0000000000000
0.049029201269150	0.0000000000000
0.050430033355951	0.0000000000000
0.051830869168043	0.0000000000000
0.053231704980135	0.0000000000000
0.054632537066936	0.0000000000000
0.056033372879028	0.0000000000000
0.057434204965830	0.0000000000000
0.058835040777922	0.0000000000000
0.060235876590014	0.0000000000000
0.061636708676815	0.0000000000000
0.063037544488907	0.0000000000000
0.064438380300999	0.0000000000000
0.065839216113091	0.0000000000000
0.067240044474602	0.0000000000000
0.068640880286694	0.0000000000000
0.070041716098785	-1.5885064740946e-38
0.071442551910877	-2.0546452413177e-37
0.072843387722969	-8.7326292581842e-37
0.074244216084480	-2.4788979699047e-36
0.075645051896572	-5.9809143960260e-36
0.077045887708664	-1.3453174112754e-35
0.078446723520756	-2.9125719442003e-35
0.079847559332848	-6.1164581356226e-35
0.081248387694359	-1.2508721225082e-34
0.082649223506451	-2.4993700678519e-34
0.084050059318542	-4.8900514484684e-34
0.085450895130634	-9.3835278371679e-34
0.086851723492146	-1.7683378452572e-33
0.088252559304237	-3.2761101025814e-33
0.089653395116329	-5.9716696265726e-33
0.091054230928421	-1.0716879140691e-32
0.092455066740513	-1.8946710516734e-32
0.093855895102024	-3.3016409582605e-32
0.095256730914116	-5.6738667285942e-32
0.096657566726208	-9.6203715450251e-32
0.098058402538300	-1.6101516072013e-31
0.099459238350391	-2.6612886474085e-31
0.10086006671190	-4.3455599929560e-31
0.10226090252399	-7.0128963237006e-31
0.10366173833609	-1.1189432924347e-30
0.10506257414818	-1.7657585887770e-30
0.10646340996027	-2.7568545513790e-30
0.10786423832178	-4.2598662667019e-30
0.10926507413387	-6.5164667216365e-30
0.11066590994596	-9.8716872061151e-30
0.11206674575806	-1.4813499311209e-29
0.11346758157015	-2.2025733804013e-29
0.11486840993166	-3.2458233002024e-29
0.11626924574375	-4.7419001254770e-29
0.11767008155584	-6.8694322034709e-29
0.11907091736794	-9.8704017983405e-29
0.12047175318003	-1.4070064172066e-28
0.12187258154154	-1.9902315692936e-28
0.12327341735363	-2.7941774411746e-28
0.12467425316572	-3.8944099405183e-28
0.12607508897781	-5.3896302084501e-28
0.12747591733932	-7.4079248640753e-28
0.12887676060200	-1.0114476585381e-27
0.13027758896351	-1.3721039443824e-27
0.13167843222618	-1.8497522891459e-27
0.13307926058769	-2.4786080901452e-27
0.13448008894920	-3.3018220003773e-27
0.13588093221188	-4.3735438513444e-27
0.13728176057339	-5.7614101841707e-27
0.13868260383606	-7.5495282854573e-27
0.14008343219757	-9.8420536021548e-27
0.14148426055908	-1.2767451824530e-26
0.14288510382175	-1.6483584496775e-26
0.14428593218327	-2.1183751814806e-26
0.14568677544594	-2.7103849381931e-26
0.14708760380745	-3.4530814567215e-26
0.14848843216896	-4.3812632096731e-26
0.14988927543163	-5.5370029840922e-26
0.15129010379314	-6.9710233035893e-26
0.15269094705582	-8.7442975694598e-26
0.15409177541733	-1.0929918058655e-25
0.15549260377884	-1.3615249883834e-25
0.15689344704151	-1.6904420219295e-25
0.15829427540302	-2.0921165595808e-25
0.15969511866570	-2.5812076091085e-25
0.16109594702721	-3.1750268463371e-25
0.16249677538872	-3.8939500554106e-25
0.16389761865139	-4.7618789822000e-25
0.16529844701290	-5.8067489169924e-25
0.16669929027557	-7.0610845949100e-25
0.16810011863708	-8.5626039210219e-25
0.16950094699860	-1.0354868287552e-24
0.17090179026127	-1.2487958036031e-24
0.17230261862278	-1.5019195744137e-24
0.17370344698429	-1.8013867540384e-24
0.17510429024696	-2.1545960689075e-24
0.17650511860847	-2.5698879481566e-24
0.17790596187115	-3.0566117740191e-24
0.17930679023266	-3.6251882018378e-24
0.18070761859417	-4.2871600415931e-24
0.18210846185684	-5.0552317009484e-24
0.18350929021835	-5.9432938371532e-24
0.18491013348103	-6.9664219765368e-24
0.18631096184254	-8.1408583707072e-24
0.18771179020405	-9.4839532264139e-24
0.18911263346672	-1.1014089369331e-23
0.19051346182823	-1.2750552870870e-23
0.19191430509090	-1.4713372909414e-23
0.19331513345242	-1.6923104833570e-23
0.19471596181393	-1.9400585615289e-23
0.19611680507660	-2.2166608050310e-23
0.19751763343811	-2.5241579970253e-23
0.19891847670078	-2.8645095102280e-23
0.20031930506229	-3.2395478685220e-23
0.20172013342381	-3.6509277865421e-23
0.20312097668648	-4.1000698450064e-23
0.20452180504799	-4.5881014839206e-23
0.20592264831066	-5.1157938937057e-23
0.20732347667217	-5.6834973286037e-23
0.20872430503368	-6.2910742112726e-23
0.21012514829636	-6.9378353928256e-23
0.21152597665787	-7.6224745196037e-23
0.21292681992054	-8.3430061864806e-23
0.21432764828205	-9.0967085077890e-23
0.21572847664356	-9.8800726302225e-23
0.21712931990623	-1.0688761080980e-22
0.21853014826775	-1.1517576213328e-22
0.21993099153042	-1.2360439380677e-22
0.22133181989193	-1.3210383363511e-22
0.22273264825344	-1.4059557418102e-22
0.22413349151611	-1.4899258830942e-22
0.22553431987762	-1.5719966997540e-22
0.22693516314030	-1.6511405269111e-22
0.22833599150181	-1.7262625518467e-22
0.22973681986332	-1.7962102803328e-22
0.23113766312599	-1.8597862846241e-22
0.23253849148750	-1.9157606990150e-22
0.23393933475018	-1.9628883854526e-22
0.23534016311169	-1.9999255942793e-22
0.23674099147320	-2.0256478871526e-22
0.23814183473587	-2.0388717202790e-22
0.23954266309738	-2.0384740081650e-22
0.24094350636005	-2.0234153476819e-22
0.24234433472157	-1.9927605915583e-22
0.24374516308308	-1.9457015675739e-22
0.24514600634575	-1.8815768947457e-22
0.24654683470726	-1.7998933141271e-22
0.24794767796993	-1.7003426019851e-22
0.24934850633144	-1.5828188616317e-22
0.25074934959412	-1.4474303878921e-22
0.25215017795563	-1.2945119102255e-22
0.25355100631714	-1.1246297676531e-22
0.25495183467865	-9.3858569529000e-23
0.25635269284248	-7.3741448931725e-23
0.25775352120399	-5.2237788542109e-23
0.25915434956551	-2.9495414582905e-23
0.26055517792702	-5.6821958658823e-24
0.26195600628853	1.9015979636392e-23
0.26335686445236	4.4397688124683e-23
0.26475769281387	7.0248902957934e-23
0.26615852117538	9.6346245549058e-23
0.26755934953690	1.2246059598130e-22
0.26896017789841	1.4836089374007e-22
0.27036103606224	1.7381812934915e-22
0.27176186442375	1.9860935178406e-22
0.27316269278526	2.2252160646570e-22
0.27456352114677	2.4535578490161e-22
0.27596434950829	2.6693031024407e-22
0.27736520767212	2.8708415389420e-22
0.27876603603363	3.0567981424080e-22
0.28016686439514	3.2260556333612e-22
0.28156769275665	3.3777693626533e-22
0.28296852111816	3.5113779137553e-22
0.28436937928200	3.6266056271123e-22
0.28577020764351	3.7234595709182e-22
0.28717103600502	3.8022154047276e-22
0.28857186436653	3.8634022333270e-22
0.28997269272804	3.9077776156207e-22
0.29137355089188	3.9362952528888e-22
0.29277437925339	3.9500752013989e-22
0.29417520761490	3.9503634827281e-22
0.29557603597641	3.9384957330522e-22
0.29697686433792	3.9158545415482e-22
0.29837772250175	3.8838318375060e-22
0.29977855086327	3.8437932969248e-22
0.30117937922478	3.7970422442378e-22
0.30258020758629	3.7447931465858e-22
0.30398103594780	3.6881496519295e-22
0.30538189411163	3.6280876758722e-22
0.30678272247314	3.5654440420620e-22
0.30818355083466	3.5009162297568e-22
0.30958437919617	3.4350659079213e-22
0.31098520755768	3.3683290326461e-22
0.31238606572151	3.3010307408418e-22
0.31378689408302	3.2334070596914e-22
0.31518772244453	3.1656235868760e-22
0.31658855080605	3.0977997243822e-22
0.31798937916756	3.0300258441155e-22
0.31939023733139	2.9623802010774e-22
0.32079106569290	2.8949357491246e-22
0.32219189405441	2.8277561020005e-22
0.32359272241592	2.7608816493834e-22
0.32499355077744	2.6942939634826e-22
0.32639440894127	2.6278645546338e-22
0.32779523730278	2.5612788882169e-22
0.32919606566429	2.4939280898308e-22
0.33059689402580	2.4247726301290e-22
0.33199772238731	2.3521643577995e-22
0.33339858055115	2.2736213271079e-22
0.33479940891266	2.1855506237296e-22
0.33620023727417	2.0829030330003e-22
0.33760106563568	1.9587452879784e-22
0.33900189399719	1.8037353822799e-22
0.34040272235870	1.6054716651683e-22
0.34180358052254	1.3476859315117e-22
0.34320440888405	1.0092388547520e-22
0.34460523724556	5.6286872729089e-23
0.34600606560707	-2.6377157865093e-24
0.34740689396858	-8.0311063617743e-23
0.34880775213242	-1.8240795370457e-22
0.35020858049393	-3.1612872500344e-22
0.35160940885544	-4.9059282414889e-22
0.35301023721695	-7.1733542968093e-22
0.35441106557846	-1.0109340600393e-21
0.35581192374229	-1.3897989364599e-21
0.35721275210381	-1.8771690681735e-21
0.35861358046532	-2.5023681694537e-21
0.36001440882683	-3.3023828862987e-21
0.36141523718834	-4.3238495647091e-21
0.36281609535217	-5.6255491211191e-21
0.36421692371368	-7.2815344151915e-21
0.36561775207520	-9.3850571362945e-21
0.36701858043671	-1.2053476361112e-20
0.36841940879822	-1.5434408286067e-20
0.36982026696205	-1.9713407132455e-20
0.37122109532356	-2.5123552848290e-20
0.37262192368507	-3.1957431494693e-20
0.37402275204659	-4.0582056000871e-20
0.37542358040810	-5.1457438953806e-20
0.37682443857193	-6.5159731037187e-20
0.37822526693344	-8.2410001100612e-20
0.37962609529495	-1.0410996002230e-19
0.38102692365646	-1.3138633119411e-19
0.38242775201797	-1.6564591619346e-19
0.38382861018181	-2.0864386303322e-19
0.38522943854332	-2.6256811613237e-19
0.38663026690483	-3.3014401588943e-19
0.38803109526634	-4.1476361027663e-19
0.38943192362785	-5.2064567551435e-19
0.39083278179169	-6.5303257213223e-19
0.39223361015320	-8.1843390135832e-19
0.39363443851471	-1.0249268233803e-18
0.39503526687622	-1.2825248248021e-18
0.39643609523773	-1.6036328230776e-18
0.39783695340157	-2.0036061855078e-18
0.39923778176308	-2.5014380129328e-18
0.40063861012459	-3.1206019333780e-18
0.40203943848610	-3.8900873185909e-18
0.40344026684761	-4.8456658009566e-18
0.40484112501144	-6.0314461662539e-18
0.40624195337296	-7.5017737671373e-18
0.40764278173447	-9.3235555210435e-18
0.40904361009598	-1.1579095071741e-17
0.41044443845749	-1.4369563225589e-17
0.41184529662132	-1.7819222362930e-17
0.41324612498283	-2.2080580600478e-17
0.41464695334435	-2.7340660166011e-17
0.41604778170586	-3.3828643028765e-17
0.41744861006737	-4.1825143594103e-17
0.41884946823120	-5.1673489792710e-17
0.42025029659271	-6.3793412919731e-17
0.42165112495422	-7.8697645840940e-17
0.42305195331573	-9.7012053260129e-17
0.42445278167725	-1.1949996406401e-16
0.42585363984108	-1.4709170497879e-16
0.42725446820259	-1.8092018918888e-16
0.42865529656410	-2.2236398928571e-16
0.43005612492561	-2.7309930406255e-16
0.43145695328712	-3.3516257277817e-16
0.43285781145096	-4.1102604637760e-16
0.43425863981247	-5.0368861854080e-16
0.43565946817398	-6.1678541057026e-16
0.43706029653549	-7.5471900855823e-16
0.43846112489700	-9.2281730268250e-16
0.43986198306084	-1.1275233549355e-15
0.44126281142235	-1.3766221921958e-15
0.44266363978386	-1.6795135508374e-15
0.44406446814537	-2.0475378255955e-15
0.44546529650688	-2.4943646459311e-15
0.44686615467072	-3.0364604382179e-15
0.44826698303223	-3.6936451381470e-15
0.44966781139374	-4.4897531940630e-15
0.45106863975525	-5.4534293544178e-15
0.45246946811676	-6.6190678155512e-15
0.45387032628059	-8.0279368696863e-15
0.45527115464211	-9.7295108642394e-15
0.45667198300362	-1.1783060082662e-14
0.45807281136513	-1.4259532004615e-14
0.45947363972664	-1.7243783237788e-14
0.46087449789047	-2.0837227342890e-14
0.46227532625198	-2.5160974784786e-14
0.46367615461349	-3.0359534466473e-14
0.46507698297501	-3.6605206441952e-14
0.46647781133652	-4.4103267451924e-14
0.46787866950035	-5.3098072949143e-14
0.46927949786186	-6.3880297536054e-14
0.47068032622337	-7.6795415458655e-14
0.47208115458488	-9.2253692207146e-14
0.47348198294640	-1.1074196843829e-13
0.47488284111023	-1.3283756148015e-13
0.47628366947174	-1.5922435895807e-13
0.47768449783325	-1.9071205660699e-13
0.47908532619476	-2.2825835731093e-13
0.48048615455627	-2.7299533076827e-13
0.48188701272011	-3.2625985246781e-13
0.48328784108162	-3.8962951788568e-13
0.48468866944313	-4.6496454689932e-13
0.48608949780464	-5.5445649157007e-13
0.48749032616615	-6.6068548201792e-13
0.48889118432999	-7.8668641696408e-13
0.49029201269150	-9.3602610471560e-13
0.49169284105301	-1.1128937398366e-12
0.49309366941452	-1.3222048239267e-12
0.49449449777603	-1.5697229757347e-12
0.49589535593987	-1.8622002811303e-12
0.49729618430138	-2.2075410076317e-12
0.49869701266289	-2.6149902555839e-12
0.50009787082672	-3.0953529669975e-12
0.50149869918823	-3.6612462193941e-12
0.50289952754974	-4.3273917435527e-12
0.50430035591125	-5.1109528935445e-12
0.50570118427277	-6.0319232247918e-12
0.50710201263428	-7.1135749200868e-12
0.50850284099579	-8.3829722677398e-12
0.50990366935730	-9.8715636359659e-12
0.51130449771881	-1.1615863652892e-11
0.51270538568497	-1.3658233398439e-11
0.51410621404648	-1.6047777690043e-11
0.51550704240799	-1.8841367702138e-11
0.51690787076950	-2.2104819710766e-11
0.51830869913101	-2.5914232565372e-11
0.51970952749252	-3.0357511643375e-11
0.52111035585403	-3.5536157350080e-11
0.52251118421555	-4.1567211478410e-11
0.52391201257706	-4.8585569595305e-11
0.52531284093857	-5.6746541493569e-11
0.52671372890472	-6.6228827977355e-11
0.52811455726624	-7.7237827245114e-11
0.52951538562775	-9.0009437403449e-11
0.53091621398926	-1.0481436552023e-10
0.53231704235077	-1.2196302301426e-10
0.53371787071228	-1.4181097962584e-10
0.53511869907379	-1.6476521536024e-10
0.53651952743530	-1.9129117734273e-10
0.53792035579681	-2.2192070403548e-10
0.53932118415833	-2.5726099028844e-10
0.54072207212448	-2.9800453771323e-10
0.54212290048599	-3.4494068712476e-10
0.54352372884750	-3.9896824732821e-10
0.54492455720901	-4.6110959495138e-10
0.54632538557053	-5.3252702247875e-10
0.54772621393204	-6.1454041855313e-10
0.54912704229355	-7.0864752954591e-10
0.55052787065506	-8.1654610850634e-10
0.55192869901657	-9.4015928375768e-10
0.55332952737808	-1.0816632034505e-09
0.55473041534424	-1.2435185103854e-09
0.55613124370575	-1.4285047589269e-09
0.55753207206726	-1.6397585511641e-09
0.55893290042877	-1.8808170576534e-09
0.56033372879028	-2.1556647578080e-09
0.56173455715179	-2.4687862865136e-09
0.56313538551331	-2.8252240547033e-09
0.56453621387482	-3.2306435304719e-09
0.56593704223633	-3.6914034051705e-09
0.56733787059784	-4.2146335310633e-09
0.56873875856400	-4.8083221848572e-09
0.57013958692551	-5.4814095484801e-09
0.57154041528702	-6.2438925141350e-09
0.57294124364853	-7.1069390372713e-09
0.57434207201004	-8.0830115933850e-09
0.57574290037155	-9.1860066220306e-09
0.57714372873306	-1.0431405961242e-08
0.57854455709457	-1.1836432278756e-08
0.57994538545609	-1.3420239142192e-08
0.58134621381760	-1.5204090431098e-08
0.58274710178375	-1.7211585046084e-08
0.58414793014526	-1.9468883394325e-08
0.58554875850677	-2.2004945421372e-08
0.58694958686829	-2.4851811275539e-08
0.58835041522980	-2.8044887301348e-08
0.58975124359131	-3.1623262231051e-08
0.59115207195282	-3.5630030481570e-08
0.59255290031433	-4.0112674071224e-08
0.59395372867584	-4.5123456970941e-08
0.59535455703735	-5.0719815902767e-08
0.59675544500351	-5.6964843508922e-08
0.59815627336502	-6.3927735993730e-08
0.59955710172653	-7.1684326030663e-08
0.60095793008804	-8.0317597905832e-08
0.60235875844955	-8.9918316348303e-08
0.60375958681107	-1.0058558075343e-07
0.60516041517258	-1.1242752862017e-07
0.60656124353409	-1.2556196793412e-07
0.60796207189560	-1.4011709481565e-07
0.60936290025711	-1.5623234617124e-07
0.61076378822327	-1.7405906760359e-07
0.61216461658478	-1.9376143711725e-07
0.61356544494629	-2.1551726092639e-07
0.61496627330780	-2.3951898242558e-07
0.61636710166931	-2.6597444957588e-07
0.61776793003082	-2.9510798071897e-07
0.61916875839233	-3.2716141618039e-07
0.62056958675385	-3.6239507039681e-07
0.62197041511536	-4.0108872667588e-07
0.62337124347687	-4.4354268879943e-07
0.62477213144302	-4.9007894631359e-07
0.62617295980453	-5.4104225455376e-07
0.62757378816605	-5.9680110098270e-07
0.62897461652756	-6.5774889890235e-07
0.63037544488907	-7.2430486852681e-07
0.63177627325058	-7.9691528753756e-07
0.63317710161209	-8.7605428689130e-07
0.63457792997360	-9.6222504453181e-07
0.63597875833511	-1.0559601832938e-06
0.63737958669662	-1.1578231351450e-06
0.63878047466278	-1.2684087096204e-06
0.64018130302429	-1.3883435485695e-06
0.64158213138580	-1.5182868082775e-06
0.64298295974731	-1.6589303868386e-06
0.64438378810883	-1.8109989241566e-06
0.64578461647034	-1.9752505977522e-06
0.64718544483185	-2.1524758722080e-06
0.64858627319336	-2.3434986360371e-06
0.64998710155487	-2.5491731321381e-06
0.65138792991638	-2.7703854357242e-06
0.65278881788254	-3.0080514079600e-06
0.65418964624405	-3.2631146495987e-06
0.65559047460556	-3.5365439998714e-06
0.65699130296707	-3.8293337638606e-06
0.65839213132858	-4.1424987102801e-06
0.65979295969009	-4.4770713429898e-06
0.66119378805161	-4.8340993998863e-06
0.66259461641312	-5.2146401685604e-06
0.66399544477463	-5.6197563935712e-06
0.66539627313614	-6.0505126384669e-06
0.66679716110229	-6.5079657360911e-06
0.66819798946381	-6.9931611506036e-06
0.66959881782532	-7.5071284300066e-06
0.67099964618683	-8.0508680184721e-06
0.67240047454834	-8.6253457993735e-06
0.67380130290985	-9.2314858193276e-06
0.67520213127136	-9.8701566457748e-06
0.67660295963287	-1.0542161362537e-05
0.67800378799438	-1.1248232112848e-05
0.67940461635590	-1.1989011909463e-05
0.68080544471741	-1.2765041901730e-05
0.68220633268356	-1.3576754099631e-05
0.68360716104507	-1.4424454093387e-05
0.68500798940659	-1.5308301954065e-05
0.68640881776810	-1.6228304957622e-05
0.68780964612961	-1.7184298485518e-05
0.68921047449112	-1.8175933291786e-05
0.69061130285263	-1.9202641851734e-05
0.69201213121414	-2.0263645637897e-05
0.69341295957565	-2.1357926016208e-05
0.69481378793716	-2.2484200599138e-05
0.69621467590332	-2.3640914150747e-05
0.69761550426483	-2.4826216758811e-05
0.69901633262634	-2.6037952920888e-05
0.70041716098785	-2.7273634259473e-05
0.70181798934937	-2.8530421332107e-05
0.70321881771088	-2.9805118174409e-05
0.70461964607239	-3.1094139558263e-05
0.70602047443390	-3.2393516448792e-05
0.70742130279541	-3.3698855986586e-05
0.70882213115692	-3.5005352401640e-05
0.71022301912308	-3.6307752452558e-05
0.71162384748459	-3.7600366340484e-05
0.71302467584610	-3.8877042243257e-05
0.71442550420761	-4.0131159039447e-05
0.71582633256912	-4.1355633584317e-05
0.71722716093063	-4.2542909795884e-05
0.71862798929214	-4.3684951378964e-05
0.72002881765366	-4.4773252739105e-05
0.72142964601517	-4.5798842620570e-05
0.72283047437668	-4.6752284106333e-05
0.72423136234283	-4.7623707359890e-05
0.72563219070435	-4.8402798711322e-05
0.72703301906586	-4.9078826123150e-05
0.72843384742737	-4.9640679208096e-05
0.72983467578888	-5.0076851039194e-05
0.73123550415039	-5.0375518185319e-05
0.73263633251190	-5.0524544349173e-05
0.73403716087341	-5.0511531298980e-05
0.73543798923492	-5.0323847972322e-05
0.73683881759644	-4.9948692321777e-05
0.73823970556259	-4.9373124056729e-05
0.73964053392410	-4.8584130126983e-05
0.74104136228561	-4.7568675654475e-05
0.74244219064713	-4.6313780330820e-05
0.74384301900864	-4.4806565711042e-05
0.74524384737015	-4.3034349801019e-05
0.74664467573166	-4.0984690713231e-05
0.74804550409317	-3.8645492168143e-05
0.74944633245468	-3.6005061701871e-05
0.75084716081619	-3.3052201615646e-05
0.75224804878235	-2.9776298106299e-05
0.75364887714386	-2.6167392206844e-05
0.75504970550537	-2.2216288925847e-05
0.75645053386688	-1.7914624550031e-05
0.75785136222839	-1.3254970326670e-05
0.75925219058990	-8.2309161371086e-06
0.76065301895142	-2.8371612188494e-06
0.76205384731293	2.9304037525435e-06
0.76345467567444	9.0746079877135e-06
0.76485550403595	1.5596921002725e-05
0.76625639200211	2.2497370082419e-05
0.76765722036362	2.9774470021948e-05
0.76905804872513	3.7425146729220e-05
0.77045887708664	4.5444681745721e-05
0.77185970544815	5.3826646762900e-05
0.77326053380966	6.2562845414504e-05
0.77466136217117	7.1643298724666e-05
0.77606219053268	8.1056146882474e-05
0.77746301889420	9.0787696535699e-05
0.77886384725571	0.00010082234075526
0.78026473522186	0.00011114257358713
0.78166556358337	0.00012172903370811
0.78306639194489	0.00013256042439025
0.78446722030640	0.00014361360808834
0.78586804866791	0.00015486363554373
0.78726887702942	0.00016628376033623
0.78866970539093	0.00017784551891964
0.79007053375244	0.00018951883248519
0.79147136211395	0.00020127202151343
0.79287219047546	0.00021307196584530
0.79427307844162	0.00022488413378596
0.79567390680313	0.00023667282948736
0.79707473516464	0.00024840122205205
0.79847556352615	0.00026003149105236
0.79987639188766	0.00027152500115335
0.80127722024918	0.00028284252039157
0.80267804861069	0.00029394429293461
0.80407887697220	0.00030479033011943
0.80547970533371	0.00031534049776383
0.80688053369522	0.00032555474899709
0.80828142166138	0.00033539329888299
0.80968225002289	0.00034481682814658
0.81108307838440	0.00035378686152399
0.81248390674591	0.00036226573865861
0.81388473510742	0.00037021705065854
0.81528556346893	0.00037760564009659
0.81668639183044	0.00038439789204858
0.81808722019196	0.00039056205423549
0.81948804855347	0.00039606829523109
0.82088887691498	0.00040088884998113
0.82228976488113	0.00040499842725694
0.82369059324265	0.00040837435517460
0.82509142160416	0.00041099649388343
0.82649224996567	0.00041284767212346
0.82789307832718	0.00041391374543309
0.82929390668869	0.00041418353794143
0.83069473505020	0.00041364948265254
0.83209556341171	0.00041230712668039
0.83349639177322	0.00041015568422154
0.83489722013474	0.00040719757089391
0.83629810810089	0.00040343901491724
0.83769893646240	0.00039888979517855
0.83909976482391	0.00039356321212836
0.84050059318542	0.00038747617509216
0.84190142154694	0.00038064920227043
0.84330224990845	0.00037310630432330
0.84470307826996	0.00036487489705905
0.84610390663147	0.00035598580143414
0.84750473499298	0.00034647295251489
0.84890556335449	0.00033637342858128
0.85030645132065	0.00032572718919255
0.85170727968216	0.00031457695877180
0.85310810804367	0.00030296802287921
0.85450893640518	0.00029094802448526
0.85590976476669	0.00027856678934768
0.85731059312820	0.00026587606407702
0.85871142148972	0.00025292916689068
0.86011224985123	0.00023978088574950
0.86151307821274	0.00022648705635220
0.86291390657425	0.00021310437296052
0.86431479454041	0.00019969014101662
0.86571562290192	0.00018630194244906
0.86711645126343	0.00017299737373833
0.86851727962494	0.00015983381308615
0.86991810798645	0.00014686805661768
0.87131893634796	0.00013415601279121
0.87271976470947	0.00012175244046375
0.87412059307098	0.00010971073061228
0.87552142143250	9.8082637123298e-05
0.87692224979401	8.6918007582426e-05
0.87832313776016	7.6264550443739e-05
0.87972396612167	6.6167624027003e-05
0.88112479448318	5.6670003687032e-05
0.88252562284470	4.7811692638788e-05
0.88392645120621	3.9629754610360e-05
0.88532727956772	3.2158193789655e-05
0.88672810792923	2.5427782020415e-05
0.88812893629074	1.9465962395770e-05
0.88952976465225	1.4296751032816e-05
0.89093059301376	9.9406597655616e-06
0.89233148097992	6.4146452132263e-06
0.89373230934143	3.7320719457057e-06
0.89513313770294	1.9027125972571e-06
0.89653396606445	9.3278691792875e-07
0.89793479442596	8.2500559983600e-07
0.89933562278748	1.5786094991199e-06
0.90073645114899	3.1894383027975e-06
0.90213727951050	5.6500412028981e-06
0.90353810787201	8.9497953013051e-06
0.90493893623352	1.3075028618914e-05
0.90633982419968	1.8009175619227e-05
0.90774065256119	2.3732953195577e-05
0.90914148092270	3.0224568035919e-05
0.91054230928421	3.7459896702785e-05
0.91194313764572	4.5412692998070e-05
0.91334396600723	5.4054780775914e-05
0.91474479436874	6.3356295868289e-05
0.91614562273026	7.3285882535856e-05
0.91754645109177	8.3810962678399e-05
0.91894727945328	9.4897979579400e-05
0.92034816741943	0.00010651261982275
0.92174899578094	0.00011862006067531
0.92314982414246	0.00013118521019351
0.92455065250397	0.00014417295460589
0.92595148086548	0.00015754833293613
0.92735230922699	0.00017127672617789
0.92875313758850	0.00018532419926487
0.93015396595001	0.00019965760293417
0.93155479431152	0.00021424482110888
0.93295562267303	0.00022905496007297
0.93435651063919	0.00024405853764620
0.93575733900070	0.00025922758504748
0.93715816736221	0.00027453573420644
0.93855899572372	0.00028995846514590
0.93995982408524	0.00030547310598195
0.94136065244675	0.00032105902209878
0.94276148080826	0.00033669773256406
0.94416230916977	0.00035237293923274
0.94556313753128	0.00036807058495469
0.94696396589279	0.00038377879536711
0.94836485385895	0.00039948802441359
0.94976568222046	0.00041519090882502
0.95116651058197	0.00043088229722343
0.95256733894348	0.00044655927922577
0.95396816730499	0.00046222124365158
0.95536899566650	0.00047786967479624
0.95676982402802	0.00049350818153471
0.95817065238953	0.00050914235180244
0.95957148075104	0.00052477954886854
0.96097230911255	0.00054042914416641
0.96237319707870	0.00055610196432099
0.96377402544022	0.00057181046577170
0.96517485380173	0.00058756861835718
0.96657568216324	0.00060339138144627
0.96797651052475	0.00061929522780702
0.96937733888626	0.00063529750332236
0.97077816724777	0.00065141648519784
0.97217899560928	0.00066767114913091
0.97357982397079	0.00068408076185733
0.97498065233231	0.00070066528860480
0.97638154029846	0.00071744469460100
0.97778236865997	0.00073443929431960
0.97918319702148	0.00075166911119595
0.98058402538300	0.00076915405225009
0.98198485374451	0.00078691361704841
0.98338568210602	0.00080496678128839
0.98478651046753	0.00082333182217553
0.98618733882904	0.00084202614380047
0.98758816719055	0.00086106650996953
0.98898899555206	0.00088046863675117
0.99038988351822	0.00090024701785296
0.99179071187973	0.00092041480820626
0.99319154024124	0.00094098394038156
0.99459236860275	0.00096196471713483
0.99599319696426	0.00098336616065353
0.99739402532578	0.0010051953140646
0.99879485368729	0.0010274582309648
1.0001957416534	0.0010501588694751
1.0015965700150	0.0010732996743172
1.0029973983765	0.0010968808783218
1.0043982267380	0.0011209012009203
1.0057990550995	0.0011453574988991
1.0071998834610	0.0011702452320606
1.0086007118225	0.0011955574154854
1.0100015401840	0.0012212854344398
1.0114023685455	0.0012474190443754
1.0128031969070	0.0012739462545142
1.0142040252686	0.0013008534442633
1.0156048536301	0.0013281255960464
1.0170056819916	0.0013557455968112
1.0184065103531	0.0013836950529367
1.0198073387146	0.0014119539409876
1.0212081670761	0.0014405008405447
1.0226089954376	0.0014693133998662
1.0240098237991	0.0014983678702265
1.0254107713699	0.0015276393387467
1.0268115997314	0.0015571019612253
1.0282124280930	0.0015867288457230
1.0296132564545	0.0016164924018085
1.0310140848160	0.0016463641077280
1.0324149131775	0.0016763149760664
1.0338157415390	0.0017063159029931
1.0352165699005	0.0017363370861858
1.0366173982620	0.0017663483740762
1.0380182266235	0.0017963200807571
1.0394190549850	0.0018262214725837
1.0408198833466	0.0018560227472335
1.0422207117081	0.0018856935203075
1.0436215400696	0.0019152045715600
1.0450223684311	0.0019445264479145
1.0464231967926	0.0019736303947866
1.0478240251541	0.0020024881232530
1.0492248535156	0.0020310725085437
1.0506256818771	0.0020593567751348
1.0520265102386	0.0020873146131635
1.0534274578094	0.0021149208769202
1.0548282861710	0.0021421515848488
1.0562291145325	0.0021689839195460
1.0576299428940	0.0021953959949315
1.0590307712555	0.0022213675547391
1.0604315996170	0.0022468795068562
1.0618324279785	0.0022719141561538
1.0632332563400	0.0022964540403336
1.0646340847015	0.0023204830940813
1.0660349130630	0.0023439875803888
1.0674357414246	0.0023669546935707
1.0688365697861	0.0023893734905869
1.0702373981476	0.0024112344253808
1.0716382265091	0.0024325288832188
1.0730390548706	0.0024532498791814
1.0744398832321	0.0024733915925026
1.0758407115936	0.0024929498322308
1.0772415399551	0.0025119218043983
1.0786423683167	0.0025303065776825
1.0800431966782	0.0025481043849140
1.0814441442490	0.0025653170887381
1.0828449726105	0.0025819472502917
1.0842458009720	0.0025979990605265
1.0856466293335	0.0026134783402085
1.0870474576950	0.0026283916085958
1.0884482860565	0.0026427470147610
1.0898491144180	0.0026565538719296
1.0912499427795	0.0026698238216341
1.0926507711411	0.0026825687382370
1.0940515995026	0.0026948018930852
1.0954524278641	0.0027065386530012
1.0968532562256	0.0027177939191461
1.0982540845871	0.0027285851538181
1.0996549129486	0.0027389302849770
1.1010557413101	0.0027488488703966
1.1024565696716	0.0027583618648350
1.1038573980331	0.0027674916200340
1.1052582263947	0.0027762616518885
1.1066590547562	0.0027846964076161
1.1080598831177	0.0027928226627409
1.1094608306885	0.0028006667271256
1.1108616590500	0.0028082574717700
1.1122624874115	0.0028156246989965
1.1136633157730	0.0028228003066033
1.1150641441345	0.0028298166580498
1.1164649724960	0.0028367089107633
1.1178658008575	0.0028435126878321
1.1192666292191	0.0028502654749900
1.1206674575806	0.0028570059221238
1.1220682859421	0.0028637745417655
1.1234691143036	0.0028706127777696
1.1248699426651	0.0028775651007891
1.1262707710266	0.0028846771456301
1.1276715993881	0.0028919971082360
1.1290724277496	0.0028995734173805
1.1304732561111	0.0029074570629746
1.1318740844727	0.0029157008975744
1.1332749128342	0.0029243584722281
1.1346757411957	0.0029334863647819
1.1360765695572	0.0029431427828968
1.1374775171280	0.0029533877968788
1.1388783454895	0.0029642835725099
1.1402791738510	0.0029758943710476
1.1416800022125	0.0029882844537497
1.1430808305740	0.0030015218071640
1.1444816589355	0.0030156753491610
1.1458824872971	0.0030308160930872
1.1472833156586	0.0030470164492726
1.1486841440201	0.0030643504578620
1.1500849723816	0.0030828947201371
1.1514858007431	0.0031027265358716
1.1528866291046	0.0031239250674844
1.1542874574661	0.0031465706415474
1.1556882858276	0.0031707449816167
1.1570891141891	0.0031965312082320
1.1584899425507	0.0032240129075944
1.1598907709122	0.0032532745972276
1.1612915992737	0.0032844028901309
1.1626924276352	0.0033174848649651
1.1640932559967	0.0033526076003909
1.1654942035675	0.0033898588735610
1.1668950319290	0.0034293269272894
1.1682958602905	0.0034711016342044
1.1696966886520	0.0035152710042894
1.1710975170135	0.0035619230475277
1.1724983453751	0.0036111453082412
1.1738991737366	0.0036630264949054
1.1753000020981	0.0037176532205194
1.1767008304596	0.0037751123309135
1.1781016588211	0.0038354897405952
1.1795024871826	0.0038988690357655
1.1809033155441	0.0039653331041336
1.1823041439056	0.0040349629707634
1.1837049722672	0.0041078375652432
1.1851058006287	0.0041840332560241
1.1865066289902	0.0042636250145733
1.1879074573517	0.0043466868810356
1.1893082857132	0.0044332873076200
1.1907091140747	0.0045234952121973
1.1921099424362	0.0046173739247024
1.1935108900070	0.0047149821184576
1.1949117183685	0.0048163770698011
1.1963125467300	0.0049216109327972
1.1977133750916	0.0050307312048972
1.1991142034531	0.0051437830552459
1.2005150318146	0.0052608083933592
1.2019158601761	0.0053818416781723
1.2033166885376	0.0055069136433303
1.2047175168991	0.0056360485032201
1.2061183452606	0.0057692653499544
1.2075191736221	0.0059065772220492
1.2089200019836	0.0060479934327304
1.2103208303452	0.0061935163103044
1.2117216587067	0.0063431425951421
1.2131224870682	0.0064968620426953
1.2145233154297	0.0066546578891575
1.2159241437912	0.0068165068514645
1.2173249721527	0.0069823772646487
1.2187258005142	0.0071522304788232
1.2201266288757	0.0073260208591819
1.2215275764465	0.0075036981143057
1.2229284048080	0.0076852026395500
1.2243292331696	0.0078704683110118
1.2257300615311	0.0080594196915627
1.2271308898926	0.0082519752904773
1.2285317182541	0.0084480438381433
1.2299325466156	0.0086475256830454
1.2313333749771	0.0088503155857325
1.2327342033386	0.0090562999248505
1.2341350317001	0.0092653557658195
1.2355358600616	0.0094773527234793
1.2369366884232	0.0096921538934112
1.2383375167847	0.0099096139892936
1.2397383451462	0.010129581205547
1.2411391735077	0.010351892560720
1.2425400018692	0.010576380416751
1.2439408302307	0.010802868753672
1.2453416585922	0.011031172238290
1.2467424869537	0.011261099018157
1.2481433153152	0.011492453515530
1.2495442628860	0.011725028976798
1.2509450912476	0.011958614923060
1.2523459196091	0.012192994356155
1.2537467479706	0.012427945621312
1.2551475763321	0.012663237750530
1.2565484046936	0.012898635119200
1.2579492330551	0.013133896514773
1.2593500614166	0.013368776068091
1.2607508897781	0.013603022322059
1.2621517181396	0.013836380094290
1.2635525465012	0.014068594202399
1.2649533748627	0.014299404807389
1.2663542032242	0.014528542757034
1.2677550315857	0.014755743555725
1.2691558599472	0.014980735257268
1.2705566883087	0.015203244984150
1.2719575166702	0.015422997996211
1.2733583450317	0.015639720484614
1.2747591733932	0.015853140503168
1.2761600017548	0.016062980517745
1.2775609493256	0.016268964856863
1.2789617776871	0.016470821574330
1.2803626060486	0.016668271273375
1.2817634344101	0.016861043870449
1.2831642627716	0.017048873007298
1.2845650911331	0.017231486737728
1.2859659194946	0.017408624291420
1.2873667478561	0.017580021172762
1.2887675762177	0.017745420336723
1.2901684045792	0.017904570326209
1.2915692329407	0.018057219684124
1.2929700613022	0.018203124403954
1.2943708896637	0.018342044204473
1.2957717180252	0.018473746255040
1.2971725463867	0.018597999587655
1.2985733747482	0.018714588135481
1.2999742031097	0.018823293969035
1.3013750314713	0.018923908472061
1.3027758598328	0.019016223028302
1.3041766881943	0.019100043922663
1.3055776357651	0.019175183027983
1.3069784641266	0.019241459667683
1.3083792924881	0.019298702478409
1.3097801208496	0.019346747547388
1.3111809492111	0.019385434687138
1.3125817775726	0.019414614886045
1.3139826059341	0.019434142857790
1.3153834342957	0.019443880766630
1.3167842626572	0.019443703815341
1.3181850910187	0.019433489069343
1.3195859193802	0.019413132220507
1.3209867477417	0.019382525235415
1.3223875761032	0.019341573119164
1.3237884044647	0.019290184602141
1.3251892328262	0.019228279590607
1.3265900611877	0.019155777990818
1.3279908895493	0.019072607159615
1.3293917179108	0.018978703767061
1.3307925462723	0.018874015659094
1.3321933746338	0.018758498132229
1.3335943222046	0.018632110208273
1.3349951505661	0.018494810909033
1.3363959789276	0.018346564844251
1.3377968072891	0.018187345936894
1.3391976356506	0.018017128109932
1.3405984640121	0.017835892736912
1.3419992923737	0.017643626779318
1.3434001207352	0.017440320923924
1.3448009490967	0.017225975170732
1.3462017774582	0.017000585794449
1.3476026058197	0.016764150932431
1.3490034341812	0.016516672447324
1.3504042625427	0.016258154064417
1.3518050909042	0.015988603234291
1.3532059192657	0.015708032995462
1.3546067476273	0.015416460111737
1.3560075759888	0.015113901346922
1.3574084043503	0.014800377190113
1.3588092327118	0.014475903473794
1.3602100610733	0.014140496030450
1.3616108894348	0.013794170692563
1.3630118370056	0.013436943292618
1.3644126653671	0.013068832457066
1.3658134937286	0.012689864262938
1.3672143220901	0.012300062924623
1.3686151504517	0.011899453587830
1.3700159788132	0.011488059535623
1.3714168071747	0.011065902188420
1.3728176355362	0.010633000172675
1.3742184638977	0.010189373046160
1.3756192922592	0.0097350403666496
1.3770201206207	0.0092700235545635
1.3784209489822	0.0087943477556109
1.3798217773438	0.0083080381155014
1.3812226057053	0.0078111160546541
1.3826234340668	0.0073036039248109
1.3840242624283	0.0067855189554393
1.3854250907898	0.0062568793073297
1.3868259191513	0.0057177017442882
1.3882267475128	0.0051680086180568
1.3896275758743	0.0046078227460384
1.3910285234451	0.0040371688082814
1.3924293518066	0.0034560707863420
1.3938301801682	0.0028645503334701
1.3952310085297	0.0022626277059317
1.3966318368912	0.0016503210645169
1.3980326652527	0.0010276492685080
1.3994334936142	0.00039463382563554
1.4008343219757	-0.00024870043853298
1.4022351503372	-0.00090232619550079
1.4036359786987	-0.0015662146033719
1.4050368070602	-0.0022403374314308
1.4064376354218	-0.0029246667400002
1.4078384637833	-0.0036191763356328
1.4092392921448	-0.0043238378129900
1.4106401205063	-0.0050386218354106
1.4120409488678	-0.0057634934782982
1.4134417772293	-0.0064984136261046
1.4148426055908	-0.0072433436289430
1.4162434339523	-0.0079982411116362
1.4176442623138	-0.0087630655616522
1.4190452098846	-0.0095377722755075
1.4204460382462	-0.010322318412364
1.4218468666077	-0.011116655543447
1.4232476949692	-0.011920727789402
1.4246485233307	-0.012734477408230
1.4260493516922	-0.013557840138674
1.4274501800537	-0.014390747062862
1.4288510084152	-0.015233132988214
1.4302518367767	-0.016084924340248
1.4316526651382	-0.016946045681834
1.4330534934998	-0.017816415056586
1.4344543218613	-0.018695943057537
1.4358551502228	-0.019584532827139
1.4372559785843	-0.020482081919909
1.4386568069458	-0.021388480439782
1.4400576353073	-0.022303614765406
1.4414584636688	-0.023227363824844
1.4428592920303	-0.024159599095583
1.4442601203918	-0.025100186467171
1.4456609487534	-0.026048980653286
1.4470618963242	-0.027005823329091
1.4484627246857	-0.027970552444458
1.4498635530472	-0.028942985460162
1.4512643814087	-0.029922930523753
1.4526652097702	-0.030910190194845
1.4540660381317	-0.031904555857182
1.4554668664932	-0.032905813306570
1.4568676948547	-0.033913731575012
1.4582685232162	-0.034928061068058
1.4596693515778	-0.035948537290096
1.4610701799393	-0.036974880844355
1.4624710083008	-0.038006797432899
1.4638718366623	-0.039043977856636
1.4652726650238	-0.040086098015308
1.4666734933853	-0.041132822632790
1.4680743217468	-0.042183797806501
1.4694751501083	-0.043238647282124
1.4708759784698	-0.044296987354755
1.4722768068314	-0.045358397066593
1.4736776351929	-0.046422436833382
1.4750785827637	-0.047488652169704
1.4764794111252	-0.048556573688984
1.4778802394867	-0.049625705927610
1.4792810678482	-0.050695549696684
1.4806818962097	-0.051765572279692
1.4820827245712	-0.052835218608379
1.4834835529327	-0.053903911262751
1.4848843812943	-0.054971031844616
1.4862852096558	-0.056035980582237
1.4876860380173	-0.057098090648651
1.4890868663788	-0.058156698942184
1.4904876947403	-0.059211123734713
1.4918885231018	-0.060260668396950
1.4932893514633	-0.061304569244385
1.4946901798248	-0.062342077493668
1.4960910081863	-0.063372418284416
1.4974918365479	-0.064394772052765
1.4988926649094	-0.065408326685429
1.5002934932709	-0.066412217915058
1.5016943216324	-0.067405588924885
1.5030952692032	-0.068387560546398
1.5044960975647	-0.069357201457024
1.5058969259262	-0.070313580334187
1.5072977542877	-0.071255728602409
1.5086985826492	-0.072182685136795
1.5100994110107	-0.073093466460705
1.5115002393723	-0.073987051844597
1.5129010677338	-0.074862420558929
1.5143018960953	-0.075718522071838
1.5157027244568	-0.076554298400879
1.5171035528183	-0.077368661761284
1.5185043811798	-0.078160531818867
1.5199052095413	-0.078928813338280
1.5213060379028	-0.079672381281853
1.5227068662643	-0.080390125513077
1.5241076946259	-0.081080891191959
1.5255085229874	-0.081743553280830
1.5269093513489	-0.082376949489117
1.5283101797104	-0.082979917526245
1.5297110080719	-0.083551310002804
1.5311119556427	-0.084089964628220
1.5325127840042	-0.084594734013081
1.5339136123657	-0.085064470767975
1.5353144407272	-0.085497990250587
1.5367152690887	-0.085894137620926
1.5381160974503	-0.086251765489578
1.5395169258118	-0.086569726467133
1.5409177541733	-0.086846902966499
1.5423185825348	-0.087082184851170
1.5437194108963	-0.087274491786957
1.5451202392578	-0.087422735989094
1.5465210676193	-0.087525852024555
1.5479218959808	-0.087582781910896
1.5493227243423	-0.087592482566833
1.5507235527039	-0.087553940713406
1.5521243810654	-0.087466180324554
1.5535252094269	-0.087328284978867
1.5549260377884	-0.087139353156090
1.5563268661499	-0.086898520588875
1.5577276945114	-0.086604945361614
1.5591286420822	-0.086257815361023
1.5605294704437	-0.085856363177299
1.5619302988052	-0.085399873554707
1.5633311271667	-0.084887668490410
1.5647319555283	-0.084319144487381
1.5661327838898	-0.083693735301495
1.5675336122513	-0.083010926842690
1.5689344406128	-0.082270249724388
1.5703352689743	-0.081471294164658
1.5717360973358	-0.080613695085049
1.5731369256973	-0.079697154462337
1.5745377540588	-0.078721441328526
1.5759385824203	-0.077686421573162
1.5773394107819	-0.076592028141022
1.5787402391434	-0.075438246130943
1.5801410675049	-0.074225135147572
1.5815418958664	-0.072952806949615
1.5829427242279	-0.071621447801590
1.5843435525894	-0.070231288671494
1.5857443809509	-0.068782687187195
1.5871453285217	-0.067276075482368
1.5885461568832	-0.065711975097656
1.5899469852448	-0.064090974628925
1.5913478136063	-0.062413752079010
1.5927486419678	-0.060681045055389
1.5941494703293	-0.058893665671349
1.5955502986908	-0.057052511721849
1.5969511270523	-0.055158562958241
1.5983519554138	-0.053212903439999
1.5997527837753	-0.051216699182987
1.6011536121368	-0.049171186983585
1.6025544404984	-0.047077681869268
1.6039552688599	-0.044937573373318
1.6053560972214	-0.042752325534821
1.6067569255829	-0.040523473173380
1.6081577539444	-0.038252644240856
1.6095585823059	-0.035941541194916
1.6109594106674	-0.033591940999031
1.6123602390289	-0.031205698847771
1.6137610673904	-0.028784742578864
1.6151620149612	-0.026331059634686
1.6165628433228	-0.023846697062254
1.6179636716843	-0.021333767101169
1.6193645000458	-0.018794439733028
1.6207653284073	-0.016230950132012
1.6221661567688	-0.013645592145622
1.6235669851303	-0.011040713638067
1.6249678134918	-0.0084187146276236
1.6263686418533	-0.0057820370420814
1.6277694702148	-0.0031331644859165
1.6291702985764	-0.00047461839858443
1.6305711269379	0.0021910406649113
1.6319719552994	0.0048612155951560
1.6333727836609	0.0075332750566304
1.6347736120224	0.010204558260739
1.6361744403839	0.012872381135821
1.6375752687454	0.015534041449428
1.6389760971069	0.018186818808317
1.6403769254684	0.020827982574701
1.6417777538300	0.023454802110791
1.6431787014008	0.026064533740282
1.6445795297623	0.028654433786869
1.6459803581238	0.031221756711602
1.6473811864853	0.033763762563467
1.6487820148468	0.036277722567320
1.6501828432083	0.038760922849178
1.6515836715698	0.041210666298866
1.6529844999313	0.043624278157949
1.6543853282928	0.045999113470316
1.6557861566544	0.048332542181015
1.6571869850159	0.050621967762709
1.6585878133774	0.052864830940962
1.6599886417389	0.055058605968952
1.6613894701004	0.057200819253922
1.6627902984619	0.059289045631886
1.6641911268234	0.061320908367634
1.6655919551849	0.063294082880020
1.6669927835464	0.065206289291382
1.6683936119080	0.067055299878120
1.6697944402695	0.068838953971863
1.6711953878403	0.070555157959461
1.6725962162018	0.072201892733574
1.6739970445633	0.073777176439762
1.6753978729248	0.075279153883457
1.6767987012863	0.076706007122993
1.6781995296478	0.078056022524834
1.6796003580093	0.079327546060085
1.6810011863708	0.080519013106823
1.6824020147324	0.081628948450089
1.6838028430939	0.082655943930149
1.6852036714554	0.083598695695400
1.6866044998169	0.084455981850624
1.6880053281784	0.085226684808731
1.6894061565399	0.085909791290760
1.6908069849014	0.086504384875298
1.6922078132629	0.087009638547897
1.6936086416245	0.087424814701080
1.6950094699860	0.087749294936657
1.6964102983475	0.087982550263405
1.6978111267090	0.088124170899391
1.6992120742798	0.088173866271973
1.7006129026413	0.088131450116634
1.7020137310028	0.087996840476990
1.7034145593643	0.087770044803619
1.7048153877258	0.087451189756393
1.7062162160873	0.087040498852730
1.7076170444489	0.086538337171078
1.7090178728104	0.085945174098015
1.7104187011719	0.085261590778828
1.7118195295334	0.084488295018673
1.7132203578949	0.083626106381416
1.7146211862564	0.082675978541374
1.7160220146179	0.081638954579830
1.7174228429794	0.080516181886196
1.7188236713409	0.079308927059174
1.7202244997025	0.078018575906754
1.7216253280640	0.076646611094475
1.7230261564255	0.075194671750069
1.7244269847870	0.073664493858814
1.7258278131485	0.072057962417603
1.7272287607193	0.070377044379711
1.7286295890808	0.068623825907707
1.7300304174423	0.066800497472286
1.7314312458038	0.064909361302853
1.7328320741653	0.062952823936939
1.7342329025269	0.060933411121368
1.7356337308884	0.058853778988123
1.7370345592499	0.056716691702604
1.7384353876114	0.054525014013052
1.7398362159729	0.052281700074673
1.7412370443344	0.049989812076092
1.7426378726959	0.047652531415224
1.7440387010574	0.045273140072823
1.7454395294189	0.042855016887188
1.7468403577805	0.040401659905910
1.7482411861420	0.037916660308838
1.7496420145035	0.035403709858656
1.7510428428650	0.032866585999727
1.7524436712265	0.030309149995446
1.7538444995880	0.027735345065594
1.7552454471588	0.025149218738079
1.7566462755203	0.022554893046618
1.7580471038818	0.019956594333053
1.7594479322433	0.017358625307679
1.7608487606049	0.014765365049243
1.7622495889664	0.012181260623038
1.7636504173279	0.0096108252182603
1.7650512456894	0.0070586344227195
1.7664520740509	0.0045293290168047
1.7678529024124	0.0020276121795177
1.7692537307739	-0.00044175732182339
1.7706545591354	-0.0028739718254656
1.7720553874969	-0.0052641830407083
1.7734562158585	-0.0076075079850852
1.7748570442200	-0.0098990378901362
1.7762578725815	-0.012133834883571
1.7776587009430	-0.014306940138340
1.7790595293045	-0.016413381323218
1.7804603576660	-0.018448175862432
1.7818611860275	-0.020406352356076
1.7832621335983	-0.022282958030701
1.7846629619598	-0.024073056876659
1.7860637903214	-0.025771755725145
1.7874646186829	-0.027374189347029
1.7888654470444	-0.028875548392534
1.7902662754059	-0.030271066352725
1.7916671037674	-0.031556054949760
1.7930679321289	-0.032725911587477
1.7944687604904	-0.033776130527258
1.7958695888519	-0.034702312201262
1.7972704172134	-0.035500198602676
1.7986712455750	-0.036165647208691
1.8000720739365	-0.036694660782814
1.8014729022980	-0.037083402276039
1.8028737306595	-0.037328183650970
1.8042745590210	-0.037425529211760
1.8056753873825	-0.037372164428234
1.8070762157440	-0.037165038287640
1.8084770441055	-0.036801349371672
1.8098778724670	-0.036278538405895
1.8112788200378	-0.035594303160906
1.8126796483994	-0.034746620804071
1.8140804767609	-0.033733744174242
1.8154813051224	-0.032554242759943
1.8168821334839	-0.031206997111440
1.8182829618454	-0.029691249132156
1.8196837902069	-0.028006589040160
1.8210846185684	-0.026152983307838
1.8224854469299	-0.024130761623383
1.8238862752914	-0.021940644830465
1.8252871036530	-0.019583746790886
1.8266879320145	-0.017061589285731
1.8280887603760	-0.014376124367118
1.8294895887375	-0.011529734358191
1.8308904170990	-0.0085252579301596
1.8322912454605	-0.0053659793920815
1.8336920738220	-0.0020556389354169
1.8350929021835	0.0014015692286193
1.8364937305450	0.0050009978003800
1.8378945589066	0.0087375445291400
1.8392955064774	0.012605646625161
1.8406963348389	0.016599277034402
1.8420971632004	0.020711952820420
1.8434979915619	0.024936731904745
1.8448988199234	0.029266223311424
1.8462996482849	0.033692609518766
1.8477004766464	0.038207646459341
1.8491013050079	0.042802680283785
1.8505021333694	0.047468673437834
1.8519029617310	0.052196193486452
1.8533037900925	0.056975446641445
1.8547046184540	0.061796292662621
1.8561054468155	0.066648244857788
1.8575062751770	0.071520552039146
1.8589071035385	0.076402172446251
1.8603079319000	0.081281833350658
1.8617087602615	0.086148023605347
1.8631095886230	0.090989068150520
1.8645104169846	0.095793128013611
1.8659112453461	0.10054825991392
1.8673121929169	0.10524243116379
1.8687130212784	0.10986354202032
1.8701138496399	0.11439951509237
1.8715146780014	0.11883826553822
1.8729155063629	0.12316776812077
1.8743163347244	0.12737612426281
1.8757171630859	0.13145156204700
1.8771179914474	0.13538251817226
1.8785188198090	0.13915763795376
1.8799196481705	0.14276584982872
1.8813204765320	0.14619636535645
1.8827213048935	0.14943873882294
1.8841221332550	0.15248286724091
1.8855229616165	0.15531910955906
1.8869237899780	0.15793827176094
1.8883246183395	0.16033165156841
1.8897254467010	0.16249105334282
1.8911262750626	0.16440887749195
1.8925271034241	0.16607812047005
1.8939279317856	0.16749233007431
1.8953288793564	0.16864567995071
1.8967297077179	0.16953302919865
1.8981305360794	0.17014995217323
1.8995313644409	0.17049270868301
1.9009321928024	0.17055828869343
1.9023330211639	0.17034442722797
1.9037338495255	0.16984957456589
1.9051346778870	0.16907297074795
1.9065355062485	0.16801455616951
1.9079363346100	0.16667510569096
1.9093371629715	0.16505606472492
1.9107379913330	0.16315969824791
1.9121388196945	0.16098900139332
1.9135396480560	0.15854771435261
1.9149404764175	0.15584026277065
1.9163413047791	0.15287184715271
1.9177421331406	0.14964830875397
1.9191429615021	0.14617611467838
1.9205437898636	0.14246243238449
1.9219446182251	0.13851508498192
1.9233455657959	0.13434243202209
1.9247463941574	0.12995342910290
1.9261472225189	0.12535750865936
1.9275480508804	0.12056461721659
1.9289488792419	0.11558511108160
1.9303497076035	0.11042976379395
1.9317505359650	0.10510978847742
1.9331513643265	0.099636688828468
1.9345521926880	0.094022318720818
1.9359530210495	0.088278755545616
1.9373538494110	0.082418285310268
1.9387546777725	0.076453357934952
1.9401555061340	0.070396497845650
1.9415563344955	0.064260333776474
1.9429571628571	0.058057565242052
1.9443579912186	0.051800891757011
1.9457588195801	0.045502994209528
1.9471596479416	0.039176464080811
1.9485604763031	0.032833769917488
1.9499613046646	0.026487216353416
1.9513622522354	0.020148912444711
1.9527630805969	0.013830740936100
1.9541639089584	0.0075443377718329
1.9555647373199	0.0013010699767619
1.9569655656815	-0.0048879971727729
1.9583663940430	-0.011012131348252
1.9597672224045	-0.017060965299606
1.9611680507660	-0.023024525493383
1.9625688791275	-0.028893243521452
1.9639697074890	-0.034657984972000
1.9653705358505	-0.040310036391020
1.9667713642120	-0.045841131359339
1.9681721925735	-0.051243435591459
1.9695730209351	-0.056509599089622
1.9709738492966	-0.061632722616196
1.9723746776581	-0.066606424748898
1.9737755060196	-0.071424767374992
1.9751763343811	-0.076082326471806
1.9765771627426	-0.080574110150337
1.9779779911041	-0.084895610809326
1.9793789386749	-0.089042782783508
1.9807797670364	-0.093012057244778
1.9821805953979	-0.096800290048122
1.9835814237595	-0.10040479898453
1.9849822521210	-0.10382334887981
1.9863830804825	-0.10705412924290
1.9877839088440	-0.11009576171637
1.9891847372055	-0.11294724047184
1.9905855655670	-0.11560794711113
1.9919863939285	-0.11807762086391
1.9933872222900	-0.12035634368658
1.9947880506516	-0.12244454771280
1.9961888790131	-0.12434304505587
1.9975897073746	-0.12605293095112
1.9989905357361	-0.12757562100887
2.0003914833069	-0.12891279160976
2.0017921924591	-0.13006639480591
2.0031931400299	-0.13103863596916
2.0045938491821	-0.13183197379112
2.0059947967529	-0.13244904577732
2.0073955059052	-0.13289275765419
2.0087964534760	-0.13316623866558
2.0101971626282	-0.13327276706696
2.0115981101990	-0.13321584463120
2.0129988193512	-0.13299909234047
2.0143997669220	-0.13262630999088
2.0158004760742	-0.13210141658783
2.0172014236450	-0.13142852485180
2.0186021327972	-0.13061185181141
2.0200030803680	-0.12965574860573
2.0214040279388	-0.12856465578079
2.0228047370911	-0.12734313309193
2.0242056846619	-0.12599578499794
2.0256063938141	-0.12452735751867
2.0270073413849	-0.12294263392687
2.0284080505371	-0.12124648690224
2.0298089981079	-0.11944384872913
2.0312097072601	-0.11753978580236
2.0326106548309	-0.11553936451674
2.0340113639832	-0.11344768106937
2.0354123115540	-0.11126983910799
2.0368130207062	-0.10901097953320
2.0382139682770	-0.10667629539967
2.0396146774292	-0.10427097976208
2.0410156250000	-0.10180027782917
2.0424163341522	-0.099269427359104
2.0438172817230	-0.096683651208878
2.0452179908752	-0.094048164784908
2.0466189384460	-0.091368153691292
2.0480196475983	-0.088648751378059
2.0494205951691	-0.085895068943501
2.0508215427399	-0.083112224936485
2.0522222518921	-0.080305263400078
2.0536231994629	-0.077479198575020
2.0550239086151	-0.074638985097408
2.0564248561859	-0.071789495646954
2.0578255653381	-0.068935491144657
2.0592265129089	-0.066081643104553
2.0606272220612	-0.063232518732548
2.0620281696320	-0.060392629355192
2.0634288787842	-0.057566385716200
2.0648298263550	-0.054758105427027
2.0662305355072	-0.051971983164549
2.0676314830780	-0.049212086945772
2.0690321922302	-0.046482309699059
2.0704331398010	-0.043786402791739
2.0718338489532	-0.041127949953079
2.0732347965240	-0.038510397076607
2.0746355056763	-0.035937067121267
2.0760364532471	-0.033411156386137
2.0774371623993	-0.030935714021325
2.0788381099701	-0.028513615950942
2.0802390575409	-0.026147555559874
2.0816397666931	-0.023840032517910
2.0830407142639	-0.021593356505036
2.0844414234161	-0.019409671425819
2.0858423709869	-0.017290962859988
2.0872430801392	-0.015239067375660
2.0886440277100	-0.013255673460662
2.0900447368622	-0.011342293582857
2.0914456844330	-0.0095002520829439
2.0928463935852	-0.0077306767925620
2.0942473411560	-0.0060345120728016
2.0956480503082	-0.0044125341810286
2.0970489978790	-0.0028653708286583
2.0984497070312	-0.0013935149181634
2.0998506546021	2.6755442377180e-06
2.1012513637543	0.0013229871401563
2.1026523113251	0.0025673652999103
2.1040530204773	0.0037359218113124
2.1054539680481	0.0048289322294295
2.1068549156189	0.0058468165807426
2.1082556247711	0.0067901182919741
2.1096565723419	0.0076594837009907
2.1110572814941	0.0084556546062231
2.1124582290649	0.0091794701293111
2.1138589382172	0.0098318811506033
2.1152598857880	0.010413966141641
2.1166605949402	0.010926923714578
2.1180615425110	0.011372069828212
2.1194622516632	0.011750815436244
2.1208631992340	0.012064637616277
2.1222639083862	0.012315072119236
2.1236648559570	0.012503704056144
2.1250655651093	0.012632175348699
2.1264665126801	0.012702200561762
2.1278672218323	0.012715569697320
2.1292681694031	0.012674149125814
2.1306688785553	0.012579870410264
2.1320698261261	0.012434706091881
2.1334705352783	0.012240659445524
2.1348714828491	0.011999749578536
2.1362724304199	0.011714013293386
2.1376731395721	0.011385510675609
2.1390740871429	0.011016335338354
2.1404747962952	0.010608613491058
2.1418757438660	0.010164504870772
2.1432764530182	0.0096861813217402
2.1446774005890	0.0091758202761412
2.1460781097412	0.0086355898529291
2.1474790573120	0.0080676460638642
2.1488797664642	0.0074741411954165
2.1502807140350	0.0068572275340557
2.1516814231873	0.0062190615572035
2.1530823707581	0.0055618020705879
2.1544830799103	0.0048875990323722
2.1558840274811	0.0041985781863332
2.1572847366333	0.0034968289546669
2.1586856842041	0.0027844007126987
2.1600863933563	0.0020633055828512
2.1614873409271	0.0013355278642848
2.1628882884979	0.00060302973724902
2.1642889976501	-0.00013224630674813
2.1656899452209	-0.00086838635616004
2.1670906543732	-0.0016035196604207
2.1684916019440	-0.0023358331527561
2.1698923110962	-0.0030635807197541
2.1712932586670	-0.0037850795779377
2.1726939678192	-0.0044987015426159
2.1740949153900	-0.0052028596401215
2.1754956245422	-0.0058960034511983
2.1768965721130	-0.0065766209736466
2.1782972812653	-0.0072432532906532
2.1796982288361	-0.0078945122659206
2.1810989379883	-0.0085290968418121
2.1824998855591	-0.0091457916423678
2.1839005947113	-0.0097434679046273
2.1853015422821	-0.010321056470275
2.1867022514343	-0.010877540335059
2.1881031990051	-0.011411949060857
2.1895039081573	-0.011923360638320
2.1909048557281	-0.012410917319357
2.1923058032990	-0.012873845174909
2.1937065124512	-0.013311461545527
2.1951074600220	-0.013723175972700
2.1965081691742	-0.014108473435044
2.1979091167450	-0.014466896653175
2.1993098258972	-0.014798032119870
2.2007107734680	-0.015101508237422
2.2021114826202	-0.015377008356154
2.2035124301910	-0.015624286606908
2.2049131393433	-0.015843179076910
2.2063140869141	-0.016033599153161
2.2077147960663	-0.016195528209209
2.2091157436371	-0.016328999772668
2.2105164527893	-0.016434071585536
2.2119174003601	-0.016510838642716
2.2133181095123	-0.016559422016144
2.2147190570831	-0.016579991206527
2.2161197662354	-0.016572773456573
2.2175207138062	-0.016538061201572
2.2189216613770	-0.016476191580296
2.2203223705292	-0.016387540847063
2.2217233181000	-0.016272490844131
2.2231240272522	-0.016131430864334
2.2245249748230	-0.015964761376381
2.2259256839752	-0.015772901475430
2.2273266315460	-0.015556303784251
2.2287273406982	-0.015315452590585
2.2301282882690	-0.015050867572427
2.2315289974213	-0.014763083308935
2.2329299449921	-0.014452634379268
2.2343306541443	-0.014120049774647
2.2357316017151	-0.013765841722488
2.2371323108673	-0.013390536420047
2.2385332584381	-0.012994668446481
2.2399339675903	-0.012578798457980
2.2413349151611	-0.012143502943218
2.2427356243134	-0.011689362116158
2.2441365718842	-0.011216944083571
2.2455372810364	-0.010726796463132
2.2469382286072	-0.010219451040030
2.2483391761780	-0.0096954442560673
2.2497398853302	-0.0091553293168545
2.2511408329010	-0.0085996836423874
2.2525415420532	-0.0080291144549847
2.2539424896240	-0.0074442354962230
2.2553431987762	-0.0068456525914371
2.2567441463470	-0.0062339557334781
2.2581448554993	-0.0056097218766809
2.2595458030701	-0.0049735321663320
2.2609465122223	-0.0043259966187179
2.2623474597931	-0.0036677662283182
2.2637481689453	-0.0029995338991284
2.2651491165161	-0.0023220211733133
2.2665498256683	-0.0016359579749405
2.2679507732391	-0.00094206962967291
2.2693514823914	-0.00024107799981721
2.2707524299622	0.00046628247946501
2.2721531391144	0.0011792407603934
2.2735540866852	0.0018969699740410
2.2749550342560	0.0026185829192400
2.2763557434082	0.0033431446645409
2.2777566909790	0.0040696933865547
2.2791574001312	0.0047972579486668
2.2805583477020	0.0055248644202948
2.2819590568542	0.0062515242025256
2.2833600044250	0.0069762151688337
2.2847607135773	0.0076978597790003
2.2861616611481	0.0084153180941939
2.2875623703003	0.0091273970901966
2.2889633178711	0.0098328758031130
2.2903640270233	0.010530519299209
2.2917649745941	0.011219098232687
2.2931656837463	0.011897381395102
2.2945666313171	0.012564120814204
2.2959673404694	0.013218034058809
2.2973682880402	0.013857797719538
2.2987689971924	0.014482051134109
2.3001699447632	0.015089421533048
2.3015706539154	0.015678547322750
2.3029716014862	0.016248101368546
2.3043725490570	0.016796782612801
2.3057732582092	0.017323309555650
2.3071742057800	0.017826408147812
2.3085749149323	0.018304793164134
2.3099758625031	0.018757184967399
2.3113765716553	0.019182320684195
2.3127775192261	0.019578989595175
2.3141782283783	0.019946053624153
2.3155791759491	0.020282456651330
2.3169798851013	0.020587205886841
2.3183808326721	0.020859371870756
2.3197815418243	0.021098060533404
2.3211824893951	0.021302416920662
2.3225831985474	0.021471645683050
2.3239841461182	0.021605025976896
2.3253848552704	0.021701952442527
2.3267858028412	0.021761927753687
2.3281865119934	0.021784581243992
2.3295874595642	0.021769633516669
2.3309884071350	0.021716896444559
2.3323891162872	0.021626256406307
2.3337900638580	0.021497689187527
2.3351907730103	0.021331269294024
2.3365917205811	0.021127192303538
2.3379924297333	0.020885793492198
2.3393933773041	0.020607545971870
2.3407940864563	0.020293043926358
2.3421950340271	0.019942978397012
2.3435957431793	0.019558118656278
2.3449966907501	0.019139314070344
2.3463973999023	0.018687497824430
2.3477983474731	0.018203705549240
2.3491990566254	0.017689097672701
2.3506000041962	0.017144966870546
2.3520007133484	0.016572726890445
2.3534016609192	0.015973888337612
2.3548023700714	0.015350026078522
2.3562033176422	0.014702772721648
2.3576040267944	0.014033799059689
2.3590049743652	0.013344825245440
2.3604059219360	0.012637630105019
2.3618066310883	0.011914062313735
2.3632075786591	0.011176040396094
2.3646082878113	0.010425547137856
2.3660092353821	0.0096646035090089
2.3674099445343	0.0088952444493771
2.3688108921051	0.0081195058301091
2.3702116012573	0.0073394100181758
2.3716125488281	0.0065569714643061
2.3730132579803	0.0057741943746805
2.3744142055511	0.0049930801615119
2.3758149147034	0.0042156223207712
2.3772158622742	0.0034437966533005
2.3786165714264	0.0026795468293130
2.3800175189972	0.0019247719319537
2.3814182281494	0.0011813141172752
2.3828191757202	0.00045095352106728
2.3842198848724	-0.00026459438959137
2.3856208324432	-0.00096368009690195
2.3870217800140	-0.0016447236994281
2.3884224891663	-0.0023062205873430
2.3898234367371	-0.0029467495623976
2.3912241458893	-0.0035649803467095
2.3926250934601	-0.0041596791706979
2.3940258026123	-0.0047297091223300
2.3954267501831	-0.0052740327082574
2.3968274593353	-0.0057917055673897
2.3982284069061	-0.0062818820588291
2.3996291160583	-0.0067438166588545
2.4010300636292	-0.0071768714115024
2.4024307727814	-0.0075805149972439
2.4038317203522	-0.0079543245956302
2.4052324295044	-0.0082979863509536
2.4066333770752	-0.0086112907156348
2.4080340862274	-0.0088941315189004
2.4094350337982	-0.0091465003788471
2.4108357429504	-0.0093684904277325
2.4122366905212	-0.0095602991059422
2.4136373996735	-0.0097222207114100
2.4150383472443	-0.0098546463996172
2.4164392948151	-0.0099580530077219
2.4178400039673	-0.010032998397946
2.4192409515381	-0.010080112144351
2.4206416606903	-0.010100095532835
2.4220426082611	-0.010093723423779
2.4234433174133	-0.010061847046018
2.4248442649841	-0.010005393065512
2.4262449741364	-0.0099253561347723
2.4276459217072	-0.0098227839916945
2.4290466308594	-0.0096987644210458
2.4304475784302	-0.0095544150099158
2.4318482875824	-0.0093908719718456
2.4332492351532	-0.0092093059793115
2.4346499443054	-0.0090109184384346
2.4360508918762	-0.0087969526648521
2.4374516010284	-0.0085686799138784
2.4388525485992	-0.0083273909986019
2.4402532577515	-0.0080743767321110
2.4416542053223	-0.0078109069727361
2.4430551528931	-0.0075382287614048
2.4444558620453	-0.0072575611993670
2.4458568096161	-0.0069701126776636
2.4472575187683	-0.0066770846024156
2.4486584663391	-0.0063796751201153
2.4500591754913	-0.0060790665447712
2.4514601230621	-0.0057764099910855
2.4528608322144	-0.0054728072136641
2.4542617797852	-0.0051692971028388
2.4556624889374	-0.0048668575473130
2.4570634365082	-0.0045664170756936
2.4584641456604	-0.0042688669636846
2.4598650932312	-0.0039750663563609
2.4612658023834	-0.0036858392413706
2.4626667499542	-0.0034019551239908
2.4640674591064	-0.0031241129618138
2.4654684066772	-0.0028529271949083
2.4668691158295	-0.0025889284443110
2.4682700634003	-0.0023325744550675
2.4696707725525	-0.0020842682570219
2.4710717201233	-0.0018443699227646
2.4724726676941	-0.0016131979646161
2.4738733768463	-0.0013910194393247
2.4752743244171	-0.0011780306231230
2.4766750335693	-0.00097434531198815
2.4780759811401	-0.00077999272616580
2.4794766902924	-0.00059493083972484
2.4808776378632	-0.00041906599653885
2.4822783470154	-0.00025227005244233
2.4836792945862	-9.4384769909084e-05
2.4850800037384	5.4787902627140e-05
2.4864809513092	0.00019550326396711
2.4878816604614	0.00032808753894642
2.4892826080322	0.00045293828588910
2.4906833171844	0.00057050876785070
2.4920842647552	0.00068128330167383
2.4934849739075	0.00078575423685834
2.4948859214783	0.00088441377738491
2.4962866306305	0.00097776169423014
2.4976875782013	0.0010663255816326
2.4990885257721	0.0011506795417517
2.5004892349243	0.0012314481427893
2.5018901824951	0.0013092911103740
2.5032908916473	0.0013848731759936
2.5046918392181	0.0014588339254260
2.5060925483704	0.0015317713841796
2.5074934959412	0.0016042459756136
2.5088942050934	0.0016768029890954
2.5102951526642	0.0017499984242022
2.5116958618164	0.0018244131933898
2.5130968093872	0.0019006463699043
2.5144975185394	0.0019792886450887
2.5158984661102	0.0020608876366168
2.5172991752625	0.0021459229756147
2.5187001228333	0.0022348016500473
2.5201008319855	0.0023278736043721
2.5215017795563	0.0024254596792161
2.5229024887085	0.0025278725661337
2.5243034362793	0.0026354205328971
2.5257041454315	0.0027483897283673
2.5271050930023	0.0028670169413090
2.5285060405731	0.0029914621263742
2.5299067497253	0.0031218000221997
2.5313076972961	0.0032580322586000
2.5327084064484	0.0034001134335995
2.5341093540192	0.0035479706712067
2.5355100631714	0.0037015173584223
2.5369110107422	0.0038606405723840
2.5383117198944	0.0040251817554235
2.5397126674652	0.0041949106380343
2.5411133766174	0.0043695196509361
2.5425143241882	0.0045486325398088
2.5439150333405	0.0047318269498646
2.5453159809113	0.0049186609685421
2.5467166900635	0.0051086824387312
2.5481176376343	0.0053014247678220
2.5495183467865	0.0054963887669146
2.5509192943573	0.0056930235587060
2.5523200035095	0.0058907214552164
2.5537209510803	0.0060888277366757
2.5551218986511	0.0062866620719433
2.5565226078033	0.0064835455268621
2.5579235553741	0.0066788140684366
2.5593242645264	0.0068718129768968
2.5607252120972	0.0070618838071823
2.5621259212494	0.0072483448311687
2.5635268688202	0.0074304826557636
2.5649275779724	0.0076075592078269
2.5663285255432	0.0077788420021534
2.5677292346954	0.0079436246305704
2.5691301822662	0.0081012435257435
2.5705308914185	0.0082510756328702
2.5719318389893	0.0083925211802125
2.5733325481415	0.0085249869152904
2.5747334957123	0.0086478758603334
2.5761342048645	0.0087605929002166
2.5775351524353	0.0088625689968467
2.5789358615875	0.0089532881975174
2.5803368091583	0.0090323034673929
2.5817375183105	0.0090992394834757
2.5831384658813	0.0091537684202194
2.5845394134521	0.0091955838724971
2.5859401226044	0.0092243915423751
2.5873410701752	0.0092399101704359
2.5887417793274	0.0092418938875198
2.5901427268982	0.0092301610857248
2.5915434360504	0.0092046149075031
2.5929443836212	0.0091652469709516
2.5943450927734	0.0091121178120375
2.5957460403442	0.0090453205630183
2.5971467494965	0.0089649679139256
2.5985476970673	0.0088711744174361
2.5999484062195	0.0087640853598714
2.6013493537903	0.0086438963189721
2.6027500629425	0.0085108783096075
2.6041510105133	0.0083653973415494
2.6055517196655	0.0082078864797950
2.6069526672363	0.0080388290807605
2.6083533763885	0.0078587234020233
2.6097543239594	0.0076680709607899
2.6111552715302	0.0074673751369119
2.6125559806824	0.0072571658529341
2.6139569282532	0.0070380261167884
2.6153576374054	0.0068105976097286
2.6167585849762	0.0065755811519921
2.6181592941284	0.0063337162137032
2.6195602416992	0.0060857520438731
2.6209609508514	0.0058324299752712
2.6223618984222	0.0055744801647961
2.6237626075745	0.0053126337006688
2.6251635551453	0.0050476430915296
2.6265642642975	0.0047802934423089
2.6279652118683	0.0045114015229046
2.6293659210205	0.0042417999356985
2.6307668685913	0.0039723138324916
2.6321675777435	0.0037037413567305
2.6335685253143	0.0034368522465229
2.6349692344666	0.0031723922584206
2.6363701820374	0.0029111029580235
2.6377708911896	0.0026537328958511
2.6391718387604	0.0024010378401726
2.6405727863312	0.0021537700667977
2.6419734954834	0.0019126567058265
2.6433744430542	0.0016783818136901
2.6447751522064	0.0014515799703076
2.6461760997772	0.0012328429147601
2.6475768089294	0.0010227359598503
2.6489777565002	0.00082181248581037
2.6503784656525	0.00063062005210668
2.6517794132233	0.00044969253940508
2.6531801223755	0.00027953146491200
2.6545810699463	0.00012058657739544
2.6559817790985	-2.6754929422168e-05
2.6573827266693	-0.00016216568474192
2.6587834358215	-0.00028536425088532
2.6601843833923	-0.00039609713712707
2.6615850925446	-0.00049412570660934
2.6629860401154	-0.00057922460837290
2.6643867492676	-0.00065119273494929
2.6657876968384	-0.00070986966602504
2.6671886444092	-0.00075514952186495
2.6685893535614	-0.00078698521247134
2.6699903011322	-0.00080538121983409
2.6713910102844	-0.00081037968629971
2.6727919578552	-0.00080204609548673
2.6741926670074	-0.00078046222915873
2.6755936145782	-0.00074572861194611
2.6769943237305	-0.00069797364994884
2.6783952713013	-0.00063736474839970
2.6797959804535	-0.00056411389959976
2.6811969280243	-0.00047847517998889
2.6825976371765	-0.00038073401083238
2.6839985847473	-0.00027119464357384
2.6853992938995	-0.00015017125406303
2.6868002414703	-1.7987185856327e-05
2.6882009506226	0.00012501882156357
2.6896018981934	0.00027848369791172
2.6910026073456	0.00044201346463524
2.6924035549164	0.00061518314760178
2.6938042640686	0.00079754396574572
2.6952052116394	0.00098863523453474
2.6966061592102	0.0011879958910868
2.6980068683624	0.0013951681321487
2.6994078159332	0.0016096947947517
2.7008085250854	0.0018311110325158
2.7022094726562	0.0020589325577021
2.7036101818085	0.0022926519159228
2.7050111293793	0.0025317401159555
2.7064118385315	0.0027756569907069
2.7078127861023	0.0030238616745919
2.7092134952545	0.0032758237794042
2.7106144428253	0.0035310243256390
2.7120151519775	0.0037889508530498
2.7134160995483	0.0040490897372365
2.7148168087006	0.0043109161779284
2.7162177562714	0.0045738909393549
2.7176184654236	0.0048374636098742
2.7190194129944	0.0051010819151998
2.7204201221466	0.0053641996346414
2.7218210697174	0.0056262835860252
2.7232217788696	0.0058868108317256
2.7246227264404	0.0061452626250684
2.7260236740112	0.0064011169597507
2.7274243831635	0.0066538392566144
2.7288253307343	0.0069028879515827
2.7302260398865	0.0071477177552879
2.7316269874573	0.0073877912946045
2.7330276966095	0.0076225842349231
2.7344286441803	0.0078515885397792
2.7358293533325	0.0080743078142405
2.7372303009033	0.0082902489230037
2.7386310100555	0.0084989164024591
2.7400319576263	0.0086998129263520
2.7414326667786	0.0088924346491694
2.7428336143494	0.0090762879699469
2.7442343235016	0.0092508913949132
2.7456352710724	0.0094157857820392
2.7470359802246	0.0095705240964890
2.7484369277954	0.0097146760672331
2.7498376369476	0.0098478132858872
2.7512385845184	0.0099695147946477
2.7526395320892	0.010079367086291
2.7540402412415	0.010176976211369
2.7554411888123	0.010261965915561
2.7568418979645	0.010333981364965
2.7582428455353	0.010392692871392
2.7596435546875	0.010437784716487
2.7610445022583	0.010468953289092
2.7624452114105	0.010485907085240
2.7638461589813	0.010488378815353
2.7652468681335	0.010476123541594
2.7666478157043	0.010448934510350
2.7680485248566	0.010406638495624
2.7694494724274	0.010349091142416
2.7708501815796	0.010276171378791
2.7722511291504	0.010187774896622
2.7736518383026	0.010083809494972
2.7750527858734	0.0099642062559724
2.7764534950256	0.0098289269953966
2.7778544425964	0.0096779763698578
2.7792551517487	0.0095113981515169
2.7806560993195	0.0093292761594057
2.7820570468903	0.0091317249462008
2.7834577560425	0.0089188804849982
2.7848587036133	0.0086908927187324
2.7862594127655	0.0084479292854667
2.7876603603363	0.0081901848316193
2.7890610694885	0.0079178884625435
2.7904620170593	0.0076313130557537
2.7918627262115	0.0073307701386511
2.7932636737823	0.0070166052319109
2.7946643829346	0.0066891796886921
2.7960653305054	0.0063488660380244
2.7974660396576	0.0059960479848087
2.7988669872284	0.0056311283260584
2.8002676963806	0.0052545377984643
2.8016686439514	0.0048667425289750
2.8030693531036	0.0044682435691357
2.8044703006744	0.0040595661848783
2.8058710098267	0.0036412479821593
2.8072719573975	0.0032138314563781
2.8086729049683	0.0027778635267168
2.8100736141205	0.0023339013569057
2.8114745616913	0.0018825221341103
2.8128752708435	0.0014243304030970
2.8142762184143	0.00095995713490993
2.8156769275665	0.00049004954053089
2.8170778751373	1.5257319319062e-05
2.8184785842896	-0.00046377870603465
2.8198795318604	-0.00094642897602171
2.8212802410126	-0.0014320678310469
2.8226811885834	-0.0019200607202947
2.8240818977356	-0.0024097524583340
2.8254828453064	-0.0029004628304392
2.8268835544586	-0.0033914935775101
2.8282845020294	-0.0038821406196803
2.8296852111816	-0.0043717082589865
2.8310861587524	-0.0048595182597637
2.8324868679047	-0.0053449096158147
2.8338878154755	-0.0058272294700146
2.8352885246277	-0.0063058217056096
2.8366894721985	-0.0067800180986524
2.8380904197693	-0.0072491392493248
2.8394911289215	-0.0077125024981797
2.8408920764923	-0.0081694293767214
2.8422927856445	-0.0086192572489381
2.8436937332153	-0.0090613411739469
2.8450944423676	-0.0094950497150421
2.8464953899384	-0.0099197551608086
2.8478960990906	-0.010334831662476
2.8492970466614	-0.010739650577307
2.8506977558136	-0.011133586987853
2.8520987033844	-0.011516025289893
2.8534994125366	-0.011886367574334
2.8549003601074	-0.012244036421180
2.8563010692596	-0.012588473036885
2.8577020168304	-0.012919140979648
2.8591027259827	-0.013235513120890
2.8605036735535	-0.013537080027163
2.8619043827057	-0.013823343440890
2.8633053302765	-0.014093819074333
2.8647062778473	-0.014348039403558
2.8661069869995	-0.014585551805794
2.8675079345703	-0.014805928803980
2.8689086437225	-0.015008771792054
2.8703095912933	-0.015193710103631
2.8717103004456	-0.015360415913165
2.8731112480164	-0.015508585609496
2.8745119571686	-0.015637954697013
2.8759129047394	-0.015748284757137
2.8773136138916	-0.015839360654354
2.8787145614624	-0.015910990536213
2.8801152706146	-0.015963006764650
2.8815162181854	-0.015995275229216
2.8829169273376	-0.016007713973522
2.8843178749084	-0.016000289469957
2.8857185840607	-0.015973014757037
2.8871195316315	-0.015925951302052
2.8885202407837	-0.015859188511968
2.8899211883545	-0.015772847458720
2.8913218975067	-0.015667077153921
2.8927228450775	-0.015542057342827
2.8941237926483	-0.015398016199470
2.8955245018005	-0.015235240571201
2.8969254493713	-0.015054080635309
2.8983261585236	-0.014854932203889
2.8997271060944	-0.014638231135905
2.9011278152466	-0.014404439367354
2.9025287628174	-0.014154037460685
2.9039294719696	-0.013887534849346
2.9053304195404	-0.013605481944978
2.9067311286926	-0.013308474794030
2.9081320762634	-0.012997166253626
2.9095327854156	-0.012672252021730
2.9109337329865	-0.012334458529949
2.9123344421387	-0.011984528973699
2.9137353897095	-0.011623210273683
2.9151360988617	-0.011251262389123
2.9165370464325	-0.010869466699660
2.9179377555847	-0.010478640906513
2.9193387031555	-0.010079642757773
2.9207396507263	-0.0096733598038554
2.9221403598785	-0.0092606917023659
2.9235413074493	-0.0088425287976861
2.9249420166016	-0.0084197372198105
2.9263429641724	-0.0079931654036045
2.9277436733246	-0.0075636575929821
2.9291446208954	-0.0071320659480989
2.9305453300476	-0.0066992649808526
2.9319462776184	-0.0062661422416568
2.9333469867706	-0.0058335824869573
2.9347479343414	-0.0054024374112487
2.9361486434937	-0.0049735079519451
2.9375495910645	-0.0045475396327674
2.9389503002167	-0.0041252360679209
2.9403512477875	-0.0037072827108204
2.9417519569397	-0.0032943626865745
2.9431529045105	-0.0028871623799205
2.9445536136627	-0.0024863539729267
2.9459545612335	-0.0020925677381456
2.9473552703857	-0.0017063657287508
2.9487562179565	-0.0013282299041748
2.9501571655273	-0.00095857033738866
2.9515578746796	-0.00059774762485176
2.9529588222504	-0.00024609811953269
2.9543595314026	9.6051269792952e-05
2.9557604789734	0.00042838792433031
2.9571611881256	0.00075063470285386
2.9585621356964	0.0010625770082697
2.9599628448486	0.0013640807010233
2.9613637924194	0.0016550923464820
2.9627645015717	0.0019356200937182
2.9641654491425	0.0022057078313082
2.9655661582947	0.0024654141161591
2.9669671058655	0.0027148067019880
2.9683678150177	0.0029539749957621
2.9697687625885	0.0031830528751016
2.9711694717407	0.0034022375475615
2.9725704193115	0.0036117951385677
2.9739711284637	0.0038120469544083
2.9753720760345	0.0040033450350165
2.9767730236053	0.0041860463097692
2.9781737327576	0.0043604997918010
2.9795746803284	0.0045270528644323
2.9809753894806	0.0046860664151609
2.9823763370514	0.0048379367217422
2.9837770462036	0.0049831033684313
2.9851779937744	0.0051220455206931
2.9865787029266	0.0052552609704435
2.9879796504974	0.0053832381963730
2.9893803596497	0.0055064405314624
2.9907813072205	0.0056253015063703
2.9921820163727	0.0057402378879488
2.9935829639435	0.0058516669087112
2.9949836730957	0.0059600188396871
2.9963846206665	0.0060657388530672
2.9977853298187	0.0061692744493484
2.9991862773895	0.0062710512429476
3.0005869865417	0.0063714566640556
3.0019879341125	0.0064708278514445
3.0033886432648	0.0065694628283381
3.0047895908356	0.0066676335409284
3.0061905384064	0.0067656016908586
3.0075912475586	0.0068636289797723
3.0089921951294	0.0069619654677808
3.0103929042816	0.0070608370006084
3.0117938518524	0.0071604247204959
3.0131945610046	0.0072608496993780
3.0145955085754	0.0073621771298349
3.0159962177277	0.0074644298292696
3.0173971652985	0.0075676008127630
3.0187978744507	0.0076716761104763
3.0201988220215	0.0077766315080225
3.0215995311737	0.0078824302181602
3.0230004787445	0.0079889995977283
3.0244011878967	0.0080962255597115
3.0258021354675	0.0082039348781109
3.0272028446198	0.0083119012415409
3.0286037921906	0.0084198648110032
3.0300045013428	0.0085275368764997
3.0314054489136	0.0086346231400967
3.0328063964844	0.0087408209219575
3.0342071056366	0.0088458182290196
3.0356080532074	0.0089492816478014
3.0370087623596	0.0090508488938212
3.0384097099304	0.0091501222923398
3.0398104190826	0.0092466790229082
3.0412113666534	0.0093400729820132
3.0426120758057	0.0094298534095287
3.0440130233765	0.0095155676826835
3.0454137325287	0.0095967659726739
3.0468146800995	0.0096729947254062
3.0482153892517	0.0097437910735607
3.0496163368225	0.0098086809739470
3.0510170459747	0.0098671764135361
3.0524179935455	0.0099187819287181
3.0538187026978	0.0099630095064640
3.0552196502686	0.0099993851035833
3.0566203594208	0.010027457028627
3.0580213069916	0.010046791285276
3.0594220161438	0.010056971572340
3.0608229637146	0.010057589039207
3.0622239112854	0.010048236697912
3.0636246204376	0.010028515011072
3.0650255680084	0.0099980356171727
3.0664262771606	0.0099564297124743
3.0678272247314	0.0099033601582050
3.0692279338837	0.0098385298624635
3.0706288814545	0.0097616733983159
3.0720295906067	0.0096725635230541
3.0734305381775	0.0095709990710020
3.0748312473297	0.0094568002969027
3.0762321949005	0.0093298060819507
3.0776329040527	0.0091898823156953
3.0790338516235	0.0090369284152985
3.0804345607758	0.0088708829134703
3.0818355083466	0.0086917337030172
3.0832362174988	0.0084995105862617
3.0846371650696	0.0082942871376872
3.0860378742218	0.0080761704593897
3.0874388217926	0.0078452965244651
3.0888397693634	0.0076018283143640
3.0902404785156	0.0073459614068270
3.0916414260864	0.0070779272355139
3.0930421352386	0.0067980033345520
3.0944430828094	0.0065065124072134
3.0958437919617	0.0062038237228990
3.0972447395325	0.0058903479948640
3.0986454486847	0.0055665289983153
3.1000463962555	0.0052328333258629
3.1014471054077	0.0048897508531809
3.1028480529785	0.0045377924107015
3.1042487621307	0.0041774939745665
3.1056497097015	0.0038094203919172
3.1070504188538	0.0034341691061854
3.1084513664246	0.0030523701570928
3.1098520755768	0.0026646847836673
3.1112530231476	0.0022717970423400
3.1126537322998	0.0018744067056105
3.1140546798706	0.0014732226263732
3.1154553890228	0.0010689565679058
3.1168563365936	0.00066232396056876
3.1182572841644	0.00025404471671209
3.1196579933167	-0.00015515385894105
3.1210589408875	-0.00056453532306477
3.1224596500397	-0.00097335671307519
3.1238605976105	-0.0013808740768582
3.1252613067627	-0.0017863516695797
3.1266622543335	-0.0021890681236982
3.1280629634857	-0.0025883207563311
3.1294639110565	-0.0029834271408617
3.1308646202087	-0.0033737204503268
3.1322655677795	-0.0037585459649563
3.1336662769318	-0.0041372613050044
3.1350672245026	-0.0045092375949025
3.1364679336548	-0.0048738699406385
3.1378688812256	-0.0052305841818452
3.1392695903778	-0.0055788457393646
3.1406705379486	-0.0059181610122323
3.1420712471008	-0.0062480741180480
3.1434721946716	-0.0065681608393788
3.1448731422424	-0.0068780202418566
3.1462738513947	-0.0071772728115320
3.1476747989655	-0.0074655655771494
3.1490755081177	-0.0077425823546946
3.1504764556885	-0.0080080535262823
3.1518771648407	-0.0082617606967688
3.1532781124115	-0.0085035301744938
3.1546788215637	-0.0087332325056195
3.1560797691345	-0.0089507680386305
3.1574804782867	-0.0091560585424304
3.1588814258575	-0.0093490509316325
3.1602821350098	-0.0095297237858176
3.1616830825806	-0.0096980948001146
3.1630837917328	-0.0098542254418135
3.1644847393036	-0.0099982209503651
3.1658854484558	-0.010130221024156
3.1672863960266	-0.010250388644636
3.1686871051788	-0.010358900763094
3.1700880527496	-0.010455945506692
3.1714887619019	-0.010541731491685
3.1728897094727	-0.010616490617394
3.1742906570435	-0.010680481791496
3.1756913661957	-0.010733995586634
3.1770923137665	-0.010777344927192
3.1784930229187	-0.010810850188136
3.1798939704895	-0.010834833607078
3.1812946796417	-0.010849608108401
3.1826956272125	-0.010855487547815
3.1840963363647	-0.010852789506316
3.1854972839355	-0.010841844603419
3.1868979930878	-0.010823002085090
3.1882989406586	-0.010796614922583
3.1896996498108	-0.010763036087155
3.1911005973816	-0.010722599923611
3.1925013065338	-0.010675623081625
3.1939022541046	-0.010622400790453
3.1953029632568	-0.010563218966126
3.1967039108276	-0.010498360730708
3.1981046199799	-0.010428111068904
3.1995055675507	-0.010352754965425
3.2009065151215	-0.010272560641170
3.2023072242737	-0.010187776759267
3.2037081718445	-0.010098627768457
3.2051088809967	-0.010005310177803
3.2065098285675	-0.0099080000072718
3.2079105377197	-0.0098068658262491
3.2093114852905	-0.0097020734101534
3.2107121944427	-0.0095937829464674
3.2121131420135	-0.0094821434468031
3.2135138511658	-0.0093672852963209
3.2149147987366	-0.0092493109405041
3.2163155078888	-0.0091283060610294
3.2177164554596	-0.0090043358504772
3.2191171646118	-0.0088774580508471
3.2205181121826	-0.0087477341294289
3.2219188213348	-0.0086152171716094
3.2233197689056	-0.0084799556061625
3.2247204780579	-0.0083419810980558
3.2261214256287	-0.0082013104110956
3.2275221347809	-0.0080579500645399
3.2289230823517	-0.0079119009897113
3.2303240299225	-0.0077631687745452
3.2317247390747	-0.0076117720454931
3.2331256866455	-0.0074577331542969
3.2345263957977	-0.0073010763153434
3.2359273433685	-0.0071418164297938
3.2373280525208	-0.0069799572229385
3.2387290000916	-0.0068154977634549
3.2401297092438	-0.0066484427079558
3.2415306568146	-0.0064788116142154
3.2429313659668	-0.0063066435977817
3.2443323135376	-0.0061319940723479
3.2457330226898	-0.0059549231082201
3.2471339702606	-0.0057754898443818
3.2485346794128	-0.0055937515571713
3.2499356269836	-0.0054097659885883
3.2513363361359	-0.0052236043848097
3.2527372837067	-0.0050353589467704
3.2541379928589	-0.0048451451584697
3.2555389404297	-0.0046530901454389
3.2569398880005	-0.0044593228958547
3.2583405971527	-0.0042639607563615
3.2597415447235	-0.0040671094320714
3.2611422538757	-0.0038688739296049
3.2625432014465	-0.0036693767178804
3.2639439105988	-0.0034687747247517
3.2653448581696	-0.0032672598026693
3.2667455673218	-0.0030650489497930
3.2681465148926	-0.0028623584657907
3.2695472240448	-0.0026593790389597
3.2709481716156	-0.0024562638718635
3.2723488807678	-0.0022531361319125
3.2737498283386	-0.0020501120015979
3.2751505374908	-0.0018473278032616
3.2765514850616	-0.0016449590912089
3.2779521942139	-0.0014432182069868
3.2793531417847	-0.0012423323933035
3.2807538509369	-0.0010425127111375
3.2821547985077	-0.00084392970893532
3.2835555076599	-0.00064670783467591
3.2849564552307	-0.00045094129745848
3.2863574028015	-0.00025672215269879
3.2877581119537	-6.4165120420512e-05
3.2891590595245	0.00012658414198086
3.2905597686768	0.00031536185997538
3.2919607162476	0.00050201435806230
3.2933614253998	0.00068642600672320
3.2947623729706	0.00086853251559660
3.2961630821228	0.0010483111254871
3.2975640296936	0.0012257533380762
3.2989647388458	0.0014008353464305
3.3003656864166	0.0015735004562885
3.3017663955688	0.0017436636844650
3.3031673431396	0.0019112369045615
3.3045680522919	0.0020761594641954
3.3059689998627	0.0022384205367416
3.3073697090149	0.0023980557452887
3.3087706565857	0.0025551272556186
3.3101713657379	0.0027096886187792
3.3115723133087	0.0028617603238672
3.3129732608795	0.0030113221146166
3.3143739700317	0.0031583311501890
3.3157749176025	0.0033027520403266
3.3171756267548	0.0034445859491825
3.3185765743256	0.0035838789772242
3.3199772834778	0.0037207098212093
3.3213782310486	0.0038551588077098
3.3227789402008	0.0039872745983303
3.3241798877716	0.0041170571930707
3.3255805969238	0.0042444649152458
3.3269815444946	0.0043694353662431
3.3283822536469	0.0044919187203050
3.3297832012177	0.0046118963509798
3.3311839103699	0.0047293836250901
3.3325848579407	0.0048444075509906
3.3339855670929	0.0049569793045521
3.3353865146637	0.0050670700147748
3.3367872238159	0.0051746009849012
3.3381881713867	0.0052794581279159
3.3395888805389	0.0053815171122551
3.3409898281097	0.0054806652478874
3.3423907756805	0.0055768173187971
3.3437914848328	0.0056699058040977
3.3451924324036	0.0057598631829023
3.3465931415558	0.0058465953916311
3.3479940891266	0.0059299692511559
3.3493947982788	0.0060098171234131
3.3507957458496	0.0060859476216137
3.3521964550018	0.0061581712216139
3.3535974025726	0.0062263137660921
3.3549981117249	0.0062902234494686
3.3563990592957	0.0063497624360025
3.3577997684479	0.0064047891646624
3.3592007160187	0.0064551453106105
3.3606014251709	0.0065006529912353
3.3620023727417	0.0065411161631346
3.3634030818939	0.0065763341262937
3.3648040294647	0.0066061164252460
3.3662047386169	0.0066302940249443
3.3676056861877	0.0066487183794379
3.3690066337585	0.0066612530499697
3.3704073429108	0.0066677648574114
3.3718082904816	0.0066681220196187
3.3732089996338	0.0066621899604797
3.3746099472046	0.0066498364321887
3.3760106563568	0.0066309394314885
3.3774116039276	0.0066053951159120
3.3788123130798	0.0065731192007661
3.3802132606506	0.0065340483561158
3.3816139698029	0.0064881392754614
3.3830149173737	0.0064353644847870
3.3844156265259	0.0063757142052054
3.3858165740967	0.0063091930933297
3.3872172832489	0.0062358248978853
3.3886182308197	0.0061556482687593
3.3900189399719	0.0060687162913382
3.3914198875427	0.0059751002117991
3.3928205966949	0.0058748829178512
3.3942215442657	0.0057681654579937
3.3956222534180	0.0056550698354840
3.3970232009888	0.0055357394739985
3.3984241485596	0.0054103438742459
3.3998248577118	0.0052790706977248
3.4012258052826	0.0051421253010631
3.4026265144348	0.0049997260794044
3.4040274620056	0.0048520998097956
3.4054281711578	0.0046994849108160
3.4068291187286	0.0045421305112541
3.4082298278809	0.0043803029693663
3.4096307754517	0.0042142868041992
3.4110314846039	0.0040443856269121
3.4124324321747	0.0038709172513336
3.4138331413269	0.0036942088045180
3.4152340888977	0.0035145913716406
3.4166347980499	0.0033323948737234
3.4180357456207	0.0031479494646192
3.4194364547729	0.0029615850653499
3.4208374023438	0.0027736376505345
3.4222381114960	0.0025844518095255
3.4236390590668	0.0023943819105625
3.4250397682190	0.0022037883754820
3.4264407157898	0.0020130320917815
3.4278416633606	0.0018224692903459
3.4292423725128	0.0016324436292052
3.4306433200836	0.0014432852622122
3.4320440292358	0.0012553113047034
3.4334449768066	0.0010688309557736
3.4348456859589	0.00088415102800354
3.4362466335297	0.00070157961454242
3.4376473426819	0.00052142649656162
3.4390482902527	0.00034399976721033
3.4404489994049	0.00016959733329713
3.4418499469757	-1.5008190530352e-06
3.4432506561279	-0.00016903868527152
3.4446516036987	-0.00033278547925875
3.4460523128510	-0.00049253250472248
3.4474532604218	-0.00064808683237061
3.4488539695740	-0.00079926487524062
3.4502549171448	-0.00094588776119053
3.4516556262970	-0.0010877824388444
3.4530565738678	-0.0012247858103365
3.4544575214386	-0.0013567522400990
3.4558582305908	-0.0014835580950603
3.4572591781616	-0.0016051046550274
3.4586598873138	-0.0017213153187186
3.4600608348846	-0.0018321316456422
3.4614615440369	-0.0019375076517463
3.4628624916077	-0.0020374073646963
3.4642632007599	-0.0021318050567061
3.4656641483307	-0.0022206881549209
3.4670648574829	-0.0023040615487844
3.4684658050537	-0.0023819499183446
3.4698665142059	-0.0024543975014240
3.4712674617767	-0.0025214659981430
3.4726681709290	-0.0025832294486463
3.4740691184998	-0.0026397714391351
3.4754698276520	-0.0026911811437458
3.4768707752228	-0.0027375561185181
3.4782714843750	-0.0027790025342256
3.4796724319458	-0.0028156379703432
3.4810731410980	-0.0028475914150476
3.4824740886688	-0.0028750007040799
3.4838750362396	-0.0028980115894228
3.4852757453918	-0.0029167758766562
3.4866766929626	-0.0029314511921257
3.4880774021149	-0.0029422014486045
3.4894783496857	-0.0029491975437850
3.4908790588379	-0.0029526189900935
3.4922800064087	-0.0029526492580771
3.4936807155609	-0.0029494725167751
3.4950816631317	-0.0029432701412588
3.4964823722839	-0.0029342158231884
3.4978833198547	-0.0029224776662886
3.4992840290070	-0.0029082177206874
3.5006849765778	-0.0028915987350047
3.5020856857300	-0.0028727876488119
3.5034866333008	-0.0028519579209387
3.5048873424530	-0.0028292862698436
3.5062882900238	-0.0028049482498318
3.5076889991760	-0.0027791105676442
3.5090899467468	-0.0027519273571670
3.5104908943176	-0.0027235355228186
3.5118916034698	-0.0026940591633320
3.5132925510406	-0.0026636142283678
3.5146932601929	-0.0026323134079576
3.5160942077637	-0.0026002700906247
3.5174949169159	-0.0025675990618765
3.5188958644867	-0.0025344127789140
3.5202965736389	-0.0025008155498654
3.5216975212097	-0.0024668986443430
3.5230982303619	-0.0024327372666448
3.5244991779327	-0.0023983907885849
3.5258998870850	-0.0023639074061066
3.5273008346558	-0.0023293285630643
3.5287015438080	-0.0022946936078370
3.5301024913788	-0.0022600402589887
3.5315032005310	-0.0022254022769630
3.5329041481018	-0.0021908062044531
3.5343048572540	-0.0021562662441283
3.5357058048248	-0.0021217840258032
3.5371065139771	-0.0020873481407762
3.5385074615479	-0.0020529394969344
3.5399084091187	-0.0020185355097055
3.5413091182709	-0.0019841119647026
3.5427100658417	-0.0019496427848935
3.5441107749939	-0.0019150965381414
3.5455117225647	-0.0018804336432368
3.5469124317169	-0.0018456038087606
3.5483133792877	-0.0018105475464836
3.5497140884399	-0.0017751973355189
3.5511150360107	-0.0017394851893187
3.5525157451630	-0.0017033462645486
3.5539166927338	-0.0016667200252414
3.5553174018860	-0.0016295497771353
3.5567183494568	-0.0015917757991701
3.5581190586090	-0.0015533312689513
3.5595200061798	-0.0015141391195357
3.5609207153320	-0.0014741149498150
3.5623216629028	-0.0014331723796204
3.5637223720551	-0.0013912296853960
3.5651233196259	-0.0013482139911503
3.5665242671967	-0.0013040611520410
3.5679249763489	-0.0012587114470080
3.5693259239197	-0.0012121035251766
3.5707266330719	-0.0011641707969829
3.5721275806427	-0.0011148412013426
3.5735282897949	-0.0010640413966030
3.5749292373657	-0.0010117043275386
3.5763299465179	-0.00095777574460953
3.5777308940887	-0.00090221589198336
3.5791316032410	-0.00084499560762197
3.5805325508118	-0.00078609044430777
3.5819332599640	-0.00072547351010144
3.5833342075348	-0.00066311343107373
3.5847349166870	-0.00059897638857365
3.5861358642578	-0.00053303327877074
3.5875365734100	-0.00046526693040505
3.5889375209808	-0.00039567647036165
3.5903382301331	-0.00032427575206384
3.5917391777039	-0.00025108788395301
3.5931398868561	-0.00017613830277696
3.5945408344269	-9.9449716799427e-05
3.5959417819977	-2.1042686057626e-05
3.5973424911499	5.9059009799967e-05
3.5987434387207	0.00014082092093304
3.6001441478729	0.00022419242304750
3.6015450954437	0.00030910634086467
3.6029458045959	0.00039548371569254
3.6043467521667	0.00048324116505682
3.6057474613190	0.00057229684898630
3.6071484088898	0.00066257169237360
3.6085491180420	0.00075398426270112
3.6099500656128	0.00084644474554807
3.6113507747650	0.00093984836712480
3.6127517223358	0.0010340736480430
3.6141524314880	0.0011289876420051
3.6155533790588	0.0012244534445927
3.6169540882111	0.0013203397393227
3.6183550357819	0.0014165224274620
3.6197557449341	0.0015128827653825
3.6211566925049	0.0016092987498268
3.6225576400757	0.0017056369688362
3.6239583492279	0.0018017471302301
3.6253592967987	0.0018974633421749
3.6267600059509	0.0019926137756556
3.6281609535217	0.0020870303269476
3.6295616626740	0.0021805567666888
3.6309626102448	0.0022730489727110
3.6323633193970	0.0023643707390875
3.6337642669678	0.0024543835315853
3.6351649761200	0.0025429381057620
3.6365659236908	0.0026298698503524
3.6379666328430	0.0027150046080351
3.6393675804138	0.0027981672901660
3.6407682895660	0.0028791921213269
3.6421692371368	0.0029579298570752
3.6435699462891	0.0030342477839440
3.6449708938599	0.0031080250628293
3.6463716030121	0.0031791422516108
3.6477725505829	0.0032474743202329
3.6491732597351	0.0033128871582448
3.6505742073059	0.0033752417657524
3.6519751548767	0.0034344017039984
3.6533758640289	0.0034902410116047
3.6547768115997	0.0035426511894912
3.6561775207520	0.0035915435291827
3.6575784683228	0.0036368425935507
3.6589791774750	0.0036784815602005
3.6603801250458	0.0037163931410760
3.6617808341980	0.0037505046930164
3.6631817817688	0.0037807410117239
3.6645824909210	0.0038070264272392
3.6659834384918	0.0038292931858450
3.6673841476440	0.0038474914617836
3.6687850952148	0.0038615905214101
3.6701858043671	0.0038715798873454
3.6715867519379	0.0038774618878961
3.6729874610901	0.0038792460691184
3.6743884086609	0.0038769440725446
3.6757891178131	0.0038705628830940
3.6771900653839	0.0038601071573794
3.6785910129547	0.0038455850444734
3.6799917221069	0.0038270154036582
3.6813926696777	0.0038044331595302
3.6827933788300	0.0037778923287988
3.6841943264008	0.0037474622949958
3.6855950355530	0.0037132224533707
3.6869959831238	0.0036752519663423
3.6883966922760	0.0036336255725473
3.6897976398468	0.0035884128883481
3.6911983489990	0.0035396870225668
3.6925992965698	0.0034875283017755
3.6940000057220	0.0034320342820138
3.6954009532928	0.0033733213786036
3.6968016624451	0.0033115176483989
3.6982026100159	0.0032467537093908
3.6996033191681	0.0031791543588042
3.7010042667389	0.0031088297255337
3.7024049758911	0.0030358806252480
3.7038059234619	0.0029604076407850
3.7052066326141	0.0028825220651925
3.7066075801849	0.0028023556806147
3.7080085277557	0.0027200588956475
3.7094092369080	0.0026357972528785
3.7108101844788	0.0025497348979115
3.7122108936310	0.0024620238691568
3.7136118412018	0.0023727957159281
3.7150125503540	0.0022821661550552
3.7164134979248	0.0021902425214648
3.7178142070770	0.0020971379708499
3.7192151546478	0.0020029796287417
3.7206158638000	0.0019079088233411
3.7220168113708	0.0018120756139979
3.7234175205231	0.0017156277317554
3.7248184680939	0.0016187024302781
3.7262191772461	0.0015214235754684
3.7276201248169	0.0014239042066038
3.7290208339691	0.0013262545689940
3.7304217815399	0.0012285889824852
3.7318224906921	0.0011310272384435
3.7332234382629	0.0010336919222027
3.7346243858337	0.00093670084606856
3.7360250949860	0.00084016006439924
3.7374260425568	0.00074416177812964
3.7388267517090	0.00064878689590842
3.7402276992798	0.00055411283392459
3.7416284084320	0.00046022143214941
3.7430293560028	0.00036720244679600
3.7444300651550	0.00027515087276697
3.7458310127258	0.00018416004604660
3.7472317218781	9.4313545559999e-05
3.7486326694489	5.6804328778526e-06
3.7500333786011	-8.1684134784155e-05
3.7514343261719	-0.00016773254901636
3.7528350353241	-0.00025241696857847
3.7542359828949	-0.00033568436629139
3.7556366920471	-0.00041747675277293
3.7570376396179	-0.00049773650243878
3.7584383487701	-0.00057641323655844
3.7598392963409	-0.00065346871269867
3.7612400054932	-0.00072887685382739
3.7626409530640	-0.00080261821858585
3.7640419006348	-0.00087467220146209
3.7654426097870	-0.00094501150306314
3.7668435573578	-0.0010136011987925
3.7682442665100	-0.0010804049670696
3.7696452140808	-0.0011453938204795
3.7710459232330	-0.0012085518101230
3.7724468708038	-0.0012698773061857
3.7738475799561	-0.0013293779920787
3.7752485275269	-0.0013870620168746
3.7766492366791	-0.0014429306611419
3.7780501842499	-0.0014969743788242
3.7794508934021	-0.0015491759404540
3.7808518409729	-0.0015995190478861
3.7822525501251	-0.0016479962505400
3.7836534976959	-0.0016946144169196
3.7850542068481	-0.0017393927555531
3.7864551544189	-0.0017823558300734
3.7878558635712	-0.0018235235475004
3.7892568111420	-0.0018629037076607
3.7906577587128	-0.0019004940986633
3.7920584678650	-0.0019362857565284
3.7934594154358	-0.0019702734425664
3.7948601245880	-0.0020024597179145
3.7962610721588	-0.0020328587852418
3.7976617813110	-0.0020614927634597
3.7990627288818	-0.0020883854012936
3.8004634380341	-0.0021135536953807
3.8018643856049	-0.0021370050963014
3.8032650947571	-0.0021587382070720
3.8046660423279	-0.0021787486039102
3.8060667514801	-0.0021970337256789
3.8074676990509	-0.0022135972976685
3.8088684082031	-0.0022284484002739
3.8102693557739	-0.0022415975108743
3.8116700649261	-0.0022530527785420
3.8130710124969	-0.0022628169972450
3.8144717216492	-0.0022708864416927
3.8158726692200	-0.0022772564552724
3.8172733783722	-0.0022819233126938
3.8186743259430	-0.0022848867811263
3.8200752735138	-0.0022861484903842
3.8214759826660	-0.0022857114672661
3.8228769302368	-0.0022835722193122
3.8242776393890	-0.0022797209676355
3.8256785869598	-0.0022741407155991
3.8270792961121	-0.0022668121382594
3.8284802436829	-0.0022577173076570
3.8298809528351	-0.0022468429524451
3.8312819004059	-0.0022341795265675
3.8326826095581	-0.0022197228390723
3.8340835571289	-0.0022034677676857
3.8354842662811	-0.0021854047663510
3.8368852138519	-0.0021655203308910
3.8382859230042	-0.0021437967661768
3.8396868705750	-0.0021202156785876
3.8410875797272	-0.0020947598386556
3.8424885272980	-0.0020674159750342
3.8438892364502	-0.0020381736103445
3.8452901840210	-0.0020070241298527
3.8466911315918	-0.0019739575218409
3.8480918407440	-0.0019389631925151
3.8494927883148	-0.0019020298495889
3.8508934974670	-0.0018631458515301
3.8522944450378	-0.0018223020015284
3.8536951541901	-0.0017794927116483
3.8550961017609	-0.0017347154207528
3.8564968109131	-0.0016879711765796
3.8578977584839	-0.0016392640536651
3.8592984676361	-0.0015886001056060
3.8606994152069	-0.0015359877143055
3.8621001243591	-0.0014814377063885
3.8635010719299	-0.0014249634696171
3.8649017810822	-0.0013665817677975
3.8663027286530	-0.0013063123915344
3.8677034378052	-0.0012441781582311
3.8691043853760	-0.0011802050285041
3.8705050945282	-0.0011144212912768
3.8719060420990	-0.0010468567488715
3.8733067512512	-0.00097754260059446
3.8747076988220	-0.00090651155915111
3.8761086463928	-0.00083379959687591
3.8775093555450	-0.00075944833224639
3.8789103031158	-0.00068350642686710
3.8803110122681	-0.00060603150632232
3.8817119598389	-0.00052708899602294
3.8831126689911	-0.00044674958917312
3.8845136165619	-0.00036508427001536
3.8859143257141	-0.00028216087957844
3.8873152732849	-0.00019804212206509
3.8887159824371	-0.00011278729652986
3.8901169300079	-2.6457069907337e-05
3.8915176391602	6.0880513046868e-05
3.8929185867310	0.00014914537314326
3.8943192958832	0.00023824456729926
3.8957202434540	0.00032807615934871
3.8971209526062	0.00041853604489006
3.8985219001770	0.00050952495075762
3.8999226093292	0.00060095230583102
3.9013235569000	0.00069273490225896
3.9027245044708	0.00078479066723958
3.9041252136230	0.00087703141616657
3.9055261611938	0.00096935743931681
3.9069268703461	0.0010616574436426
3.9083278179169	0.0011538126273081
3.9097285270691	0.0012457048287615
3.9111294746399	0.0013372235698625
3.9125301837921	0.0014282686170191
3.9139311313629	0.0015187470708042
3.9153318405151	0.0016085668466985
3.9167327880859	0.0016976289916784
3.9181334972382	0.0017858239589259
3.9195344448090	0.0018730313749984
3.9209351539612	0.0019591262098402
3.9223361015320	0.0020439864601940
3.9237368106842	0.0021274990867823
3.9251377582550	0.0022095609456301
3.9265384674072	0.0022900777403265
3.9279394149780	0.0023689577355981
3.9293401241302	0.0024461066350341
3.9307410717010	0.0025214245542884
3.9321420192719	0.0025948048569262
3.9335427284241	0.0026661376468837
3.9349436759949	0.0027353123296052
3.9363443851471	0.0028022215701640
3.9377453327179	0.0028667617589235
3.9391460418701	0.0029288341756910
3.9405469894409	0.0029883459210396
3.9419476985931	0.0030452096834779
3.9433486461639	0.0030993425752968
3.9447493553162	0.0031506652012467
3.9461503028870	0.0031990995630622
3.9475510120392	0.0032445644028485
3.9489519596100	0.0032869740389287
3.9503526687622	0.0033262404613197
3.9517536163330	0.0033622747287154
3.9531543254852	0.0033949955832213
3.9545552730560	0.0034243310801685
3.9559559822083	0.0034502223134041
3.9573569297791	0.0034726196900010
3.9587578773499	0.0034914757125080
3.9601585865021	0.0035067405551672
3.9615595340729	0.0035183555446565
3.9629602432251	0.0035262587480247
3.9643611907959	0.0035303898621351
3.9657618999481	0.0035306983627379
3.9671628475189	0.0035271476954222
3.9685635566711	0.0035197138786316
3.9699645042419	0.0035083808470517
3.9713652133942	0.0034931320697069
3.9727661609650	0.0034739456605166
3.9741668701172	0.0034507964737713
3.9755678176880	0.0034236591309309
3.9769685268402	0.0033925203606486
3.9783694744110	0.0033573834225535
3.9797701835632	0.0033182695042342
3.9811711311340	0.0032752116676420
3.9825718402863	0.0032282439060509
3.9839727878571	0.0031773922964931
3.9853734970093	0.0031226738356054
3.9867744445801	0.0030641006305814
3.9881753921509	0.0030016908422112
3.9895761013031	0.0029354798607528
3.9909770488739	0.0028655261266977
3.9923777580261	0.0027919081039727
3.9937787055969	0.0027147149667144
3.9951794147491	0.0026340349577367
3.9965803623199	0.0025499481707811
3.9979810714722	0.0024625267833471
3.9993820190430	0.0023718406446278
4.0007829666138	0.0022779689170420
4.0021834373474	0.0021810072939843
4.0035843849182	0.0020810693968087
4.0049853324890	0.0019782828167081
4.0063862800598	0.0018727813148871
4.0077867507935	0.0017646976048127
4.0091876983643	0.0016541619552299
4.0105886459351	0.0015413030050695
4.0119895935059	0.0014262545155361
4.0133900642395	0.0013091589789838
4.0147910118103	0.0011901692487299
4.0161919593811	0.0010694457450882
4.0175929069519	0.00094715110026300
4.0189938545227	0.00082344777183607
4.0203943252563	0.00069849740248173
4.0217952728271	0.00057246274081990
4.0231962203979	0.00044551148312166
4.0245971679688	0.00031781723373570
4.0259976387024	0.00018955775885843
4.0273985862732	6.0910835600225e-05
4.0287995338440	-6.7949484218843e-05
4.0302004814148	-0.00019685376901180
4.0316009521484	-0.00032563408603892
4.0330018997192	-0.00045411847531796
4.0344028472900	-0.00058212591102347
4.0358037948608	-0.00070946739288047
4.0372042655945	-0.00083595199976116
4.0386052131653	-0.00096139626111835
4.0400061607361	-0.0010856313165277
4.0414071083069	-0.0012085048947483
4.0428080558777	-0.0013298756675795
4.0442085266113	-0.0014496035873890
4.0456094741821	-0.0015675399918109
4.0470104217529	-0.0016835239948705
4.0484113693237	-0.0017973866779357
4.0498118400574	-0.0019089629640803
4.0512127876282	-0.0020181038416922
4.0526137351990	-0.0021246839314699
4.0540146827698	-0.0022285978775471
4.0554151535034	-0.0023297513835132
4.0568161010742	-0.0024280475918204
4.0582170486450	-0.0025233803316951
4.0596179962158	-0.0026156336534768
4.0610184669495	-0.0027046939358115
4.0624194145203	-0.0027904605958611
4.0638203620911	-0.0028728567995131
4.0652213096619	-0.0029518271330744
4.0666217803955	-0.0030273296870291
4.0680227279663	-0.0030993223190308
4.0694236755371	-0.0031677540391684
4.0708246231079	-0.0032325654756278
4.0722255706787	-0.0032936956267804
4.0736260414124	-0.0033510967623442
4.0750269889832	-0.0034047451335937
4.0764279365540	-0.0034546442329884
4.0778288841248	-0.0035008178092539
4.0792293548584	-0.0035432949662209
4.0806303024292	-0.0035820966586471
4.0820312500000	-0.0036172284744680
4.0834321975708	-0.0036486869212240
4.0848326683044	-0.0036764699034393
4.0862336158752	-0.0037005890626460
4.0876345634460	-0.0037210793234408
4.0890355110168	-0.0037379967980087
4.0904359817505	-0.0037514092400670
4.0918369293213	-0.0037613848689944
4.0932378768921	-0.0037679825909436
4.0946388244629	-0.0037712559569627
4.0960392951965	-0.0037712580524385
4.0974402427673	-0.0037680494133383
4.0988411903381	-0.0037617045454681
4.1002421379089	-0.0037523107603192
4.1016430854797	-0.0037399588618428
4.1030435562134	-0.0037247363943607
4.1044445037842	-0.0037067201919854
4.1058454513550	-0.0036859789397568
4.1072463989258	-0.0036625813227147
4.1086468696594	-0.0036366039421409
4.1100478172302	-0.0036081385333091
4.1114487648010	-0.0035772905685008
4.1128497123718	-0.0035441692452878
4.1142501831055	-0.0035088805016130
4.1156511306763	-0.0034715172369033
4.1170520782471	-0.0034321579150856
4.1184530258179	-0.0033908714540303
4.1198534965515	-0.0033477288670838
4.1212544441223	-0.0033028081525117
4.1226553916931	-0.0032561977859586
4.1240563392639	-0.0032079964876175
4.1254568099976	-0.0031583039090037
4.1268577575684	-0.0031072162091732
4.1282587051392	-0.0030548209324479
4.1296596527100	-0.0030011967755854
4.1310606002808	-0.0029464173130691
4.1324610710144	-0.0028905514627695
4.1338620185852	-0.0028336658142507
4.1352629661560	-0.0027758262585849
4.1366639137268	-0.0027170958928764
4.1380643844604	-0.0026575354859233
4.1394653320312	-0.0025972062721848
4.1408662796021	-0.0025361704174429
4.1422672271729	-0.0024744914844632
4.1436676979065	-0.0024122330360115
4.1450686454773	-0.0023494544439018
4.1464695930481	-0.0022862083278596
4.1478705406189	-0.0022225363645703
4.1492710113525	-0.0021584709174931
4.1506719589233	-0.0020940413232893
4.1520729064941	-0.0020292790140957
4.1534738540649	-0.0019642214756459
4.1548743247986	-0.0018989102682099
4.1562752723694	-0.0018333867192268
4.1576762199402	-0.0017676850548014
4.1590771675110	-0.0017018282087520
4.1604781150818	-0.0016358273569494
4.1618785858154	-0.0015696899499744
4.1632795333862	-0.0015034261159599
4.1646804809570	-0.0014370555290952
4.1660814285278	-0.0013706076424569
4.1674818992615	-0.0013041147030890
4.1688828468323	-0.0012376026716083
4.1702837944031	-0.0011710836552083
4.1716847419739	-0.0011045545106754
4.1730852127075	-0.0010380025487393
4.1744861602783	-0.00097141606966034
4.1758871078491	-0.00090479466598481
4.1772880554199	-0.00083815341349691
4.1786885261536	-0.00077151932055131
4.1800894737244	-0.00070492224767804
4.1814904212952	-0.00063838396454230
4.1828913688660	-0.00057191145606339
4.1842923164368	-0.00050549837760627
4.1856927871704	-0.00043913320405409
4.1870937347412	-0.00037280991091393
4.1884946823120	-0.00030653548310511
4.1898956298828	-0.00024033088993747
4.1912961006165	-0.00017422589007765
4.1926970481873	-0.00010825057688635
4.1940979957581	-4.2428335291333e-05
4.1954989433289	2.3225726181408e-05
4.1968994140625	8.8700384367257e-05
4.1983003616333	0.00015398100367747
4.1997013092041	0.00021904427558184
4.2011022567749	0.00028385713812895
4.2025027275085	0.00034838047577068
4.2039036750793	0.00041257488192059
4.2053046226501	0.00047640546108596
4.2067055702209	0.00053984276019037
4.2081060409546	0.00060285837389529
4.2095069885254	0.00066541822161525
4.2109079360962	0.00072747824015096
4.2123088836670	0.00078898377250880
4.2137098312378	0.00084987451555207
4.2151103019714	0.00091009121388197
4.2165112495422	0.00096958107315004
4.2179121971130	0.0010282984003425
4.2193131446838	0.0010862001217902
4.2207136154175	0.0011432378087193
4.2221145629883	0.0011993518564850
4.2235155105591	0.0012544712517411
4.2249164581299	0.0013085171813145
4.2263169288635	0.0013614115305245
4.2277178764343	0.0014130845665932
4.2291188240051	0.0014634771505371
4.2305197715759	0.0015125378267840
4.2319202423096	0.0015602157218382
4.2333211898804	0.0016064528608695
4.2347221374512	0.0016511814901605
4.2361230850220	0.0016943262889981
4.2375235557556	0.0017358104232699
4.2389245033264	0.0017755629960448
4.2403254508972	0.0018135234713554
4.2417263984680	0.0018496412085369
4.2431273460388	0.0018838697578758
4.2445278167725	0.0019161608070135
4.2459287643433	0.0019464577781036
4.2473297119141	0.0019746972247958
4.2487306594849	0.0020008143037558
4.2501311302185	0.0020247481297702
4.2515320777893	0.0020464479457587
4.2529330253601	0.0020658741705120
4.2543339729309	0.0020829953718930
4.2557344436646	0.0020977817475796
4.2571353912354	0.0021102013997734
4.2585363388062	0.0021202180068940
4.2599372863770	0.0021277950145304
4.2613377571106	0.0021329014562070
4.2627387046814	0.0021355166099966
4.2641396522522	0.0021356304641813
4.2655405998230	0.0021332409232855
4.2669410705566	0.0021283477544785
4.2683420181274	0.0021209453698248
4.2697429656982	0.0021110228262842
4.2711439132690	0.0020985666196793
4.2725448608398	0.0020835688337684
4.2739453315735	0.0020660345908254
4.2753462791443	0.0020459850784391
4.2767472267151	0.0020234531257302
4.2781481742859	0.0019984762184322
4.2795486450195	0.0019710874184966
4.2809495925903	0.0019413090776652
4.2823505401611	0.0019091557478532
4.2837514877319	0.0018746415153146
4.2851519584656	0.0018377896631137
4.2865529060364	0.0017986402381212
4.2879538536072	0.0017572517972440
4.2893548011780	0.0017136939568445
4.2907552719116	0.0016680371481925
4.2921562194824	0.0016203417908400
4.2935571670532	0.0015706549165770
4.2949581146240	0.0015190133126453
4.2963590621948	0.0014654541155323
4.2977595329285	0.0014100265689194
4.2991604804993	0.0013527983101085
4.3005614280701	0.0012938550207764
4.3019623756409	0.0012332914629951
4.3033628463745	0.0011711996048689
4.3047637939453	0.0011076580267400
4.3061647415161	0.0010427306406200
4.3075656890869	0.00097647256916389
4.3089661598206	0.00090894161257893
4.3103671073914	0.00084020860958844
4.3117680549622	0.00077036180300638
4.3131690025330	0.00069950299803168
4.3145694732666	0.00062773609533906
4.3159704208374	0.00055515568237752
4.3173713684082	0.00048184167826548
4.3187723159790	0.00040786134195514
4.3201727867126	0.00033327902201563
4.3215737342834	0.00025816808920354
4.3229746818542	0.00018261859077029
4.3243756294250	0.00010673652286641
4.3257765769958	3.0634852009825e-05
4.3271770477295	-4.5579094148707e-05
4.3285779953003	-0.00012181369675091
4.3299789428711	-0.00019799565779977
4.3313798904419	-0.00027406361186877
4.3327803611755	-0.00034995580790564
4.3341813087463	-0.00042559887515381
4.3355822563171	-0.00050090264994651
4.3369832038879	-0.00057576328981668
4.3383836746216	-0.00065007235389203
4.3397846221924	-0.00072372891008854
4.3411855697632	-0.00079664739314467
4.3425865173340	-0.00086875801207498
4.3439869880676	-0.00093999924138188
4.3453879356384	-0.0010103086242452
4.3467888832092	-0.0010796148562804
4.3481898307800	-0.0011478365631774
4.3495903015137	-0.0012148865498602
4.3509912490845	-0.0012806783197448
4.3523921966553	-0.0013451330596581
4.3537931442261	-0.0014081827830523
4.3551940917969	-0.0014697674196213
4.3565945625305	-0.0015298310900107
4.3579955101013	-0.0015883182641119
4.3593964576721	-0.0016451729461551
4.3607974052429	-0.0017003408866003
4.3621978759766	-0.0017537716776133
4.3635988235474	-0.0018054199172184
4.3649997711182	-0.0018552439287305
4.3664007186890	-0.0019032023847103
4.3678011894226	-0.0019492504652590
4.3692021369934	-0.0019933397416025
4.3706030845642	-0.0020354224834591
4.3720040321350	-0.0020754579454660
4.3734045028687	-0.0021134191192687
4.3748054504395	-0.0021492920350283
4.3762063980103	-0.0021830738987774
4.3776073455811	-0.0022147628478706
4.3790078163147	-0.0022443509660661
4.3804087638855	-0.0022718200925738
4.3818097114563	-0.0022971453145146
4.3832106590271	-0.0023203045129776
4.3846116065979	-0.0023412886075675
4.3860120773315	-0.0023601064458489
4.3874130249023	-0.0023767862003297
4.3888139724731	-0.0023913653567433
4.3902149200439	-0.0024038797710091
4.3916153907776	-0.0024143529590219
4.3930163383484	-0.0024227933026850
4.3944172859192	-0.0024291980080307
4.3958182334900	-0.0024335654452443
4.3972187042236	-0.0024359046947211
4.3986196517944	-0.0024362439289689
4.4000205993652	-0.0024346308782697
4.4014215469360	-0.0024311263114214
4.4028220176697	-0.0024257940240204
4.4042229652405	-0.0024186922237277
4.4056239128113	-0.0024098674766719
4.4070248603821	-0.0023993561044335
4.4084258079529	-0.0023871876765043
4.4098262786865	-0.0023733917623758
4.4112272262573	-0.0023580030538142
4.4126281738281	-0.0023410655558109
4.4140291213989	-0.0023226325865835
4.4154295921326	-0.0023027642164379
4.4168305397034	-0.0022815228439867
4.4182314872742	-0.0022589692380279
4.4196324348450	-0.0022351564839482
4.4210329055786	-0.0022101299837232
4.4224338531494	-0.0021839283872396
4.4238348007202	-0.0021565868519247
4.4252357482910	-0.0021281414665282
4.4266362190247	-0.0020986348390579
4.4280371665955	-0.0020681174937636
4.4294381141663	-0.0020366460084915
4.4308390617371	-0.0020042778924108
4.4322395324707	-0.0019710634369403
4.4336404800415	-0.0019370423397049
4.4350414276123	-0.0019022418418899
4.4364423751831	-0.0018666813848540
4.4378433227539	-0.0018303802935407
4.4392437934875	-0.0017933642957360
4.4406447410583	-0.0017556677339599
4.4420456886292	-0.0017173320520669
4.4434466362000	-0.0016783982282504
4.4448471069336	-0.0016388993244618
4.4462480545044	-0.0015988571103662
4.4476490020752	-0.0015582820633426
4.4490499496460	-0.0015171798877418
4.4504504203796	-0.0014755576848984
4.4518513679504	-0.0014334284933284
4.4532523155212	-0.0013908111723140
4.4546532630920	-0.0013477258617058
4.4560537338257	-0.0013041880447417
4.4574546813965	-0.0012602061033249
4.4588556289673	-0.0012157822493464
4.4602565765381	-0.0011709160171449
4.4616570472717	-0.0011256111320108
4.4630579948425	-0.0010798773728311
4.4644589424133	-0.0010337290586904
4.4658598899841	-0.00098717852961272
4.4672608375549	-0.00094023015117273
4.4686613082886	-0.00089287792798132
4.4700622558594	-0.00084510922897607
4.4714632034302	-0.00079691171413288
4.4728641510010	-0.00074828177457675
4.4742646217346	-0.00069922761758789
4.4756655693054	-0.00064976676367223
4.4770665168762	-0.00059991813031957
4.4784674644470	-0.00054969370830804
4.4798679351807	-0.00049909425433725
4.4812688827515	-0.00044811223051511
4.4826698303223	-0.00039673945866525
4.4840707778931	-0.00034497684100643
4.4854712486267	-0.00029283869662322
4.4868721961975	-0.00024034996749833
4.4882731437683	-0.00018753707990982
4.4896740913391	-0.00013441826740745
4.4910745620728	-8.0999117926694e-05
4.4924755096436	-2.7276308173896e-05
4.4938764572144	2.6751577024697e-05
4.4952774047852	8.1072590546682e-05
4.4966783523560	0.00013565609697253
4.4980788230896	0.00019045699445996
4.4994797706604	0.00024542780010961
4.5008807182312	0.00030053200316615
4.5022816658020	0.00035575151559897
4.5036821365356	0.00041108319419436
4.5050830841064	0.00046652561286464
4.5064840316772	0.00052206299733371
4.5078849792480	0.00057765544624999
4.5092854499817	0.00063324108486995
4.5106863975525	0.00068874965654686
4.5120873451233	0.00074411998502910
4.5134882926941	0.00079931248910725
4.5148887634277	0.00085430953186005
4.5162897109985	0.00090910238213837
4.5176906585693	0.00096367264632136
4.5190916061401	0.0010179772507399
4.5204925537109	0.0010719477431849
4.5218930244446	0.0011255019344389
4.5232939720154	0.0011785632232204
4.5246949195862	0.0012310777092353
4.5260958671570	0.0012830169871449
4.5274963378906	0.0013343680184335
4.5288972854614	0.0013851125258952
4.5302982330322	0.0014352090656757
4.5316991806030	0.0014845873229206
4.5330996513367	0.0015331577742472
4.5345005989075	0.0015808314783499
4.5359015464783	0.0016275398666039
4.5373024940491	0.0016732434742153
4.5387029647827	0.0017179260030389
4.5401039123535	0.0017615742981434
4.5415048599243	0.0018041585572064
4.5429058074951	0.0018456216203049
4.5443062782288	0.0018858835101128
4.5457072257996	0.0019248598255217
4.5471081733704	0.0019624812994152
4.5485091209412	0.0019987055566162
4.5499100685120	0.0020335153676569
4.5513105392456	0.0020669011864811
4.5527114868164	0.0020988401956856
4.5541124343872	0.0021292846649885
4.5555133819580	0.0021581635810435
4.5569138526917	0.0021853996440768
4.5583148002625	0.0022109316196293
4.5597157478333	0.0022347280755639
4.5611166954041	0.0022567880805582
4.5625171661377	0.0022771237418056
4.5639181137085	0.0022957376204431
4.5653190612793	0.0023126041051000
4.5667200088501	0.0023276689462364
4.5681204795837	0.0023408622946590
4.5695214271545	0.0023521224502474
4.5709223747253	0.0023614158853889
4.5723233222961	0.0023687442298979
4.5737237930298	0.0023741337936372
4.5751247406006	0.0023776136804372
4.5765256881714	0.0023791943676770
4.5779266357422	0.0023788574617356
4.5793275833130	0.0023765643127263
4.5807280540466	0.0023722732439637
4.5821290016174	0.0023659619037062
4.5835299491882	0.0023576386738569
4.5849308967590	0.0023473396431655
4.5863313674927	0.0023351118434221
4.5877323150635	0.0023209932260215
4.5891332626343	0.0023049996234477
4.5905342102051	0.0022871240507811
4.5919346809387	0.0022673504427075
4.5933356285095	0.0022456722799689
4.5947365760803	0.0022221051622182
4.5961375236511	0.0021966903004795
4.5975379943848	0.0021694838069379
4.5989389419556	0.0021405422594398
4.6003398895264	0.0021099101286381
4.6017408370972	0.0020776155870408
4.6031413078308	0.0020436770282686
4.6045422554016	0.0020081151742488
4.6059432029724	0.0019709644839168
4.6073441505432	0.0019322758307680
4.6087450981140	0.0018921120790765
4.6101455688477	0.0018505365587771
4.6115465164185	0.0018076045671478
4.6129474639893	0.0017633597599342
4.6143484115601	0.0017178399721161
4.6157488822937	0.0016710847849026
4.6171498298645	0.0016231446061283
4.6185507774353	0.0015740831149742
4.6199517250061	0.0015239726053551
4.6213521957397	0.0014728861860931
4.6227531433105	0.0014208914944902
4.6241540908813	0.0013680475531146
4.6255550384521	0.0013144077965990
4.6269555091858	0.0012600263580680
4.6283564567566	0.0012049627257511
4.6297574043274	0.0011492840712890
4.6311583518982	0.0010930608259514
4.6325592994690	0.0010363610927016
4.6339597702026	0.00097924657166004
4.6353607177734	0.00092177209444344
4.6367616653442	0.00086399016436189
4.6381626129150	0.00080595759209245
4.6395630836487	0.00074773957021534
4.6409640312195	0.00068941013887525
4.6423649787903	0.00063104653963819
4.6437659263611	0.00057272071717307
4.6451663970947	0.00051449309103191
4.6465673446655	0.00045641048927791
4.6479682922363	0.00039851063047536
4.6493692398071	0.00034082998172380
4.6507697105408	0.00028341216966510
4.6521706581116	0.00022631199681200
4.6535716056824	0.00016959413187578
4.6549725532532	0.00011332771100570
4.6563730239868	5.7579229178373e-05
4.6577739715576	2.4072051019175e-06
4.6591749191284	-5.2139745093882e-05
4.6605758666992	-0.00010602176189423
4.6619768142700	-0.00015920429723337
4.6633772850037	-0.00021165475482121
4.6647782325745	-0.00026334007270634
4.6661791801453	-0.00031422590836883
4.6675801277161	-0.00036427608574741
4.6689805984497	-0.00041345268255100
4.6703815460205	-0.00046171544818208
4.6717824935913	-0.00050902296788990
4.6731834411621	-0.00055533502018079
4.6745839118958	-0.00060061539988965
4.6759848594666	-0.00064483395544812
4.6773858070374	-0.00068796792766079
4.6787867546082	-0.00073000037809834
4.6801872253418	-0.00077091692946851
4.6815881729126	-0.00081070116721094
4.6829891204834	-0.00084933202015236
4.6843900680542	-0.00088678376050666
4.6857905387878	-0.00092302903067321
4.6871914863586	-0.00095804326701909
4.6885924339294	-0.00099180743563920
4.6899933815002	-0.0010243088472635
4.6913943290710	-0.0010555385379121
4.6927947998047	-0.0010854875436053
4.6941957473755	-0.0011141442228109
4.6955966949463	-0.0011414948385209
4.6969976425171	-0.0011675256537274
4.6983981132507	-0.0011922268895432
4.6997990608215	-0.0012155940057710
4.7012000083923	-0.0012376278173178
4.7026009559631	-0.0012583303032443
4.7040014266968	-0.0012776998337358
4.7054023742676	-0.0012957287253812
4.7068033218384	-0.0013124044053257
4.7082042694092	-0.0013277127873152
4.7096047401428	-0.0013416437432170
4.7110056877136	-0.0013541938969865
4.7124066352844	-0.0013653673231602
4.7138075828552	-0.0013751713559031
4.7152080535889	-0.0013836123980582
4.7166090011597	-0.0013906927779317
4.7180099487305	-0.0013964102836326
4.7194108963013	-0.0014007614227012
4.7208118438721	-0.0014037465443835
4.7222123146057	-0.0014053720515221
4.7236132621765	-0.0014056502841413
4.7250142097473	-0.0014045957941562
4.7264151573181	-0.0014022188261151
4.7278156280518	-0.0013985224068165
4.7292165756226	-0.0013935025781393
4.7306175231934	-0.0013871525879949
4.7320184707642	-0.0013794687110931
4.7334189414978	-0.0013704551383853
4.7348198890686	-0.0013601245591417
4.7362208366394	-0.0013484944356605
4.7376217842102	-0.0013355810660869
4.7390222549438	-0.0013213953934610
4.7404232025146	-0.0013059421908110
4.7418241500854	-0.0012892239028588
4.7432250976562	-0.0012712465832010
4.7446260452271	-0.0012520231539384
4.7460265159607	-0.0012315744534135
4.7474274635315	-0.0012099232990295
4.7488284111023	-0.0011870887828991
4.7502293586731	-0.0011630806839094
4.7516298294067	-0.0011379000497982
4.7530307769775	-0.0011115447850898
4.7544317245483	-0.0010840183822438
4.7558326721191	-0.0010553364409134
4.7572331428528	-0.0010255275992677
4.7586340904236	-0.00099462736397982
4.7600350379944	-0.00096266809850931
4.7614359855652	-0.00092967081582174
4.7628364562988	-0.00089564203517511
4.7642374038696	-0.00086057942826301
4.7656383514404	-0.00082448252942413
4.7670392990112	-0.00078736391151324
4.7684397697449	-0.00074925459921360
4.7698407173157	-0.00071020005270839
4.7712416648865	-0.00067024881718680
4.7726426124573	-0.00062943930970505
4.7740435600281	-0.00058779219398275
4.7754440307617	-0.00054531177738681
4.7768449783325	-0.00050199608085677
4.7782459259033	-0.00045785092515871
4.7796468734741	-0.00041290075751022
4.7810473442078	-0.00036719115450978
4.7824482917786	-0.00032078087679110
4.7838492393494	-0.00027372740441933
4.7852501869202	-0.00022607366554439
4.7866506576538	-0.00017784230294637
4.7880516052246	-0.00012904129107483
4.7894525527954	-7.9677643952891e-05
4.7908535003662	-2.9772520065308e-05
4.7922539710999	2.0630139260902e-05
4.7936549186707	7.1466012741439e-05
4.7950558662415	0.00012266259000171
4.7964568138123	0.00017415513866581
4.7978572845459	0.00022589841682930
4.7992582321167	0.00027786841383204
4.8006591796875	0.00033005335717462
4.8020601272583	0.00038243838935159
4.8034610748291	0.00043499132152647
4.8048615455627	0.00048765647807159
4.8062624931335	0.00054035993525758
4.8076634407043	0.00059302244335413
4.8090643882751	0.00064557406585664
4.8104648590088	0.00069796299794689
4.8118658065796	0.00075015553738922
4.8132667541504	0.00080212712055072
4.8146677017212	0.00085384876001626
4.8160681724548	0.00090527685824782
4.8174691200256	0.00095634959870949
4.8188700675964	0.0010069932322949
4.8202710151672	0.0010571323800832
4.8216714859009	0.0011066999286413
4.8230724334717	0.0011556426761672
4.8244733810425	0.0012039183638990
4.8258743286133	0.0012514885747805
4.8272747993469	0.0012983100023121
4.8286757469177	0.0013443315401673
4.8300766944885	0.0013894941657782
4.8314776420593	0.0014337372267619
4.8328785896301	0.0014770032139495
4.8342790603638	0.0015192416030914
4.8356800079346	0.0015604066429660
4.8370809555054	0.0016004550270736
4.8384819030762	0.0016393406549469
4.8398823738098	0.0016770130023360
4.8412833213806	0.0017134180525318
4.8426842689514	0.0017485027201474
4.8440852165222	0.0017822206718847
4.8454856872559	0.0018145329086110
4.8468866348267	0.0018454064847901
4.8482875823975	0.0018748098518699
4.8496885299683	0.0019027084344998
4.8510890007019	0.0019290618365631
4.8524899482727	0.0019538269843906
4.8538908958435	0.0019769622012973
4.8552918434143	0.0019984338432550
4.8566923141479	0.0020182162988931
4.8580932617188	0.0020362900104374
4.8594942092896	0.0020526384469122
4.8608951568604	0.0020672427490354
4.8622961044312	0.0020800794009119
4.8636965751648	0.0020911246538162
4.8650975227356	0.0021003584843129
4.8664984703064	0.0021077685523778
4.8678994178772	0.0021133515983820
4.8692998886108	0.0021171097178012
4.8707008361816	0.0021190466359258
4.8721017837524	0.0021191604901105
4.8735027313232	0.0021174433641136
4.8749032020569	0.0021138843148947
4.8763041496277	0.0021084761247039
4.8777050971985	0.0021012215875089
4.8791060447693	0.0020921367686242
4.8805065155029	0.0020812479779124
4.8819074630737	0.0020685850176960
4.8833084106445	0.0020541730336845
4.8847093582153	0.0020380290225148
4.8861103057861	0.0020201620645821
4.8875107765198	0.0020005807746202
4.8889117240906	0.0019793009851128
4.8903126716614	0.0019563506357372
4.8917136192322	0.0019317700061947
4.8931140899658	0.0019056043820456
4.8945150375366	0.0018778975354508
4.8959159851074	0.0018486867193133
4.8973169326782	0.0018180024344474
4.8987174034119	0.0017858733190224
4.9001183509827	0.0017523334827274
4.9015192985535	0.0017174262320623
4.9029202461243	0.0016812041867524
4.9043207168579	0.0016437224112451
4.9057216644287	0.0016050311969593
4.9071226119995	0.0015651732683182
4.9085235595703	0.0015241844812408
4.9099240303040	0.0014821005752310
4.9113249778748	0.0014389657881111
4.9127259254456	0.0013948370469734
4.9141268730164	0.0013497825711966
4.9155278205872	0.0013038737233728
4.9169282913208	0.0012571738334373
4.9183292388916	0.0012097324943170
4.9197301864624	0.0011615855619311
4.9211311340332	0.0011127641191706
4.9225316047668	0.0010633056517690
4.9239325523376	0.0010132631286979
4.9253334999084	0.00096270616631955
4.9267344474792	0.00091171340318397
4.9281349182129	0.00086035853018984
4.9295358657837	0.00080870039528236
4.9309368133545	0.00075677956920117
4.9323377609253	0.00070462457370013
4.9337382316589	0.00065226503647864
4.9351391792297	0.00059974333271384
4.9365401268005	0.00054712023120373
4.9379410743713	0.00049446959747002
4.9393415451050	0.00044186535524204
4.9407424926758	0.00038936792407185
4.9421434402466	0.00033701717620715
4.9435443878174	0.00028483523055911
4.9449453353882	0.00023283844348043
4.9463458061218	0.00018105271738023
4.9477467536926	0.00012952307588421
4.9491477012634	7.8312870755326e-05
4.9505486488342	2.7493244488141e-05
4.9519491195679	-2.2871357941767e-05
4.9533500671387	-7.2734466812108e-05
4.9547510147095	-0.00012206991959829
4.9561519622803	-0.00017086399020627
4.9575524330139	-0.00021910211944487
4.9589533805847	-0.00026675741537474
4.9603543281555	-0.00031378710991703
4.9617552757263	-0.00036013853969052
4.9631557464600	-0.00040576088940725
4.9645566940308	-0.00045061617856845
4.9659576416016	-0.00049468310317025
4.9673585891724	-0.00053795269923285
4.9687590599060	-0.00058041757438332
4.9701600074768	-0.00062206154689193
4.9715609550476	-0.00066285493085161
4.9729619026184	-0.00070275767939165
4.9743628501892	-0.00074172910535708
4.9757633209229	-0.00077973771840334
4.9771642684937	-0.00081676658010110
4.9785652160645	-0.00085281103383750
4.9799661636353	-0.00088786950800568
4.9813666343689	-0.00092193385353312
4.9827675819397	-0.00095498416339979
4.9841685295105	-0.00098699075169861
4.9855694770813	-0.0010179223027080
4.9869699478149	-0.0010477559408173
4.9883708953857	-0.0010764836333692
4.9897718429565	-0.0011041103862226
4.9911727905273	-0.0011306471424177
4.9925732612610	-0.0011561014689505
4.9939742088318	-0.0011804698733613
4.9953751564026	-0.0012037365231663
4.9967761039734	-0.0012258782517165
4.9981770515442	-0.0012468737550080
4.9995775222778	-0.0012667098781094
5.0009784698486	-0.0012853844091296
5.0023794174194	-0.0013029030524194
5.0037803649902	-0.0013192741898820
5.0051808357239	-0.0013345035258681
5.0065817832947	-0.0013485931558535
5.0079827308655	-0.0013615427305922
5.0093836784363	-0.0013733522500843
5.0107841491699	-0.0013840242754668
5.0121850967407	-0.0013935626484454
5.0135860443115	-0.0014019695809111
5.0149869918823	-0.0014092423953116
5.0163874626160	-0.0014153744559735
5.0177884101868	-0.0014203591272235
5.0191893577576	-0.0014241954777390
5.0205903053284	-0.0014268923550844
5.0219907760620	-0.0014284702483565
5.0233917236328	-0.0014289557002485
5.0247926712036	-0.0014283728087321
5.0261936187744	-0.0014267365913838
5.0275945663452	-0.0014240492600948
5.0289950370789	-0.0014203025493771
5.0303959846497	-0.0014154859818518
5.0317969322205	-0.0014095945516601
5.0331978797913	-0.0014026355929673
5.0345983505249	-0.0013946281978860
5.0359992980957	-0.0013855985598639
5.0374002456665	-0.0013755722902715
5.0388011932373	-0.0013645696453750
5.0402016639709	-0.0013526026159525
5.0416026115417	-0.0013396784197539
5.0430035591125	-0.0013258027611300
5.0444045066833	-0.0013109832070768
5.0458049774170	-0.0012952296528965
5.0472059249878	-0.0012785535072908
5.0486068725586	-0.0012609661789611
5.0500078201294	-0.0012424795422703
5.0514082908630	-0.0012231082655489
5.0528092384338	-0.0012028731871396
5.0542101860046	-0.0011818024795502
5.0556111335754	-0.0011599293211475
5.0570120811462	-0.0011372854933143
5.0584125518799	-0.0011138943955302
5.0598134994507	-0.0010897656902671
5.0612144470215	-0.0010648973984644
5.0626153945923	-0.0010392828844488
5.0640158653259	-0.0010129223810509
5.0654168128967	-0.00098583230283111
5.0668177604675	-0.00095804687589407
5.0682187080383	-0.00092961150221527
5.0696191787720	-0.00090057193301618
5.0710201263428	-0.00087096192874014
5.0724210739136	-0.00084079807857051
5.0738220214844	-0.00081008218694478
5.0752224922180	-0.00077881233301014
5.0766234397888	-0.00074699480319396
5.0780243873596	-0.00071465177461505
5.0794253349304	-0.00068182096583769
5.0808258056641	-0.00064854812808335
5.0822267532349	-0.00061487546190619
5.0836277008057	-0.00058083375915885
5.0850286483765	-0.00054644164629281
5.0864295959473	-0.00051171082304791
5.0878300666809	-0.00047665531747043
5.0892310142517	-0.00044129751040600
5.0906319618225	-0.00040567005635239
5.0920329093933	-0.00036981061566621
5.0934333801270	-0.00033375399652869
5.0948343276978	-0.00029752642149106
5.0962352752686	-0.00026114558568224
5.0976362228394	-0.00022462676861323
5.0990366935730	-0.00018799194367602
5.1004376411438	-0.00015127626829781
5.1018385887146	-0.00011452782200649
5.1032395362854	-7.7800308645237e-05
5.1046400070190	-4.1141673136735e-05
5.1060409545898	-4.5851884351578e-06
5.1074419021606	3.1852243409958e-05
5.1088428497314	6.8163186369929e-05
5.1102437973022	0.00010433785064379
5.1116442680359	0.00014035329513717
5.1130452156067	0.00017616950208321
5.1144461631775	0.00021173385903239
5.1158471107483	0.00024699157802388
5.1172475814819	0.00028189682052471
5.1186485290527	0.00031641850364394
5.1200494766235	0.00035053782630712
5.1214504241943	0.00038423956721090
5.1228508949280	0.00041750166565180
5.1242518424988	0.00045028948807158
5.1256527900696	0.00048255757428706
5.1270537376404	0.00051425746642053
5.1284542083740	0.00054534728405997
5.1298551559448	0.00057579734129831
5.1312561035156	0.00060558930272236
5.1326570510864	0.00063470855820924
5.1340575218201	0.00066313438583165
5.1354584693909	0.00069083407288417
5.1368594169617	0.00071776349795982
5.1382603645325	0.00074387481436133
5.1396613121033	0.00076912646181881
5.1410617828369	0.00079349055886269
5.1424627304077	0.00081695313565433
5.1438636779785	0.00083950691623613
5.1452646255493	0.00086114066652954
5.1466650962830	0.00088183151092380
5.1480660438538	0.00090154405916110
5.1494669914246	0.00092023611068726
5.1508679389954	0.00093786919023842
5.1522684097290	0.00095441611483693
5.1536693572998	0.00096986303105950
5.1550703048706	0.00098420481663197
5.1564712524414	0.00099743600003421
5.1578717231750	0.0010095433099195
5.1592726707458	0.0010205042781308
5.1606736183167	0.0010302929440513
5.1620745658875	0.0010388878872618
5.1634750366211	0.0010462797945365
5.1648759841919	0.0010524715762585
5.1662769317627	0.0010574731277302
5.1676778793335	0.0010612900368869
5.1690788269043	0.0010639149695635
5.1704792976379	0.0010653267381713
5.1718802452087	0.0010654969373718
5.1732811927795	0.0010644024005160
5.1746821403503	0.0010620355606079
5.1760826110840	0.0010584094561636
5.1774835586548	0.0010535523761064
5.1788845062256	0.0010474945884198
5.1802854537964	0.0010402554180473
5.1816859245300	0.0010318360291421
5.1830868721008	0.0010222230339423
5.1844878196716	0.0010114007163793
5.1858887672424	0.00099936511833221
5.1872892379761	0.00098613335285336
5.1886901855469	0.00097174244001508
5.1900911331177	0.00095623731613159
5.1914920806885	0.00093965569976717
5.1928925514221	0.00092201697407290
5.1942934989929	0.00090332084801048
5.1956944465637	0.00088355719344690
5.1970953941345	0.00086272205226123
5.1984963417053	0.00084083201363683
5.1998968124390	0.00081792921992019
5.2012977600098	0.00079407251905650
5.2026987075806	0.00076932233059779
5.2040996551514	0.00074372423114255
5.2055001258850	0.00071730080526322
5.2069010734558	0.00069005566183478
5.2083020210266	0.00066198717104271
5.2097029685974	0.00063310528639704
5.2111034393311	0.00060344219673425
5.2125043869019	0.00057305296650156
5.2139053344727	0.00054200401064008
5.2153062820435	0.00051035609794781
5.2167067527771	0.00047815131256357
5.2181077003479	0.00044541025999933
5.2195086479187	0.00041214062366635
5.2209095954895	0.00037835299735889
5.2223105430603	0.00034407526254654
5.2237110137939	0.00030935797258280
5.2251119613647	0.00027426818269305
5.2265129089355	0.00023887540737633
5.2279138565063	0.00020323628268670
5.2293143272400	0.00016738616977818
5.2307152748108	0.00013134189066477
5.2321162223816	9.5113267889246e-05
5.2335171699524	5.8717894717120e-05
5.2349176406860	2.2191112293513e-05
5.2363185882568	-1.4413764802157e-05
5.2377195358276	-5.1034778152825e-05
5.2391204833984	-8.7615051597822e-05
5.2405209541321	-0.00012411348870955
5.2419219017029	-0.00016050695558079
5.2433228492737	-0.00019678287208080
5.2447237968445	-0.00023292620608117
5.2461242675781	-0.00026890810113400
5.2475252151489	-0.00030468247132376
5.2489261627197	-0.00034019173472188
5.2503271102905	-0.00037537913885899
5.2517280578613	-0.00041020137723535
5.2531285285950	-0.00044463429367170
5.2545294761658	-0.00047866930253804
5.2559304237366	-0.00051230203825980
5.2573313713074	-0.00054551992798224
5.2587318420410	-0.00057829404249787
5.2601327896118	-0.00061058031860739
5.2615337371826	-0.00064232840668410
5.2629346847534	-0.00067349465098232
5.2643351554871	-0.00070405151927844
5.2657361030579	-0.00073398917447776
5.2671370506287	-0.00076330831507221
5.2685379981995	-0.00079200859181583
5.2699384689331	-0.00082007859600708
5.2713394165039	-0.00084749242523685
5.2727403640747	-0.00087421340867877
5.2741413116455	-0.00090020429342985
5.2755417823792	-0.00092543743085116
5.2769427299500	-0.00094990106299520
5.2783436775208	-0.00097359716892242
5.2797446250916	-0.00099653284996748
5.2811455726624	-0.0010187111329287
5.2825460433960	-0.0010401234030724
5.2839469909668	-0.0010607502190396
5.2853479385376	-0.0010805667843670
5.2867488861084	-0.0010995513293892
5.2881493568420	-0.0011176929110661
5.2895503044128	-0.0011349916458130
5.2909512519836	-0.0011514549842104
5.2923521995544	-0.0011670900275931
5.2937526702881	-0.0011818979401141
5.2951536178589	-0.0011958711547777
5.2965545654297	-0.0012089968658984
5.2979555130005	-0.0012212626170367
5.2993559837341	-0.0012326615396887
5.3007569313049	-0.0012431952636689
5.3021578788757	-0.0012528717052191
5.3035588264465	-0.0012617001775652
5.3049592971802	-0.0012696866178885
5.3063602447510	-0.0012768313754350
5.3077611923218	-0.0012831308413297
5.3091621398926	-0.0012885815231130
5.3105630874634	-0.0012931851670146
5.3119635581970	-0.0012969500385225
5.3133645057678	-0.0012998902238905
5.3147654533386	-0.0013020189944655
5.3161664009094	-0.0013033454306424
5.3175668716431	-0.0013038709294051
5.3189678192139	-0.0013035910669714
5.3203687667847	-0.0013025006046519
5.3217697143555	-0.0013005982618779
5.3231701850891	-0.0012978907907382
5.3245711326599	-0.0012943921610713
5.3259720802307	-0.0012901201844215
5.3273730278015	-0.0012850910425186
5.3287734985352	-0.0012793148634955
5.3301744461060	-0.0012727956054732
5.3315753936768	-0.0012655339669436
5.3329763412476	-0.0012575315777212
5.3343772888184	-0.0012487953063101
5.3357777595520	-0.0012393378419802
5.3371787071228	-0.0012291746679693
5.3385796546936	-0.0012183199869469
5.3399806022644	-0.0012067839270458
5.3413810729980	-0.0011945716105402
5.3427820205688	-0.0011816859478131
5.3441829681396	-0.0011681315954775
5.3455839157104	-0.0011539191473275
5.3469843864441	-0.0011390654835850
5.3483853340149	-0.0011235906276852
5.3497862815857	-0.0011075123911723
5.3511872291565	-0.0010908429976553
5.3525876998901	-0.0010735868709162
5.3539886474609	-0.0010557437781245
5.3553895950317	-0.0010373145341873
5.3567905426025	-0.0010183071717620
5.3581910133362	-0.00099873985163867
5.3595919609070	-0.00097863818518817
5.3609929084778	-0.00095803081057966
5.3623938560486	-0.00093694147653878
5.3637948036194	-0.00091538392007351
5.3651952743530	-0.00089336157543585
5.3665962219238	-0.00087087112478912
5.3679971694946	-0.00084791000699624
5.3693981170654	-0.00082448316970840
5.3707985877991	-0.00080060737673193
5.3721995353699	-0.00077630981104448
5.3736004829407	-0.00075162178836763
5.3750014305115	-0.00072657247073948
5.3764019012451	-0.00070118356961757
5.3778028488159	-0.00067546742502600
5.3792037963867	-0.00064942979952320
5.3806047439575	-0.00062307505868375
5.3820052146912	-0.00059641199186444
5.3834061622620	-0.00056945678079501
5.3848071098328	-0.00054223177721724
5.3862080574036	-0.00051476259250194
5.3876085281372	-0.00048707309179008
5.3890094757080	-0.00045918265823275
5.3904104232788	-0.00043110555270687
5.3918113708496	-0.00040285347495228
5.3932123184204	-0.00037443882320076
5.3946127891541	-0.00034587783738971
5.3960137367249	-0.00031719208345748
5.3974146842957	-0.00028840717277490
5.3988156318665	-0.00025954988086596
5.4002161026001	-0.00023064510605764
5.4016170501709	-0.00020171373034827
5.4030179977417	-0.00017277224105783
5.4044189453125	-0.00014383444795385
5.4058194160461	-0.00011491424083943
5.4072203636169	-8.6028208897915e-05
5.4086213111877	-5.7196994021069e-05
5.4100222587585	-2.8444879717426e-05
5.4114227294922	2.0211246010149e-07
5.4128236770630	2.8718297471642e-05
5.4142246246338	5.7079683756456e-05
5.4156255722046	8.5264124209061e-05
5.4170260429382	0.00011325067316648
5.4184269905090	0.00014101894339547
5.4198279380798	0.00016854841669556
5.4212288856506	0.00019581834203564
5.4226298332214	0.00022280818666331
5.4240303039551	0.00024949829094112
5.4254312515259	0.00027586991200224
5.4268321990967	0.00030190459801815
5.4282331466675	0.00032758247107267
5.4296336174011	0.00035288100480102
5.4310345649719	0.00037777487887070
5.4324355125427	0.00040223746327683
5.4338364601135	0.00042624311754480
5.4352369308472	0.00044976969365962
5.4366378784180	0.00047279955470003
5.4380388259888	0.00049531809054315
5.4394397735596	0.00051731115672737
5.4408402442932	0.00053876161109656
5.4422411918640	0.00055964745115489
5.4436421394348	0.00057994225062430
5.4450430870056	0.00059961923398077
5.4464435577393	0.00061865517636761
5.4478445053101	0.00063703441992402
5.4492454528809	0.00065474800067022
5.4506464004517	0.00067179044708610
5.4520473480225	0.00068815407576039
5.4534478187561	0.00070382474223152
5.4548487663269	0.00071878021117300
5.4562497138977	0.00073299300856888
5.4576506614685	0.00074643699917942
5.4590511322021	0.00075909349834546
5.4604520797729	0.00077095476444811
5.4618530273438	0.00078202213626355
5.4632539749146	0.00079229963012040
5.4646544456482	0.00080178666394204
5.4660553932190	0.00081047229468822
5.4674563407898	0.00081833521835506
5.4688572883606	0.00082534999819472
5.4702577590942	0.00083149533020332
5.4716587066650	0.00083676166832447
5.4730596542358	0.00084115314530209
5.4744606018066	0.00084468326531351
5.4758615493774	0.00084736617282033
5.4772620201111	0.00084920821245760
5.4786629676819	0.00085020414553583
5.4800639152527	0.00085033971117809
5.4814648628235	0.00084959855303168
5.4828653335571	0.00084797147428617
5.4842662811279	0.00084546091966331
5.4856672286987	0.00084208045154810
5.4870681762695	0.00083784881280735
5.4884686470032	0.00083278119564056
5.4898695945740	0.00082688499242067
5.4912705421448	0.00082015956286341
5.4926714897156	0.00081260147271678
5.4940719604492	0.00080421159509569
5.4954729080200	0.00079500093124807
5.4968738555908	0.00078499014489353
5.4982748031616	0.00077420397428796
5.4996752738953	0.00076266465475783
5.5010762214661	0.00075038668001071
5.5024771690369	0.00073737633647397
5.5038781166077	0.00072363659273833
5.5052790641785	0.00070917408447713
5.5066795349121	0.00069400516804308
5.5080804824829	0.00067815661896020
5.5094814300537	0.00066166016040370
5.5108823776245	0.00064454507082701
5.5122828483582	0.00062683253781870
5.5136837959290	0.00060853501781821
5.5150847434998	0.00058966106735170
5.5164856910706	0.00057022296823561
5.5178861618042	0.00055024179164320
5.5192871093750	0.00052974931895733
5.5206880569458	0.00050878257025033
5.5220890045166	0.00048737577162683
5.5234894752502	0.00046555366134271
5.5248904228210	0.00044333122787066
5.5262913703918	0.00042071874486282
5.5276923179626	0.00039773047319613
5.5290927886963	0.00037439152947627
5.5304937362671	0.00035073899198323
5.5318946838379	0.00032681593438610
5.5332956314087	0.00030266190879047
5.5346965789795	0.00027830468025059
5.5360970497131	0.00025375853874721
5.5374979972839	0.00022902931959834
5.5388989448547	0.00020412426965777
5.5402998924255	0.00017906136054080
5.5417003631592	0.00015387267922051
5.5431013107300	0.00012860012066085
5.5445022583008	0.00010328573989682
5.5459032058716	7.7962329669390e-05
5.5473036766052	5.2649433200713e-05
5.5487046241760	2.7357167709852e-05
5.5501055717468	2.0954212232027e-06
5.5515065193176	-2.3117441742215e-05
5.5529069900513	-4.8251338739647e-05
5.5543079376221	-7.3268194682896e-05
5.5557088851929	-9.8131204140373e-05
5.5571098327637	-0.00012281429371797
5.5585103034973	-0.00014730609836988
5.5599112510681	-0.00017160511924885
5.5613121986389	-0.00019570830045268
5.5627131462097	-0.00021960004232824
5.5641140937805	-0.00024324837431777
5.5655145645142	-0.00026661035371944
5.5669155120850	-0.00028964437660761
5.5683164596558	-0.00031232245964929
5.5697174072266	-0.00033463651197962
5.5711178779602	-0.00035659407149069
5.5725188255310	-0.00037820552824996
5.5739197731018	-0.00039946957258508
5.5753207206726	-0.00042036455124617
5.5767211914062	-0.00044085050467402
5.5781221389771	-0.00046088200178929
5.5795230865479	-0.00048042376874946
5.5809240341187	-0.00049946235958487
5.5823245048523	-0.00051800598157570
5.5837254524231	-0.00053607369773090
5.5851263999939	-0.00055367813911289
5.5865273475647	-0.00057081313570961
5.5879282951355	-0.00058744999114424
5.5893287658691	-0.00060354702873155
5.5907297134399	-0.00061906571500003
5.5921306610107	-0.00063398503698409
5.5935316085815	-0.00064830703195184
5.5949320793152	-0.00066204997710884
5.5963330268860	-0.00067523401230574
5.5977339744568	-0.00068786676274613
5.5991349220276	-0.00069993629585952
5.6005353927612	-0.00071141566149890
5.6019363403320	-0.00072227517375723
5.6033372879028	-0.00073249608976766
5.6047382354736	-0.00074207637226209
5.6061387062073	-0.00075102760456502
5.6075396537781	-0.00075936375651509
5.6089406013489	-0.00076708849519491
5.6103415489197	-0.00077418907312676
5.6117420196533	-0.00078064046101645
5.6131429672241	-0.00078641733853146
5.6145439147949	-0.00079150713281706
5.6159448623657	-0.00079591752728447
5.6173458099365	-0.00079967326018959
5.6187462806702	-0.00080280308611691
5.6201472282410	-0.00080532411811873
5.6215481758118	-0.00080723245628178
5.6229491233826	-0.00080850435188040
5.6243495941162	-0.00080910848919302
5.6257505416870	-0.00080902164336294
5.6271514892578	-0.00080824078759179
5.6285524368286	-0.00080678518861532
5.6299529075623	-0.00080468703527004
5.6313538551331	-0.00080197537317872
5.6327548027039	-0.00079866283340380
5.6341557502747	-0.00079474074300379
5.6355562210083	-0.00079018488759175
5.6369571685791	-0.00078496988862753
5.6383581161499	-0.00077908346429467
5.6397590637207	-0.00077253370545805
5.6411595344543	-0.00076534599065781
5.6425604820251	-0.00075755151920021
5.6439614295959	-0.00074917409801856
5.6453623771667	-0.00074022123590112
5.6467633247375	-0.00073068420169875
5.6481637954712	-0.00072054652264342
5.6495647430420	-0.00070979591691867
5.6509656906128	-0.00069843337405473
5.6523666381836	-0.00068647478474304
5.6537671089172	-0.00067394593497738
5.6551680564880	-0.00066087220329791
5.6565690040588	-0.00064726994605735
5.6579699516296	-0.00063314271392301
5.6593704223633	-0.00061848404584453
5.6607713699341	-0.00060328555991873
5.6621723175049	-0.00058754580095410
5.6635732650757	-0.00057127507170662
5.6649737358093	-0.00055449444334954
5.6663746833801	-0.00053722981829196
5.6677756309509	-0.00051950349006802
5.6691765785217	-0.00050132960313931
5.6705770492554	-0.00048271243576892
5.6719779968262	-0.00046364992158487
5.6733789443970	-0.00044414034346119
5.6747798919678	-0.00042418896919116
5.6761808395386	-0.00040381110738963
5.6775813102722	-0.00038303041947074
5.6789822578430	-0.00036187452496961
5.6803832054138	-0.00034036941360682
5.6817841529846	-0.00031853429391049
5.6831846237183	-0.00029637990519404
5.6845855712891	-0.00027391122421250
5.6859865188599	-0.00025113264564425
5.6873874664307	-0.00022805310436524
5.6887879371643	-0.00020468942238949
5.6901888847351	-0.00018106591596734
5.6915898323059	-0.00015721037925687
5.6929907798767	-0.00013314830721356
5.6943912506104	-0.00010889828263316
5.6957921981812	-8.4471161244437e-05
5.6971931457520	-5.9872931160498e-05
5.6985940933228	-3.5110293538310e-05
5.6999950408936	-1.0196851690125e-05
5.7013955116272	1.4843425560684e-05
5.7027964591980	3.9977421693038e-05
5.7041974067688	6.5168453147635e-05
5.7055983543396	9.0383793576621e-05
5.7069988250732	0.00011560076382011
5.7083997726440	0.00014080807159189
5.7098007202148	0.00016600165690761
5.7112016677856	0.00019117741612718
5.7126021385193	0.00021632398420479
5.7140030860901	0.00024141924222931
5.7154040336609	0.00026643200544640
5.7168049812317	0.00029132765484974
5.7182054519653	0.00031607534037903
5.7196063995361	0.00034065244835801
5.7210073471069	0.00036504399031401
5.7224082946777	0.00038923753891140
5.7238087654114	0.00041321708704345
5.7252097129822	0.00043695946806110
5.7266106605530	0.00046043496695347
5.7280116081238	0.00048361188964918
5.7294125556946	0.00050646293675527
5.7308130264282	0.00052896916167811
5.7322139739990	0.00055112037807703
5.7336149215698	0.00057290960103273
5.7350158691406	0.00059432629495859
5.7364163398743	0.00061535212444142
5.7378172874451	0.00063596112886444
5.7392182350159	0.00065612467005849
5.7406191825867	0.00067581795156002
5.7420196533203	0.00069502380210906
5.7434206008911	0.00071373209357262
5.7448215484619	0.00073193374555558
5.7462224960327	0.00074961304198951
5.7476229667664	0.00076674483716488
5.7490239143372	0.00078329612733796
5.7504248619080	0.00079923472367227
5.7518258094788	0.00081453868187964
5.7532262802124	0.00082920287968591
5.7546272277832	0.00084323703777045
5.7560281753540	0.00085665704682469
5.7574291229248	0.00086947157979012
5.7588300704956	0.00088167196372524
5.7602305412292	0.00089322909479961
5.7616314888000	0.00090410199481994
5.7630324363708	0.00091425195569173
5.7644333839417	0.00092365540331230
5.7658338546753	0.00093230989295989
5.7672348022461	0.00094023061683401
5.7686357498169	0.00094743818044662
5.7700366973877	0.00095394544769078
5.7714371681213	0.00095974956639111
5.7728381156921	0.00096483132801950
5.7742390632629	0.00096916442271322
5.7756400108337	0.00097272649873048
5.7770404815674	0.00097550859209150
5.7784414291382	0.00097751698922366
5.7798423767090	0.00097876763902605
5.7812433242798	0.00097927777096629
5.7826437950134	0.00097905623260885
5.7840447425842	0.00097810174338520
5.7854456901550	0.00097640644526109
5.7868466377258	0.00097396248020232
5.7882475852966	0.00097076862584800
5.7896480560303	0.00096683116862550
5.7910490036011	0.00096216134261340
5.7924499511719	0.00095676991622895
5.7938508987427	0.00095066300127655
5.7952513694763	0.00094384234398603
5.7966523170471	0.00093630922492594
5.7980532646179	0.00092806981410831
5.7994542121887	0.00091913808137178
5.8008546829224	0.00090953451581299
5.8022556304932	0.00089928047964349
5.8036565780640	0.00088839262025431
5.8050575256348	0.00087687862105668
5.8064579963684	0.00086473824921995
5.8078589439392	0.00085196917643771
5.8092598915100	0.00083857530262321
5.8106608390808	0.00082457158714533
5.8120617866516	0.00080998439807445
5.8134622573853	0.00079484598245472
5.8148632049561	0.00077918701572344
5.8162641525269	0.00076303060632199
5.8176651000977	0.00074639089871198
5.8190655708313	0.00072927569271997
5.8204665184021	0.00071169203147292
5.8218674659729	0.00069365120725706
5.8232684135437	0.00067517044954002
5.8246688842773	0.00065627112053335
5.8260698318481	0.00063697510631755
5.8274707794189	0.00061730179004371
5.8288717269897	0.00059726787731051
5.8302721977234	0.00057688995730132
5.8316731452942	0.00055618805345148
5.8330740928650	0.00053518678760156
5.8344750404358	0.00051391409942880
5.8358755111694	0.00049239781219512
5.8372764587402	0.00047066193656065
5.8386774063110	0.00044872501166537
5.8400783538818	0.00042660109465942
5.8414793014526	0.00040430351509713
5.8428797721863	0.00038184894947335
5.8442807197571	0.00035925948759541
5.8456816673279	0.00033656068262644
5.8470826148987	0.00031377773848362
5.8484830856323	0.00029093198827468
5.8498840332031	0.00026804016670212
5.8512849807739	0.00024511697120033
5.8526859283447	0.00022217960213311
5.8540863990784	0.00019925122614950
5.8554873466492	0.00017636056873016
5.8568882942200	0.00015353798517026
5.8582892417908	0.00013080966891721
5.8596897125244	0.00010819331509992
5.8610906600952	8.5697516624350e-05
5.8624916076660	6.3326027884614e-05
5.8638925552368	4.1084993426921e-05
5.8652930259705	1.8989228919963e-05
5.8666939735413	-2.9361667657213e-06
5.8680949211121	-2.4659995688125e-05
5.8694958686829	-4.6152170398273e-05
5.8708968162537	-6.7390297772363e-05
5.8722972869873	-8.8362525275443e-05
5.8736982345581	-0.00010906478564721
5.8750991821289	-0.00012949395750184
5.8765001296997	-0.00014964111323934
5.8779006004333	-0.00016948829579633
5.8793015480042	-0.00018901035946328
5.8807024955750	-0.00020818058692385
5.8821034431458	-0.00022697741223965
5.8835039138794	-0.00024538842262700
5.8849048614502	-0.00026340963086113
5.8863058090210	-0.00028104084776714
5.8877067565918	-0.00029827997786924
5.8891072273254	-0.00031511875567958
5.8905081748962	-0.00033154280390590
5.8919091224670	-0.00034753466024995
5.8933100700378	-0.00036307823029347
5.8947105407715	-0.00037816126132384
5.8961114883423	-0.00039277522591874
5.8975124359131	-0.00040691293543205
5.8989133834839	-0.00042056626989506
5.9003143310547	-0.00043372562504373
5.9017148017883	-0.00044638116378337
5.9031157493591	-0.00045852569746785
5.9045166969299	-0.00047015689779073
5.9059176445007	-0.00048127654008567
5.9073181152344	-0.00049188645789400
5.9087190628052	-0.00050198403187096
5.9101200103760	-0.00051155895926058
5.9115209579468	-0.00052059459267184
5.9129214286804	-0.00052907224744558
5.9143223762512	-0.00053697801195085
5.9157233238220	-0.00054430699674413
5.9171242713928	-0.00055106368381530
5.9185247421265	-0.00055725779384375
5.9199256896973	-0.00056289840722457
5.9213266372681	-0.00056798872537911
5.9227275848389	-0.00057252449914813
5.9241285324097	-0.00057649688096717
5.9255290031433	-0.00057989754714072
5.9269299507141	-0.00058272283058614
5.9283308982849	-0.00058497436111793
5.9297318458557	-0.00058665662072599
5.9311323165894	-0.00058777246158570
5.9325332641602	-0.00058832002105191
5.9339342117310	-0.00058829365298152
5.9353351593018	-0.00058768742019311
5.9367356300354	-0.00058649957645684
5.9381365776062	-0.00058473495300859
5.9395375251770	-0.00058240408543497
5.9409384727478	-0.00057951908092946
5.9423389434814	-0.00057608803035691
5.9437398910522	-0.00057211174862459
5.9451408386230	-0.00056758482242003
5.9465417861938	-0.00056250020861626
5.9479422569275	-0.00055685552069917
5.9493432044983	-0.00055065657943487
5.9507441520691	-0.00054391595767811
5.9521450996399	-0.00053664832375944
5.9535460472107	-0.00052886537741870
5.9549465179443	-0.00052057241555303
5.9563474655151	-0.00051176943816245
5.9577484130859	-0.00050245615420863
5.9591493606567	-0.00049263716209680
5.9605498313904	-0.00048232480185106
5.9619507789612	-0.00047153656487353
5.9633517265320	-0.00046029002987780
5.9647526741028	-0.00044859663466923
5.9661531448364	-0.00043645914411172
5.9675540924072	-0.00042387389112264
5.9689550399780	-0.00041083732503466
5.9703559875488	-0.00039735372411087
5.9717564582825	-0.00038343924097717
5.9731574058533	-0.00036911899223924
5.9745583534241	-0.00035441946238279
5.9759593009949	-0.00033936061663553
5.9773597717285	-0.00032395159360021
5.9787607192993	-0.00030819245148450
5.9801616668701	-0.00029208135674708
5.9815626144409	-0.00027562331524678
5.9829635620117	-0.00025883517810144
5.9843640327454	-0.00024174409918487
5.9857649803162	-0.00022438001178671
5.9871659278870	-0.00020676691201515
5.9885668754578	-0.00018891746003646
5.9899673461914	-0.00017083394050132
5.9913682937622	-0.00015251542208716
5.9927692413330	-0.00013396723079495
5.9941701889038	-0.00011520730913617
5.9955706596375	-9.6265663160011e-05
5.9969716072083	-7.7176810009405e-05
5.9983725547791	-5.7969678891823e-05
