        Time / ns                i1/real
----------------------------------------------------------------------
                       0                   1.4106301e-18
             0.001133146                   1.4106301e-18
             0.002266292                   1.4106301e-18
            0.0033994378                   1.4106301e-18
             0.004532584                   1.4106301e-18
            0.0056657298                   1.4106301e-18
            0.0067988755                   1.4106301e-18
            0.0079320213                   1.4106301e-18
             0.009065168                   1.4106301e-18
             0.010198314                   1.4106301e-18
              0.01133146                   1.4106301e-18
             0.012464605                   1.4106301e-18
             0.013597751                   1.4106301e-18
             0.014730898                   1.4106301e-18
             0.015864043                   1.4106301e-18
              0.01699719                   1.4106301e-18
             0.018130336                   1.4106301e-18
             0.019263482                   1.4106301e-18
             0.020396627                   1.4106301e-18
             0.021529773                   1.4106301e-18
             0.022662919                   1.4106301e-18
             0.023796065                   1.4106301e-18
             0.024929211                   1.4106301e-18
             0.026062356                   1.4106301e-18
             0.027195502                   1.4106301e-18
              0.02832865                   1.4106301e-18
             0.029461795                   1.4106301e-18
             0.030594941                   1.4106301e-18
             0.031728085                   1.4106301e-18
             0.032861233                   1.4106301e-18
              0.03399438                   1.4106301e-18
             0.035127524                   1.4106301e-18
             0.036260672                   1.4106301e-18
             0.037393816                   1.4106301e-18
             0.038526963                   1.4106301e-18
             0.039660107                   1.4106301e-18
             0.040793255                   1.4106301e-18
             0.041926399                   1.4106301e-18
             0.043059547                   1.4106301e-18
              0.04419269                   1.4106301e-18
             0.045325838                   1.4106301e-18
             0.046458986                   1.4106301e-18
              0.04759213                   1.4106301e-18
             0.048725277                   1.4106301e-18
             0.049858421                   1.4106301e-18
             0.050991569                   1.4106301e-18
             0.052124713                   1.4106301e-18
              0.05325786                   1.4106301e-18
             0.054391004                   1.4106301e-18
             0.055524152                   1.4106301e-18
             0.056657299                   1.4106301e-18
             0.057790443                   1.4106301e-18
             0.058923591                   1.4106301e-18
             0.060056735                   1.4106301e-18
             0.061189882                   1.4106301e-18
             0.062323026                   1.4106301e-18
              0.06345617                   1.4106301e-18
             0.064589322                   1.4106301e-18
             0.065722466                   1.4106301e-18
             0.066855609                   1.4106301e-18
             0.067988761                   1.4106301e-18
             0.069121905                   1.4106301e-18
             0.070255049                   1.4106301e-18
             0.071388192                   1.4106301e-18
             0.072521344                   1.4106301e-18
             0.073654488                   1.4106301e-18
             0.074787632                   1.4106301e-18
             0.075920776                   1.4106301e-18
             0.077053927                   1.4106301e-18
             0.078187071                   1.4106301e-18
             0.079320215                   1.4106302e-18
             0.080453366                   1.4106302e-18
              0.08158651                   1.4106302e-18
             0.082719654                   1.4106302e-18
             0.083852798                   1.4106302e-18
             0.084985949                   1.4106302e-18
             0.086119093                   1.4106302e-18
             0.087252237                   1.4106303e-18
             0.088385381                   1.4106303e-18
             0.089518532                   1.4106304e-18
             0.090651676                   1.4106305e-18
              0.09178482                   1.4106306e-18
             0.092917971                   1.4106307e-18
             0.094051115                   1.4106309e-18
             0.095184259                   1.4106311e-18
             0.096317403                   1.4106313e-18
             0.097450554                   1.4106317e-18
             0.098583698                   1.4106323e-18
             0.099716842                   1.4106329e-18
              0.10084999                   1.4106336e-18
              0.10198314                   1.4106346e-18
              0.10311628                    1.410636e-18
              0.10424943                   1.4106376e-18
              0.10538258                   1.4106398e-18
              0.10651572                   1.4106426e-18
              0.10764886                   1.4106462e-18
              0.10878201                   1.4106509e-18
              0.10991516                   1.4106568e-18
               0.1110483                   1.4106644e-18
              0.11218145                   1.4106741e-18
               0.1133146                   1.4106866e-18
              0.11444774                   1.4107027e-18
              0.11558089                   1.4107231e-18
              0.11671403                   1.4107493e-18
              0.11784718                   1.4107827e-18
              0.11898033                   1.4108254e-18
              0.12011347                     1.41088e-18
              0.12124661                   1.4109495e-18
              0.12237976                   1.4110382e-18
              0.12351291                   1.4111512e-18
              0.12464605                    1.411295e-18
               0.1257792                    1.411478e-18
              0.12691234                   1.4117111e-18
               0.1280455                    1.412007e-18
              0.12917864                    1.412383e-18
              0.13031179                   1.4128606e-18
              0.13144493                   1.4134663e-18
              0.13257807                   1.4142341e-18
              0.13371122                   1.4152082e-18
              0.13484436                   1.4164409e-18
              0.13597752                   1.4180011e-18
              0.13711067                   1.4199766e-18
              0.13824381                   1.4224721e-18
              0.13937695                   1.4256252e-18
               0.1405101                   1.4296102e-18
              0.14164324                   1.4346353e-18
              0.14277638                    1.440973e-18
              0.14390953                   1.4489682e-18
              0.14504269                   1.4590324e-18
              0.14617583                   1.4717032e-18
              0.14730898                   1.4876584e-18
              0.14844212                   1.5077064e-18
              0.14957526                    1.532902e-18
              0.15070841                   1.5645709e-18
              0.15184155                   1.6042921e-18
              0.15297471                   1.6541235e-18
              0.15410785                   1.7166438e-18
                0.155241                   1.7949203e-18
              0.15637414                    1.892946e-18
              0.15750729                   2.0157083e-18
              0.15864043                   2.1691335e-18
              0.15977357                   2.3609263e-18
              0.16090673                   2.6006798e-18
              0.16203988                   2.8997807e-18
              0.16317302                   3.2730139e-18
              0.16430616                   3.7387298e-18
              0.16543931                   4.3186835e-18
              0.16657245                   5.0410909e-18
               0.1677056                   5.9408595e-18
              0.16883875                   7.0593264e-18
               0.1699719                   8.4500412e-18
              0.17110504                   1.0179037e-17
              0.17223819                   1.2324425e-17
              0.17337133                   1.4987275e-17
              0.17450447                   1.8291804e-17
              0.17563762                   2.2384793e-17
              0.17677076                   2.7455948e-17
              0.17790392                    3.373764e-17
              0.17903706                   4.1504164e-17
              0.18017021                   5.1109617e-17
              0.18130335                   6.2986277e-17
               0.1824365                   7.7643891e-17
              0.18356964                   9.5739717e-17
              0.18470278                   1.1807347e-16
              0.18583594                   1.4558715e-16
              0.18696909                   1.7949404e-16
              0.18810223                   2.2126528e-16
              0.18923537                   2.7263209e-16
              0.19036852                   3.3582162e-16
              0.19150166                   4.1352516e-16
              0.19263481                   5.0890655e-16
              0.19376796                   6.2603141e-16
              0.19490111                   7.6979556e-16
              0.19603425                   9.4594882e-16
               0.1971674                   1.1618717e-15
              0.19830054                   1.4264204e-15
              0.19943368                   1.7499865e-15
              0.20056683                    2.145893e-15
              0.20169997                    2.630071e-15
              0.20283313                   3.2211956e-15
              0.20396627                   3.9431832e-15
              0.20509942                   4.8245315e-15
              0.20623256                   5.8986146e-15
              0.20736571                   7.2081259e-15
              0.20849885                   8.8037555e-15
              0.20963199                   1.0744812e-14
              0.21076515                   1.3107084e-14
               0.2118983                   1.5980225e-14
              0.21303144                   1.9469047e-14
              0.21416458                   2.3707331e-14
              0.21529773                   2.8852761e-14
              0.21643087                   3.5089512e-14
              0.21756402                   4.2652419e-14
              0.21869718                   5.1817247e-14
              0.21983032                   6.2905823e-14
              0.22096346                    7.632805e-14
              0.22209661                   9.2563483e-14
              0.22322975                   1.1217132e-13
              0.22436289                   1.3586301e-13
              0.22549604                   1.6446782e-13
               0.2266292                   1.9895188e-13
              0.22776234                   2.4054315e-13
              0.22889549                   2.9066742e-13
              0.23002863                    3.509846e-13
              0.23116177                    4.236021e-13
              0.23229492                   5.1095749e-13
              0.23342806                   6.1588652e-13
               0.2345612                   7.4198557e-13
              0.23569436                   8.9339837e-13
              0.23682751                    1.074942e-12
              0.23796065                   1.2927192e-12
               0.2390938                   1.5537339e-12
              0.24022694                   1.8661227e-12
              0.24136008                   2.2401829e-12
              0.24249323                   2.6876856e-12
              0.24362639                   3.2222961e-12
              0.24475953                   3.8612911e-12
              0.24589267                   4.6243404e-12
              0.24702582                   5.5342649e-12
              0.24815896                   6.6198865e-12
              0.24929211                   7.9138874e-12
              0.25042525                   9.4541588e-12
              0.25155839                   1.1288513e-11
              0.25269154                   1.3470938e-11
              0.25382468                   1.6063994e-11
              0.25495782                   1.9146539e-11
                0.256091                   2.2807251e-11
              0.25722414                   2.7148825e-11
              0.25835729                   3.2300586e-11
              0.25949043                   3.8407347e-11
              0.26062357                   4.5636734e-11
              0.26175672                   5.4199614e-11
              0.26288986                   6.4331117e-11
              0.26402301                   7.6303276e-11
              0.26515615                   9.0457968e-11
              0.26628929                   1.0717475e-10
              0.26742244                   1.2689255e-10
              0.26855558                   1.5016247e-10
              0.26968873                   1.7759366e-10
              0.27082187                    2.098903e-10
              0.27195504                   2.4793562e-10
              0.27308819                   2.9270167e-10
              0.27422133                    3.453115e-10
              0.27535447                    4.071726e-10
              0.27648762                   4.7982696e-10
              0.27762076                   5.6505556e-10
              0.27875391                   6.6508821e-10
              0.27988705                   7.8235685e-10
              0.28102019                   9.1966923e-10
              0.28215334                   1.0805379e-09
              0.28328648                   1.2687756e-09
              0.28441963                   1.4887835e-09
              0.28555277                   1.7460625e-09
              0.28668591                   2.0465551e-09
              0.28781906                   2.3971203e-09
              0.28895223                   2.8063218e-09
              0.29008538                   3.2833689e-09
              0.29121852                   3.8388865e-09
              0.29235166                   4.4861319e-09
              0.29348481                    5.239289e-09
              0.29461795                   6.1147234e-09
              0.29575109                   7.1328357e-09
              0.29688424                   8.3153457e-09
              0.29801738                   9.6873114e-09
              0.29915053                   1.1279942e-08
              0.30028367                   1.3126302e-08
              0.30141681                   1.5264529e-08
              0.30254996                    1.774209e-08
               0.3036831                   2.0609017e-08
              0.30481628                   2.3923016e-08
              0.30594942                    2.775586e-08
              0.30708256                   3.2182793e-08
              0.30821571                   3.7290622e-08
              0.30934885                   4.3187217e-08
                0.310482                   4.9985079e-08
              0.31161514                   5.7814006e-08
              0.31274828                    6.683517e-08
              0.31388143                   7.7215745e-08
              0.31501457                   8.9148671e-08
              0.31614771                   1.0287332e-07
              0.31728086                   1.1863663e-07
                0.318414                   1.3672364e-07
              0.31954715                   1.5748778e-07
              0.32068029                   1.8129157e-07
              0.32181346                   2.0855363e-07
              0.32294661                   2.3979263e-07
              0.32407975                   2.7553756e-07
               0.3252129                   3.1639948e-07
              0.32634604                     3.63135e-07
              0.32747918                   4.1651131e-07
              0.32861233                   4.7741497e-07
              0.32974547                   5.4694306e-07
              0.33087862                   6.2620126e-07
              0.33201176                   7.1646809e-07
               0.3331449                   8.1932467e-07
              0.33427805                   9.3635487e-07
              0.33541119                    1.069391e-06
              0.33654433                    1.220698e-06
              0.33767751                   1.3925302e-06
              0.33881065                   1.5874981e-06
               0.3399438                   1.8088259e-06
              0.34107694                   2.0597029e-06
              0.34221008                   2.3438242e-06
              0.34334323                   2.6657524e-06
              0.34447637                   3.0299702e-06
              0.34560952                   3.4416767e-06
              0.34674266                   3.9072875e-06
               0.3478758                   4.4330641e-06
              0.34900895                   5.0262752e-06
              0.35014209                    5.695887e-06
              0.35127524                   6.4505894e-06
              0.35240838                   7.3004812e-06
              0.35354152                   8.2580145e-06
               0.3546747                   9.3351728e-06
              0.35580784                   1.0545898e-05
              0.35694098                   1.1907375e-05
              0.35807413                    1.343602e-05
              0.35920727                   1.5150961e-05
              0.36034042                   1.7075765e-05
              0.36147356                   1.9232772e-05
               0.3626067                   2.1648058e-05
              0.36373985                   2.4353734e-05
              0.36487299                   2.7380012e-05
              0.36600614                   3.0762199e-05
              0.36713928                   3.4543773e-05
              0.36827242                   3.8765313e-05
              0.36940557                   4.3474323e-05
              0.37053871                   4.8729296e-05
              0.37167189                   5.4584358e-05
              0.37280503                   6.1103012e-05
              0.37393817                   6.8363435e-05
              0.37507132                    7.643734e-05
              0.37620446                   8.5409054e-05
               0.3773376                   9.5382362e-05
              0.37847075                   0.00010645165
              0.37960389                   0.00011872814
              0.38073704                   0.00013234872
              0.38187018                   0.00014743673
              0.38300332                   0.00016413788
              0.38413647                   0.00018263151
              0.38526961                   0.00020307768
              0.38640276                   0.00022566598
              0.38753593                   0.00025062979
              0.38866907                   0.00027817528
              0.38980222                   0.00030854752
              0.39093536                   0.00034204806
              0.39206851                   0.00037894069
              0.39320165                   0.00041953978
              0.39433479                   0.00046423243
              0.39546794                   0.00051335356
              0.39660108                   0.00056730362
              0.39773422                   0.00062657613
              0.39886737                   0.00069159298
              0.40000051                   0.00076286093
              0.40113366                   0.00084100437
               0.4022668                   0.00092655089
              0.40339994                    0.0010201369
              0.40453312                    0.0011225467
              0.40566626                    0.0012344351
              0.40679941                    0.0013565964
              0.40793255                    0.0014900056
              0.40906569                    0.0016354719
              0.41019884                    0.0017939777
              0.41133198                     0.001966727
              0.41246513                    0.0021547105
              0.41359827                    0.0023591351
              0.41473141                    0.0025814748
              0.41586456                    0.0028229342
               0.4169977                    0.0030849832
              0.41813084                    0.0033694124
              0.41926399                    0.0036776743
              0.42039716                    0.0040115444
              0.42153031                    0.0043731807
              0.42266345                    0.0047643189
              0.42379659                    0.0051870863
              0.42492974                    0.0056440621
              0.42606288                    0.0061373012
              0.42719603                    0.0066693323
              0.42832917                    0.0072432095
              0.42946231                     0.007861346
              0.43059546                    0.0085267164
               0.4317286                      0.00924291
              0.43286175                     0.010012729
              0.43399489                     0.010839645
              0.43512803                     0.011727834
              0.43626118                     0.012680518
              0.43739435                     0.013701712
              0.43852749                     0.014796225
              0.43966064                     0.015967727
              0.44079378                     0.017220804
              0.44192693                     0.018560952
              0.44306007                     0.019992292
              0.44419321                     0.021520022
              0.44532636                      0.02315034
               0.4464595                     0.024887828
              0.44759265                     0.026738305
              0.44872579                     0.028708689
              0.44985893                     0.030804005
              0.45099208                     0.033030689
              0.45212522                     0.035396367
               0.4532584                     0.037906475
              0.45439154                     0.040568031
              0.45552468                      0.04338935
              0.45665783                     0.046376202
              0.45779097                     0.049536142
              0.45892411                     0.052878097
              0.46005726                     0.056408085
               0.4611904                     0.060134113
              0.46232355                     0.064065605
              0.46345669                     0.068208717
              0.46458983                     0.072571777
              0.46572298                     0.077164568
              0.46685612                     0.081993207
              0.46798927                     0.087066181
              0.46912241                      0.09239345
              0.47025558                     0.097980887
              0.47138873                      0.10383694
              0.47252187                      0.10997148
              0.47365502                      0.11638991
              0.47478816                      0.12310039
               0.4759213                      0.13011239
              0.47705445                      0.13743062
              0.47818759                      0.14506258
              0.47932073                      0.15301707
              0.48045388                      0.16129772
              0.48158702                      0.16991109
              0.48272017                       0.1788649
              0.48385331                      0.18816133
              0.48498645                      0.19780564
              0.48611963                      0.20780402
              0.48725277                      0.21815693
              0.48838592                      0.22886783
              0.48951906                      0.23994096
               0.4906522                       0.2513746
              0.49178535                      0.26317006
              0.49291849                      0.27532911
              0.49405164                      0.28784755
              0.49518478                      0.30072403
              0.49631792                      0.31395736
              0.49745107                      0.32754055
              0.49858421                      0.34146908
              0.49971735                      0.35573849
               0.5008505                      0.37033844
              0.50198364                      0.38526109
              0.50311679                        0.400498
              0.50424993                      0.41603553
              0.50538307                      0.43186188
              0.50651622                      0.44796449
              0.50764936                      0.46432599
              0.50878251                      0.48093048
              0.50991565                      0.49776098
              0.51104885                      0.51479632
                0.512182                      0.53201622
              0.51331514                      0.54939908
              0.51444829                      0.56691998
              0.51558143                      0.58455431
              0.51671457                      0.60227567
              0.51784772                      0.62005556
              0.51898086                      0.63786495
                0.520114                      0.65567297
              0.52124715                      0.67344773
              0.52238029                      0.69115597
              0.52351344                      0.70876265
              0.52464658                      0.72623289
              0.52577972                      0.74352968
              0.52691287                      0.76061404
              0.52804601                      0.77744895
              0.52917916                      0.79399395
               0.5303123                      0.81020707
              0.53144544                      0.82604951
              0.53257859                      0.84147841
              0.53371173                      0.85644943
              0.53484488                       0.8709231
              0.53597802                      0.88485473
              0.53711116                      0.89819884
              0.53824431                      0.91091615
              0.53937745                      0.92296135
              0.54051059                      0.93428874
              0.54164374                      0.94486064
              0.54277688                      0.95463198
              0.54391009                      0.96355838
              0.54504323                      0.97160459
              0.54617637                       0.9787274
              0.54730952                       0.9848848
              0.54844266                      0.99004549
              0.54957581                      0.99416929
              0.55070895                      0.99721795
              0.55184209                      0.99916518
              0.55297524                      0.99997526
              0.55410838                      0.99961513
              0.55524153                      0.99806476
              0.55637467                      0.99529392
              0.55750781                       0.9912762
              0.55864096                      0.98599875
               0.5597741                      0.97943825
              0.56090724                      0.97157586
              0.56204039                      0.96240699
              0.56317353                      0.95191622
              0.56430668                      0.94009334
              0.56543982                      0.92694259
              0.56657296                      0.91245735
              0.56770611                       0.8966369
              0.56883925                      0.87949479
               0.5699724                      0.86103368
              0.57110554                      0.84126294
              0.57223868                      0.82020545
              0.57337183                      0.79787385
              0.57450497                      0.77428758
              0.57563812                      0.74947888
              0.57677132                      0.72347015
              0.57790446                      0.69629103
              0.57903761                      0.66798258
              0.58017075                      0.63857698
              0.58130389                      0.60811335
              0.58243704                       0.5766409
              0.58357018                      0.54420102
              0.58470333                      0.51084155
              0.58583647                      0.47661898
              0.58696961                      0.44158283
              0.58810276                      0.40578878
               0.5892359                      0.36929908
              0.59036905                      0.33217058
              0.59150219                      0.29446515
              0.59263533                      0.25624952
              0.59376848                      0.21758626
              0.59490162                      0.17854208
              0.59603477                      0.13918631
              0.59716791                     0.099585913
              0.59830105                     0.059810422
               0.5994342                     0.019930197
              0.60056734                    -0.019985268
              0.60170048                    -0.059865393
              0.60283363                    -0.099640675
              0.60396677                     -0.13924082
              0.60509992                     -0.17859618
              0.60623306                     -0.21763986
               0.6073662                      -0.2563026
              0.60849935                     -0.29451755
              0.60963255                     -0.33222216
               0.6107657                     -0.36934996
              0.61189884                     -0.40583867
              0.61303198                     -0.44163164
              0.61416513                     -0.47666684
              0.61529827                     -0.51088822
              0.61643142                     -0.54424632
              0.61756456                     -0.57668513
               0.6186977                     -0.60815609
              0.61983085                     -0.63861823
              0.62096399                     -0.66802251
              0.62209713                      -0.6963293
              0.62323028                     -0.72350675
              0.62436342                     -0.74951398
              0.62549657                     -0.77432096
              0.62662971                     -0.79790539
              0.62776285                     -0.82023549
                0.628896                     -0.84129107
              0.63002914                      -0.8610599
              0.63116229                     -0.87951946
              0.63229543                     -0.89665961
              0.63342857                     -0.91247815
              0.63456172                     -0.92696178
              0.63569486                     -0.94011056
              0.63682801                     -0.95193148
              0.63796115                     -0.96242064
              0.63909429                      -0.9715876
              0.64022744                     -0.97944808
              0.64136058                     -0.98600698
              0.64249378                     -0.99128258
              0.64362693                      -0.9952985
              0.64476007                      -0.9980678
              0.64589322                     -0.99961644
              0.64702636                     -0.99997485
               0.6481595                     -0.99916339
              0.64929265                     -0.99721444
              0.65042579                     -0.99416423
              0.65155894                     -0.99003917
              0.65269208                     -0.98487699
              0.65382522                     -0.97871816
              0.65495837                     -0.97159415
              0.65609151                     -0.96354663
              0.65722466                     -0.95461905
               0.6583578                     -0.94484663
              0.65949094                     -0.93427366
              0.66062409                      -0.9229452
              0.66175723                      -0.9108991
              0.66289037                     -0.89818084
              0.66402352                      -0.8848359
              0.66515666                     -0.87090355
              0.66628981                      -0.8564291
              0.66742295                     -0.84145737
              0.66855609                     -0.82602799
              0.66968924                      -0.8101849
              0.67082238                      -0.7939713
              0.67195553                     -0.77742589
              0.67308867                     -0.76059061
              0.67422181                      -0.7435059
              0.67535502                     -0.72620893
              0.67648816                     -0.70873845
               0.6776213                     -0.69113159
              0.67875445                     -0.67342323
              0.67988759                     -0.65564841
              0.68102074                     -0.63784039
              0.68215388                       -0.620031
              0.68328702                     -0.60225117
              0.68442017                     -0.58452994
              0.68555331                     -0.56689572
              0.68668646                       -0.549375
               0.6878196                     -0.53199238
              0.68895274                     -0.51477265
              0.69008589                     -0.49773762
              0.69121903                     -0.48090744
              0.69235218                     -0.46430323
              0.69348532                     -0.44794208
              0.69461846                     -0.43183985
              0.69575161                     -0.41601387
              0.69688475                     -0.40047678
               0.6980179                     -0.38524029
              0.69915104                     -0.37031806
              0.70028418                     -0.35571855
              0.70141733                     -0.34144968
              0.70255047                     -0.32752153
              0.70368361                     -0.31393889
              0.70481676                     -0.30070606
               0.7059499                        -0.28783
              0.70708305                      -0.2753121
              0.70821625                     -0.26315358
              0.70934939                     -0.25135854
              0.71048254                     -0.23992543
              0.71161568                     -0.22885284
              0.71274883                     -0.21814238
              0.71388197                        -0.20779
              0.71501511                     -0.19779213
              0.71614826                     -0.18814825
               0.7172814                      -0.1788523
              0.71841455                     -0.16989902
              0.71954769                     -0.16128606
              0.72068083                     -0.15300588
              0.72181398                     -0.14505187
              0.72294712                      -0.1374203
              0.72408026                     -0.13010252
              0.72521341                     -0.12309095
              0.72634655                     -0.11638084
               0.7274797                     -0.10996282
              0.72861284                      -0.1038287
              0.72974598                    -0.097972982
              0.73087913                    -0.092385933
              0.73201227                    -0.087059036
              0.73314542                     -0.08198636
              0.73427856                    -0.077158079
               0.7354117                    -0.072565623
              0.73654485                    -0.068202838
              0.73767799                    -0.064060047
              0.73881114                    -0.060128853
              0.73994428                    -0.056403067
              0.74107742                    -0.052873362
              0.74221063                     -0.04953168
              0.74334377                    -0.046371952
              0.74447691                    -0.043385349
              0.74561006                    -0.040564269
               0.7467432                    -0.037902899
              0.74787635                    -0.035393007
              0.74900949                    -0.033027537
              0.75014263                    -0.030801017
              0.75127578                    -0.028705889
              0.75240892                    -0.026735684
              0.75354207                    -0.024885349
              0.75467521                    -0.023148021
              0.75580835                    -0.021517856
               0.7569415                    -0.019990247
              0.75807464                    -0.018559044
              0.75920779                    -0.017219028
              0.76034093                     -0.01596605
              0.76147407                    -0.014794665
              0.76260722                    -0.013700262
              0.76374036                    -0.012679155
               0.7648735                    -0.011726568
              0.76600665                    -0.010838469
              0.76713979                    -0.010011625
              0.76827294                   -0.0092418874
              0.76940608                   -0.0085257702
              0.77053922                   -0.0078604585
              0.77167237                   -0.0072423895
              0.77280551                   -0.0066685746
              0.77393866                   -0.0061365929
              0.77507186                   -0.0056434083
                0.776205                   -0.0051864837
              0.77733815                   -0.0047637564
              0.77847129                   -0.0043726629
              0.77960443                    -0.004011068
              0.78073758                   -0.0036772306
              0.78187072                   -0.0033690049
              0.78300387                   -0.0030846093
              0.78413701                   -0.0028225863
              0.78527015                   -0.0025811559
               0.7864033                   -0.0023588431
              0.78753644                   -0.0021544395
              0.78866959                    -0.001966479
              0.78980273                   -0.0017937511
              0.79093587                   -0.0016352619
              0.79206902                   -0.0014898139
              0.79320216                   -0.0013564215
              0.79433531                   -0.0012342734
              0.79546845                   -0.0011223995
              0.79660159                   -0.0010200029
              0.79773474                  -0.00092642708
              0.79886788                  -0.00084089185
              0.80000103                  -0.00076275825
              0.80113417                  -0.00069149886
              0.80226731                  -0.00062649074
              0.80340046                  -0.00056722539
               0.8045336                  -0.00051328231
              0.80566674                    -0.000464168
              0.80679989                  -0.00041948052
              0.80793309                  -0.00037888717
              0.80906624                  -0.00034199972
              0.81019938                  -0.00030850313
              0.81133252                  -0.00027813527
              0.81246567                  -0.00025059373
              0.81359881                  -0.00022563293
              0.81473196                  -0.00020304795
               0.8158651                  -0.00018260478
              0.81699824                  -0.00016411343
              0.81813139                  -0.00014741477
              0.81926453                  -0.00013232902
              0.82039768                  -0.00011871014
              0.82153082                  -0.00010643552
              0.82266396                  -9.5367919e-05
              0.82379711                  -8.5395885e-05
              0.82493025                   -7.642556e-05
              0.82606339                  -6.8352914e-05
              0.82719654                  -6.1093437e-05
              0.82832968                  -5.4575812e-05
              0.82946283                  -4.8721675e-05
              0.83059597                    -4.34674e-05
              0.83172911                  -3.8759146e-05
              0.83286226                  -3.4538287e-05
               0.8339954                  -3.0757219e-05
              0.83512855                  -2.7375587e-05
              0.83626169                  -2.4349805e-05
              0.83739483                  -2.1644501e-05
              0.83852798                  -1.9229616e-05
              0.83966112                  -1.7072965e-05
              0.84079432                  -1.5148432e-05
              0.84192747                  -1.3433781e-05
              0.84306061                  -1.1905394e-05
              0.84419376                   -1.054411e-05
               0.8453269                   -9.333593e-06
              0.84646004                  -8.2566203e-06
              0.84759319                  -7.2992252e-06
              0.84872633                  -6.4494816e-06
              0.84985948                  -5.6949111e-06
              0.85099262                  -5.0253975e-06
              0.85212576                  -4.4322915e-06
              0.85325891                  -3.9066085e-06
              0.85439205                  -3.4410671e-06
               0.8555252                  -3.0294348e-06
              0.85665834                  -2.6652826e-06
              0.85779148                  -2.3434031e-06
              0.85892463                  -2.0593336e-06
              0.86005777                  -1.8085026e-06
              0.86119092                  -1.5872088e-06
              0.86232406                  -1.3922771e-06
               0.8634572                  -1.2204767e-06
              0.86459035                  -1.0691933e-06
              0.86572349                  -9.3618235e-07
              0.86685663                   -8.191742e-07
              0.86798978                  -7.1633389e-07
              0.86912292                  -6.2608433e-07
              0.87025607                  -5.4684119e-07
              0.87138921                  -4.7732431e-07
              0.87252235                   -4.164325e-07
              0.87365556                  -3.6306653e-07
               0.8747887                   -3.163386e-07
              0.87592185                  -2.7548472e-07
              0.87705499                  -2.3974681e-07
              0.87818813                  -2.0851297e-07
              0.87932128                  -1.8125635e-07
              0.88045442                  -1.5745729e-07
              0.88158756                  -1.3669663e-07
              0.88272071                  -1.1861329e-07
              0.88385385                  -1.0285316e-07
                0.884987                  -8.9130836e-08
              0.88612014                  -7.7200369e-08
              0.88725328                  -6.6821904e-08
              0.88838643                  -5.7802296e-08
              0.88951957                  -4.9974997e-08
              0.89065272                  -4.3178542e-08
              0.89178586                  -3.7282973e-08
                0.892919                  -3.2176221e-08
              0.89405215                  -2.7750218e-08
              0.89518529                   -2.391805e-08
              0.89631844                  -2.0604757e-08
              0.89745158                   -1.773844e-08
              0.89858472                  -1.5261321e-08
              0.89971787                  -1.3123556e-08
              0.90085101                  -1.1277594e-08
              0.90198416                  -9.6852517e-09
               0.9031173                  -8.3135863e-09
              0.90425044                  -7.1313333e-09
              0.90538359                  -6.1134076e-09
              0.90651679                  -5.2381672e-09
              0.90764993                  -4.4851758e-09
              0.90878308                  -3.8380508e-09
              0.90991622                  -3.2826577e-09
              0.91104937                  -2.8057172e-09
              0.91218251                  -2.3965923e-09
              0.91331565                  -2.0461068e-09
               0.9144488                   -1.745682e-09
              0.91558194                  -1.4884519e-09
              0.91671509                  -1.2684945e-09
              0.91784823                  -1.0802998e-09
              0.91898137                  -9.1946206e-10
              0.92011452                   -7.821816e-10
              0.92124766                  -6.6494005e-10
              0.92238081                  -5.6492683e-10
              0.92351395                  -4.7971832e-10
              0.92464709                  -4.0708092e-10
              0.92578024                  -3.4523195e-10
              0.92691338                  -2.9263464e-10
              0.92804652                  -2.4787919e-10
              0.92917967                  -2.0984144e-10
              0.93031281                  -1.7755257e-10
              0.93144596                  -1.5012792e-10
               0.9325791                  -1.2686267e-10
              0.93371224                  -1.0714968e-10
              0.93484539                  -9.0436936e-11
              0.93597853                  -7.6285124e-11
              0.93711168                  -6.4315914e-11
              0.93824482                  -5.4186884e-11
              0.93937802                   -4.562576e-11
              0.94051117                  -3.8398174e-11
              0.94164431                  -3.2292918e-11
              0.94277745                  -2.7142228e-11
               0.9439106                  -2.2801745e-11
              0.94504374                  -1.9141948e-11
              0.94617689                  -1.6060049e-11
              0.94731003                  -1.3467652e-11
              0.94844317                  -1.1285777e-11
              0.94957632                  -9.4518126e-12
              0.95070946                  -7.9119359e-12
              0.95184261                  -6.6182654e-12
              0.95297575                  -5.5328762e-12
              0.95410889                  -4.6231881e-12
              0.95524204                  -3.8603348e-12
              0.95637518                  -3.2214782e-12
              0.95750833                   -2.687008e-12
              0.95864147                  -2.2396217e-12
              0.95977461                  -1.8656433e-12
              0.96090776                  -1.5533372e-12
               0.9620409                   -1.292391e-12
              0.96317405                   -1.074662e-12
              0.96430719                  -8.9316683e-13
              0.96544033                  -7.4179421e-13
              0.96657348                  -6.1572329e-13
              0.96770662                  -5.1082261e-13
              0.96883976                  -4.2349064e-13
              0.96997291                  -3.5088948e-13
              0.97110605                  -2.9058876e-13
              0.97223926                  -2.4047807e-13
               0.9733724                  -1.9889625e-13
              0.97450554                  -1.6442169e-13
              0.97563869                   -1.358247e-13
              0.97677183                  -1.1213845e-13
              0.97790498                  -9.2536066e-14
              0.97903812                  -7.6305105e-14
              0.98017126                  -6.2885996e-14
              0.98130441                   -5.180053e-14
              0.98243755                  -4.2638253e-14
              0.98357069                  -3.5077115e-14
              0.98470384                  -2.8842133e-14
              0.98583698                  -2.3698147e-14
              0.98697013                  -1.9460865e-14
              0.98810327                  -1.5973041e-14
              0.98923641                  -1.3100714e-14
              0.99036956                  -1.0739006e-14
               0.9915027                   -8.798509e-15
              0.99263585                  -7.2033367e-15
              0.99376899                  -5.8941397e-15
              0.99490213                  -4.8203701e-15
              0.99603528                  -3.9392762e-15
              0.99716842                  -3.2174635e-15
              0.99830157                  -2.6265128e-15
              0.99943471                  -2.1424756e-15
               1.0005679                  -1.7466662e-15
                1.001701                  -1.4231962e-15
               1.0028342                  -1.1587252e-15
               1.0039673                  -9.4285567e-16
               1.0051005                  -7.6675513e-16
               1.0062336                   -6.230336e-16
               1.0073668                  -5.0593797e-16
               1.0084999                  -4.1058535e-16
               1.0096331                  -3.3290507e-16
               1.0107661                  -2.6973142e-16
               1.0118994                  -2.1838025e-16
               1.0130324                   -1.766216e-16
               1.0141656                   -1.427233e-16
               1.0152987                  -1.1521808e-16
               1.0164319                  -9.2891125e-17
                1.017565                  -7.4799924e-17
               1.0186982                  -6.0146857e-17
               1.0198313                   -4.827384e-17
               1.0209645                  -3.8670866e-17
               1.0220977                   -3.090677e-17
               1.0232308                  -2.4627018e-17
                1.024364                  -1.9557182e-17
               1.0254971                  -1.5465483e-17
               1.0266303                  -1.2161984e-17
               1.0277634                  -9.4998327e-18
               1.0288966                  -7.3551271e-18
               1.0300297                  -5.6266753e-18
               1.0311629                  -4.2363273e-18
               1.0322959                  -3.1182194e-18
               1.0334291                  -2.2187362e-18
               1.0345622                   -1.496521e-18
               1.0356954                  -9.1675466e-19
               1.0368285                  -4.5118768e-19
               1.0379617                  -7.8054934e-20
               1.0390948                   2.2094852e-19
                1.040228                   4.6062504e-19
               1.0413611                   6.5236581e-19
               1.0424943                   8.0574071e-19
               1.0436274                   9.2846309e-19
               1.0447606                    1.026462e-18
               1.0458937                   1.1047126e-18
               1.0470269                   1.1672124e-18
                 1.04816                   1.2170301e-18
               1.0492932                   1.2567381e-18
               1.0504262                   1.2883966e-18
               1.0515594                    1.313585e-18
               1.0526925                   1.3336264e-18
               1.0538257                   1.3495763e-18
               1.0549589                   1.3622435e-18
                1.056092                   1.3723043e-18
               1.0572252                   1.3802968e-18
               1.0583583                   1.3866328e-18
               1.0594915                   1.3916562e-18
               1.0606246                   1.3956398e-18
               1.0617578                    1.398792e-18
               1.0628909                   1.4012867e-18
               1.0640241                   1.4032615e-18
               1.0651572                   1.4048213e-18
               1.0662904                   1.4060535e-18
               1.0674235                   1.4070273e-18
               1.0685567                   1.4077949e-18
               1.0696898                   1.4084003e-18
                1.070823                   1.4088779e-18
                1.071956                   1.4092537e-18
               1.0730892                   1.4095495e-18
               1.0742223                   1.4097824e-18
               1.0753555                   1.4099654e-18
               1.0764886                   1.4101092e-18
               1.0776218                   1.4102222e-18
               1.0787549                   1.4103108e-18
               1.0798881                   1.4103804e-18
               1.0810212                   1.4104349e-18
               1.0821544                   1.4104776e-18
               1.0832875                    1.410511e-18
               1.0844207                   1.4105371e-18
               1.0855538                   1.4105576e-18
                1.086687                   1.4105736e-18
               1.0878202                   1.4105861e-18
               1.0889533                   1.4105959e-18
               1.0900865                   1.4106034e-18
               1.0912195                   1.4106094e-18
               1.0923527                   1.4106139e-18
               1.0934858                   1.4106176e-18
                1.094619                   1.4106204e-18
               1.0957521                   1.4106225e-18
               1.0968853                   1.4106243e-18
               1.0980184                   1.4106256e-18
               1.0991516                   1.4106266e-18
               1.1002847                   1.4106274e-18
               1.1014179                    1.410628e-18
                1.102551                   1.4106285e-18
               1.1036842                   1.4106288e-18
               1.1048173                   1.4106291e-18
               1.1059505                   1.4106294e-18
               1.1070836                   1.4106296e-18
               1.1082168                   1.4106297e-18
               1.1093498                   1.4106298e-18
               1.1104831                   1.4106299e-18
               1.1116161                   1.4106299e-18
               1.1127493                     1.41063e-18
               1.1138824                     1.41063e-18
               1.1150156                     1.41063e-18
               1.1161487                   1.4106301e-18
               1.1172819                   1.4106301e-18
                1.118415                   1.4106301e-18
               1.1195482                   1.4106301e-18
               1.1206814                   1.4106301e-18
               1.1218145                   1.4106301e-18
               1.1229477                   1.4106301e-18
               1.1240808                   1.4106301e-18
                1.125214                   1.4106301e-18
               1.1263471                   1.4106301e-18
               1.1274803                   1.4106301e-18
               1.1286134                   1.4106301e-18
               1.1297466                   1.4106301e-18
               1.1308796                   1.4106301e-18
               1.1320128                   1.4106301e-18
               1.1331459                   1.4106301e-18
               1.1342791                   1.4106301e-18
               1.1354122                   1.4106301e-18
               1.1365454                   1.4106301e-18
               1.1376785                   1.4106301e-18
               1.1388117                   1.4106301e-18
               1.1399448                   1.4106301e-18
                1.141078                   1.4106301e-18
               1.1422111                   1.4106301e-18
               1.1433443                   1.4106301e-18
               1.1444774                   1.4106301e-18
               1.1456106                   1.4106301e-18
               1.1467437                   1.4106301e-18
               1.1478769                   1.4106301e-18
               1.1490099                   1.4106301e-18
               1.1501431                   1.4106301e-18
               1.1512762                   1.4106301e-18
               1.1524094                   1.4106301e-18
               1.1535426                   1.4106301e-18
               1.1546757                   1.4106301e-18
               1.1558089                   1.4106301e-18
                1.156942                   1.4106301e-18
               1.1580752                   1.4106301e-18
               1.1592083                   1.4106301e-18
               1.1603415                   1.4106301e-18
               1.1614746                   1.4106301e-18
               1.1626078                   1.4106301e-18
               1.1637409                   1.4106301e-18
               1.1648741                   1.4106301e-18
               1.1660072                   1.4106301e-18
               1.1671404                   1.4106301e-18
               1.1682734                   1.4106301e-18
               1.1694067                   1.4106301e-18
               1.1705397                   1.4106301e-18
               1.1716729                   1.4106301e-18
                1.172806                   1.4106301e-18
               1.1739392                   1.4106301e-18
               1.1750723                   1.4106301e-18
               1.1762055                   1.4106301e-18
               1.1773386                   1.4106301e-18
               1.1784718                   1.4106301e-18
               1.1796049                   1.4106301e-18
               1.1807381                   1.4106301e-18
               1.1818712                   1.4106301e-18
               1.1830044                   1.4106301e-18
               1.1841375                   1.4106301e-18
               1.1852707                   1.4106301e-18
               1.1864039                   1.4106301e-18
                1.187537                   1.4106301e-18
               1.1886702                   1.4106301e-18
               1.1898032                   1.4106301e-18
               1.1909364                   1.4106301e-18
               1.1920695                   1.4106301e-18
               1.1932027                   1.4106301e-18
               1.1943358                   1.4106301e-18
                1.195469                   1.4106301e-18
               1.1966021                   1.4106301e-18
               1.1977353                   1.4106301e-18
               1.1988684                   1.4106301e-18
               1.2000016                   1.4106301e-18
               1.2011347                   1.4106301e-18
               1.2022679                   1.4106301e-18
                1.203401                   1.4106301e-18
               1.2045342                   1.4106301e-18
               1.2056673                   1.4106301e-18
               1.2068005                   1.4106301e-18
               1.2079335                   1.4106301e-18
               1.2090667                   1.4106301e-18
               1.2101998                   1.4106301e-18
                1.211333                   1.4106301e-18
               1.2124661                   1.4106301e-18
               1.2135993                   1.4106301e-18
               1.2147324                   1.4106301e-18
               1.2158656                   1.4106301e-18
               1.2169987                   1.4106301e-18
               1.2181319                   1.4106301e-18
               1.2192651                   1.4106301e-18
               1.2203982                   1.4106301e-18
               1.2215314                   1.4106301e-18
               1.2226645                   1.4106301e-18
               1.2237977                   1.4106301e-18
               1.2249308                   1.4106301e-18
                1.226064                   1.4106301e-18
               1.2271971                   1.4106301e-18
               1.2283303                   1.4106301e-18
               1.2294633                   1.4106301e-18
               1.2305965                   1.4106301e-18
               1.2317296                   1.4106301e-18
               1.2328628                   1.4106301e-18
               1.2339959                   1.4106301e-18
               1.2351291                   1.4106301e-18
               1.2362622                   1.4106301e-18
               1.2373954                   1.4106301e-18
               1.2385285                   1.4106301e-18
               1.2396617                   1.4106301e-18
               1.2407948                   1.4106301e-18
                1.241928                   1.4106301e-18
               1.2430611                   1.4106301e-18
               1.2441943                   1.4106301e-18
               1.2453274                   1.4106301e-18
               1.2464606                   1.4106301e-18
               1.2475936                   1.4106301e-18
               1.2487268                   1.4106301e-18
               1.2498599                   1.4106301e-18
               1.2509931                   1.4106301e-18
               1.2521263                   1.4106301e-18
               1.2532594                   1.4106301e-18
               1.2543926                   1.4106301e-18
               1.2555257                   1.4106301e-18
               1.2566589                   1.4106301e-18
                1.257792                   1.4106301e-18
               1.2589252                   1.4106301e-18
               1.2600583                   1.4106301e-18
               1.2611915                   1.4106301e-18
               1.2623246                   1.4106301e-18
               1.2634578                   1.4106301e-18
               1.2645909                   1.4106301e-18
               1.2657241                   1.4106301e-18
               1.2668571                   1.4106301e-18
               1.2679904                   1.4106301e-18
               1.2691234                   1.4106301e-18
               1.2702566                   1.4106301e-18
               1.2713897                   1.4106301e-18
               1.2725229                   1.4106301e-18
                1.273656                   1.4106301e-18
               1.2747892                   1.4106301e-18
               1.2759223                   1.4106301e-18
               1.2770555                   1.4106301e-18
               1.2781886                   1.4106301e-18
               1.2793218                   1.4106301e-18
               1.2804549                   1.4106301e-18
               1.2815881                   1.4106301e-18
               1.2827212                   1.4106301e-18
               1.2838544                   1.4106301e-18
               1.2849876                   1.4106301e-18
               1.2861207                   1.4106301e-18
               1.2872539                   1.4106301e-18
               1.2883869                   1.4106301e-18
               1.2895201                   1.4106301e-18
               1.2906532                   1.4106301e-18
               1.2917864                   1.4106301e-18
               1.2929195                   1.4106301e-18
               1.2940527                   1.4106301e-18
               1.2951858                   1.4106301e-18
                1.296319                   1.4106301e-18
               1.2974521                   1.4106301e-18
               1.2985853                   1.4106301e-18
               1.2997184                   1.4106301e-18
               1.3008516                   1.4106301e-18
               1.3019847                   1.4106301e-18
               1.3031179                   1.4106301e-18
                1.304251                   1.4106301e-18
               1.3053842                   1.4106301e-18
               1.3065172                   1.4106301e-18
               1.3076504                   1.4106301e-18
               1.3087835                   1.4106301e-18
               1.3099167                   1.4106301e-18
               1.3110498                   1.4106301e-18
                1.312183                   1.4106301e-18
               1.3133161                   1.4106301e-18
               1.3144493                   1.4106301e-18
               1.3155824                   1.4106301e-18
               1.3167156                   1.4106301e-18
               1.3178488                   1.4106301e-18
               1.3189819                   1.4106301e-18
               1.3201151                   1.4106301e-18
               1.3212482                   1.4106301e-18
               1.3223814                   1.4106301e-18
               1.3235145                   1.4106301e-18
               1.3246477                   1.4106301e-18
               1.3257807                   1.4106301e-18
                1.326914                   1.4106301e-18
                1.328047                   1.4106301e-18
               1.3291802                   1.4106301e-18
               1.3303133                   1.4106301e-18
               1.3314465                   1.4106301e-18
               1.3325796                   1.4106301e-18
               1.3337128                   1.4106301e-18
               1.3348459                   1.4106301e-18
               1.3359791                   1.4106301e-18
               1.3371122                   1.4106301e-18
               1.3382454                   1.4106301e-18
               1.3393785                   1.4106301e-18
               1.3405117                   1.4106301e-18
               1.3416448                   1.4106301e-18
                1.342778                   1.4106301e-18
               1.3439111                   1.4106301e-18
               1.3450443                   1.4106301e-18
               1.3461773                   1.4106301e-18
               1.3473105                   1.4106301e-18
               1.3484436                   1.4106301e-18
               1.3495768                   1.4106301e-18
                 1.35071                   1.4106301e-18
               1.3518431                   1.4106301e-18
               1.3529763                   1.4106301e-18
               1.3541094                   1.4106301e-18
               1.3552426                   1.4106301e-18
               1.3563757                   1.4106301e-18
               1.3575089                   1.4106301e-18
                1.358642                   1.4106301e-18
               1.3597752                   1.4106301e-18
               1.3609083                   1.4106301e-18
               1.3620415                   1.4106301e-18
               1.3631746                   1.4106301e-18
               1.3643078                   1.4106301e-18
               1.3654408                   1.4106301e-18
                1.366574                   1.4106301e-18
               1.3677071                   1.4106301e-18
               1.3688403                   1.4106301e-18
               1.3699734                   1.4106301e-18
               1.3711066                   1.4106301e-18
               1.3722397                   1.4106301e-18
               1.3733729                   1.4106301e-18
                1.374506                   1.4106301e-18
               1.3756392                   1.4106301e-18
               1.3767723                   1.4106301e-18
               1.3779055                   1.4106301e-18
               1.3790386                   1.4106301e-18
               1.3801718                   1.4106301e-18
               1.3813049                   1.4106301e-18
               1.3824381                   1.4106301e-18
               1.3835713                   1.4106301e-18
               1.3847044                   1.4106301e-18
               1.3858376                   1.4106301e-18
               1.3869706                   1.4106301e-18
               1.3881038                   1.4106301e-18
               1.3892369                   1.4106301e-18
               1.3903701                   1.4106301e-18
               1.3915032                   1.4106301e-18
               1.3926364                   1.4106301e-18
               1.3937695                   1.4106301e-18
               1.3949027                   1.4106301e-18
               1.3960358                   1.4106301e-18
                1.397169                   1.4106301e-18
               1.3983021                   1.4106301e-18
               1.3994353                   1.4106301e-18
               1.4005684                   1.4106301e-18
               1.4017016                   1.4106301e-18
               1.4028347                   1.4106301e-18
               1.4039679                   1.4106301e-18
               1.4051009                   1.4106301e-18
               1.4062341                   1.4106301e-18
               1.4073672                   1.4106301e-18
               1.4085004                   1.4106301e-18
               1.4096335                   1.4106301e-18
               1.4107667                   1.4106301e-18
               1.4118998                   1.4106301e-18
                1.413033                   1.4106301e-18
               1.4141661                   1.4106301e-18
               1.4152993                   1.4106301e-18
               1.4164325                   1.4106301e-18
               1.4175656                   1.4106301e-18
               1.4186988                   1.4106301e-18
               1.4198319                   1.4106301e-18
               1.4209651                   1.4106301e-18
               1.4220982                   1.4106301e-18
               1.4232314                   1.4106301e-18
               1.4243644                   1.4106301e-18
               1.4254977                   1.4106301e-18
               1.4266307                   1.4106301e-18
               1.4277639                   1.4106301e-18
                1.428897                   1.4106301e-18
               1.4300302                   1.4106301e-18
               1.4311633                   1.4106301e-18
               1.4322965                   1.4106301e-18
               1.4334296                   1.4106301e-18
               1.4345628                   1.4106301e-18
               1.4356959                   1.4106301e-18
               1.4368291                   1.4106301e-18
               1.4379622                   1.4106301e-18
               1.4390954                   1.4106301e-18
               1.4402285                   1.4106301e-18
               1.4413617                   1.4106301e-18
               1.4424948                   1.4106301e-18
                1.443628                   1.4106301e-18
                1.444761                   1.4106301e-18
               1.4458942                   1.4106301e-18
               1.4470273                   1.4106301e-18
               1.4481605                   1.4106301e-18
               1.4492937                   1.4106301e-18
               1.4504268                   1.4106301e-18
                 1.45156                   1.4106301e-18
               1.4526931                   1.4106301e-18
               1.4538263                   1.4106301e-18
               1.4549594                   1.4106301e-18
               1.4560926                   1.4106301e-18
               1.4572257                   1.4106301e-18
               1.4583589                   1.4106301e-18
                1.459492                   1.4106301e-18
               1.4606252                   1.4106301e-18
               1.4617583                   1.4106301e-18
               1.4628915                   1.4106301e-18
               1.4640245                   1.4106301e-18
               1.4651577                   1.4106301e-18
               1.4662908                   1.4106301e-18
                1.467424                   1.4106301e-18
               1.4685571                   1.4106301e-18
               1.4696903                   1.4106301e-18
               1.4708234                   1.4106301e-18
               1.4719566                   1.4106301e-18
               1.4730897                   1.4106301e-18
               1.4742229                   1.4106301e-18
                1.475356                   1.4106301e-18
               1.4764892                   1.4106301e-18
               1.4776223                   1.4106301e-18
               1.4787555                   1.4106301e-18
               1.4798886                   1.4106301e-18
               1.4810218                   1.4106301e-18
               1.4821548                   1.4106301e-18
                1.483288                   1.4106301e-18
               1.4844213                   1.4106301e-18
               1.4855543                   1.4106301e-18
               1.4866875                   1.4106301e-18
               1.4878206                   1.4106301e-18
               1.4889538                   1.4106301e-18
               1.4900869                   1.4106301e-18
               1.4912201                   1.4106301e-18
               1.4923532                   1.4106301e-18
               1.4934864                   1.4106301e-18
               1.4946195                   1.4106301e-18
               1.4957527                   1.4106301e-18
               1.4968858                   1.4106301e-18
                1.498019                   1.4106301e-18
               1.4991521                   1.4106301e-18
               1.5002853                   1.4106301e-18
               1.5014184                   1.4106301e-18
               1.5025516                   1.4106301e-18
               1.5036846                   1.4106301e-18
               1.5048178                   1.4106301e-18
               1.5059509                   1.4106301e-18
               1.5070841                   1.4106301e-18
               1.5082172                   1.4106301e-18
               1.5093504                   1.4106301e-18
               1.5104835                   1.4106301e-18
               1.5116167                   1.4106301e-18
               1.5127498                   1.4106301e-18
                1.513883                   1.4106301e-18
               1.5150161                   1.4106301e-18
               1.5161493                   1.4106301e-18
               1.5172825                   1.4106301e-18
               1.5184156                   1.4106301e-18
               1.5195488                   1.4106301e-18
               1.5206819                   1.4106301e-18
               1.5218151                   1.4106301e-18
               1.5229481                   1.4106301e-18
               1.5240813                   1.4106301e-18
               1.5252144                   1.4106301e-18
               1.5263476                   1.4106301e-18
               1.5274807                   1.4106301e-18
               1.5286139                   1.4106301e-18
                1.529747                   1.4106301e-18
               1.5308802                   1.4106301e-18
               1.5320133                   1.4106301e-18
               1.5331465                   1.4106301e-18
               1.5342796                   1.4106301e-18
               1.5354128                   1.4106301e-18
               1.5365459                   1.4106301e-18
               1.5376791                   1.4106301e-18
               1.5388122                   1.4106301e-18
               1.5399454                   1.4106301e-18
               1.5410784                   1.4106301e-18
               1.5422117                   1.4106301e-18
               1.5433447                   1.4106301e-18
               1.5444779                   1.4106301e-18
                1.545611                   1.4106301e-18
               1.5467442                   1.4106301e-18
               1.5478773                   1.4106301e-18
               1.5490105                   1.4106301e-18
               1.5501437                   1.4106301e-18
               1.5512768                   1.4106301e-18
                 1.55241                   1.4106301e-18
               1.5535431                   1.4106301e-18
               1.5546763                   1.4106301e-18
               1.5558094                   1.4106301e-18
               1.5569426                   1.4106301e-18
               1.5580757                   1.4106301e-18
               1.5592089                   1.4106301e-18
                1.560342                   1.4106301e-18
               1.5614752                   1.4106301e-18
               1.5626082                   1.4106301e-18
               1.5637414                   1.4106301e-18
               1.5648745                   1.4106301e-18
               1.5660077                   1.4106301e-18
               1.5671408                   1.4106301e-18
                1.568274                   1.4106301e-18
               1.5694071                   1.4106301e-18
               1.5705403                   1.4106301e-18
               1.5716734                   1.4106301e-18
               1.5728066                   1.4106301e-18
               1.5739397                   1.4106301e-18
               1.5750729                   1.4106301e-18
                1.576206                   1.4106301e-18
               1.5773392                   1.4106301e-18
               1.5784723                   1.4106301e-18
               1.5796055                   1.4106301e-18
               1.5807385                   1.4106301e-18
               1.5818717                   1.4106301e-18
                1.583005                   1.4106301e-18
                1.584138                   1.4106301e-18
               1.5852712                   1.4106301e-18
               1.5864043                   1.4106301e-18
               1.5875375                   1.4106301e-18
               1.5886706                   1.4106301e-18
               1.5898038                   1.4106301e-18
               1.5909369                   1.4106301e-18
               1.5920701                   1.4106301e-18
               1.5932032                   1.4106301e-18
               1.5943364                   1.4106301e-18
               1.5954695                   1.4106301e-18
               1.5966027                   1.4106301e-18
               1.5977358                   1.4106301e-18
                1.598869                   1.4106301e-18
               1.6000021                   1.4106301e-18
               1.6011353                   1.4106301e-18
               1.6022683                   1.4106301e-18
               1.6034015                   1.4106301e-18
               1.6045346                   1.4106301e-18
               1.6056678                   1.4106301e-18
               1.6068009                   1.4106301e-18
               1.6079341                   1.4106301e-18
               1.6090672                   1.4106301e-18
               1.6102004                   1.4106301e-18
               1.6113335                   1.4106301e-18
               1.6124667                   1.4106301e-18
               1.6135998                   1.4106301e-18
                1.614733                   1.4106301e-18
               1.6158662                   1.4106301e-18
               1.6169993                   1.4106301e-18
               1.6181325                   1.4106301e-18
               1.6192656                   1.4106301e-18
               1.6203988                   1.4106301e-18
               1.6215318                   1.4106301e-18
                1.622665                   1.4106301e-18
               1.6237981                   1.4106301e-18
               1.6249313                   1.4106301e-18
               1.6260644                   1.4106301e-18
               1.6271976                   1.4106301e-18
               1.6283307                   1.4106301e-18
               1.6294639                   1.4106301e-18
                1.630597                   1.4106301e-18
               1.6317302                   1.4106301e-18
               1.6328633                   1.4106301e-18
               1.6339965                   1.4106301e-18
               1.6351296                   1.4106301e-18
               1.6362628                   1.4106301e-18
               1.6373959                   1.4106301e-18
               1.6385291                   1.4106301e-18
               1.6396621                   1.4106301e-18
               1.6407954                   1.4106301e-18
               1.6419284                   1.4106301e-18
               1.6430616                   1.4106301e-18
               1.6441947                   1.4106301e-18
               1.6453279                   1.4106301e-18
                1.646461                   1.4106301e-18
               1.6475942                   1.4106301e-18
               1.6487274                   1.4106301e-18
               1.6498605                   1.4106301e-18
               1.6509937                   1.4106301e-18
               1.6521268                   1.4106301e-18
                 1.65326                   1.4106301e-18
               1.6543931                   1.4106301e-18
               1.6555263                   1.4106301e-18
               1.6566594                   1.4106301e-18
               1.6577926                   1.4106301e-18
               1.6589257                   1.4106301e-18
               1.6600589                   1.4106301e-18
               1.6611919                   1.4106301e-18
               1.6623251                   1.4106301e-18
               1.6634582                   1.4106301e-18
               1.6645914                   1.4106301e-18
               1.6657245                   1.4106301e-18
               1.6668577                   1.4106301e-18
               1.6679908                   1.4106301e-18
                1.669124                   1.4106301e-18
               1.6702571                   1.4106301e-18
               1.6713903                   1.4106301e-18
               1.6725234                   1.4106301e-18
               1.6736566                   1.4106301e-18
               1.6747897                   1.4106301e-18
               1.6759229                   1.4106301e-18
                1.677056                   1.4106301e-18
               1.6781892                   1.4106301e-18
               1.6793222                   1.4106301e-18
               1.6804554                   1.4106301e-18
               1.6815886                   1.4106301e-18
               1.6827217                   1.4106301e-18
               1.6838549                   1.4106301e-18
                1.684988                   1.4106301e-18
               1.6861212                   1.4106301e-18
               1.6872543                   1.4106301e-18
               1.6883875                   1.4106301e-18
               1.6895206                   1.4106301e-18
               1.6906538                   1.4106301e-18
               1.6917869                   1.4106301e-18
               1.6929201                   1.4106301e-18
               1.6940532                   1.4106301e-18
               1.6951864                   1.4106301e-18
               1.6963195                   1.4106301e-18
               1.6974527                   1.4106301e-18
               1.6985857                   1.4106301e-18
                1.699719                   1.4106301e-18
                1.700852                   1.4106301e-18
               1.7019852                   1.4106301e-18
               1.7031183                   1.4106301e-18
               1.7042515                   1.4106301e-18
               1.7053846                   1.4106301e-18
               1.7065178                   1.4106301e-18
               1.7076509                   1.4106301e-18
               1.7087841                   1.4106301e-18
               1.7099172                   1.4106301e-18
               1.7110504                   1.4106301e-18
               1.7121835                   1.4106301e-18
               1.7133167                   1.4106301e-18
               1.7144499                   1.4106301e-18
                1.715583                   1.4106301e-18
               1.7167162                   1.4106301e-18
               1.7178493                   1.4106301e-18
               1.7189825                   1.4106301e-18
               1.7201155                   1.4106301e-18
               1.7212487                   1.4106301e-18
               1.7223818                   1.4106301e-18
                1.723515                   1.4106301e-18
               1.7246481                   1.4106301e-18
               1.7257813                   1.4106301e-18
               1.7269144                   1.4106301e-18
               1.7280476                   1.4106301e-18
               1.7291807                   1.4106301e-18
               1.7303139                   1.4106301e-18
                1.731447                   1.4106301e-18
               1.7325802                   1.4106301e-18
               1.7337133                   1.4106301e-18
               1.7348465                   1.4106301e-18
               1.7359796                   1.4106301e-18
               1.7371128                   1.4106301e-18
               1.7382458                   1.4106301e-18
                1.739379                   1.4106301e-18
               1.7405121                   1.4106301e-18
               1.7416453                   1.4106301e-18
               1.7427784                   1.4106301e-18
               1.7439116                   1.4106301e-18
               1.7450447                   1.4106301e-18
               1.7461779                   1.4106301e-18
               1.7473111                   1.4106301e-18
               1.7484442                   1.4106301e-18
               1.7495774                   1.4106301e-18
               1.7507105                   1.4106301e-18
               1.7518437                   1.4106301e-18
               1.7529768                   1.4106301e-18
                 1.75411                   1.4106301e-18
               1.7552431                   1.4106301e-18
               1.7563763                   1.4106301e-18
               1.7575094                   1.4106301e-18
               1.7586426                   1.4106301e-18
               1.7597756                   1.4106301e-18
               1.7609088                   1.4106301e-18
               1.7620419                   1.4106301e-18
               1.7631751                   1.4106301e-18
               1.7643082                   1.4106301e-18
               1.7654414                   1.4106301e-18
               1.7665745                   1.4106301e-18
               1.7677077                   1.4106301e-18
               1.7688408                   1.4106301e-18
                1.769974                   1.4106301e-18
               1.7711071                   1.4106301e-18
               1.7722403                   1.4106301e-18
               1.7733734                   1.4106301e-18
               1.7745066                   1.4106301e-18
               1.7756397                   1.4106301e-18
               1.7767729                   1.4106301e-18
               1.7779059                   1.4106301e-18
               1.7790391                   1.4106301e-18
               1.7801723                   1.4106301e-18
               1.7813054                   1.4106301e-18
               1.7824386                   1.4106301e-18
               1.7835717                   1.4106301e-18
               1.7847049                   1.4106301e-18
                1.785838                   1.4106301e-18
               1.7869712                   1.4106301e-18
               1.7881043                   1.4106301e-18
               1.7892375                   1.4106301e-18
               1.7903706                   1.4106301e-18
               1.7915038                   1.4106301e-18
               1.7926369                   1.4106301e-18
               1.7937701                   1.4106301e-18
               1.7949032                   1.4106301e-18
               1.7960364                   1.4106301e-18
               1.7971694                   1.4106301e-18
               1.7983027                   1.4106301e-18
               1.7994357                   1.4106301e-18
               1.8005689                   1.4106301e-18
                1.801702                   1.4106301e-18
               1.8028352                   1.4106301e-18
               1.8039683                   1.4106301e-18
               1.8051015                   1.4106301e-18
               1.8062346                   1.4106301e-18
               1.8073678                   1.4106301e-18
               1.8085009                   1.4106301e-18
               1.8096341                   1.4106301e-18
               1.8107672                   1.4106301e-18
               1.8119004                   1.4106301e-18
               1.8130336                   1.4106301e-18
               1.8141667                   1.4106301e-18
               1.8152999                   1.4106301e-18
                1.816433                   1.4106301e-18
               1.8175662                   1.4106301e-18
               1.8186992                   1.4106301e-18
               1.8198324                   1.4106301e-18
               1.8209655                   1.4106301e-18
               1.8220987                   1.4106301e-18
               1.8232318                   1.4106301e-18
                1.824365                   1.4106301e-18
               1.8254981                   1.4106301e-18
               1.8266313                   1.4106301e-18
               1.8277644                   1.4106301e-18
               1.8288976                   1.4106301e-18
               1.8300307                   1.4106301e-18
               1.8311639                   1.4106301e-18
                1.832297                   1.4106301e-18
               1.8334302                   1.4106301e-18
               1.8345633                   1.4106301e-18
               1.8356965                   1.4106301e-18
               1.8368295                   1.4106301e-18
               1.8379627                   1.4106301e-18
               1.8390958                   1.4106301e-18
                1.840229                   1.4106301e-18
               1.8413621                   1.4106301e-18
               1.8424953                   1.4106301e-18
               1.8436284                   1.4106301e-18
               1.8447616                   1.4106301e-18
               1.8458948                   1.4106301e-18
               1.8470279                   1.4106301e-18
               1.8481611                   1.4106301e-18
               1.8492942                   1.4106301e-18
               1.8504274                   1.4106301e-18
               1.8515605                   1.4106301e-18
               1.8526937                   1.4106301e-18
               1.8538268                   1.4106301e-18
                 1.85496                   1.4106301e-18
                1.856093                   1.4106301e-18
               1.8572263                   1.4106301e-18
               1.8583593                   1.4106301e-18
               1.8594925                   1.4106301e-18
               1.8606256                   1.4106301e-18
               1.8617588                   1.4106301e-18
               1.8628919                   1.4106301e-18
               1.8640251                   1.4106301e-18
               1.8651582                   1.4106301e-18
               1.8662914                   1.4106301e-18
               1.8674245                   1.4106301e-18
               1.8685577                   1.4106301e-18
               1.8696908                   1.4106301e-18
                1.870824                   1.4106301e-18
               1.8719571                   1.4106301e-18
               1.8730903                   1.4106301e-18
               1.8742234                   1.4106301e-18
               1.8753566                   1.4106301e-18
               1.8764896                   1.4106301e-18
               1.8776228                   1.4106301e-18
                1.878756                   1.4106301e-18
               1.8798891                   1.4106301e-18
               1.8810223                   1.4106301e-18
               1.8821554                   1.4106301e-18
               1.8832886                   1.4106301e-18
               1.8844217                   1.4106301e-18
               1.8855549                   1.4106301e-18
                1.886688                   1.4106301e-18
               1.8878212                   1.4106301e-18
               1.8889543                   1.4106301e-18
               1.8900875                   1.4106301e-18
               1.8912206                   1.4106301e-18
               1.8923538                   1.4106301e-18
               1.8934869                   1.4106301e-18
               1.8946201                   1.4106301e-18
               1.8957531                   1.4106301e-18
               1.8968863                   1.4106301e-18
               1.8980194                   1.4106301e-18
               1.8991526                   1.4106301e-18
               1.9002857                   1.4106301e-18
               1.9014189                   1.4106301e-18
                1.902552                   1.4106301e-18
               1.9036852                   1.4106301e-18
               1.9048183                   1.4106301e-18
               1.9059515                   1.4106301e-18
               1.9070846                   1.4106301e-18
               1.9082178                   1.4106301e-18
               1.9093509                   1.4106301e-18
               1.9104841                   1.4106301e-18
               1.9116173                   1.4106301e-18
               1.9127504                   1.4106301e-18
               1.9138836                   1.4106301e-18
               1.9150167                   1.4106301e-18
               1.9161499                   1.4106301e-18
               1.9172829                   1.4106301e-18
               1.9184161                   1.4106301e-18
               1.9195492                   1.4106301e-18
               1.9206824                   1.4106301e-18
               1.9218155                   1.4106301e-18
               1.9229487                   1.4106301e-18
               1.9240818                   1.4106301e-18
                1.925215                   1.4106301e-18
               1.9263481                   1.4106301e-18
               1.9274813                   1.4106301e-18
               1.9286144                   1.4106301e-18
               1.9297476                   1.4106301e-18
               1.9308807                   1.4106301e-18
               1.9320139                   1.4106301e-18
                1.933147                   1.4106301e-18
               1.9342802                   1.4106301e-18
               1.9354132                   1.4106301e-18
               1.9365464                   1.4106301e-18
               1.9376795                   1.4106301e-18
               1.9388127                   1.4106301e-18
               1.9399458                   1.4106301e-18
                1.941079                   1.4106301e-18
               1.9422121                   1.4106301e-18
               1.9433453                   1.4106301e-18
               1.9444785                   1.4106301e-18
               1.9456116                   1.4106301e-18
               1.9467448                   1.4106301e-18
               1.9478779                   1.4106301e-18
               1.9490111                   1.4106301e-18
               1.9501442                   1.4106301e-18
               1.9512774                   1.4106301e-18
               1.9524105                   1.4106301e-18
               1.9535437                   1.4106301e-18
               1.9546767                   1.4106301e-18
                 1.95581                   1.4106301e-18
                1.956943                   1.4106301e-18
               1.9580762                   1.4106301e-18
               1.9592093                   1.4106301e-18
               1.9603425                   1.4106301e-18
               1.9614756                   1.4106301e-18
               1.9626088                   1.4106301e-18
               1.9637419                   1.4106301e-18
               1.9648751                   1.4106301e-18
               1.9660082                   1.4106301e-18
               1.9671414                   1.4106301e-18
               1.9682745                   1.4106301e-18
               1.9694077                   1.4106301e-18
               1.9705408                   1.4106301e-18
                1.971674                   1.4106301e-18
                1.972807                   1.4106301e-18
               1.9739403                   1.4106301e-18
               1.9750733                   1.4106301e-18
               1.9762065                   1.4106301e-18
               1.9773397                   1.4106301e-18
               1.9784728                   1.4106301e-18
                1.979606                   1.4106301e-18
               1.9807391                   1.4106301e-18
               1.9818723                   1.4106301e-18
               1.9830054                   1.4106301e-18
               1.9841386                   1.4106301e-18
               1.9852717                   1.4106301e-18
               1.9864049                   1.4106301e-18
                1.987538                   1.4106301e-18
               1.9886712                   1.4106301e-18
               1.9898043                   1.4106301e-18
               1.9909375                   1.4106301e-18
               1.9920706                   1.4106301e-18
               1.9932038                   1.4106301e-18
               1.9943368                   1.4106301e-18
                 1.99547                   1.4106301e-18
               1.9966031                   1.4106301e-18
               1.9977363                   1.4106301e-18
               1.9988694                   1.4106301e-18
               2.0000026                   1.4106301e-18
               2.0011358                   1.4106301e-18
               2.0022688                   1.4106301e-18
                2.003402                   1.4106301e-18
               2.0045352                   1.4106301e-18
               2.0056684                   1.4106301e-18
               2.0068014                   1.4106301e-18
               2.0079346                   1.4106301e-18
               2.0090678                   1.4106301e-18
                2.010201                   1.4106301e-18
               2.0113342                   1.4106301e-18
               2.0124671                   1.4106301e-18
               2.0136003                   1.4106301e-18
               2.0147336                   1.4106301e-18
               2.0158668                   1.4106301e-18
               2.0169997                   1.4106301e-18
               2.0181329                   1.4106301e-18
               2.0192661                   1.4106301e-18
               2.0203993                   1.4106301e-18
               2.0215323                   1.4106301e-18
               2.0226655                   1.4106301e-18
               2.0237987                   1.4106301e-18
               2.0249319                   1.4106301e-18
               2.0260649                   1.4106301e-18
               2.0271981                   1.4106301e-18
               2.0283313                   1.4106301e-18
               2.0294645                   1.4106301e-18
               2.0305974                   1.4106301e-18
               2.0317307                   1.4106301e-18
               2.0328639                   1.4106301e-18
               2.0339971                   1.4106301e-18
                 2.03513                   1.4106301e-18
               2.0362632                   1.4106301e-18
               2.0373964                   1.4106301e-18
               2.0385296                   1.4106301e-18
               2.0396626                   1.4106301e-18
               2.0407958                   1.4106301e-18
                2.041929                   1.4106301e-18
               2.0430622                   1.4106301e-18
               2.0441954                   1.4106301e-18
               2.0453284                   1.4106301e-18
               2.0464616                   1.4106301e-18
               2.0475948                   1.4106301e-18
                2.048728                   1.4106301e-18
                2.049861                   1.4106301e-18
               2.0509942                   1.4106301e-18
               2.0521274                   1.4106301e-18
               2.0532606                   1.4106301e-18
               2.0543935                   1.4106301e-18
               2.0555267                   1.4106301e-18
               2.0566599                   1.4106301e-18
               2.0577931                   1.4106301e-18
               2.0589261                   1.4106301e-18
               2.0600593                   1.4106301e-18
               2.0611925                   1.4106301e-18
               2.0623257                   1.4106301e-18
               2.0634587                   1.4106301e-18
               2.0645919                   1.4106301e-18
               2.0657251                   1.4106301e-18
               2.0668583                   1.4106301e-18
               2.0679913                   1.4106301e-18
               2.0691245                   1.4106301e-18
               2.0702577                   1.4106301e-18
               2.0713909                   1.4106301e-18
               2.0725238                   1.4106301e-18
                2.073657                   1.4106301e-18
               2.0747902                   1.4106301e-18
               2.0759234                   1.4106301e-18
               2.0770566                   1.4106301e-18
               2.0781896                   1.4106301e-18
               2.0793228                   1.4106301e-18
                2.080456                   1.4106301e-18
               2.0815892                   1.4106301e-18
               2.0827222                   1.4106301e-18
               2.0838554                   1.4106301e-18
               2.0849886                   1.4106301e-18
               2.0861218                   1.4106301e-18
               2.0872548                   1.4106301e-18
                2.088388                   1.4106301e-18
               2.0895212                   1.4106301e-18
               2.0906544                   1.4106301e-18
               2.0917873                   1.4106301e-18
               2.0929205                   1.4106301e-18
               2.0940537                   1.4106301e-18
               2.0951869                   1.4106301e-18
               2.0963199                   1.4106301e-18
               2.0974531                   1.4106301e-18
               2.0985863                   1.4106301e-18
               2.0997195                   1.4106301e-18
               2.1008525                   1.4106301e-18
               2.1019857                   1.4106301e-18
               2.1031189                   1.4106301e-18
               2.1042521                   1.4106301e-18
               2.1053851                   1.4106301e-18
               2.1065183                   1.4106301e-18
               2.1076515                   1.4106301e-18
               2.1087847                   1.4106301e-18
               2.1099179                   1.4106301e-18
               2.1110508                   1.4106301e-18
                2.112184                   1.4106301e-18
               2.1133173                   1.4106301e-18
               2.1144505                   1.4106301e-18
               2.1155834                   1.4106301e-18
               2.1167166                   1.4106301e-18
               2.1178498                   1.4106301e-18
                2.118983                   1.4106301e-18
                2.120116                   1.4106301e-18
               2.1212492                   1.4106301e-18
               2.1223824                   1.4106301e-18
               2.1235156                   1.4106301e-18
               2.1246486                   1.4106301e-18
               2.1257818                   1.4106301e-18
                2.126915                   1.4106301e-18
               2.1280482                   1.4106301e-18
               2.1291811                   1.4106301e-18
               2.1303144                   1.4106301e-18
               2.1314476                   1.4106301e-18
               2.1325808                   1.4106301e-18
               2.1337137                   1.4106301e-18
               2.1348469                   1.4106301e-18
               2.1359801                   1.4106301e-18
               2.1371133                   1.4106301e-18
               2.1382463                   1.4106301e-18
               2.1393795                   1.4106301e-18
               2.1405127                   1.4106301e-18
               2.1416459                   1.4106301e-18
               2.1427791                   1.4106301e-18
               2.1439121                   1.4106301e-18
               2.1450453                   1.4106301e-18
               2.1461785                   1.4106301e-18
               2.1473117                   1.4106301e-18
               2.1484447                   1.4106301e-18
               2.1495779                   1.4106301e-18
               2.1507111                   1.4106301e-18
               2.1518443                   1.4106301e-18
               2.1529772                   1.4106301e-18
               2.1541104                   1.4106301e-18
               2.1552436                   1.4106301e-18
               2.1563768                   1.4106301e-18
               2.1575098                   1.4106301e-18
                2.158643                   1.4106301e-18
               2.1597762                   1.4106301e-18
               2.1609094                   1.4106301e-18
               2.1620424                   1.4106301e-18
               2.1631756                   1.4106301e-18
               2.1643088                   1.4106301e-18
                2.165442                   1.4106301e-18
                2.166575                   1.4106301e-18
               2.1677082                   1.4106301e-18
               2.1688414                   1.4106301e-18
               2.1699746                   1.4106301e-18
               2.1711075                   1.4106301e-18
               2.1722407                   1.4106301e-18
               2.1733739                   1.4106301e-18
               2.1745071                   1.4106301e-18
               2.1756403                   1.4106301e-18
               2.1767733                   1.4106301e-18
               2.1779065                   1.4106301e-18
               2.1790397                   1.4106301e-18
               2.1801729                   1.4106301e-18
               2.1813059                   1.4106301e-18
               2.1824391                   1.4106301e-18
               2.1835723                   1.4106301e-18
               2.1847055                   1.4106301e-18
               2.1858385                   1.4106301e-18
               2.1869717                   1.4106301e-18
               2.1881049                   1.4106301e-18
               2.1892381                   1.4106301e-18
                2.190371                   1.4106301e-18
               2.1915042                   1.4106301e-18
               2.1926374                   1.4106301e-18
               2.1937706                   1.4106301e-18
               2.1949036                   1.4106301e-18
               2.1960368                   1.4106301e-18
                 2.19717                   1.4106301e-18
               2.1983032                   1.4106301e-18
               2.1994362                   1.4106301e-18
               2.2005694                   1.4106301e-18
               2.2017026                   1.4106301e-18
               2.2028358                   1.4106301e-18
               2.2039688                   1.4106301e-18
                2.205102                   1.4106301e-18
               2.2062352                   1.4106301e-18
               2.2073684                   1.4106301e-18
               2.2085016                   1.4106301e-18
               2.2096345                   1.4106301e-18
               2.2107677                   1.4106301e-18
               2.2119009                   1.4106301e-18
               2.2130342                   1.4106301e-18
               2.2141671                   1.4106301e-18
               2.2153003                   1.4106301e-18
               2.2164335                   1.4106301e-18
               2.2175667                   1.4106301e-18
               2.2186997                   1.4106301e-18
               2.2198329                   1.4106301e-18
               2.2209661                   1.4106301e-18
               2.2220993                   1.4106301e-18
               2.2232323                   1.4106301e-18
               2.2243655                   1.4106301e-18
               2.2254987                   1.4106301e-18
               2.2266319                   1.4106301e-18
               2.2277648                   1.4106301e-18
                2.228898                   1.4106301e-18
               2.2300313                   1.4106301e-18
               2.2311645                   1.4106301e-18
               2.2322974                   1.4106301e-18
               2.2334306                   1.4106301e-18
               2.2345638                   1.4106301e-18
                2.235697                   1.4106301e-18
                 2.23683                   1.4106301e-18
               2.2379632                   1.4106301e-18
               2.2390964                   1.4106301e-18
               2.2402296                   1.4106301e-18
               2.2413628                   1.4106301e-18
               2.2424958                   1.4106301e-18
                2.243629                   1.4106301e-18
               2.2447622                   1.4106301e-18
               2.2458954                   1.4106301e-18
               2.2470284                   1.4106301e-18
               2.2481616                   1.4106301e-18
               2.2492948                   1.4106301e-18
                2.250428                   1.4106301e-18
               2.2515609                   1.4106301e-18
               2.2526941                   1.4106301e-18
               2.2538273                   1.4106301e-18
               2.2549605                   1.4106301e-18
               2.2560935                   1.4106301e-18
               2.2572267                   1.4106301e-18
               2.2583599                   1.4106301e-18
               2.2594931                   1.4106301e-18
               2.2606261                   1.4106301e-18
               2.2617593                   1.4106301e-18
               2.2628925                   1.4106301e-18
               2.2640257                   1.4106301e-18
               2.2651587                   1.4106301e-18
               2.2662919                   1.4106301e-18
               2.2674251                   1.4106301e-18
               2.2685583                   1.4106301e-18
               2.2696912                   1.4106301e-18
               2.2708244                   1.4106301e-18
               2.2719576                   1.4106301e-18
               2.2730908                   1.4106301e-18
                2.274224                   1.4106301e-18
                2.275357                   1.4106301e-18
               2.2764902                   1.4106301e-18
               2.2776234                   1.4106301e-18
               2.2787566                   1.4106301e-18
               2.2798896                   1.4106301e-18
               2.2810228                   1.4106301e-18
                2.282156                   1.4106301e-18
               2.2832892                   1.4106301e-18
               2.2844222                   1.4106301e-18
               2.2855554                   1.4106301e-18
               2.2866886                   1.4106301e-18
               2.2878218                   1.4106301e-18
               2.2889547                   1.4106301e-18
               2.2900879                   1.4106301e-18
               2.2912211                   1.4106301e-18
               2.2923543                   1.4106301e-18
               2.2934873                   1.4106301e-18
               2.2946205                   1.4106301e-18
               2.2957537                   1.4106301e-18
               2.2968869                   1.4106301e-18
               2.2980199                   1.4106301e-18
               2.2991531                   1.4106301e-18
               2.3002863                   1.4106301e-18
               2.3014195                   1.4106301e-18
               2.3025525                   1.4106301e-18
               2.3036857                   1.4106301e-18
               2.3048189                   1.4106301e-18
               2.3059521                   1.4106301e-18
               2.3070853                   1.4106301e-18
               2.3082182                   1.4106301e-18
               2.3093514                   1.4106301e-18
               2.3104846                   1.4106301e-18
               2.3116179                   1.4106301e-18
               2.3127508                   1.4106301e-18
                2.313884                   1.4106301e-18
               2.3150172                   1.4106301e-18
               2.3161504                   1.4106301e-18
               2.3172834                   1.4106301e-18
               2.3184166                   1.4106301e-18
               2.3195498                   1.4106301e-18
                2.320683                   1.4106301e-18
                2.321816                   1.4106301e-18
               2.3229492                   1.4106301e-18
               2.3240824                   1.4106301e-18
               2.3252156                   1.4106301e-18
               2.3263485                   1.4106301e-18
               2.3274817                   1.4106301e-18
                2.328615                   1.4106301e-18
               2.3297482                   1.4106301e-18
               2.3308811                   1.4106301e-18
               2.3320143                   1.4106301e-18
               2.3331475                   1.4106301e-18
               2.3342807                   1.4106301e-18
               2.3354137                   1.4106301e-18
               2.3365469                   1.4106301e-18
               2.3376801                   1.4106301e-18
               2.3388133                   1.4106301e-18
               2.3399465                   1.4106301e-18
               2.3410795                   1.4106301e-18
               2.3422127                   1.4106301e-18
               2.3433459                   1.4106301e-18
               2.3444791                   1.4106301e-18
                2.345612                   1.4106301e-18
               2.3467453                   1.4106301e-18
               2.3478785                   1.4106301e-18
               2.3490117                   1.4106301e-18
               2.3501446                   1.4106301e-18
               2.3512778                   1.4106301e-18
                2.352411                   1.4106301e-18
               2.3535442                   1.4106301e-18
               2.3546772                   1.4106301e-18
               2.3558104                   1.4106301e-18
               2.3569436                   1.4106301e-18
               2.3580768                   1.4106301e-18
               2.3592098                   1.4106301e-18
                2.360343                   1.4106301e-18
               2.3614762                   1.4106301e-18
               2.3626094                   1.4106301e-18
               2.3637424                   1.4106301e-18
               2.3648756                   1.4106301e-18
               2.3660088                   1.4106301e-18
                2.367142                   1.4106301e-18
               2.3682749                   1.4106301e-18
               2.3694081                   1.4106301e-18
               2.3705413                   1.4106301e-18
               2.3716745                   1.4106301e-18
               2.3728077                   1.4106301e-18
               2.3739407                   1.4106301e-18
               2.3750739                   1.4106301e-18
               2.3762071                   1.4106301e-18
               2.3773403                   1.4106301e-18
               2.3784733                   1.4106301e-18
               2.3796065                   1.4106301e-18
               2.3807397                   1.4106301e-18
               2.3818729                   1.4106301e-18
               2.3830059                   1.4106301e-18
               2.3841391                   1.4106301e-18
               2.3852723                   1.4106301e-18
               2.3864055                   1.4106301e-18
               2.3875384                   1.4106301e-18
               2.3886716                   1.4106301e-18
               2.3898048                   1.4106301e-18
                2.390938                   1.4106301e-18
                2.392071                   1.4106301e-18
               2.3932042                   1.4106301e-18
               2.3943374                   1.4106301e-18
               2.3954706                   1.4106301e-18
               2.3966036                   1.4106301e-18
               2.3977368                   1.4106301e-18
                 2.39887                   1.4106301e-18
               2.4000032                   1.4106301e-18
               2.4011362                   1.4106301e-18
               2.4022694                   1.4106301e-18
               2.4034026                   1.4106301e-18
               2.4045358                   1.4106301e-18
                2.405669                   1.4106301e-18
               2.4068019                   1.4106301e-18
               2.4079351                   1.4106301e-18
               2.4090683                   1.4106301e-18
               2.4102015                   1.4106301e-18
               2.4113345                   1.4106301e-18
               2.4124677                   1.4106301e-18
               2.4136009                   1.4106301e-18
               2.4147341                   1.4106301e-18
               2.4158671                   1.4106301e-18
               2.4170003                   1.4106301e-18
               2.4181335                   1.4106301e-18
               2.4192667                   1.4106301e-18
               2.4203997                   1.4106301e-18
               2.4215329                   1.4106301e-18
               2.4226661                   1.4106301e-18
               2.4237993                   1.4106301e-18
               2.4249322                   1.4106301e-18
               2.4260654                   1.4106301e-18
               2.4271986                   1.4106301e-18
               2.4283319                   1.4106301e-18
               2.4294648                   1.4106301e-18
                2.430598                   1.4106301e-18
               2.4317312                   1.4106301e-18
               2.4328644                   1.4106301e-18
               2.4339974                   1.4106301e-18
               2.4351306                   1.4106301e-18
               2.4362638                   1.4106301e-18
                2.437397                   1.4106301e-18
               2.4385302                   1.4106301e-18
               2.4396632                   1.4106301e-18
               2.4407964                   1.4106301e-18
               2.4419296                   1.4106301e-18
               2.4430628                   1.4106301e-18
               2.4441957                   1.4106301e-18
                2.445329                   1.4106301e-18
               2.4464622                   1.4106301e-18
               2.4475954                   1.4106301e-18
               2.4487283                   1.4106301e-18
               2.4498615                   1.4106301e-18
               2.4509947                   1.4106301e-18
               2.4521279                   1.4106301e-18
               2.4532609                   1.4106301e-18
               2.4543941                   1.4106301e-18
               2.4555273                   1.4106301e-18
               2.4566605                   1.4106301e-18
               2.4577935                   1.4106301e-18
               2.4589267                   1.4106301e-18
               2.4600599                   1.4106301e-18
               2.4611931                   1.4106301e-18
                2.462326                   1.4106301e-18
               2.4634593                   1.4106301e-18
               2.4645925                   1.4106301e-18
               2.4657257                   1.4106301e-18
               2.4668586                   1.4106301e-18
               2.4679918                   1.4106301e-18
                2.469125                   1.4106301e-18
               2.4702582                   1.4106301e-18
               2.4713914                   1.4106301e-18
               2.4725244                   1.4106301e-18
               2.4736576                   1.4106301e-18
               2.4747908                   1.4106301e-18
                2.475924                   1.4106301e-18
                2.477057                   1.4106301e-18
               2.4781902                   1.4106301e-18
               2.4793234                   1.4106301e-18
               2.4804566                   1.4106301e-18
               2.4815896                   1.4106301e-18
               2.4827228                   1.4106301e-18
                2.483856                   1.4106301e-18
               2.4849892                   1.4106301e-18
               2.4861221                   1.4106301e-18
               2.4872553                   1.4106301e-18
               2.4883885                   1.4106301e-18
               2.4895217                   1.4106301e-18
               2.4906547                   1.4106301e-18
               2.4917879                   1.4106301e-18
               2.4929211                   1.4106301e-18
               2.4940543                   1.4106301e-18
               2.4951873                   1.4106301e-18
               2.4963205                   1.4106301e-18
               2.4974537                   1.4106301e-18
               2.4985869                   1.4106301e-18
               2.4997199                   1.4106301e-18
               2.5008531                   1.4106301e-18
               2.5019863                   1.4106301e-18
               2.5031195                   1.4106301e-18
               2.5042527                   1.4106301e-18
               2.5053856                   1.4106301e-18
               2.5065188                   1.4106301e-18
                2.507652                   1.4106301e-18
               2.5087852                   1.4106301e-18
               2.5099182                   1.4106301e-18
               2.5110514                   1.4106301e-18
               2.5121846                   1.4106301e-18
               2.5133178                   1.4106301e-18
               2.5144508                   1.4106301e-18
                2.515584                   1.4106301e-18
               2.5167172                   1.4106301e-18
               2.5178504                   1.4106301e-18
               2.5189834                   1.4106301e-18
               2.5201166                   1.4106301e-18
               2.5212498                   1.4106301e-18
                2.522383                   1.4106301e-18
               2.5235159                   1.4106301e-18
               2.5246491                   1.4106301e-18
               2.5257823                   1.4106301e-18
               2.5269156                   1.4106301e-18
               2.5280485                   1.4106301e-18
               2.5291817                   1.4106301e-18
               2.5303149                   1.4106301e-18
               2.5314481                   1.4106301e-18
               2.5325811                   1.4106301e-18
               2.5337143                   1.4106301e-18
               2.5348475                   1.4106301e-18
               2.5359807                   1.4106301e-18
               2.5371139                   1.4106301e-18
               2.5382469                   1.4106301e-18
               2.5393801                   1.4106301e-18
               2.5405133                   1.4106301e-18
               2.5416465                   1.4106301e-18
               2.5427794                   1.4106301e-18
               2.5439126                   1.4106301e-18
               2.5450459                   1.4106301e-18
               2.5461791                   1.4106301e-18
                2.547312                   1.4106301e-18
               2.5484452                   1.4106301e-18
               2.5495784                   1.4106301e-18
               2.5507116                   1.4106301e-18
               2.5518446                   1.4106301e-18
               2.5529778                   1.4106301e-18
                2.554111                   1.4106301e-18
               2.5552442                   1.4106301e-18
               2.5563772                   1.4106301e-18
               2.5575104                   1.4106301e-18
               2.5586436                   1.4106301e-18
               2.5597768                   1.4106301e-18
               2.5609097                   1.4106301e-18
                2.562043                   1.4106301e-18
               2.5631762                   1.4106301e-18
               2.5643094                   1.4106301e-18
               2.5654423                   1.4106301e-18
               2.5665755                   1.4106301e-18
               2.5677087                   1.4106301e-18
               2.5688419                   1.4106301e-18
               2.5699751                   1.4106301e-18
               2.5711081                   1.4106301e-18
               2.5722413                   1.4106301e-18
               2.5733745                   1.4106301e-18
               2.5745077                   1.4106301e-18
               2.5756407                   1.4106301e-18
               2.5767739                   1.4106301e-18
               2.5779071                   1.4106301e-18
               2.5790403                   1.4106301e-18
               2.5801733                   1.4106301e-18
               2.5813065                   1.4106301e-18
               2.5824397                   1.4106301e-18
               2.5835729                   1.4106301e-18
               2.5847058                   1.4106301e-18
                2.585839                   1.4106301e-18
               2.5869722                   1.4106301e-18
               2.5881054                   1.4106301e-18
               2.5892384                   1.4106301e-18
               2.5903716                   1.4106301e-18
               2.5915048                   1.4106301e-18
                2.592638                   1.4106301e-18
                2.593771                   1.4106301e-18
               2.5949042                   1.4106301e-18
               2.5960374                   1.4106301e-18
               2.5971706                   1.4106301e-18
               2.5983036                   1.4106301e-18
               2.5994368                   1.4106301e-18
                 2.60057                   1.4106301e-18
               2.6017032                   1.4106301e-18
               2.6028364                   1.4106301e-18
               2.6039693                   1.4106301e-18
               2.6051025                   1.4106301e-18
               2.6062357                   1.4106301e-18
               2.6073689                   1.4106301e-18
               2.6085019                   1.4106301e-18
               2.6096351                   1.4106301e-18
               2.6107683                   1.4106301e-18
               2.6119015                   1.4106301e-18
               2.6130345                   1.4106301e-18
               2.6141677                   1.4106301e-18
               2.6153009                   1.4106301e-18
               2.6164341                   1.4106301e-18
               2.6175671                   1.4106301e-18
               2.6187003                   1.4106301e-18
               2.6198335                   1.4106301e-18
               2.6209667                   1.4106301e-18
               2.6220996                   1.4106301e-18
               2.6232328                   1.4106301e-18
                2.624366                   1.4106301e-18
               2.6254992                   1.4106301e-18
               2.6266322                   1.4106301e-18
               2.6277654                   1.4106301e-18
               2.6288986                   1.4106301e-18
               2.6300318                   1.4106301e-18
               2.6311648                   1.4106301e-18
                2.632298                   1.4106301e-18
               2.6334312                   1.4106301e-18
               2.6345644                   1.4106301e-18
               2.6356976                   1.4106301e-18
               2.6368306                   1.4106301e-18
               2.6379638                   1.4106301e-18
                2.639097                   1.4106301e-18
               2.6402302                   1.4106301e-18
               2.6413631                   1.4106301e-18
               2.6424963                   1.4106301e-18
               2.6436296                   1.4106301e-18
               2.6447628                   1.4106301e-18
               2.6458957                   1.4106301e-18
               2.6470289                   1.4106301e-18
               2.6481621                   1.4106301e-18
               2.6492953                   1.4106301e-18
               2.6504283                   1.4106301e-18
               2.6515615                   1.4106301e-18
               2.6526947                   1.4106301e-18
               2.6538279                   1.4106301e-18
               2.6549609                   1.4106301e-18
               2.6560941                   1.4106301e-18
               2.6572273                   1.4106301e-18
               2.6583605                   1.4106301e-18
               2.6594934                   1.4106301e-18
               2.6606266                   1.4106301e-18
               2.6617599                   1.4106301e-18
               2.6628931                   1.4106301e-18
                2.664026                   1.4106301e-18
               2.6651592                   1.4106301e-18
               2.6662924                   1.4106301e-18
               2.6674256                   1.4106301e-18
               2.6685588                   1.4106301e-18
               2.6696918                   1.4106301e-18
                2.670825                   1.4106301e-18
               2.6719582                   1.4106301e-18
               2.6730914                   1.4106301e-18
               2.6742244                   1.4106301e-18
               2.6753576                   1.4106301e-18
               2.6764908                   1.4106301e-18
                2.677624                   1.4106301e-18
                2.678757                   1.4106301e-18
               2.6798902                   1.4106301e-18
               2.6810234                   1.4106301e-18
               2.6821566                   1.4106301e-18
               2.6832895                   1.4106301e-18
               2.6844227                   1.4106301e-18
               2.6855559                   1.4106301e-18
               2.6866891                   1.4106301e-18
               2.6878221                   1.4106301e-18
               2.6889553                   1.4106301e-18
               2.6900885                   1.4106301e-18
               2.6912217                   1.4106301e-18
               2.6923547                   1.4106301e-18
               2.6934879                   1.4106301e-18
               2.6946211                   1.4106301e-18
               2.6957543                   1.4106301e-18
               2.6968873                   1.4106301e-18
               2.6980205                   1.4106301e-18
               2.6991537                   1.4106301e-18
               2.7002869                   1.4106301e-18
               2.7014201                   1.4106301e-18
                2.702553                   1.4106301e-18
               2.7036862                   1.4106301e-18
               2.7048194                   1.4106301e-18
               2.7059526                   1.4106301e-18
               2.7070856                   1.4106301e-18
               2.7082188                   1.4106301e-18
                2.709352                   1.4106301e-18
               2.7104852                   1.4106301e-18
               2.7116182                   1.4106301e-18
               2.7127514                   1.4106301e-18
               2.7138846                   1.4106301e-18
               2.7150178                   1.4106301e-18
               2.7161508                   1.4106301e-18
                2.717284                   1.4106301e-18
               2.7184172                   1.4106301e-18
               2.7195504                   1.4106301e-18
               2.7206833                   1.4106301e-18
               2.7218165                   1.4106301e-18
               2.7229497                   1.4106301e-18
               2.7240829                   1.4106301e-18
               2.7252159                   1.4106301e-18
               2.7263491                   1.4106301e-18
               2.7274823                   1.4106301e-18
               2.7286155                   1.4106301e-18
               2.7297485                   1.4106301e-18
               2.7308817                   1.4106301e-18
               2.7320149                   1.4106301e-18
               2.7331481                   1.4106301e-18
               2.7342813                   1.4106301e-18
               2.7354143                   1.4106301e-18
               2.7365475                   1.4106301e-18
               2.7376807                   1.4106301e-18
               2.7388139                   1.4106301e-18
               2.7399468                   1.4106301e-18
                 2.74108                   1.4106301e-18
               2.7422132                   1.4106301e-18
               2.7433465                   1.4106301e-18
               2.7444794                   1.4106301e-18
               2.7456126                   1.4106301e-18
               2.7467458                   1.4106301e-18
                2.747879                   1.4106301e-18
                2.749012                   1.4106301e-18
               2.7501452                   1.4106301e-18
               2.7512784                   1.4106301e-18
               2.7524116                   1.4106301e-18
               2.7535446                   1.4106301e-18
               2.7546778                   1.4106301e-18
                2.755811                   1.4106301e-18
               2.7569442                   1.4106301e-18
               2.7580771                   1.4106301e-18
               2.7592103                   1.4106301e-18
               2.7603436                   1.4106301e-18
               2.7614768                   1.4106301e-18
               2.7626097                   1.4106301e-18
               2.7637429                   1.4106301e-18
               2.7648761                   1.4106301e-18
               2.7660093                   1.4106301e-18
               2.7671425                   1.4106301e-18
               2.7682755                   1.4106301e-18
               2.7694087                   1.4106301e-18
               2.7705419                   1.4106301e-18
               2.7716751                   1.4106301e-18
               2.7728081                   1.4106301e-18
               2.7739413                   1.4106301e-18
               2.7750745                   1.4106301e-18
               2.7762077                   1.4106301e-18
               2.7773407                   1.4106301e-18
               2.7784739                   1.4106301e-18
               2.7796071                   1.4106301e-18
               2.7807403                   1.4106301e-18
               2.7818732                   1.4106301e-18
               2.7830064                   1.4106301e-18
               2.7841396                   1.4106301e-18
               2.7852728                   1.4106301e-18
               2.7864058                   1.4106301e-18
                2.787539                   1.4106301e-18
               2.7886722                   1.4106301e-18
               2.7898054                   1.4106301e-18
               2.7909384                   1.4106301e-18
               2.7920716                   1.4106301e-18
               2.7932048                   1.4106301e-18
                2.794338                   1.4106301e-18
                2.795471                   1.4106301e-18
               2.7966042                   1.4106301e-18
               2.7977374                   1.4106301e-18
               2.7988706                   1.4106301e-18
               2.8000038                   1.4106301e-18
               2.8011367                   1.4106301e-18
               2.8022699                   1.4106301e-18
               2.8034031                   1.4106301e-18
               2.8045363                   1.4106301e-18
               2.8056693                   1.4106301e-18
               2.8068025                   1.4106301e-18
               2.8079357                   1.4106301e-18
               2.8090689                   1.4106301e-18
               2.8102019                   1.4106301e-18
               2.8113351                   1.4106301e-18
               2.8124683                   1.4106301e-18
               2.8136015                   1.4106301e-18
               2.8147345                   1.4106301e-18
               2.8158677                   1.4106301e-18
               2.8170009                   1.4106301e-18
               2.8181341                   1.4106301e-18
                2.819267                   1.4106301e-18
               2.8204002                   1.4106301e-18
               2.8215334                   1.4106301e-18
               2.8226666                   1.4106301e-18
               2.8237996                   1.4106301e-18
               2.8249328                   1.4106301e-18
                2.826066                   1.4106301e-18
               2.8271992                   1.4106301e-18
               2.8283322                   1.4106301e-18
               2.8294654                   1.4106301e-18
               2.8305986                   1.4106301e-18
               2.8317318                   1.4106301e-18
                2.832865                   1.4106301e-18
                2.833998                   1.4106301e-18
               2.8351312                   1.4106301e-18
               2.8362644                   1.4106301e-18
               2.8373976                   1.4106301e-18
               2.8385305                   1.4106301e-18
               2.8396637                   1.4106301e-18
               2.8407969                   1.4106301e-18
               2.8419302                   1.4106301e-18
               2.8430631                   1.4106301e-18
               2.8441963                   1.4106301e-18
               2.8453295                   1.4106301e-18
               2.8464627                   1.4106301e-18
               2.8475957                   1.4106301e-18
               2.8487289                   1.4106301e-18
               2.8498621                   1.4106301e-18
               2.8509953                   1.4106301e-18
               2.8521283                   1.4106301e-18
               2.8532615                   1.4106301e-18
               2.8543947                   1.4106301e-18
               2.8555279                   1.4106301e-18
               2.8566608                   1.4106301e-18
                2.857794                   1.4106301e-18
               2.8589272                   1.4106301e-18
               2.8600605                   1.4106301e-18
               2.8611934                   1.4106301e-18
               2.8623266                   1.4106301e-18
               2.8634598                   1.4106301e-18
                2.864593                   1.4106301e-18
               2.8657262                   1.4106301e-18
               2.8668592                   1.4106301e-18
               2.8679924                   1.4106301e-18
               2.8691256                   1.4106301e-18
               2.8702588                   1.4106301e-18
               2.8713918                   1.4106301e-18
                2.872525                   1.4106301e-18
               2.8736582                   1.4106301e-18
               2.8747914                   1.4106301e-18
               2.8759243                   1.4106301e-18
               2.8770576                   1.4106301e-18
               2.8781908                   1.4106301e-18
                2.879324                   1.4106301e-18
               2.8804569                   1.4106301e-18
               2.8815901                   1.4106301e-18
               2.8827233                   1.4106301e-18
               2.8838565                   1.4106301e-18
               2.8849895                   1.4106301e-18
               2.8861227                   1.4106301e-18
               2.8872559                   1.4106301e-18
               2.8883891                   1.4106301e-18
               2.8895221                   1.4106301e-18
               2.8906553                   1.4106301e-18
               2.8917885                   1.4106301e-18
               2.8929217                   1.4106301e-18
               2.8940547                   1.4106301e-18
               2.8951879                   1.4106301e-18
               2.8963211                   1.4106301e-18
               2.8974543                   1.4106301e-18
               2.8985875                   1.4106301e-18
               2.8997204                   1.4106301e-18
               2.9008536                   1.4106301e-18
               2.9019868                   1.4106301e-18
                 2.90312                   1.4106301e-18
                2.904253                   1.4106301e-18
               2.9053862                   1.4106301e-18
               2.9065194                   1.4106301e-18
               2.9076526                   1.4106301e-18
               2.9087856                   1.4106301e-18
               2.9099188                   1.4106301e-18
                2.911052                   1.4106301e-18
               2.9121852                   1.4106301e-18
               2.9133182                   1.4106301e-18
               2.9144514                   1.4106301e-18
               2.9155846                   1.4106301e-18
               2.9167178                   1.4106301e-18
               2.9178507                   1.4106301e-18
               2.9189839                   1.4106301e-18
               2.9201171                   1.4106301e-18
               2.9212503                   1.4106301e-18
               2.9223833                   1.4106301e-18
               2.9235165                   1.4106301e-18
               2.9246497                   1.4106301e-18
               2.9257829                   1.4106301e-18
               2.9269159                   1.4106301e-18
               2.9280491                   1.4106301e-18
               2.9291823                   1.4106301e-18
               2.9303155                   1.4106301e-18
               2.9314485                   1.4106301e-18
               2.9325817                   1.4106301e-18
               2.9337149                   1.4106301e-18
               2.9348481                   1.4106301e-18
               2.9359813                   1.4106301e-18
               2.9371142                   1.4106301e-18
               2.9382474                   1.4106301e-18
               2.9393806                   1.4106301e-18
               2.9405138                   1.4106301e-18
               2.9416468                   1.4106301e-18
                 2.94278                   1.4106301e-18
               2.9439132                   1.4106301e-18
               2.9450464                   1.4106301e-18
               2.9461794                   1.4106301e-18
               2.9473126                   1.4106301e-18
               2.9484458                   1.4106301e-18
                2.949579                   1.4106301e-18
                2.950712                   1.4106301e-18
               2.9518452                   1.4106301e-18
               2.9529784                   1.4106301e-18
               2.9541116                   1.4106301e-18
               2.9552445                   1.4106301e-18
               2.9563777                   1.4106301e-18
               2.9575109                   1.4106301e-18
               2.9586442                   1.4106301e-18
               2.9597771                   1.4106301e-18
               2.9609103                   1.4106301e-18
               2.9620435                   1.4106301e-18
               2.9631767                   1.4106301e-18
               2.9643097                   1.4106301e-18
               2.9654429                   1.4106301e-18
               2.9665761                   1.4106301e-18
               2.9677093                   1.4106301e-18
               2.9688425                   1.4106301e-18
               2.9699755                   1.4106301e-18
               2.9711087                   1.4106301e-18
               2.9722419                   1.4106301e-18
               2.9733751                   1.4106301e-18
                2.974508                   1.4106301e-18
               2.9756413                   1.4106301e-18
               2.9767745                   1.4106301e-18
               2.9779077                   1.4106301e-18
               2.9790406                   1.4106301e-18
               2.9801738                   1.4106301e-18
                2.981307                   1.4106301e-18
               2.9824402                   1.4106301e-18
               2.9835732                   1.4106301e-18
               2.9847064                   1.4106301e-18
               2.9858396                   1.4106301e-18
               2.9869728                   1.4106301e-18
               2.9881058                   1.4106301e-18
                2.989239                   1.4106301e-18
               2.9903722                   1.4106301e-18
               2.9915054                   1.4106301e-18
               2.9926383                   1.4106301e-18
               2.9937716                   1.4106301e-18
               2.9949048                   1.4106301e-18
                2.996038                   1.4106301e-18
               2.9971709                   1.4106301e-18
               2.9983041                   1.4106301e-18
               2.9994373                   1.4106301e-18
               3.0005705                   1.4106301e-18
               3.0017037                   1.4106301e-18
               3.0028367                   1.4106301e-18
               3.0039699                   1.4106301e-18
               3.0051031                   1.4106301e-18
               3.0062363                   1.4106301e-18
               3.0073693                   1.4106301e-18
               3.0085025                   1.4106301e-18
               3.0096357                   1.4106301e-18
               3.0107689                   1.4106301e-18
               3.0119019                   1.4106301e-18
               3.0130351                   1.4106301e-18
               3.0141683                   1.4106301e-18
               3.0153015                   1.4106301e-18
               3.0164344                   1.4106301e-18
               3.0175676                   1.4106301e-18
               3.0187008                   1.4106301e-18
                3.019834                   1.4106301e-18
                3.020967                   1.4106301e-18
               3.0221002                   1.4106301e-18
               3.0232334                   1.4106301e-18
               3.0243666                   1.4106301e-18
               3.0254996                   1.4106301e-18
               3.0266328                   1.4106301e-18
                3.027766                   1.4106301e-18
               3.0288992                   1.4106301e-18
               3.0300322                   1.4106301e-18
               3.0311654                   1.4106301e-18
               3.0322986                   1.4106301e-18
               3.0334318                   1.4106301e-18
                3.034565                   1.4106301e-18
               3.0356979                   1.4106301e-18
               3.0368311                   1.4106301e-18
               3.0379643                   1.4106301e-18
               3.0390975                   1.4106301e-18
               3.0402305                   1.4106301e-18
               3.0413637                   1.4106301e-18
               3.0424969                   1.4106301e-18
               3.0436301                   1.4106301e-18
               3.0447631                   1.4106301e-18
               3.0458963                   1.4106301e-18
               3.0470295                   1.4106301e-18
               3.0481627                   1.4106301e-18
               3.0492957                   1.4106301e-18
               3.0504289                   1.4106301e-18
               3.0515621                   1.4106301e-18
               3.0526953                   1.4106301e-18
               3.0538282                   1.4106301e-18
               3.0549614                   1.4106301e-18
               3.0560946                   1.4106301e-18
               3.0572278                   1.4106301e-18
               3.0583608                   1.4106301e-18
                3.059494                   1.4106301e-18
               3.0606272                   1.4106301e-18
               3.0617604                   1.4106301e-18
               3.0628934                   1.4106301e-18
               3.0640266                   1.4106301e-18
               3.0651598                   1.4106301e-18
                3.066293                   1.4106301e-18
               3.0674262                   1.4106301e-18
               3.0685592                   1.4106301e-18
               3.0696924                   1.4106301e-18
               3.0708256                   1.4106301e-18
               3.0719588                   1.4106301e-18
               3.0730917                   1.4106301e-18
               3.0742249                   1.4106301e-18
               3.0753582                   1.4106301e-18
               3.0764914                   1.4106301e-18
               3.0776243                   1.4106301e-18
               3.0787575                   1.4106301e-18
               3.0798907                   1.4106301e-18
               3.0810239                   1.4106301e-18
               3.0821569                   1.4106301e-18
               3.0832901                   1.4106301e-18
               3.0844233                   1.4106301e-18
               3.0855565                   1.4106301e-18
               3.0866895                   1.4106301e-18
               3.0878227                   1.4106301e-18
               3.0889559                   1.4106301e-18
               3.0900891                   1.4106301e-18
                3.091222                   1.4106301e-18
               3.0923553                   1.4106301e-18
               3.0934885                   1.4106301e-18
               3.0946217                   1.4106301e-18
               3.0957546                   1.4106301e-18
               3.0968878                   1.4106301e-18
                3.098021                   1.4106301e-18
               3.0991542                   1.4106301e-18
               3.1002874                   1.4106301e-18
               3.1014204                   1.4106301e-18
               3.1025536                   1.4106301e-18
               3.1036868                   1.4106301e-18
                 3.10482                   1.4106301e-18
                3.105953                   1.4106301e-18
               3.1070862                   1.4106301e-18
               3.1082194                   1.4106301e-18
               3.1093526                   1.4106301e-18
               3.1104856                   1.4106301e-18
               3.1116188                   1.4106301e-18
                3.112752                   1.4106301e-18
               3.1138852                   1.4106301e-18
               3.1150181                   1.4106301e-18
               3.1161513                   1.4106301e-18
               3.1172845                   1.4106301e-18
               3.1184177                   1.4106301e-18
               3.1195507                   1.4106301e-18
               3.1206839                   1.4106301e-18
               3.1218171                   1.4106301e-18
               3.1229503                   1.4106301e-18
               3.1240833                   1.4106301e-18
               3.1252165                   1.4106301e-18
               3.1263497                   1.4106301e-18
               3.1274829                   1.4106301e-18
               3.1286159                   1.4106301e-18
               3.1297491                   1.4106301e-18
               3.1308823                   1.4106301e-18
               3.1320155                   1.4106301e-18
               3.1331487                   1.4106301e-18
               3.1342816                   1.4106301e-18
               3.1354148                   1.4106301e-18
                3.136548                   1.4106301e-18
               3.1376812                   1.4106301e-18
               3.1388142                   1.4106301e-18
               3.1399474                   1.4106301e-18
               3.1410806                   1.4106301e-18
               3.1422138                   1.4106301e-18
               3.1433468                   1.4106301e-18
                 3.14448                   1.4106301e-18
               3.1456132                   1.4106301e-18
               3.1467464                   1.4106301e-18
               3.1478794                   1.4106301e-18
               3.1490126                   1.4106301e-18
               3.1501458                   1.4106301e-18
                3.151279                   1.4106301e-18
               3.1524119                   1.4106301e-18
               3.1535451                   1.4106301e-18
               3.1546783                   1.4106301e-18
               3.1558115                   1.4106301e-18
               3.1569445                   1.4106301e-18
               3.1580777                   1.4106301e-18
               3.1592109                   1.4106301e-18
               3.1603441                   1.4106301e-18
               3.1614771                   1.4106301e-18
               3.1626103                   1.4106301e-18
               3.1637435                   1.4106301e-18
               3.1648767                   1.4106301e-18
               3.1660099                   1.4106301e-18
               3.1671429                   1.4106301e-18
               3.1682761                   1.4106301e-18
               3.1694093                   1.4106301e-18
               3.1705425                   1.4106301e-18
               3.1716754                   1.4106301e-18
               3.1728086                   1.4106301e-18
               3.1739419                   1.4106301e-18
               3.1750751                   1.4106301e-18
                3.176208                   1.4106301e-18
               3.1773412                   1.4106301e-18
               3.1784744                   1.4106301e-18
               3.1796076                   1.4106301e-18
               3.1807406                   1.4106301e-18
               3.1818738                   1.4106301e-18
                3.183007                   1.4106301e-18
               3.1841402                   1.4106301e-18
               3.1852732                   1.4106301e-18
               3.1864064                   1.4106301e-18
               3.1875396                   1.4106301e-18
               3.1886728                   1.4106301e-18
               3.1898057                   1.4106301e-18
               3.1909389                   1.4106301e-18
               3.1920722                   1.4106301e-18
               3.1932054                   1.4106301e-18
               3.1943383                   1.4106301e-18
               3.1954715                   1.4106301e-18
               3.1966047                   1.4106301e-18
               3.1977379                   1.4106301e-18
               3.1988711                   1.4106301e-18
               3.2000041                   1.4106301e-18
               3.2011373                   1.4106301e-18
               3.2022705                   1.4106301e-18
               3.2034037                   1.4106301e-18
               3.2045367                   1.4106301e-18
               3.2056699                   1.4106301e-18
               3.2068031                   1.4106301e-18
               3.2079363                   1.4106301e-18
               3.2090693                   1.4106301e-18
               3.2102025                   1.4106301e-18
               3.2113357                   1.4106301e-18
               3.2124689                   1.4106301e-18
               3.2136018                   1.4106301e-18
                3.214735                   1.4106301e-18
               3.2158682                   1.4106301e-18
               3.2170014                   1.4106301e-18
               3.2181344                   1.4106301e-18
               3.2192676                   1.4106301e-18
               3.2204008                   1.4106301e-18
                3.221534                   1.4106301e-18
                3.222667                   1.4106301e-18
               3.2238002                   1.4106301e-18
               3.2249334                   1.4106301e-18
               3.2260666                   1.4106301e-18
               3.2271996                   1.4106301e-18
               3.2283328                   1.4106301e-18
                3.229466                   1.4106301e-18
               3.2305992                   1.4106301e-18
               3.2317324                   1.4106301e-18
               3.2328653                   1.4106301e-18
               3.2339985                   1.4106301e-18
               3.2351317                   1.4106301e-18
               3.2362649                   1.4106301e-18
               3.2373979                   1.4106301e-18
               3.2385311                   1.4106301e-18
               3.2396643                   1.4106301e-18
               3.2407975                   1.4106301e-18
               3.2419305                   1.4106301e-18
               3.2430637                   1.4106301e-18
               3.2441969                   1.4106301e-18
               3.2453301                   1.4106301e-18
               3.2464631                   1.4106301e-18
               3.2475963                   1.4106301e-18
               3.2487295                   1.4106301e-18
               3.2498627                   1.4106301e-18
               3.2509956                   1.4106301e-18
               3.2521288                   1.4106301e-18
                3.253262                   1.4106301e-18
               3.2543952                   1.4106301e-18
               3.2555282                   1.4106301e-18
               3.2566614                   1.4106301e-18
               3.2577946                   1.4106301e-18
               3.2589278                   1.4106301e-18
               3.2600608                   1.4106301e-18
                3.261194                   1.4106301e-18
               3.2623272                   1.4106301e-18
               3.2634604                   1.4106301e-18
               3.2645936                   1.4106301e-18
               3.2657266                   1.4106301e-18
               3.2668598                   1.4106301e-18
                3.267993                   1.4106301e-18
               3.2691262                   1.4106301e-18
               3.2702591                   1.4106301e-18
               3.2713923                   1.4106301e-18
               3.2725255                   1.4106301e-18
               3.2736588                   1.4106301e-18
               3.2747917                   1.4106301e-18
               3.2759249                   1.4106301e-18
               3.2770581                   1.4106301e-18
               3.2781913                   1.4106301e-18
               3.2793243                   1.4106301e-18
               3.2804575                   1.4106301e-18
               3.2815907                   1.4106301e-18
               3.2827239                   1.4106301e-18
               3.2838569                   1.4106301e-18
               3.2849901                   1.4106301e-18
               3.2861233                   1.4106301e-18
               3.2872565                   1.4106301e-18
               3.2883894                   1.4106301e-18
               3.2895226                   1.4106301e-18
               3.2906559                   1.4106301e-18
               3.2917891                   1.4106301e-18
                3.292922                   1.4106301e-18
               3.2940552                   1.4106301e-18
               3.2951884                   1.4106301e-18
               3.2963216                   1.4106301e-18
               3.2974548                   1.4106301e-18
               3.2985878                   1.4106301e-18
                3.299721                   1.4106301e-18
               3.3008542                   1.4106301e-18
               3.3019874                   1.4106301e-18
               3.3031204                   1.4106301e-18
               3.3042536                   1.4106301e-18
               3.3053868                   1.4106301e-18
                 3.30652                   1.4106301e-18
                3.307653                   1.4106301e-18
               3.3087862                   1.4106301e-18
               3.3099194                   1.4106301e-18
               3.3110526                   1.4106301e-18
               3.3121855                   1.4106301e-18
               3.3133187                   1.4106301e-18
               3.3144519                   1.4106301e-18
               3.3155851                   1.4106301e-18
               3.3167181                   1.4106301e-18
               3.3178513                   1.4106301e-18
               3.3189845                   1.4106301e-18
               3.3201177                   1.4106301e-18
               3.3212507                   1.4106301e-18
               3.3223839                   1.4106301e-18
               3.3235171                   1.4106301e-18
               3.3246503                   1.4106301e-18
               3.3257833                   1.4106301e-18
               3.3269165                   1.4106301e-18
               3.3280497                   1.4106301e-18
               3.3291829                   1.4106301e-18
               3.3303161                   1.4106301e-18
                3.331449                   1.4106301e-18
               3.3325822                   1.4106301e-18
               3.3337154                   1.4106301e-18
               3.3348486                   1.4106301e-18
               3.3359816                   1.4106301e-18
               3.3371148                   1.4106301e-18
                3.338248                   1.4106301e-18
               3.3393812                   1.4106301e-18
               3.3405142                   1.4106301e-18
               3.3416474                   1.4106301e-18
               3.3427806                   1.4106301e-18
               3.3439138                   1.4106301e-18
               3.3450468                   1.4106301e-18
                 3.34618                   1.4106301e-18
               3.3473132                   1.4106301e-18
               3.3484464                   1.4106301e-18
               3.3495793                   1.4106301e-18
               3.3507125                   1.4106301e-18
               3.3518457                   1.4106301e-18
               3.3529789                   1.4106301e-18
               3.3541119                   1.4106301e-18
               3.3552451                   1.4106301e-18
               3.3563783                   1.4106301e-18
               3.3575115                   1.4106301e-18
               3.3586445                   1.4106301e-18
               3.3597777                   1.4106301e-18
               3.3609109                   1.4106301e-18
               3.3620441                   1.4106301e-18
               3.3631773                   1.4106301e-18
               3.3643103                   1.4106301e-18
               3.3654435                   1.4106301e-18
               3.3665767                   1.4106301e-18
               3.3677099                   1.4106301e-18
               3.3688428                   1.4106301e-18
                3.369976                   1.4106301e-18
               3.3711092                   1.4106301e-18
               3.3722425                   1.4106301e-18
               3.3733754                   1.4106301e-18
               3.3745086                   1.4106301e-18
               3.3756418                   1.4106301e-18
                3.376775                   1.4106301e-18
                3.377908                   1.4106301e-18
               3.3790412                   1.4106301e-18
               3.3801744                   1.4106301e-18
               3.3813076                   1.4106301e-18
               3.3824406                   1.4106301e-18
               3.3835738                   1.4106301e-18
                3.384707                   1.4106301e-18
               3.3858402                   1.4106301e-18
               3.3869731                   1.4106301e-18
               3.3881063                   1.4106301e-18
               3.3892395                   1.4106301e-18
               3.3903728                   1.4106301e-18
               3.3915057                   1.4106301e-18
               3.3926389                   1.4106301e-18
               3.3937721                   1.4106301e-18
               3.3949053                   1.4106301e-18
               3.3960385                   1.4106301e-18
               3.3971715                   1.4106301e-18
               3.3983047                   1.4106301e-18
               3.3994379                   1.4106301e-18
               3.4005711                   1.4106301e-18
               3.4017041                   1.4106301e-18
               3.4028373                   1.4106301e-18
               3.4039705                   1.4106301e-18
               3.4051037                   1.4106301e-18
               3.4062366                   1.4106301e-18
               3.4073699                   1.4106301e-18
               3.4085031                   1.4106301e-18
               3.4096363                   1.4106301e-18
               3.4107692                   1.4106301e-18
               3.4119024                   1.4106301e-18
               3.4130356                   1.4106301e-18
               3.4141688                   1.4106301e-18
               3.4153018                   1.4106301e-18
                3.416435                   1.4106301e-18
               3.4175682                   1.4106301e-18
               3.4187014                   1.4106301e-18
               3.4198344                   1.4106301e-18
               3.4209676                   1.4106301e-18
               3.4221008                   1.4106301e-18
                3.423234                   1.4106301e-18
                3.424367                   1.4106301e-18
               3.4255002                   1.4106301e-18
               3.4266334                   1.4106301e-18
               3.4277666                   1.4106301e-18
               3.4288998                   1.4106301e-18
               3.4300327                   1.4106301e-18
               3.4311659                   1.4106301e-18
               3.4322991                   1.4106301e-18
               3.4334323                   1.4106301e-18
               3.4345653                   1.4106301e-18
               3.4356985                   1.4106301e-18
               3.4368317                   1.4106301e-18
               3.4379649                   1.4106301e-18
               3.4390979                   1.4106301e-18
               3.4402311                   1.4106301e-18
               3.4413643                   1.4106301e-18
               3.4424975                   1.4106301e-18
               3.4436305                   1.4106301e-18
               3.4447637                   1.4106301e-18
               3.4458969                   1.4106301e-18
               3.4470301                   1.4106301e-18
                3.448163                   1.4106301e-18
               3.4492962                   1.4106301e-18
               3.4504294                   1.4106301e-18
               3.4515626                   1.4106301e-18
               3.4526956                   1.4106301e-18
               3.4538288                   1.4106301e-18
                3.454962                   1.4106301e-18
               3.4560952                   1.4106301e-18
               3.4572282                   1.4106301e-18
               3.4583614                   1.4106301e-18
               3.4594946                   1.4106301e-18
               3.4606278                   1.4106301e-18
                3.461761                   1.4106301e-18
                3.462894                   1.4106301e-18
               3.4640272                   1.4106301e-18
               3.4651604                   1.4106301e-18
               3.4662936                   1.4106301e-18
               3.4674265                   1.4106301e-18
               3.4685597                   1.4106301e-18
               3.4696929                   1.4106301e-18
               3.4708261                   1.4106301e-18
               3.4719591                   1.4106301e-18
               3.4730923                   1.4106301e-18
               3.4742255                   1.4106301e-18
               3.4753587                   1.4106301e-18
               3.4764917                   1.4106301e-18
               3.4776249                   1.4106301e-18
               3.4787581                   1.4106301e-18
               3.4798913                   1.4106301e-18
               3.4810243                   1.4106301e-18
               3.4821575                   1.4106301e-18
               3.4832907                   1.4106301e-18
               3.4844239                   1.4106301e-18
               3.4855568                   1.4106301e-18
                 3.48669                   1.4106301e-18
               3.4878232                   1.4106301e-18
               3.4889565                   1.4106301e-18
               3.4900894                   1.4106301e-18
               3.4912226                   1.4106301e-18
               3.4923558                   1.4106301e-18
                3.493489                   1.4106301e-18
               3.4946222                   1.4106301e-18
               3.4957552                   1.4106301e-18
               3.4968884                   1.4106301e-18
               3.4980216                   1.4106301e-18
               3.4991548                   1.4106301e-18
               3.5002878                   1.4106301e-18
                3.501421                   1.4106301e-18
               3.5025542                   1.4106301e-18
               3.5036874                   1.4106301e-18
               3.5048203                   1.4106301e-18
               3.5059536                   1.4106301e-18
               3.5070868                   1.4106301e-18
                 3.50822                   1.4106301e-18
               3.5093529                   1.4106301e-18
               3.5104861                   1.4106301e-18
               3.5116193                   1.4106301e-18
               3.5127525                   1.4106301e-18
               3.5138855                   1.4106301e-18
               3.5150187                   1.4106301e-18
               3.5161519                   1.4106301e-18
               3.5172851                   1.4106301e-18
               3.5184181                   1.4106301e-18
               3.5195513                   1.4106301e-18
               3.5206845                   1.4106301e-18
               3.5218177                   1.4106301e-18
               3.5229506                   1.4106301e-18
               3.5240839                   1.4106301e-18
               3.5252171                   1.4106301e-18
               3.5263503                   1.4106301e-18
               3.5274835                   1.4106301e-18
               3.5286164                   1.4106301e-18
               3.5297496                   1.4106301e-18
               3.5308828                   1.4106301e-18
                3.532016                   1.4106301e-18
                3.533149                   1.4106301e-18
               3.5342822                   1.4106301e-18
               3.5354154                   1.4106301e-18
               3.5365486                   1.4106301e-18
               3.5376816                   1.4106301e-18
               3.5388148                   1.4106301e-18
                3.539948                   1.4106301e-18
               3.5410812                   1.4106301e-18
               3.5422142                   1.4106301e-18
               3.5433474                   1.4106301e-18
               3.5444806                   1.4106301e-18
               3.5456138                   1.4106301e-18
               3.5467467                   1.4106301e-18
               3.5478799                   1.4106301e-18
               3.5490131                   1.4106301e-18
               3.5501463                   1.4106301e-18
               3.5512793                   1.4106301e-18
               3.5524125                   1.4106301e-18
               3.5535457                   1.4106301e-18
               3.5546789                   1.4106301e-18
               3.5558119                   1.4106301e-18
               3.5569451                   1.4106301e-18
               3.5580783                   1.4106301e-18
               3.5592115                   1.4106301e-18
               3.5603447                   1.4106301e-18
               3.5614777                   1.4106301e-18
               3.5626109                   1.4106301e-18
               3.5637441                   1.4106301e-18
               3.5648773                   1.4106301e-18
               3.5660102                   1.4106301e-18
               3.5671434                   1.4106301e-18
               3.5682766                   1.4106301e-18
               3.5694098                   1.4106301e-18
               3.5705428                   1.4106301e-18
                3.571676                   1.4106301e-18
               3.5728092                   1.4106301e-18
               3.5739424                   1.4106301e-18
               3.5750754                   1.4106301e-18
               3.5762086                   1.4106301e-18
               3.5773418                   1.4106301e-18
                3.578475                   1.4106301e-18
                3.579608                   1.4106301e-18
               3.5807412                   1.4106301e-18
               3.5818744                   1.4106301e-18
               3.5830076                   1.4106301e-18
               3.5841405                   1.4106301e-18
               3.5852737                   1.4106301e-18
               3.5864069                   1.4106301e-18
               3.5875401                   1.4106301e-18
               3.5886731                   1.4106301e-18
               3.5898063                   1.4106301e-18
               3.5909395                   1.4106301e-18
               3.5920727                   1.4106301e-18
               3.5932059                   1.4106301e-18
               3.5943389                   1.4106301e-18
               3.5954721                   1.4106301e-18
               3.5966053                   1.4106301e-18
               3.5977385                   1.4106301e-18
               3.5988715                   1.4106301e-18
               3.6000047                   1.4106301e-18
               3.6011379                   1.4106301e-18
               3.6022711                   1.4106301e-18
                3.603404                   1.4106301e-18
               3.6045372                   1.4106301e-18
               3.6056705                   1.4106301e-18
               3.6068037                   1.4106301e-18
               3.6079366                   1.4106301e-18
               3.6090698                   1.4106301e-18
                3.610203                   1.4106301e-18
               3.6113362                   1.4106301e-18
               3.6124692                   1.4106301e-18
               3.6136024                   1.4106301e-18
               3.6147356                   1.4106301e-18
               3.6158688                   1.4106301e-18
               3.6170018                   1.4106301e-18
                3.618135                   1.4106301e-18
               3.6192682                   1.4106301e-18
               3.6204014                   1.4106301e-18
               3.6215343                   1.4106301e-18
               3.6226676                   1.4106301e-18
               3.6238008                   1.4106301e-18
                3.624934                   1.4106301e-18
               3.6260672                   1.4106301e-18
               3.6272001                   1.4106301e-18
               3.6283333                   1.4106301e-18
               3.6294665                   1.4106301e-18
               3.6305997                   1.4106301e-18
               3.6317327                   1.4106301e-18
               3.6328659                   1.4106301e-18
               3.6339991                   1.4106301e-18
               3.6351323                   1.4106301e-18
               3.6362653                   1.4106301e-18
               3.6373985                   1.4106301e-18
               3.6385317                   1.4106301e-18
               3.6396649                   1.4106301e-18
               3.6407979                   1.4106301e-18
               3.6419311                   1.4106301e-18
               3.6430643                   1.4106301e-18
               3.6441975                   1.4106301e-18
               3.6453304                   1.4106301e-18
               3.6464636                   1.4106301e-18
               3.6475968                   1.4106301e-18
                 3.64873                   1.4106301e-18
                3.649863                   1.4106301e-18
               3.6509962                   1.4106301e-18
               3.6521294                   1.4106301e-18
               3.6532626                   1.4106301e-18
               3.6543956                   1.4106301e-18
               3.6555288                   1.4106301e-18
                3.656662                   1.4106301e-18
               3.6577952                   1.4106301e-18
               3.6589284                   1.4106301e-18
               3.6600614                   1.4106301e-18
               3.6611946                   1.4106301e-18
               3.6623278                   1.4106301e-18
                3.663461                   1.4106301e-18
               3.6645939                   1.4106301e-18
               3.6657271                   1.4106301e-18
               3.6668603                   1.4106301e-18
               3.6679935                   1.4106301e-18
               3.6691265                   1.4106301e-18
               3.6702597                   1.4106301e-18
               3.6713929                   1.4106301e-18
               3.6725261                   1.4106301e-18
               3.6736591                   1.4106301e-18
               3.6747923                   1.4106301e-18
               3.6759255                   1.4106301e-18
               3.6770587                   1.4106301e-18
               3.6781917                   1.4106301e-18
               3.6793249                   1.4106301e-18
               3.6804581                   1.4106301e-18
               3.6815913                   1.4106301e-18
               3.6827242                   1.4106301e-18
               3.6838574                   1.4106301e-18
               3.6849906                   1.4106301e-18
               3.6861238                   1.4106301e-18
               3.6872568                   1.4106301e-18
                 3.68839                   1.4106301e-18
               3.6895232                   1.4106301e-18
               3.6906564                   1.4106301e-18
               3.6917896                   1.4106301e-18
               3.6929226                   1.4106301e-18
               3.6940558                   1.4106301e-18
                3.695189                   1.4106301e-18
               3.6963222                   1.4106301e-18
               3.6974552                   1.4106301e-18
               3.6985884                   1.4106301e-18
               3.6997216                   1.4106301e-18
               3.7008548                   1.4106301e-18
               3.7019877                   1.4106301e-18
               3.7031209                   1.4106301e-18
               3.7042542                   1.4106301e-18
               3.7053874                   1.4106301e-18
               3.7065203                   1.4106301e-18
               3.7076535                   1.4106301e-18
               3.7087867                   1.4106301e-18
               3.7099199                   1.4106301e-18
               3.7110529                   1.4106301e-18
               3.7121861                   1.4106301e-18
               3.7133193                   1.4106301e-18
               3.7144525                   1.4106301e-18
               3.7155855                   1.4106301e-18
               3.7167187                   1.4106301e-18
               3.7178519                   1.4106301e-18
               3.7189851                   1.4106301e-18
                3.720118                   1.4106301e-18
               3.7212512                   1.4106301e-18
               3.7223845                   1.4106301e-18
               3.7235177                   1.4106301e-18
               3.7246509                   1.4106301e-18
               3.7257838                   1.4106301e-18
                3.726917                   1.4106301e-18
               3.7280502                   1.4106301e-18
               3.7291834                   1.4106301e-18
               3.7303164                   1.4106301e-18
               3.7314496                   1.4106301e-18
               3.7325828                   1.4106301e-18
                3.733716                   1.4106301e-18
                3.734849                   1.4106301e-18
               3.7359822                   1.4106301e-18
               3.7371154                   1.4106301e-18
               3.7382486                   1.4106301e-18
               3.7393816                   1.4106301e-18
               3.7405148                   1.4106301e-18
                3.741648                   1.4106301e-18
               3.7427812                   1.4106301e-18
               3.7439141                   1.4106301e-18
               3.7450473                   1.4106301e-18
               3.7461805                   1.4106301e-18
               3.7473137                   1.4106301e-18
               3.7484467                   1.4106301e-18
               3.7495799                   1.4106301e-18
               3.7507131                   1.4106301e-18
               3.7518463                   1.4106301e-18
               3.7529793                   1.4106301e-18
               3.7541125                   1.4106301e-18
               3.7552457                   1.4106301e-18
               3.7563789                   1.4106301e-18
               3.7575121                   1.4106301e-18
               3.7586451                   1.4106301e-18
               3.7597783                   1.4106301e-18
               3.7609115                   1.4106301e-18
               3.7620447                   1.4106301e-18
               3.7631776                   1.4106301e-18
               3.7643108                   1.4106301e-18
                3.765444                   1.4106301e-18
               3.7665772                   1.4106301e-18
               3.7677102                   1.4106301e-18
               3.7688434                   1.4106301e-18
               3.7699766                   1.4106301e-18
               3.7711098                   1.4106301e-18
               3.7722428                   1.4106301e-18
                3.773376                   1.4106301e-18
               3.7745092                   1.4106301e-18
               3.7756424                   1.4106301e-18
               3.7767754                   1.4106301e-18
               3.7779086                   1.4106301e-18
               3.7790418                   1.4106301e-18
                3.780175                   1.4106301e-18
               3.7813079                   1.4106301e-18
               3.7824411                   1.4106301e-18
               3.7835743                   1.4106301e-18
               3.7847075                   1.4106301e-18
               3.7858405                   1.4106301e-18
               3.7869737                   1.4106301e-18
               3.7881069                   1.4106301e-18
               3.7892401                   1.4106301e-18
               3.7903733                   1.4106301e-18
               3.7915063                   1.4106301e-18
               3.7926395                   1.4106301e-18
               3.7937727                   1.4106301e-18
               3.7949059                   1.4106301e-18
               3.7960389                   1.4106301e-18
               3.7971721                   1.4106301e-18
               3.7983053                   1.4106301e-18
               3.7994385                   1.4106301e-18
               3.8005714                   1.4106301e-18
               3.8017046                   1.4106301e-18
               3.8028378                   1.4106301e-18
               3.8039711                   1.4106301e-18
                3.805104                   1.4106301e-18
               3.8062372                   1.4106301e-18
               3.8073704                   1.4106301e-18
               3.8085036                   1.4106301e-18
               3.8096366                   1.4106301e-18
               3.8107698                   1.4106301e-18
                3.811903                   1.4106301e-18
               3.8130362                   1.4106301e-18
               3.8141692                   1.4106301e-18
               3.8153024                   1.4106301e-18
               3.8164356                   1.4106301e-18
               3.8175688                   1.4106301e-18
               3.8187017                   1.4106301e-18
               3.8198349                   1.4106301e-18
               3.8209682                   1.4106301e-18
               3.8221014                   1.4106301e-18
               3.8232346                   1.4106301e-18
               3.8243675                   1.4106301e-18
               3.8255007                   1.4106301e-18
               3.8266339                   1.4106301e-18
               3.8277671                   1.4106301e-18
               3.8289001                   1.4106301e-18
               3.8300333                   1.4106301e-18
               3.8311665                   1.4106301e-18
               3.8322997                   1.4106301e-18
               3.8334327                   1.4106301e-18
               3.8345659                   1.4106301e-18
               3.8356991                   1.4106301e-18
               3.8368323                   1.4106301e-18
               3.8379653                   1.4106301e-18
               3.8390985                   1.4106301e-18
               3.8402317                   1.4106301e-18
               3.8413649                   1.4106301e-18
               3.8424978                   1.4106301e-18
                3.843631                   1.4106301e-18
               3.8447642                   1.4106301e-18
               3.8458974                   1.4106301e-18
               3.8470304                   1.4106301e-18
               3.8481636                   1.4106301e-18
               3.8492968                   1.4106301e-18
                 3.85043                   1.4106301e-18
                3.851563                   1.4106301e-18
               3.8526962                   1.4106301e-18
               3.8538294                   1.4106301e-18
               3.8549626                   1.4106301e-18
               3.8560958                   1.4106301e-18
               3.8572288                   1.4106301e-18
                3.858362                   1.4106301e-18
               3.8594952                   1.4106301e-18
               3.8606284                   1.4106301e-18
               3.8617613                   1.4106301e-18
               3.8628945                   1.4106301e-18
               3.8640277                   1.4106301e-18
               3.8651609                   1.4106301e-18
               3.8662939                   1.4106301e-18
               3.8674271                   1.4106301e-18
               3.8685603                   1.4106301e-18
               3.8696935                   1.4106301e-18
               3.8708265                   1.4106301e-18
               3.8719597                   1.4106301e-18
               3.8730929                   1.4106301e-18
               3.8742261                   1.4106301e-18
               3.8753591                   1.4106301e-18
               3.8764923                   1.4106301e-18
               3.8776255                   1.4106301e-18
               3.8787587                   1.4106301e-18
               3.8798916                   1.4106301e-18
               3.8810248                   1.4106301e-18
                3.882158                   1.4106301e-18
               3.8832912                   1.4106301e-18
               3.8844242                   1.4106301e-18
               3.8855574                   1.4106301e-18
               3.8866906                   1.4106301e-18
               3.8878238                   1.4106301e-18
                3.888957                   1.4106301e-18
                 3.89009                   1.4106301e-18
               3.8912232                   1.4106301e-18
               3.8923564                   1.4106301e-18
               3.8934896                   1.4106301e-18
               3.8946226                   1.4106301e-18
               3.8957558                   1.4106301e-18
                3.896889                   1.4106301e-18
               3.8980222                   1.4106301e-18
               3.8991551                   1.4106301e-18
               3.9002883                   1.4106301e-18
               3.9014215                   1.4106301e-18
               3.9025548                   1.4106301e-18
               3.9036877                   1.4106301e-18
               3.9048209                   1.4106301e-18
               3.9059541                   1.4106301e-18
               3.9070873                   1.4106301e-18
               3.9082203                   1.4106301e-18
               3.9093535                   1.4106301e-18
               3.9104867                   1.4106301e-18
               3.9116199                   1.4106301e-18
               3.9127529                   1.4106301e-18
               3.9138861                   1.4106301e-18
               3.9150193                   1.4106301e-18
               3.9161525                   1.4106301e-18
               3.9172854                   1.4106301e-18
               3.9184186                   1.4106301e-18
               3.9195518                   1.4106301e-18
               3.9206851                   1.4106301e-18
               3.9218183                   1.4106301e-18
               3.9229512                   1.4106301e-18
               3.9240844                   1.4106301e-18
               3.9252176                   1.4106301e-18
               3.9263508                   1.4106301e-18
               3.9274838                   1.4106301e-18
                3.928617                   1.4106301e-18
               3.9297502                   1.4106301e-18
               3.9308834                   1.4106301e-18
               3.9320164                   1.4106301e-18
               3.9331496                   1.4106301e-18
               3.9342828                   1.4106301e-18
                3.935416                   1.4106301e-18
               3.9365489                   1.4106301e-18
               3.9376822                   1.4106301e-18
               3.9388154                   1.4106301e-18
               3.9399486                   1.4106301e-18
               3.9410815                   1.4106301e-18
               3.9422147                   1.4106301e-18
               3.9433479                   1.4106301e-18
               3.9444811                   1.4106301e-18
               3.9456141                   1.4106301e-18
               3.9467473                   1.4106301e-18
               3.9478805                   1.4106301e-18
               3.9490137                   1.4106301e-18
               3.9501467                   1.4106301e-18
               3.9512799                   1.4106301e-18
               3.9524131                   1.4106301e-18
               3.9535463                   1.4106301e-18
               3.9546795                   1.4106301e-18
               3.9558125                   1.4106301e-18
               3.9569457                   1.4106301e-18
               3.9580789                   1.4106301e-18
               3.9592121                   1.4106301e-18
                3.960345                   1.4106301e-18
               3.9614782                   1.4106301e-18
               3.9626114                   1.4106301e-18
               3.9637446                   1.4106301e-18
               3.9648776                   1.4106301e-18
               3.9660108                   1.4106301e-18
                3.967144                   1.4106301e-18
               3.9682772                   1.4106301e-18
               3.9694102                   1.4106301e-18
               3.9705434                   1.4106301e-18
               3.9716766                   1.4106301e-18
               3.9728098                   1.4106301e-18
               3.9739428                   1.4106301e-18
                3.975076                   1.4106301e-18
               3.9762092                   1.4106301e-18
               3.9773424                   1.4106301e-18
               3.9784753                   1.4106301e-18
               3.9796085                   1.4106301e-18
               3.9807417                   1.4106301e-18
               3.9818749                   1.4106301e-18
               3.9830079                   1.4106301e-18
               3.9841411                   1.4106301e-18
               3.9852743                   1.4106301e-18
               3.9864075                   1.4106301e-18
               3.9875407                   1.4106301e-18
               3.9886737                   1.4106301e-18
               3.9898069                   1.4106301e-18
               3.9909401                   1.4106301e-18
               3.9920733                   1.4106301e-18
               3.9932063                   1.4106301e-18
               3.9943395                   1.4106301e-18
               3.9954727                   1.4106301e-18
               3.9966059                   1.4106301e-18
               3.9977388                   1.4106301e-18
                3.998872                   1.4106301e-18
               4.0000052                   1.4106301e-18
               4.0011382                   1.4106301e-18
               4.0022717                   1.4106301e-18
               4.0034046                   1.4106301e-18
               4.0045376                   1.4106301e-18
                4.005671                   1.4106301e-18
                4.006804                   1.4106301e-18
               4.0079374                   1.4106301e-18
               4.0090704                   1.4106301e-18
               4.0102034                   1.4106301e-18
               4.0113368                   1.4106301e-18
               4.0124698                   1.4106301e-18
               4.0136027                   1.4106301e-18
               4.0147362                   1.4106301e-18
               4.0158691                   1.4106301e-18
               4.0170026                   1.4106301e-18
               4.0181355                   1.4106301e-18
               4.0192685                   1.4106301e-18
                4.020402                   1.4106301e-18
               4.0215349                   1.4106301e-18
               4.0226684                   1.4106301e-18
               4.0238013                   1.4106301e-18
               4.0249343                   1.4106301e-18
               4.0260677                   1.4106301e-18
               4.0272007                   1.4106301e-18
               4.0283337                   1.4106301e-18
               4.0294671                   1.4106301e-18
               4.0306001                   1.4106301e-18
               4.0317335                   1.4106301e-18
               4.0328665                   1.4106301e-18
               4.0339994                   1.4106301e-18
               4.0351329                   1.4106301e-18
               4.0362659                   1.4106301e-18
               4.0373988                   1.4106301e-18
               4.0385323                   1.4106301e-18
               4.0396652                   1.4106301e-18
               4.0407987                   1.4106301e-18
               4.0419316                   1.4106301e-18
               4.0430646                   1.4106301e-18
                4.044198                   1.4106301e-18
                4.045331                   1.4106301e-18
                4.046464                   1.4106301e-18
               4.0475974                   1.4106301e-18
               4.0487304                   1.4106301e-18
               4.0498638                   1.4106301e-18
               4.0509968                   1.4106301e-18
               4.0521297                   1.4106301e-18
               4.0532632                   1.4106301e-18
               4.0543962                   1.4106301e-18
               4.0555296                   1.4106301e-18
               4.0566626                   1.4106301e-18
               4.0577955                   1.4106301e-18
                4.058929                   1.4106301e-18
               4.0600619                   1.4106301e-18
               4.0611949                   1.4106301e-18
               4.0623283                   1.4106301e-18
               4.0634613                   1.4106301e-18
               4.0645947                   1.4106301e-18
               4.0657277                   1.4106301e-18
               4.0668607                   1.4106301e-18
               4.0679941                   1.4106301e-18
               4.0691271                   1.4106301e-18
                 4.07026                   1.4106301e-18
               4.0713935                   1.4106301e-18
               4.0725265                   1.4106301e-18
               4.0736599                   1.4106301e-18
               4.0747929                   1.4106301e-18
               4.0759258                   1.4106301e-18
               4.0770593                   1.4106301e-18
               4.0781922                   1.4106301e-18
               4.0793252                   1.4106301e-18
               4.0804586                   1.4106301e-18
               4.0815916                   1.4106301e-18
                4.082725                   1.4106301e-18
                4.083858                   1.4106301e-18
                4.084991                   1.4106301e-18
               4.0861244                   1.4106301e-18
               4.0872574                   1.4106301e-18
               4.0883908                   1.4106301e-18
               4.0895238                   1.4106301e-18
               4.0906568                   1.4106301e-18
               4.0917902                   1.4106301e-18
               4.0929232                   1.4106301e-18
               4.0940561                   1.4106301e-18
               4.0951896                   1.4106301e-18
               4.0963225                   1.4106301e-18
                4.097456                   1.4106301e-18
               4.0985889                   1.4106301e-18
               4.0997219                   1.4106301e-18
               4.1008554                   1.4106301e-18
               4.1019883                   1.4106301e-18
               4.1031213                   1.4106301e-18
               4.1042547                   1.4106301e-18
               4.1053877                   1.4106301e-18
               4.1065211                   1.4106301e-18
               4.1076541                   1.4106301e-18
               4.1087871                   1.4106301e-18
               4.1099205                   1.4106301e-18
               4.1110535                   1.4106301e-18
               4.1121864                   1.4106301e-18
               4.1133199                   1.4106301e-18
               4.1144528                   1.4106301e-18
               4.1155863                   1.4106301e-18
               4.1167192                   1.4106301e-18
               4.1178522                   1.4106301e-18
               4.1189857                   1.4106301e-18
               4.1201186                   1.4106301e-18
               4.1212521                   1.4106301e-18
                4.122385                   1.4106301e-18
                4.123518                   1.4106301e-18
               4.1246514                   1.4106301e-18
               4.1257844                   1.4106301e-18
               4.1269174                   1.4106301e-18
               4.1280508                   1.4106301e-18
               4.1291838                   1.4106301e-18
               4.1303172                   1.4106301e-18
               4.1314502                   1.4106301e-18
               4.1325831                   1.4106301e-18
               4.1337166                   1.4106301e-18
               4.1348495                   1.4106301e-18
               4.1359825                   1.4106301e-18
                4.137116                   1.4106301e-18
               4.1382489                   1.4106301e-18
               4.1393824                   1.4106301e-18
               4.1405153                   1.4106301e-18
               4.1416483                   1.4106301e-18
               4.1427817                   1.4106301e-18
               4.1439147                   1.4106301e-18
               4.1450477                   1.4106301e-18
               4.1461811                   1.4106301e-18
               4.1473141                   1.4106301e-18
               4.1484475                   1.4106301e-18
               4.1495805                   1.4106301e-18
               4.1507134                   1.4106301e-18
               4.1518469                   1.4106301e-18
               4.1529799                   1.4106301e-18
               4.1541133                   1.4106301e-18
               4.1552463                   1.4106301e-18
               4.1563792                   1.4106301e-18
               4.1575127                   1.4106301e-18
               4.1586456                   1.4106301e-18
               4.1597786                   1.4106301e-18
                4.160912                   1.4106301e-18
                4.162045                   1.4106301e-18
               4.1631784                   1.4106301e-18
               4.1643114                   1.4106301e-18
               4.1654444                   1.4106301e-18
               4.1665778                   1.4106301e-18
               4.1677108                   1.4106301e-18
               4.1688437                   1.4106301e-18
               4.1699772                   1.4106301e-18
               4.1711102                   1.4106301e-18
               4.1722436                   1.4106301e-18
               4.1733766                   1.4106301e-18
               4.1745095                   1.4106301e-18
                4.175643                   1.4106301e-18
               4.1767759                   1.4106301e-18
               4.1779089                   1.4106301e-18
               4.1790423                   1.4106301e-18
               4.1801753                   1.4106301e-18
               4.1813087                   1.4106301e-18
               4.1824417                   1.4106301e-18
               4.1835747                   1.4106301e-18
               4.1847081                   1.4106301e-18
               4.1858411                   1.4106301e-18
               4.1869745                   1.4106301e-18
               4.1881075                   1.4106301e-18
               4.1892405                   1.4106301e-18
               4.1903739                   1.4106301e-18
               4.1915069                   1.4106301e-18
               4.1926398                   1.4106301e-18
               4.1937733                   1.4106301e-18
               4.1949062                   1.4106301e-18
               4.1960397                   1.4106301e-18
               4.1971726                   1.4106301e-18
               4.1983056                   1.4106301e-18
                4.199439                   1.4106301e-18
                4.200572                   1.4106301e-18
                4.201705                   1.4106301e-18
               4.2028384                   1.4106301e-18
               4.2039714                   1.4106301e-18
               4.2051048                   1.4106301e-18
               4.2062378                   1.4106301e-18
               4.2073708                   1.4106301e-18
               4.2085042                   1.4106301e-18
               4.2096372                   1.4106301e-18
               4.2107701                   1.4106301e-18
               4.2119036                   1.4106301e-18
               4.2130365                   1.4106301e-18
                 4.21417                   1.4106301e-18
               4.2153029                   1.4106301e-18
               4.2164359                   1.4106301e-18
               4.2175694                   1.4106301e-18
               4.2187023                   1.4106301e-18
               4.2198358                   1.4106301e-18
               4.2209687                   1.4106301e-18
               4.2221017                   1.4106301e-18
               4.2232351                   1.4106301e-18
               4.2243681                   1.4106301e-18
               4.2255011                   1.4106301e-18
               4.2266345                   1.4106301e-18
               4.2277675                   1.4106301e-18
               4.2289009                   1.4106301e-18
               4.2300339                   1.4106301e-18
               4.2311668                   1.4106301e-18
               4.2323003                   1.4106301e-18
               4.2334332                   1.4106301e-18
               4.2345662                   1.4106301e-18
               4.2356997                   1.4106301e-18
               4.2368326                   1.4106301e-18
               4.2379661                   1.4106301e-18
                4.239099                   1.4106301e-18
                4.240232                   1.4106301e-18
               4.2413654                   1.4106301e-18
               4.2424984                   1.4106301e-18
               4.2436314                   1.4106301e-18
               4.2447648                   1.4106301e-18
               4.2458978                   1.4106301e-18
               4.2470312                   1.4106301e-18
               4.2481642                   1.4106301e-18
               4.2492971                   1.4106301e-18
               4.2504306                   1.4106301e-18
               4.2515635                   1.4106301e-18
                4.252697                   1.4106301e-18
                 4.25383                   1.4106301e-18
               4.2549629                   1.4106301e-18
               4.2560964                   1.4106301e-18
               4.2572293                   1.4106301e-18
               4.2583623                   1.4106301e-18
               4.2594957                   1.4106301e-18
               4.2606287                   1.4106301e-18
               4.2617621                   1.4106301e-18
               4.2628951                   1.4106301e-18
               4.2640281                   1.4106301e-18
               4.2651615                   1.4106301e-18
               4.2662945                   1.4106301e-18
               4.2674274                   1.4106301e-18
               4.2685609                   1.4106301e-18
               4.2696939                   1.4106301e-18
               4.2708273                   1.4106301e-18
               4.2719603                   1.4106301e-18
               4.2730932                   1.4106301e-18
               4.2742267                   1.4106301e-18
               4.2753596                   1.4106301e-18
               4.2764926                   1.4106301e-18
                4.277626                   1.4106301e-18
                4.278759                   1.4106301e-18
               4.2798924                   1.4106301e-18
               4.2810254                   1.4106301e-18
               4.2821584                   1.4106301e-18
               4.2832918                   1.4106301e-18
               4.2844248                   1.4106301e-18
               4.2855582                   1.4106301e-18
               4.2866912                   1.4106301e-18
               4.2878242                   1.4106301e-18
               4.2889576                   1.4106301e-18
               4.2900906                   1.4106301e-18
               4.2912235                   1.4106301e-18
                4.292357                   1.4106301e-18
               4.2934899                   1.4106301e-18
               4.2946234                   1.4106301e-18
               4.2957563                   1.4106301e-18
               4.2968893                   1.4106301e-18
               4.2980227                   1.4106301e-18
               4.2991557                   1.4106301e-18
               4.3002887                   1.4106301e-18
               4.3014221                   1.4106301e-18
               4.3025551                   1.4106301e-18
               4.3036885                   1.4106301e-18
               4.3048215                   1.4106301e-18
               4.3059545                   1.4106301e-18
               4.3070879                   1.4106301e-18
               4.3082209                   1.4106301e-18
               4.3093538                   1.4106301e-18
               4.3104873                   1.4106301e-18
               4.3116202                   1.4106301e-18
               4.3127537                   1.4106301e-18
               4.3138866                   1.4106301e-18
               4.3150196                   1.4106301e-18
                4.316153                   1.4106301e-18
                4.317286                   1.4106301e-18
               4.3184195                   1.4106301e-18
               4.3195524                   1.4106301e-18
               4.3206854                   1.4106301e-18
               4.3218188                   1.4106301e-18
               4.3229518                   1.4106301e-18
               4.3240848                   1.4106301e-18
               4.3252182                   1.4106301e-18
               4.3263512                   1.4106301e-18
               4.3274846                   1.4106301e-18
               4.3286176                   1.4106301e-18
               4.3297505                   1.4106301e-18
                4.330884                   1.4106301e-18
               4.3320169                   1.4106301e-18
               4.3331499                   1.4106301e-18
               4.3342834                   1.4106301e-18
               4.3354163                   1.4106301e-18
               4.3365498                   1.4106301e-18
               4.3376827                   1.4106301e-18
               4.3388157                   1.4106301e-18
               4.3399491                   1.4106301e-18
               4.3410821                   1.4106301e-18
               4.3422151                   1.4106301e-18
               4.3433485                   1.4106301e-18
               4.3444815                   1.4106301e-18
               4.3456149                   1.4106301e-18
               4.3467479                   1.4106301e-18
               4.3478808                   1.4106301e-18
               4.3490143                   1.4106301e-18
               4.3501472                   1.4106301e-18
               4.3512807                   1.4106301e-18
               4.3524137                   1.4106301e-18
               4.3535466                   1.4106301e-18
               4.3546801                   1.4106301e-18
                4.355813                   1.4106301e-18
                4.356946                   1.4106301e-18
               4.3580794                   1.4106301e-18
               4.3592124                   1.4106301e-18
               4.3603458                   1.4106301e-18
               4.3614788                   1.4106301e-18
               4.3626118                   1.4106301e-18
               4.3637452                   1.4106301e-18
               4.3648782                   1.4106301e-18
               4.3660111                   1.4106301e-18
               4.3671446                   1.4106301e-18
               4.3682775                   1.4106301e-18
                4.369411                   1.4106301e-18
                4.370544                   1.4106301e-18
               4.3716769                   1.4106301e-18
               4.3728104                   1.4106301e-18
               4.3739433                   1.4106301e-18
               4.3750763                   1.4106301e-18
               4.3762097                   1.4106301e-18
               4.3773427                   1.4106301e-18
               4.3784761                   1.4106301e-18
               4.3796091                   1.4106301e-18
               4.3807421                   1.4106301e-18
               4.3818755                   1.4106301e-18
               4.3830085                   1.4106301e-18
               4.3841419                   1.4106301e-18
               4.3852749                   1.4106301e-18
               4.3864079                   1.4106301e-18
               4.3875413                   1.4106301e-18
               4.3886743                   1.4106301e-18
               4.3898072                   1.4106301e-18
               4.3909407                   1.4106301e-18
               4.3920736                   1.4106301e-18
               4.3932071                   1.4106301e-18
                 4.39434                   1.4106301e-18
                4.395473                   1.4106301e-18
               4.3966064                   1.4106301e-18
               4.3977394                   1.4106301e-18
               4.3988724                   1.4106301e-18
               4.4000058                   1.4106301e-18
               4.4011388                   1.4106301e-18
               4.4022722                   1.4106301e-18
               4.4034052                   1.4106301e-18
               4.4045382                   1.4106301e-18
               4.4056716                   1.4106301e-18
               4.4068046                   1.4106301e-18
               4.4079375                   1.4106301e-18
                4.409071                   1.4106301e-18
               4.4102039                   1.4106301e-18
               4.4113374                   1.4106301e-18
               4.4124703                   1.4106301e-18
               4.4136033                   1.4106301e-18
               4.4147367                   1.4106301e-18
               4.4158697                   1.4106301e-18
               4.4170032                   1.4106301e-18
               4.4181361                   1.4106301e-18
               4.4192691                   1.4106301e-18
               4.4204025                   1.4106301e-18
               4.4215355                   1.4106301e-18
               4.4226685                   1.4106301e-18
               4.4238019                   1.4106301e-18
               4.4249349                   1.4106301e-18
               4.4260683                   1.4106301e-18
               4.4272013                   1.4106301e-18
               4.4283342                   1.4106301e-18
               4.4294677                   1.4106301e-18
               4.4306006                   1.4106301e-18
               4.4317336                   1.4106301e-18
               4.4328671                   1.4106301e-18
                   4.434                   1.4106301e-18
               4.4351335                   1.4106301e-18
               4.4362664                   1.4106301e-18
               4.4373994                   1.4106301e-18
               4.4385328                   1.4106301e-18
               4.4396658                   1.4106301e-18
               4.4407988                   1.4106301e-18
               4.4419322                   1.4106301e-18
               4.4430652                   1.4106301e-18
               4.4441986                   1.4106301e-18
               4.4453316                   1.4106301e-18
               4.4464645                   1.4106301e-18
                4.447598                   1.4106301e-18
               4.4487309                   1.4106301e-18
               4.4498644                   1.4106301e-18
               4.4509974                   1.4106301e-18
               4.4521303                   1.4106301e-18
               4.4532638                   1.4106301e-18
               4.4543967                   1.4106301e-18
               4.4555297                   1.4106301e-18
               4.4566631                   1.4106301e-18
               4.4577961                   1.4106301e-18
               4.4589295                   1.4106301e-18
               4.4600625                   1.4106301e-18
               4.4611955                   1.4106301e-18
               4.4623289                   1.4106301e-18
               4.4634619                   1.4106301e-18
               4.4645948                   1.4106301e-18
               4.4657283                   1.4106301e-18
               4.4668612                   1.4106301e-18
               4.4679947                   1.4106301e-18
               4.4691277                   1.4106301e-18
               4.4702606                   1.4106301e-18
               4.4713941                   1.4106301e-18
                4.472527                   1.4106301e-18
                 4.47366                   1.4106301e-18
               4.4747934                   1.4106301e-18
               4.4759264                   1.4106301e-18
               4.4770598                   1.4106301e-18
               4.4781928                   1.4106301e-18
               4.4793258                   1.4106301e-18
               4.4804592                   1.4106301e-18
               4.4815922                   1.4106301e-18
               4.4827256                   1.4106301e-18
               4.4838586                   1.4106301e-18
               4.4849916                   1.4106301e-18
                4.486125                   1.4106301e-18
                4.487258                   1.4106301e-18
               4.4883909                   1.4106301e-18
               4.4895244                   1.4106301e-18
               4.4906573                   1.4106301e-18
               4.4917908                   1.4106301e-18
               4.4929237                   1.4106301e-18
               4.4940567                   1.4106301e-18
               4.4951901                   1.4106301e-18
               4.4963231                   1.4106301e-18
               4.4974561                   1.4106301e-18
               4.4985895                   1.4106301e-18
               4.4997225                   1.4106301e-18
               4.5008559                   1.4106301e-18
               4.5019889                   1.4106301e-18
               4.5031219                   1.4106301e-18
               4.5042553                   1.4106301e-18
               4.5053883                   1.4106301e-18
               4.5065212                   1.4106301e-18
               4.5076547                   1.4106301e-18
               4.5087876                   1.4106301e-18
               4.5099211                   1.4106301e-18
                4.511054                   1.4106301e-18
                4.512187                   1.4106301e-18
               4.5133204                   1.4106301e-18
               4.5144534                   1.4106301e-18
               4.5155869                   1.4106301e-18
               4.5167198                   1.4106301e-18
               4.5178528                   1.4106301e-18
               4.5189862                   1.4106301e-18
               4.5201192                   1.4106301e-18
               4.5212522                   1.4106301e-18
               4.5223856                   1.4106301e-18
               4.5235186                   1.4106301e-18
                4.524652                   1.4106301e-18
                4.525785                   1.4106301e-18
               4.5269179                   1.4106301e-18
               4.5280514                   1.4106301e-18
               4.5291843                   1.4106301e-18
               4.5303173                   1.4106301e-18
               4.5314507                   1.4106301e-18
               4.5325837                   1.4106301e-18
               4.5337172                   1.4106301e-18
               4.5348501                   1.4106301e-18
               4.5359831                   1.4106301e-18
               4.5371165                   1.4106301e-18
               4.5382495                   1.4106301e-18
               4.5393825                   1.4106301e-18
               4.5405159                   1.4106301e-18
               4.5416489                   1.4106301e-18
               4.5427823                   1.4106301e-18
               4.5439153                   1.4106301e-18
               4.5450482                   1.4106301e-18
               4.5461817                   1.4106301e-18
               4.5473146                   1.4106301e-18
               4.5484481                   1.4106301e-18
               4.5495811                   1.4106301e-18
                4.550714                   1.4106301e-18
               4.5518475                   1.4106301e-18
               4.5529804                   1.4106301e-18
               4.5541134                   1.4106301e-18
               4.5552468                   1.4106301e-18
               4.5563798                   1.4106301e-18
               4.5575132                   1.4106301e-18
               4.5586462                   1.4106301e-18
               4.5597792                   1.4106301e-18
               4.5609126                   1.4106301e-18
               4.5620456                   1.4106301e-18
               4.5631785                   1.4106301e-18
                4.564312                   1.4106301e-18
               4.5654449                   1.4106301e-18
               4.5665784                   1.4106301e-18
               4.5677114                   1.4106301e-18
               4.5688443                   1.4106301e-18
               4.5699778                   1.4106301e-18
               4.5711107                   1.4106301e-18
               4.5722437                   1.4106301e-18
               4.5733771                   1.4106301e-18
               4.5745101                   1.4106301e-18
               4.5756435                   1.4106301e-18
               4.5767765                   1.4106301e-18
               4.5779095                   1.4106301e-18
               4.5790429                   1.4106301e-18
               4.5801759                   1.4106301e-18
               4.5813093                   1.4106301e-18
               4.5824423                   1.4106301e-18
               4.5835752                   1.4106301e-18
               4.5847087                   1.4106301e-18
               4.5858417                   1.4106301e-18
               4.5869746                   1.4106301e-18
               4.5881081                   1.4106301e-18
                4.589241                   1.4106301e-18
               4.5903745                   1.4106301e-18
               4.5915074                   1.4106301e-18
               4.5926404                   1.4106301e-18
               4.5937738                   1.4106301e-18
               4.5949068                   1.4106301e-18
               4.5960398                   1.4106301e-18
               4.5971732                   1.4106301e-18
               4.5983062                   1.4106301e-18
               4.5994396                   1.4106301e-18
               4.6005726                   1.4106301e-18
               4.6017056                   1.4106301e-18
                4.602839                   1.4106301e-18
                4.603972                   1.4106301e-18
               4.6051049                   1.4106301e-18
               4.6062384                   1.4106301e-18
               4.6073713                   1.4106301e-18
               4.6085048                   1.4106301e-18
               4.6096377                   1.4106301e-18
               4.6107707                   1.4106301e-18
               4.6119041                   1.4106301e-18
               4.6130371                   1.4106301e-18
               4.6141706                   1.4106301e-18
               4.6153035                   1.4106301e-18
               4.6164365                   1.4106301e-18
               4.6175699                   1.4106301e-18
               4.6187029                   1.4106301e-18
               4.6198359                   1.4106301e-18
               4.6209693                   1.4106301e-18
               4.6221023                   1.4106301e-18
               4.6232357                   1.4106301e-18
               4.6243687                   1.4106301e-18
               4.6255016                   1.4106301e-18
               4.6266351                   1.4106301e-18
                4.627768                   1.4106301e-18
                4.628901                   1.4106301e-18
               4.6300344                   1.4106301e-18
               4.6311674                   1.4106301e-18
               4.6323009                   1.4106301e-18
               4.6334338                   1.4106301e-18
               4.6345668                   1.4106301e-18
               4.6357002                   1.4106301e-18
               4.6368332                   1.4106301e-18
               4.6379662                   1.4106301e-18
               4.6390996                   1.4106301e-18
               4.6402326                   1.4106301e-18
                4.641366                   1.4106301e-18
                4.642499                   1.4106301e-18
               4.6436319                   1.4106301e-18
               4.6447654                   1.4106301e-18
               4.6458983                   1.4106301e-18
               4.6470318                   1.4106301e-18
               4.6481647                   1.4106301e-18
               4.6492977                   1.4106301e-18
               4.6504312                   1.4106301e-18
               4.6515641                   1.4106301e-18
               4.6526971                   1.4106301e-18
               4.6538305                   1.4106301e-18
               4.6549635                   1.4106301e-18
               4.6560969                   1.4106301e-18
               4.6572299                   1.4106301e-18
               4.6583629                   1.4106301e-18
               4.6594963                   1.4106301e-18
               4.6606293                   1.4106301e-18
               4.6617622                   1.4106301e-18
               4.6628957                   1.4106301e-18
               4.6640286                   1.4106301e-18
               4.6651621                   1.4106301e-18
               4.6662951                   1.4106301e-18
                4.667428                   1.4106301e-18
               4.6685615                   1.4106301e-18
               4.6696944                   1.4106301e-18
               4.6708274                   1.4106301e-18
               4.6719608                   1.4106301e-18
               4.6730938                   1.4106301e-18
               4.6742272                   1.4106301e-18
               4.6753602                   1.4106301e-18
               4.6764932                   1.4106301e-18
               4.6776266                   1.4106301e-18
               4.6787596                   1.4106301e-18
                4.679893                   1.4106301e-18
                4.681026                   1.4106301e-18
               4.6821589                   1.4106301e-18
               4.6832924                   1.4106301e-18
               4.6844254                   1.4106301e-18
               4.6855583                   1.4106301e-18
               4.6866918                   1.4106301e-18
               4.6878247                   1.4106301e-18
               4.6889582                   1.4106301e-18
               4.6900911                   1.4106301e-18
               4.6912241                   1.4106301e-18
               4.6923575                   1.4106301e-18
               4.6934905                   1.4106301e-18
               4.6946235                   1.4106301e-18
               4.6957569                   1.4106301e-18
               4.6968899                   1.4106301e-18
               4.6980233                   1.4106301e-18
               4.6991563                   1.4106301e-18
               4.7002892                   1.4106301e-18
               4.7014227                   1.4106301e-18
               4.7025557                   1.4106301e-18
               4.7036886                   1.4106301e-18
               4.7048221                   1.4106301e-18
                4.705955                   1.4106301e-18
               4.7070885                   1.4106301e-18
               4.7082214                   1.4106301e-18
               4.7093544                   1.4106301e-18
               4.7104878                   1.4106301e-18
               4.7116208                   1.4106301e-18
               4.7127542                   1.4106301e-18
               4.7138872                   1.4106301e-18
               4.7150202                   1.4106301e-18
               4.7161536                   1.4106301e-18
               4.7172866                   1.4106301e-18
               4.7184196                   1.4106301e-18
                4.719553                   1.4106301e-18
                4.720686                   1.4106301e-18
               4.7218194                   1.4106301e-18
               4.7229524                   1.4106301e-18
               4.7240853                   1.4106301e-18
               4.7252188                   1.4106301e-18
               4.7263517                   1.4106301e-18
               4.7274847                   1.4106301e-18
               4.7286181                   1.4106301e-18
               4.7297511                   1.4106301e-18
               4.7308846                   1.4106301e-18
               4.7320175                   1.4106301e-18
               4.7331505                   1.4106301e-18
               4.7342839                   1.4106301e-18
               4.7354169                   1.4106301e-18
               4.7365499                   1.4106301e-18
               4.7376833                   1.4106301e-18
               4.7388163                   1.4106301e-18
               4.7399497                   1.4106301e-18
               4.7410827                   1.4106301e-18
               4.7422156                   1.4106301e-18
               4.7433491                   1.4106301e-18
                4.744482                   1.4106301e-18
               4.7456155                   1.4106301e-18
               4.7467484                   1.4106301e-18
               4.7478814                   1.4106301e-18
               4.7490149                   1.4106301e-18
               4.7501478                   1.4106301e-18
               4.7512808                   1.4106301e-18
               4.7524142                   1.4106301e-18
               4.7535472                   1.4106301e-18
               4.7546806                   1.4106301e-18
               4.7558136                   1.4106301e-18
               4.7569466                   1.4106301e-18
                 4.75808                   1.4106301e-18
                4.759213                   1.4106301e-18
               4.7603459                   1.4106301e-18
               4.7614794                   1.4106301e-18
               4.7626123                   1.4106301e-18
               4.7637458                   1.4106301e-18
               4.7648787                   1.4106301e-18
               4.7660117                   1.4106301e-18
               4.7671452                   1.4106301e-18
               4.7682781                   1.4106301e-18
               4.7694111                   1.4106301e-18
               4.7705445                   1.4106301e-18
               4.7716775                   1.4106301e-18
               4.7728109                   1.4106301e-18
               4.7739439                   1.4106301e-18
               4.7750769                   1.4106301e-18
               4.7762103                   1.4106301e-18
               4.7773433                   1.4106301e-18
               4.7784767                   1.4106301e-18
               4.7796097                   1.4106301e-18
               4.7807426                   1.4106301e-18
               4.7818761                   1.4106301e-18
               4.7830091                   1.4106301e-18
                4.784142                   1.4106301e-18
               4.7852755                   1.4106301e-18
               4.7864084                   1.4106301e-18
               4.7875419                   1.4106301e-18
               4.7886748                   1.4106301e-18
               4.7898078                   1.4106301e-18
               4.7909412                   1.4106301e-18
               4.7920742                   1.4106301e-18
               4.7932072                   1.4106301e-18
               4.7943406                   1.4106301e-18
               4.7954736                   1.4106301e-18
                4.796607                   1.4106301e-18
                 4.79774                   1.4106301e-18
               4.7988729                   1.4106301e-18
               4.8000064                   1.4106301e-18
               4.8011394                   1.4106301e-18
               4.8022723                   1.4106301e-18
               4.8034058                   1.4106301e-18
               4.8045387                   1.4106301e-18
               4.8056722                   1.4106301e-18
               4.8068051                   1.4106301e-18
               4.8079381                   1.4106301e-18
               4.8090715                   1.4106301e-18
               4.8102045                   1.4106301e-18
               4.8113379                   1.4106301e-18
               4.8124709                   1.4106301e-18
               4.8136039                   1.4106301e-18
               4.8147373                   1.4106301e-18
               4.8158703                   1.4106301e-18
               4.8170033                   1.4106301e-18
               4.8181367                   1.4106301e-18
               4.8192697                   1.4106301e-18
               4.8204031                   1.4106301e-18
               4.8215361                   1.4106301e-18
                4.822669                   1.4106301e-18
               4.8238025                   1.4106301e-18
               4.8249354                   1.4106301e-18
               4.8260684                   1.4106301e-18
               4.8272018                   1.4106301e-18
               4.8283348                   1.4106301e-18
               4.8294683                   1.4106301e-18
               4.8306012                   1.4106301e-18
               4.8317342                   1.4106301e-18
               4.8328676                   1.4106301e-18
               4.8340006                   1.4106301e-18
               4.8351336                   1.4106301e-18
                4.836267                   1.4106301e-18
                  4.8374                   1.4106301e-18
               4.8385334                   1.4106301e-18
               4.8396664                   1.4106301e-18
               4.8407993                   1.4106301e-18
               4.8419328                   1.4106301e-18
               4.8430657                   1.4106301e-18
               4.8441992                   1.4106301e-18
               4.8453321                   1.4106301e-18
               4.8464651                   1.4106301e-18
               4.8475986                   1.4106301e-18
               4.8487315                   1.4106301e-18
               4.8498645                   1.4106301e-18
               4.8509979                   1.4106301e-18
               4.8521309                   1.4106301e-18
               4.8532643                   1.4106301e-18
               4.8543973                   1.4106301e-18
               4.8555303                   1.4106301e-18
               4.8566637                   1.4106301e-18
               4.8577967                   1.4106301e-18
               4.8589296                   1.4106301e-18
               4.8600631                   1.4106301e-18
                4.861196                   1.4106301e-18
               4.8623295                   1.4106301e-18
               4.8634624                   1.4106301e-18
               4.8645954                   1.4106301e-18
               4.8657289                   1.4106301e-18
               4.8668618                   1.4106301e-18
               4.8679948                   1.4106301e-18
               4.8691282                   1.4106301e-18
               4.8702612                   1.4106301e-18
               4.8713946                   1.4106301e-18
               4.8725276                   1.4106301e-18
               4.8736606                   1.4106301e-18
                4.874794                   1.4106301e-18
                4.875927                   1.4106301e-18
               4.8770604                   1.4106301e-18
               4.8781934                   1.4106301e-18
               4.8793263                   1.4106301e-18
               4.8804598                   1.4106301e-18
               4.8815928                   1.4106301e-18
               4.8827257                   1.4106301e-18
               4.8838592                   1.4106301e-18
               4.8849921                   1.4106301e-18
               4.8861256                   1.4106301e-18
               4.8872585                   1.4106301e-18
               4.8883915                   1.4106301e-18
               4.8895249                   1.4106301e-18
               4.8906579                   1.4106301e-18
               4.8917909                   1.4106301e-18
               4.8929243                   1.4106301e-18
               4.8940573                   1.4106301e-18
               4.8951907                   1.4106301e-18
               4.8963237                   1.4106301e-18
               4.8974566                   1.4106301e-18
               4.8985901                   1.4106301e-18
               4.8997231                   1.4106301e-18
                4.900856                   1.4106301e-18
               4.9019895                   1.4106301e-18
               4.9031224                   1.4106301e-18
               4.9042559                   1.4106301e-18
               4.9053888                   1.4106301e-18
               4.9065218                   1.4106301e-18
               4.9076552                   1.4106301e-18
               4.9087882                   1.4106301e-18
               4.9099216                   1.4106301e-18
               4.9110546                   1.4106301e-18
               4.9121876                   1.4106301e-18
                4.913321                   1.4106301e-18
                4.914454                   1.4106301e-18
               4.9155869                   1.4106301e-18
               4.9167204                   1.4106301e-18
               4.9178534                   1.4106301e-18
               4.9189868                   1.4106301e-18
               4.9201198                   1.4106301e-18
               4.9212527                   1.4106301e-18
               4.9223862                   1.4106301e-18
               4.9235191                   1.4106301e-18
               4.9246521                   1.4106301e-18
               4.9257855                   1.4106301e-18
               4.9269185                   1.4106301e-18
               4.9280519                   1.4106301e-18
               4.9291849                   1.4106301e-18
               4.9303179                   1.4106301e-18
               4.9314513                   1.4106301e-18
               4.9325843                   1.4106301e-18
               4.9337173                   1.4106301e-18
               4.9348507                   1.4106301e-18
               4.9359837                   1.4106301e-18
               4.9371171                   1.4106301e-18
               4.9382501                   1.4106301e-18
                4.939383                   1.4106301e-18
               4.9405165                   1.4106301e-18
               4.9416494                   1.4106301e-18
               4.9427829                   1.4106301e-18
               4.9439158                   1.4106301e-18
               4.9450488                   1.4106301e-18
               4.9461823                   1.4106301e-18
               4.9473152                   1.4106301e-18
               4.9484482                   1.4106301e-18
               4.9495816                   1.4106301e-18
               4.9507146                   1.4106301e-18
                4.951848                   1.4106301e-18
                4.952981                   1.4106301e-18
                4.954114                   1.4106301e-18
               4.9552474                   1.4106301e-18
               4.9563804                   1.4106301e-18
               4.9575133                   1.4106301e-18
               4.9586468                   1.4106301e-18
               4.9597797                   1.4106301e-18
               4.9609132                   1.4106301e-18
               4.9620461                   1.4106301e-18
               4.9631791                   1.4106301e-18
               4.9643126                   1.4106301e-18
               4.9654455                   1.4106301e-18
               4.9665785                   1.4106301e-18
               4.9677119                   1.4106301e-18
               4.9688449                   1.4106301e-18
               4.9699783                   1.4106301e-18
               4.9711113                   1.4106301e-18
               4.9722443                   1.4106301e-18
               4.9733777                   1.4106301e-18
               4.9745107                   1.4106301e-18
               4.9756441                   1.4106301e-18
               4.9767771                   1.4106301e-18
                 4.97791                   1.4106301e-18
               4.9790435                   1.4106301e-18
               4.9801764                   1.4106301e-18
               4.9813094                   1.4106301e-18
               4.9824429                   1.4106301e-18
               4.9835758                   1.4106301e-18
               4.9847093                   1.4106301e-18
               4.9858422                   1.4106301e-18
               4.9869752                   1.4106301e-18
               4.9881086                   1.4106301e-18
               4.9892416                   1.4106301e-18
               4.9903746                   1.4106301e-18
                4.991508                   1.4106301e-18
                4.992641                   1.4106301e-18
               4.9937744                   1.4106301e-18
               4.9949074                   1.4106301e-18
               4.9960403                   1.4106301e-18
               4.9971738                   1.4106301e-18
               4.9983068                   1.4106301e-18
               4.9994397                   1.4106301e-18
               5.0005732                   1.4106301e-18
               5.0017061                   1.4106301e-18
               5.0028396                   1.4106301e-18
               5.0039725                   1.4106301e-18
               5.0051055                   1.4106301e-18
               5.0062389                   1.4106301e-18
               5.0073719                   1.4106301e-18
               5.0085053                   1.4106301e-18
               5.0096383                   1.4106301e-18
               5.0107713                   1.4106301e-18
               5.0119047                   1.4106301e-18
               5.0130377                   1.4106301e-18
               5.0141706                   1.4106301e-18
               5.0153041                   1.4106301e-18
               5.0164371                   1.4106301e-18
               5.0175705                   1.4106301e-18
               5.0187035                   1.4106301e-18
               5.0198364                   1.4106301e-18
               5.0209699                   1.4106301e-18
               5.0221028                   1.4106301e-18
               5.0232358                   1.4106301e-18
               5.0243692                   1.4106301e-18
               5.0255022                   1.4106301e-18
               5.0266356                   1.4106301e-18
               5.0277686                   1.4106301e-18
               5.0289016                   1.4106301e-18
                5.030035                   1.4106301e-18
                5.031168                   1.4106301e-18
               5.0323009                   1.4106301e-18
               5.0334344                   1.4106301e-18
               5.0345674                   1.4106301e-18
               5.0357008                   1.4106301e-18
               5.0368338                   1.4106301e-18
               5.0379667                   1.4106301e-18
               5.0391002                   1.4106301e-18
               5.0402331                   1.4106301e-18
               5.0413666                   1.4106301e-18
               5.0424995                   1.4106301e-18
               5.0436325                   1.4106301e-18
               5.0447659                   1.4106301e-18
               5.0458989                   1.4106301e-18
               5.0470319                   1.4106301e-18
               5.0481653                   1.4106301e-18
               5.0492983                   1.4106301e-18
               5.0504317                   1.4106301e-18
               5.0515647                   1.4106301e-18
               5.0526977                   1.4106301e-18
               5.0538311                   1.4106301e-18
               5.0549641                   1.4106301e-18
                5.056097                   1.4106301e-18
               5.0572305                   1.4106301e-18
               5.0583634                   1.4106301e-18
               5.0594969                   1.4106301e-18
               5.0606298                   1.4106301e-18
               5.0617628                   1.4106301e-18
               5.0628963                   1.4106301e-18
               5.0640292                   1.4106301e-18
               5.0651622                   1.4106301e-18
               5.0662956                   1.4106301e-18
               5.0674286                   1.4106301e-18
                5.068562                   1.4106301e-18
                5.069695                   1.4106301e-18
                5.070828                   1.4106301e-18
               5.0719614                   1.4106301e-18
               5.0730944                   1.4106301e-18
               5.0742278                   1.4106301e-18
               5.0753608                   1.4106301e-18
               5.0764937                   1.4106301e-18
               5.0776272                   1.4106301e-18
               5.0787601                   1.4106301e-18
               5.0798931                   1.4106301e-18
               5.0810266                   1.4106301e-18
               5.0821595                   1.4106301e-18
                5.083293                   1.4106301e-18
               5.0844259                   1.4106301e-18
               5.0855589                   1.4106301e-18
               5.0866923                   1.4106301e-18
               5.0878253                   1.4106301e-18
               5.0889583                   1.4106301e-18
               5.0900917                   1.4106301e-18
               5.0912247                   1.4106301e-18
               5.0923581                   1.4106301e-18
               5.0934911                   1.4106301e-18
                5.094624                   1.4106301e-18
               5.0957575                   1.4106301e-18
               5.0968904                   1.4106301e-18
               5.0980234                   1.4106301e-18
               5.0991569                   1.4106301e-18
               5.1002898                   1.4106301e-18
               5.1014233                   1.4106301e-18
               5.1025562                   1.4106301e-18
               5.1036892                   1.4106301e-18
               5.1048226                   1.4106301e-18
               5.1059556                   1.4106301e-18
                5.107089                   1.4106301e-18
                5.108222                   1.4106301e-18
                5.109355                   1.4106301e-18
               5.1104884                   1.4106301e-18
               5.1116214                   1.4106301e-18
               5.1127543                   1.4106301e-18
               5.1138878                   1.4106301e-18
               5.1150208                   1.4106301e-18
               5.1161542                   1.4106301e-18
               5.1172872                   1.4106301e-18
               5.1184201                   1.4106301e-18
               5.1195536                   1.4106301e-18
               5.1206865                   1.4106301e-18
               5.1218195                   1.4106301e-18
               5.1229529                   1.4106301e-18
               5.1240859                   1.4106301e-18
               5.1252193                   1.4106301e-18
               5.1263523                   1.4106301e-18
               5.1274853                   1.4106301e-18
               5.1286187                   1.4106301e-18
               5.1297517                   1.4106301e-18
               5.1308846                   1.4106301e-18
               5.1320181                   1.4106301e-18
               5.1331511                   1.4106301e-18
               5.1342845                   1.4106301e-18
               5.1354175                   1.4106301e-18
               5.1365504                   1.4106301e-18
               5.1376839                   1.4106301e-18
               5.1388168                   1.4106301e-18
               5.1399503                   1.4106301e-18
               5.1410832                   1.4106301e-18
               5.1422162                   1.4106301e-18
               5.1433496                   1.4106301e-18
               5.1444826                   1.4106301e-18
               5.1456156                   1.4106301e-18
                5.146749                   1.4106301e-18
                5.147882                   1.4106301e-18
               5.1490154                   1.4106301e-18
               5.1501484                   1.4106301e-18
               5.1512814                   1.4106301e-18
               5.1524148                   1.4106301e-18
               5.1535478                   1.4106301e-18
               5.1546807                   1.4106301e-18
               5.1558142                   1.4106301e-18
               5.1569471                   1.4106301e-18
               5.1580806                   1.4106301e-18
               5.1592135                   1.4106301e-18
               5.1603465                   1.4106301e-18
               5.1614799                   1.4106301e-18
               5.1626129                   1.4106301e-18
               5.1637459                   1.4106301e-18
               5.1648793                   1.4106301e-18
               5.1660123                   1.4106301e-18
               5.1671457                   1.4106301e-18
               5.1682787                   1.4106301e-18
               5.1694117                   1.4106301e-18
               5.1705451                   1.4106301e-18
               5.1716781                   1.4106301e-18
               5.1728115                   1.4106301e-18
               5.1739445                   1.4106301e-18
               5.1750774                   1.4106301e-18
               5.1762109                   1.4106301e-18
               5.1773438                   1.4106301e-18
               5.1784768                   1.4106301e-18
               5.1796103                   1.4106301e-18
               5.1807432                   1.4106301e-18
               5.1818767                   1.4106301e-18
               5.1830096                   1.4106301e-18
               5.1841426                   1.4106301e-18
                5.185276                   1.4106301e-18
                5.186409                   1.4106301e-18
                5.187542                   1.4106301e-18
               5.1886754                   1.4106301e-18
               5.1898084                   1.4106301e-18
               5.1909418                   1.4106301e-18
               5.1920748                   1.4106301e-18
               5.1932077                   1.4106301e-18
               5.1943412                   1.4106301e-18
               5.1954741                   1.4106301e-18
               5.1966071                   1.4106301e-18
               5.1977406                   1.4106301e-18
               5.1988735                   1.4106301e-18
                5.200007                   1.4106301e-18
               5.2011399                   1.4106301e-18
               5.2022729                   1.4106301e-18
               5.2034063                   1.4106301e-18
               5.2045393                   1.4106301e-18
               5.2056727                   1.4106301e-18
               5.2068057                   1.4106301e-18
               5.2079387                   1.4106301e-18
               5.2090721                   1.4106301e-18
               5.2102051                   1.4106301e-18
                5.211338                   1.4106301e-18
               5.2124715                   1.4106301e-18
               5.2136045                   1.4106301e-18
               5.2147379                   1.4106301e-18
               5.2158709                   1.4106301e-18
               5.2170038                   1.4106301e-18
               5.2181373                   1.4106301e-18
               5.2192702                   1.4106301e-18
               5.2204032                   1.4106301e-18
               5.2215366                   1.4106301e-18
               5.2226696                   1.4106301e-18
                5.223803                   1.4106301e-18
                5.224936                   1.4106301e-18
                5.226069                   1.4106301e-18
               5.2272024                   1.4106301e-18
               5.2283354                   1.4106301e-18
               5.2294683                   1.4106301e-18
               5.2306018                   1.4106301e-18
               5.2317348                   1.4106301e-18
               5.2328682                   1.4106301e-18
               5.2340012                   1.4106301e-18
               5.2351341                   1.4106301e-18
               5.2362676                   1.4106301e-18
               5.2374005                   1.4106301e-18
                5.238534                   1.4106301e-18
               5.2396669                   1.4106301e-18
               5.2407999                   1.4106301e-18
               5.2419333                   1.4106301e-18
               5.2430663                   1.4106301e-18
               5.2441993                   1.4106301e-18
               5.2453327                   1.4106301e-18
               5.2464657                   1.4106301e-18
               5.2475991                   1.4106301e-18
               5.2487321                   1.4106301e-18
               5.2498651                   1.4106301e-18
               5.2509985                   1.4106301e-18
               5.2521315                   1.4106301e-18
               5.2532644                   1.4106301e-18
               5.2543979                   1.4106301e-18
               5.2555308                   1.4106301e-18
               5.2566643                   1.4106301e-18
               5.2577972                   1.4106301e-18
               5.2589302                   1.4106301e-18
               5.2600636                   1.4106301e-18
               5.2611966                   1.4106301e-18
               5.2623296                   1.4106301e-18
                5.263463                   1.4106301e-18
                5.264596                   1.4106301e-18
               5.2657294                   1.4106301e-18
               5.2668624                   1.4106301e-18
               5.2679954                   1.4106301e-18
               5.2691288                   1.4106301e-18
               5.2702618                   1.4106301e-18
               5.2713952                   1.4106301e-18
               5.2725282                   1.4106301e-18
               5.2736611                   1.4106301e-18
               5.2747946                   1.4106301e-18
               5.2759275                   1.4106301e-18
               5.2770605                   1.4106301e-18
                5.278194                   1.4106301e-18
               5.2793269                   1.4106301e-18
               5.2804604                   1.4106301e-18
               5.2815933                   1.4106301e-18
               5.2827263                   1.4106301e-18
               5.2838597                   1.4106301e-18
               5.2849927                   1.4106301e-18
               5.2861257                   1.4106301e-18
               5.2872591                   1.4106301e-18
               5.2883921                   1.4106301e-18
               5.2895255                   1.4106301e-18
               5.2906585                   1.4106301e-18
               5.2917914                   1.4106301e-18
               5.2929249                   1.4106301e-18
               5.2940578                   1.4106301e-18
               5.2951908                   1.4106301e-18
               5.2963243                   1.4106301e-18
               5.2974572                   1.4106301e-18
               5.2985907                   1.4106301e-18
               5.2997236                   1.4106301e-18
               5.3008566                   1.4106301e-18
                 5.30199                   1.4106301e-18
                5.303123                   1.4106301e-18
               5.3042564                   1.4106301e-18
               5.3053894                   1.4106301e-18
               5.3065224                   1.4106301e-18
               5.3076558                   1.4106301e-18
               5.3087888                   1.4106301e-18
               5.3099217                   1.4106301e-18
               5.3110552                   1.4106301e-18
               5.3121881                   1.4106301e-18
               5.3133216                   1.4106301e-18
               5.3144546                   1.4106301e-18
               5.3155875                   1.4106301e-18
                5.316721                   1.4106301e-18
               5.3178539                   1.4106301e-18
               5.3189869                   1.4106301e-18
               5.3201203                   1.4106301e-18
               5.3212533                   1.4106301e-18
               5.3223867                   1.4106301e-18
               5.3235197                   1.4106301e-18
               5.3246527                   1.4106301e-18
               5.3257861                   1.4106301e-18
               5.3269191                   1.4106301e-18
                5.328052                   1.4106301e-18
               5.3291855                   1.4106301e-18
               5.3303185                   1.4106301e-18
               5.3314519                   1.4106301e-18
               5.3325849                   1.4106301e-18
               5.3337178                   1.4106301e-18
               5.3348513                   1.4106301e-18
               5.3359842                   1.4106301e-18
               5.3371177                   1.4106301e-18
               5.3382506                   1.4106301e-18
               5.3393836                   1.4106301e-18
                5.340517                   1.4106301e-18
                 5.34165                   1.4106301e-18
                5.342783                   1.4106301e-18
               5.3439164                   1.4106301e-18
               5.3450494                   1.4106301e-18
               5.3461828                   1.4106301e-18
               5.3473158                   1.4106301e-18
               5.3484488                   1.4106301e-18
               5.3495822                   1.4106301e-18
               5.3507152                   1.4106301e-18
               5.3518481                   1.4106301e-18
               5.3529816                   1.4106301e-18
               5.3541145                   1.4106301e-18
                5.355248                   1.4106301e-18
               5.3563809                   1.4106301e-18
               5.3575139                   1.4106301e-18
               5.3586473                   1.4106301e-18
               5.3597803                   1.4106301e-18
               5.3609133                   1.4106301e-18
               5.3620467                   1.4106301e-18
               5.3631797                   1.4106301e-18
               5.3643131                   1.4106301e-18
               5.3654461                   1.4106301e-18
               5.3665791                   1.4106301e-18
               5.3677125                   1.4106301e-18
               5.3688455                   1.4106301e-18
               5.3699789                   1.4106301e-18
               5.3711119                   1.4106301e-18
               5.3722448                   1.4106301e-18
               5.3733783                   1.4106301e-18
               5.3745112                   1.4106301e-18
               5.3756442                   1.4106301e-18
               5.3767776                   1.4106301e-18
               5.3779106                   1.4106301e-18
               5.3790441                   1.4106301e-18
                5.380177                   1.4106301e-18
                 5.38131                   1.4106301e-18
               5.3824434                   1.4106301e-18
               5.3835764                   1.4106301e-18
               5.3847094                   1.4106301e-18
               5.3858428                   1.4106301e-18
               5.3869758                   1.4106301e-18
               5.3881092                   1.4106301e-18
               5.3892422                   1.4106301e-18
               5.3903751                   1.4106301e-18
               5.3915086                   1.4106301e-18
               5.3926415                   1.4106301e-18
               5.3937745                   1.4106301e-18
                5.394908                   1.4106301e-18
               5.3960409                   1.4106301e-18
               5.3971744                   1.4106301e-18
               5.3983073                   1.4106301e-18
               5.3994403                   1.4106301e-18
               5.4005737                   1.4106301e-18
               5.4017067                   1.4106301e-18
               5.4028401                   1.4106301e-18
               5.4039731                   1.4106301e-18
               5.4051061                   1.4106301e-18
               5.4062395                   1.4106301e-18
               5.4073725                   1.4106301e-18
               5.4085054                   1.4106301e-18
               5.4096389                   1.4106301e-18
               5.4107718                   1.4106301e-18
               5.4119053                   1.4106301e-18
               5.4130383                   1.4106301e-18
               5.4141712                   1.4106301e-18
               5.4153047                   1.4106301e-18
               5.4164376                   1.4106301e-18
               5.4175706                   1.4106301e-18
                5.418704                   1.4106301e-18
                5.419837                   1.4106301e-18
               5.4209704                   1.4106301e-18
               5.4221034                   1.4106301e-18
               5.4232364                   1.4106301e-18
               5.4243698                   1.4106301e-18
               5.4255028                   1.4106301e-18
               5.4266357                   1.4106301e-18
               5.4277692                   1.4106301e-18
               5.4289021                   1.4106301e-18
               5.4300356                   1.4106301e-18
               5.4311686                   1.4106301e-18
               5.4323015                   1.4106301e-18
                5.433435                   1.4106301e-18
               5.4345679                   1.4106301e-18
               5.4357014                   1.4106301e-18
               5.4368343                   1.4106301e-18
               5.4379673                   1.4106301e-18
               5.4391007                   1.4106301e-18
               5.4402337                   1.4106301e-18
               5.4413667                   1.4106301e-18
               5.4425001                   1.4106301e-18
               5.4436331                   1.4106301e-18
               5.4447665                   1.4106301e-18
               5.4458995                   1.4106301e-18
               5.4470325                   1.4106301e-18
               5.4481659                   1.4106301e-18
               5.4492989                   1.4106301e-18
               5.4504318                   1.4106301e-18
               5.4515653                   1.4106301e-18
               5.4526982                   1.4106301e-18
               5.4538317                   1.4106301e-18
               5.4549646                   1.4106301e-18
               5.4560976                   1.4106301e-18
                5.457231                   1.4106301e-18
                5.458364                   1.4106301e-18
                5.459497                   1.4106301e-18
               5.4606304                   1.4106301e-18
               5.4617634                   1.4106301e-18
               5.4628968                   1.4106301e-18
               5.4640298                   1.4106301e-18
               5.4651628                   1.4106301e-18
               5.4662962                   1.4106301e-18
               5.4674292                   1.4106301e-18
               5.4685626                   1.4106301e-18
               5.4696956                   1.4106301e-18
               5.4708285                   1.4106301e-18
                5.471962                   1.4106301e-18
               5.4730949                   1.4106301e-18
               5.4742279                   1.4106301e-18
               5.4753613                   1.4106301e-18
               5.4764943                   1.4106301e-18
               5.4776278                   1.4106301e-18
               5.4787607                   1.4106301e-18
               5.4798937                   1.4106301e-18
               5.4810271                   1.4106301e-18
               5.4821601                   1.4106301e-18
               5.4832931                   1.4106301e-18
               5.4844265                   1.4106301e-18
               5.4855595                   1.4106301e-18
               5.4866929                   1.4106301e-18
               5.4878259                   1.4106301e-18
               5.4889588                   1.4106301e-18
               5.4900923                   1.4106301e-18
               5.4912252                   1.4106301e-18
               5.4923582                   1.4106301e-18
               5.4934916                   1.4106301e-18
               5.4946246                   1.4106301e-18
               5.4957581                   1.4106301e-18
                5.496891                   1.4106301e-18
                5.498024                   1.4106301e-18
               5.4991574                   1.4106301e-18
               5.5002904                   1.4106301e-18
               5.5014238                   1.4106301e-18
               5.5025568                   1.4106301e-18
               5.5036898                   1.4106301e-18
               5.5048232                   1.4106301e-18
               5.5059562                   1.4106301e-18
               5.5070891                   1.4106301e-18
               5.5082226                   1.4106301e-18
               5.5093555                   1.4106301e-18
                5.510489                   1.4106301e-18
                5.511622                   1.4106301e-18
               5.5127549                   1.4106301e-18
               5.5138884                   1.4106301e-18
               5.5150213                   1.4106301e-18
               5.5161543                   1.4106301e-18
               5.5172877                   1.4106301e-18
               5.5184207                   1.4106301e-18
               5.5195541                   1.4106301e-18
               5.5206871                   1.4106301e-18
               5.5218201                   1.4106301e-18
               5.5229535                   1.4106301e-18
               5.5240865                   1.4106301e-18
               5.5252194                   1.4106301e-18
               5.5263529                   1.4106301e-18
               5.5274858                   1.4106301e-18
               5.5286193                   1.4106301e-18
               5.5297523                   1.4106301e-18
               5.5308852                   1.4106301e-18
               5.5320187                   1.4106301e-18
               5.5331516                   1.4106301e-18
               5.5342851                   1.4106301e-18
                5.535418                   1.4106301e-18
                5.536551                   1.4106301e-18
               5.5376844                   1.4106301e-18
               5.5388174                   1.4106301e-18
               5.5399504                   1.4106301e-18
               5.5410838                   1.4106301e-18
               5.5422168                   1.4106301e-18
               5.5433502                   1.4106301e-18
               5.5444832                   1.4106301e-18
               5.5456161                   1.4106301e-18
               5.5467496                   1.4106301e-18
               5.5478826                   1.4106301e-18
               5.5490155                   1.4106301e-18
                5.550149                   1.4106301e-18
               5.5512819                   1.4106301e-18
               5.5524154                   1.4106301e-18
               5.5535483                   1.4106301e-18
               5.5546813                   1.4106301e-18
               5.5558147                   1.4106301e-18
               5.5569477                   1.4106301e-18
               5.5580807                   1.4106301e-18
               5.5592141                   1.4106301e-18
               5.5603471                   1.4106301e-18
               5.5614805                   1.4106301e-18
               5.5626135                   1.4106301e-18
               5.5637465                   1.4106301e-18
               5.5648799                   1.4106301e-18
               5.5660129                   1.4106301e-18
               5.5671463                   1.4106301e-18
               5.5682793                   1.4106301e-18
               5.5694122                   1.4106301e-18
               5.5705457                   1.4106301e-18
               5.5716786                   1.4106301e-18
               5.5728116                   1.4106301e-18
                5.573945                   1.4106301e-18
                5.575078                   1.4106301e-18
               5.5762115                   1.4106301e-18
               5.5773444                   1.4106301e-18
               5.5784774                   1.4106301e-18
               5.5796108                   1.4106301e-18
               5.5807438                   1.4106301e-18
               5.5818768                   1.4106301e-18
               5.5830102                   1.4106301e-18
               5.5841432                   1.4106301e-18
               5.5852766                   1.4106301e-18
               5.5864096                   1.4106301e-18
               5.5875425                   1.4106301e-18
                5.588676                   1.4106301e-18
               5.5898089                   1.4106301e-18
               5.5909419                   1.4106301e-18
               5.5920753                   1.4106301e-18
               5.5932083                   1.4106301e-18
               5.5943418                   1.4106301e-18
               5.5954747                   1.4106301e-18
               5.5966077                   1.4106301e-18
               5.5977411                   1.4106301e-18
               5.5988741                   1.4106301e-18
               5.6000075                   1.4106301e-18
               5.6011405                   1.4106301e-18
               5.6022735                   1.4106301e-18
               5.6034069                   1.4106301e-18
               5.6045399                   1.4106301e-18
               5.6056728                   1.4106301e-18
               5.6068063                   1.4106301e-18
               5.6079392                   1.4106301e-18
               5.6090727                   1.4106301e-18
               5.6102057                   1.4106301e-18
               5.6113386                   1.4106301e-18
               5.6124721                   1.4106301e-18
                5.613605                   1.4106301e-18
                5.614738                   1.4106301e-18
               5.6158714                   1.4106301e-18
               5.6170044                   1.4106301e-18
               5.6181378                   1.4106301e-18
               5.6192708                   1.4106301e-18
               5.6204038                   1.4106301e-18
               5.6215372                   1.4106301e-18
               5.6226702                   1.4106301e-18
               5.6238031                   1.4106301e-18
               5.6249366                   1.4106301e-18
               5.6260695                   1.4106301e-18
                5.627203                   1.4106301e-18
                5.628336                   1.4106301e-18
               5.6294689                   1.4106301e-18
               5.6306024                   1.4106301e-18
               5.6317353                   1.4106301e-18
               5.6328688                   1.4106301e-18
               5.6340017                   1.4106301e-18
               5.6351347                   1.4106301e-18
               5.6362681                   1.4106301e-18
               5.6374011                   1.4106301e-18
               5.6385341                   1.4106301e-18
               5.6396675                   1.4106301e-18
               5.6408005                   1.4106301e-18
               5.6419339                   1.4106301e-18
               5.6430669                   1.4106301e-18
               5.6441998                   1.4106301e-18
               5.6453333                   1.4106301e-18
               5.6464663                   1.4106301e-18
               5.6475992                   1.4106301e-18
               5.6487327                   1.4106301e-18
               5.6498656                   1.4106301e-18
               5.6509991                   1.4106301e-18
                5.652132                   1.4106301e-18
                5.653265                   1.4106301e-18
               5.6543984                   1.4106301e-18
               5.6555314                   1.4106301e-18
               5.6566644                   1.4106301e-18
               5.6577978                   1.4106301e-18
               5.6589308                   1.4106301e-18
               5.6600642                   1.4106301e-18
               5.6611972                   1.4106301e-18
               5.6623302                   1.4106301e-18
               5.6634636                   1.4106301e-18
               5.6645966                   1.4106301e-18
                 5.66573                   1.4106301e-18
                5.666863                   1.4106301e-18
               5.6679959                   1.4106301e-18
               5.6691294                   1.4106301e-18
               5.6702623                   1.4106301e-18
               5.6713953                   1.4106301e-18
               5.6725287                   1.4106301e-18
               5.6736617                   1.4106301e-18
               5.6747952                   1.4106301e-18
               5.6759281                   1.4106301e-18
               5.6770611                   1.4106301e-18
               5.6781945                   1.4106301e-18
               5.6793275                   1.4106301e-18
               5.6804605                   1.4106301e-18
               5.6815939                   1.4106301e-18
               5.6827269                   1.4106301e-18
               5.6838603                   1.4106301e-18
               5.6849933                   1.4106301e-18
               5.6861262                   1.4106301e-18
               5.6872597                   1.4106301e-18
               5.6883926                   1.4106301e-18
               5.6895256                   1.4106301e-18
                5.690659                   1.4106301e-18
                5.691792                   1.4106301e-18
               5.6929255                   1.4106301e-18
               5.6940584                   1.4106301e-18
               5.6951914                   1.4106301e-18
               5.6963248                   1.4106301e-18
               5.6974578                   1.4106301e-18
               5.6985912                   1.4106301e-18
               5.6997242                   1.4106301e-18
               5.7008572                   1.4106301e-18
               5.7019906                   1.4106301e-18
               5.7031236                   1.4106301e-18
               5.7042565                   1.4106301e-18
                 5.70539                   1.4106301e-18
               5.7065229                   1.4106301e-18
               5.7076564                   1.4106301e-18
               5.7087893                   1.4106301e-18
               5.7099223                   1.4106301e-18
               5.7110558                   1.4106301e-18
               5.7121887                   1.4106301e-18
               5.7133217                   1.4106301e-18
               5.7144551                   1.4106301e-18
               5.7155881                   1.4106301e-18
               5.7167215                   1.4106301e-18
               5.7178545                   1.4106301e-18
               5.7189875                   1.4106301e-18
               5.7201209                   1.4106301e-18
               5.7212539                   1.4106301e-18
               5.7223868                   1.4106301e-18
               5.7235203                   1.4106301e-18
               5.7246532                   1.4106301e-18
               5.7257867                   1.4106301e-18
               5.7269197                   1.4106301e-18
               5.7280526                   1.4106301e-18
               5.7291861                   1.4106301e-18
                5.730319                   1.4106301e-18
               5.7314525                   1.4106301e-18
               5.7325854                   1.4106301e-18
               5.7337184                   1.4106301e-18
               5.7348518                   1.4106301e-18
               5.7359848                   1.4106301e-18
               5.7371178                   1.4106301e-18
               5.7382512                   1.4106301e-18
               5.7393842                   1.4106301e-18
               5.7405176                   1.4106301e-18
               5.7416506                   1.4106301e-18
               5.7427835                   1.4106301e-18
                5.743917                   1.4106301e-18
                 5.74505                   1.4106301e-18
               5.7461829                   1.4106301e-18
               5.7473164                   1.4106301e-18
               5.7484493                   1.4106301e-18
               5.7495828                   1.4106301e-18
               5.7507157                   1.4106301e-18
               5.7518487                   1.4106301e-18
               5.7529821                   1.4106301e-18
               5.7541151                   1.4106301e-18
               5.7552481                   1.4106301e-18
               5.7563815                   1.4106301e-18
               5.7575145                   1.4106301e-18
               5.7586479                   1.4106301e-18
               5.7597809                   1.4106301e-18
               5.7609138                   1.4106301e-18
               5.7620473                   1.4106301e-18
               5.7631803                   1.4106301e-18
               5.7643137                   1.4106301e-18
               5.7654467                   1.4106301e-18
               5.7665796                   1.4106301e-18
               5.7677131                   1.4106301e-18
                5.768846                   1.4106301e-18
                5.769979                   1.4106301e-18
               5.7711124                   1.4106301e-18
               5.7722454                   1.4106301e-18
               5.7733788                   1.4106301e-18
               5.7745118                   1.4106301e-18
               5.7756448                   1.4106301e-18
               5.7767782                   1.4106301e-18
               5.7779112                   1.4106301e-18
               5.7790442                   1.4106301e-18
               5.7801776                   1.4106301e-18
               5.7813106                   1.4106301e-18
                5.782444                   1.4106301e-18
                5.783577                   1.4106301e-18
               5.7847099                   1.4106301e-18
               5.7858434                   1.4106301e-18
               5.7869763                   1.4106301e-18
               5.7881093                   1.4106301e-18
               5.7892427                   1.4106301e-18
               5.7903757                   1.4106301e-18
               5.7915092                   1.4106301e-18
               5.7926421                   1.4106301e-18
               5.7937751                   1.4106301e-18
               5.7949085                   1.4106301e-18
               5.7960415                   1.4106301e-18
               5.7971749                   1.4106301e-18
               5.7983079                   1.4106301e-18
               5.7994409                   1.4106301e-18
               5.8005743                   1.4106301e-18
               5.8017073                   1.4106301e-18
               5.8028402                   1.4106301e-18
               5.8039737                   1.4106301e-18
               5.8051066                   1.4106301e-18
               5.8062401                   1.4106301e-18
                5.807373                   1.4106301e-18
                5.808506                   1.4106301e-18
               5.8096395                   1.4106301e-18
               5.8107724                   1.4106301e-18
               5.8119054                   1.4106301e-18
               5.8130388                   1.4106301e-18
               5.8141718                   1.4106301e-18
               5.8153052                   1.4106301e-18
               5.8164382                   1.4106301e-18
               5.8175712                   1.4106301e-18
               5.8187046                   1.4106301e-18
               5.8198376                   1.4106301e-18
               5.8209705                   1.4106301e-18
                5.822104                   1.4106301e-18
               5.8232369                   1.4106301e-18
               5.8243704                   1.4106301e-18
               5.8255033                   1.4106301e-18
               5.8266363                   1.4106301e-18
               5.8277698                   1.4106301e-18
               5.8289027                   1.4106301e-18
               5.8300357                   1.4106301e-18
               5.8311691                   1.4106301e-18
               5.8323021                   1.4106301e-18
               5.8334355                   1.4106301e-18
               5.8345685                   1.4106301e-18
               5.8357015                   1.4106301e-18
               5.8368349                   1.4106301e-18
               5.8379679                   1.4106301e-18
               5.8391013                   1.4106301e-18
               5.8402343                   1.4106301e-18
               5.8413672                   1.4106301e-18
               5.8425007                   1.4106301e-18
               5.8436337                   1.4106301e-18
               5.8447666                   1.4106301e-18
               5.8459001                   1.4106301e-18
                5.847033                   1.4106301e-18
               5.8481665                   1.4106301e-18
               5.8492994                   1.4106301e-18
               5.8504324                   1.4106301e-18
               5.8515658                   1.4106301e-18
               5.8526988                   1.4106301e-18
               5.8538318                   1.4106301e-18
               5.8549652                   1.4106301e-18
               5.8560982                   1.4106301e-18
               5.8572316                   1.4106301e-18
               5.8583646                   1.4106301e-18
               5.8594975                   1.4106301e-18
                5.860631                   1.4106301e-18
                5.861764                   1.4106301e-18
               5.8628969                   1.4106301e-18
               5.8640304                   1.4106301e-18
               5.8651633                   1.4106301e-18
               5.8662968                   1.4106301e-18
               5.8674297                   1.4106301e-18
               5.8685627                   1.4106301e-18
               5.8696961                   1.4106301e-18
               5.8708291                   1.4106301e-18
               5.8719625                   1.4106301e-18
               5.8730955                   1.4106301e-18
               5.8742285                   1.4106301e-18
               5.8753619                   1.4106301e-18
               5.8764949                   1.4106301e-18
               5.8776278                   1.4106301e-18
               5.8787613                   1.4106301e-18
               5.8798943                   1.4106301e-18
               5.8810277                   1.4106301e-18
               5.8821607                   1.4106301e-18
               5.8832936                   1.4106301e-18
               5.8844271                   1.4106301e-18
                 5.88556                   1.4106301e-18
                5.886693                   1.4106301e-18
               5.8878264                   1.4106301e-18
               5.8889594                   1.4106301e-18
               5.8900928                   1.4106301e-18
               5.8912258                   1.4106301e-18
               5.8923588                   1.4106301e-18
               5.8934922                   1.4106301e-18
               5.8946252                   1.4106301e-18
               5.8957582                   1.4106301e-18
               5.8968916                   1.4106301e-18
               5.8980246                   1.4106301e-18
                5.899158                   1.4106301e-18
                5.900291                   1.4106301e-18
               5.9014239                   1.4106301e-18
               5.9025574                   1.4106301e-18
               5.9036903                   1.4106301e-18
               5.9048238                   1.4106301e-18
               5.9059567                   1.4106301e-18
               5.9070897                   1.4106301e-18
               5.9082232                   1.4106301e-18
               5.9093561                   1.4106301e-18
               5.9104891                   1.4106301e-18
               5.9116225                   1.4106301e-18
               5.9127555                   1.4106301e-18
               5.9138889                   1.4106301e-18
               5.9150219                   1.4106301e-18
               5.9161549                   1.4106301e-18
               5.9172883                   1.4106301e-18
               5.9184213                   1.4106301e-18
               5.9195542                   1.4106301e-18
               5.9206877                   1.4106301e-18
               5.9218206                   1.4106301e-18
               5.9229541                   1.4106301e-18
                5.924087                   1.4106301e-18
                 5.92522                   1.4106301e-18
               5.9263535                   1.4106301e-18
               5.9274864                   1.4106301e-18
               5.9286194                   1.4106301e-18
               5.9297528                   1.4106301e-18
               5.9308858                   1.4106301e-18
               5.9320192                   1.4106301e-18
               5.9331522                   1.4106301e-18
               5.9342852                   1.4106301e-18
               5.9354186                   1.4106301e-18
               5.9365516                   1.4106301e-18
                5.937685                   1.4106301e-18
                5.938818                   1.4106301e-18
               5.9399509                   1.4106301e-18
               5.9410844                   1.4106301e-18
               5.9422174                   1.4106301e-18
               5.9433503                   1.4106301e-18
               5.9444838                   1.4106301e-18
               5.9456167                   1.4106301e-18
               5.9467502                   1.4106301e-18
               5.9478831                   1.4106301e-18
               5.9490161                   1.4106301e-18
               5.9501495                   1.4106301e-18
               5.9512825                   1.4106301e-18
               5.9524155                   1.4106301e-18
               5.9535489                   1.4106301e-18
               5.9546819                   1.4106301e-18
               5.9558153                   1.4106301e-18
               5.9569483                   1.4106301e-18
               5.9580812                   1.4106301e-18
               5.9592147                   1.4106301e-18
               5.9603477                   1.4106301e-18
               5.9614806                   1.4106301e-18
               5.9626141                   1.4106301e-18
                5.963747                   1.4106301e-18
               5.9648805                   1.4106301e-18
               5.9660134                   1.4106301e-18
               5.9671464                   1.4106301e-18
               5.9682798                   1.4106301e-18
               5.9694128                   1.4106301e-18
               5.9705462                   1.4106301e-18
               5.9716792                   1.4106301e-18
               5.9728122                   1.4106301e-18
               5.9739456                   1.4106301e-18
               5.9750786                   1.4106301e-18
               5.9762115                   1.4106301e-18
                5.977345                   1.4106301e-18
                5.978478                   1.4106301e-18
               5.9796114                   1.4106301e-18
               5.9807444                   1.4106301e-18
               5.9818773                   1.4106301e-18
               5.9830108                   1.4106301e-18
               5.9841437                   1.4106301e-18
               5.9852767                   1.4106301e-18
               5.9864101                   1.4106301e-18
               5.9875431                   1.4106301e-18
               5.9886765                   1.4106301e-18
               5.9898095                   1.4106301e-18
               5.9909425                   1.4106301e-18
               5.9920759                   1.4106301e-18
               5.9932089                   1.4106301e-18
               5.9943419                   1.4106301e-18
               5.9954753                   1.4106301e-18
               5.9966083                   1.4106301e-18
               5.9977417                   1.4106301e-18
               5.9988747                   1.4106301e-18

