        Time / ns                o1,1/real
----------------------------------------------------------------------
                       0                               0
             0.001133146                   4.3782891e-22
             0.002266292                   5.0562792e-21
             0.003399438                   1.6307877e-20
             0.004532584                   3.0633901e-20
            0.0056657298                    4.057359e-20
             0.006798876                   4.0293855e-20
            0.0079320222                   2.9221118e-20
             0.009065168                   1.1501995e-20
             0.010198314                  -6.1496726e-21
              0.01133146                  -1.6897348e-20
             0.012464606                  -1.6214146e-20
             0.013597752                   -3.705356e-21
             0.014730898                   1.6200474e-20
             0.015864044                   3.5911558e-20
              0.01699719                   4.8000974e-20
             0.018130336                   4.8242737e-20
             0.019263482                    3.717244e-20
             0.020396627                   1.9581976e-20
             0.021529773                   2.6511135e-21
             0.022662919                  -6.4778913e-21
             0.023796065                   -3.296092e-21
             0.024929212                   1.2225107e-20
             0.026062358                   3.5317303e-20
             0.027195504                   5.8016167e-20
              0.02832865                   7.2257626e-20
             0.029461795                    7.305601e-20
             0.030594941                   6.0487304e-20
             0.031728089                   3.9716185e-20
             0.032861233                   1.9084039e-20
              0.03399438                   7.0368117e-21
             0.035127524                   8.9568958e-21
             0.036260672                   2.5064489e-20
             0.037393816                   5.0225373e-20
             0.038526963                   7.5793642e-20
             0.039660111                   9.2826047e-20
             0.040793255                   9.5400614e-20
             0.041926403                   8.2788023e-20
             0.043059547                   5.9707667e-20
             0.044192694                   3.4638233e-20
             0.045325838                   1.6795666e-20
             0.046458986                   1.2809574e-20
              0.04759213                    2.431505e-20
             0.048725277                   4.7358811e-20
             0.049858425                   7.3864295e-20
             0.050991569                   9.4608479e-20
             0.052124716                    1.025537e-19
              0.05325786                   9.5330698e-20
             0.054391008                   7.5992844e-20
             0.055524152                   5.1838149e-20
             0.056657299                   3.1782929e-20
             0.057790447                   2.3165116e-20
             0.058923591                   2.9128073e-20
             0.060056739                   4.7566498e-20
             0.061189882                   7.1991177e-20
              0.06232303                   9.3967149e-20
             0.063456178                   1.0616122e-19
             0.064589322                   1.0487891e-19
             0.065722466                   9.1263955e-20
             0.066855617                    7.076492e-20
             0.067988761                   5.1109991e-20
             0.069121905                   3.9522341e-20
             0.070255049                   4.0152025e-20
               0.0713882                   5.2694678e-20
             0.072521344                   7.2639234e-20
             0.073654488                   9.3002702e-20
             0.074787632                   1.0688171e-19
             0.075920783                   1.0985632e-19
             0.077053927                   1.0145561e-19
             0.078187071                   8.5184811e-20
             0.079320222                   6.7139652e-20
             0.080453366                   5.3759544e-20
              0.08158651                   4.9522838e-20
             0.082719654                   5.5440023e-20
             0.083852805                   6.8856143e-20
             0.084985949                   8.4569298e-20
             0.086119093                   9.6829982e-20
             0.087252244                   1.0144328e-19
             0.088385388                   9.7224644e-20
             0.089518532                   8.6321053e-20
             0.090651676                   7.3308811e-20
             0.091784827                   6.3458208e-20
             0.092917971                   6.0816109e-20
             0.094051115                   6.6805123e-20
             0.095184259                   7.9823892e-20
              0.09631741                   9.5921647e-20
             0.097450554                   1.1026981e-19
             0.098583698                   1.1886868e-19
              0.09971685                   1.1986467e-19
              0.10084999                   1.1403425e-19
              0.10198314                   1.0429164e-19
              0.10311628                   9.4467755e-20
              0.10424943                   8.7867125e-20
              0.10538258                   8.6141904e-20
              0.10651572                   8.8878915e-20
              0.10764887                   9.3988533e-20
              0.10878202                   9.8694085e-20
              0.10991516                   1.0071739e-19
               0.1110483                   9.9191034e-20
              0.11218145                   9.4964076e-20
               0.1133146                   9.0205093e-20
              0.11444774                   8.7482098e-20
              0.11558089                   8.8706035e-20
              0.11671404                   9.4346612e-20
              0.11784718                   1.0321211e-19
              0.11898033                   1.1286382e-19
              0.12011348                   1.2049289e-19
              0.12124662                    1.239281e-19
              0.12237976                   1.2239608e-19
              0.12351291                   1.1675445e-19
              0.12464606                   1.0913002e-19
              0.12577921                   1.0212108e-19
              0.12691236                   9.7888043e-20
               0.1280455                   9.7477703e-20
              0.12917864                   1.0060108e-19
              0.13031179                   1.0590122e-19
              0.13144493                   1.1156181e-19
              0.13257807                   1.1600412e-19
              0.13371123                   1.1841035e-19
              0.13484438                   1.1888808e-19
              0.13597752                   1.1824781e-19
              0.13711067                   1.1752025e-19
              0.13824381                   1.1744252e-19
              0.13937695                   1.1814547e-19
               0.1405101                   1.1916474e-19
              0.14164324                   1.1975008e-19
               0.1427764                   1.1931305e-19
              0.14390954                   1.1779593e-19
              0.14504269                   1.1579187e-19
              0.14617583                   1.1435194e-19
              0.14730898                   1.1455361e-19
              0.14844212                   1.1701103e-19
              0.14957526                   1.2153561e-19
              0.15070842                   1.2710695e-19
              0.15184157                   1.3219013e-19
              0.15297471                   1.3529194e-19
              0.15410785                   1.3554815e-19
                0.155241                   1.3311042e-19
              0.15637414                   1.2917604e-19
              0.15750729                   1.2563069e-19
              0.15864044                   1.2441331e-19
              0.15977359                   1.2682568e-19
              0.16090673                   1.3304957e-19
              0.16203988                    1.420759e-19
              0.16317302                   1.5209185e-19
              0.16430616                   1.6118077e-19
              0.16543931                   1.6807421e-19
              0.16657247                   1.7268427e-19
              0.16770561                   1.7623308e-19
              0.16883875                   1.8094838e-19
               0.1699719                   1.8943467e-19
              0.17110504                   2.0393895e-19
              0.17223819                   2.2579071e-19
              0.17337133                   2.5523164e-19
              0.17450449                    2.917071e-19
              0.17563763                   3.3454066e-19
              0.17677078                   3.8375349e-19
              0.17790392                   4.4073264e-19
              0.17903706                   5.0856879e-19
              0.18017021                   5.9198494e-19
              0.18130335                   6.9690515e-19
              0.18243651                   8.2992882e-19
              0.18356965                   9.9795898e-19
               0.1847028                   1.2081344e-18
              0.18583594                   1.4682869e-18
              0.18696909                   1.7878353e-18
              0.18810223                   2.1788076e-18
              0.18923537                   2.6569819e-18
              0.19036852                   3.2429099e-18
              0.19150168                   3.9625335e-18
              0.19263482                   4.8478719e-18
              0.19376796                   5.9378312e-18
              0.19490111                    7.278952e-18
              0.19603425                   8.9270829e-18
               0.1971674                   1.0949869e-17
              0.19830054                   1.3429294e-17
               0.1994337                   1.6465607e-17
              0.20056684                   2.0182044e-17
              0.20169999                   2.4728862e-17
              0.20283313                   3.0289425e-17
              0.20396627                   3.7087536e-17
              0.20509942                   4.5393796e-17
              0.20623256                   5.5536198e-17
              0.20736572                   6.7913434e-17
              0.20849887                   8.3006899e-17
              0.20963201                   1.0140021e-16
              0.21076515                   1.2380305e-16
               0.2118983                   1.5107199e-16
              0.21303144                   1.8424408e-16
              0.21416458                   2.2457755e-16
              0.21529774                   2.7358688e-16
              0.21643089                   3.3310058e-16
              0.21756403                   4.0533166e-16
              0.21869718                   4.9293882e-16
              0.21983032                   5.9912721e-16
              0.22096346                   7.2777039e-16
              0.22209661                   8.8351439e-16
              0.22322977                   1.0719509e-15
              0.22436291                   1.2998251e-15
              0.22549605                   1.5752122e-15
               0.2266292                   1.9078125e-15
              0.22776234                   2.3093023e-15
              0.22889549                   2.7936318e-15
              0.23002863                    3.377525e-15
              0.23116179                   4.0810759e-15
              0.23229493                   4.9282507e-15
              0.23342808                   5.9477307e-15
              0.23456122                   7.1739134e-15
              0.23569436                   8.6477473e-15
              0.23682751                   1.0418152e-14
              0.23796065                   1.2543675e-14
              0.23909381                   1.5093876e-14
              0.24022695                   1.8151706e-14
               0.2413601                   2.1816265e-14
              0.24249324                    2.620506e-14
              0.24362639                    3.145796e-14
              0.24475953                   3.7741728e-14
              0.24589267                   4.5253752e-14
              0.24702582                   5.4228564e-14
              0.24815898                   6.4945275e-14
              0.24929212                   7.7733596e-14
              0.25042525                   9.2984553e-14
              0.25155842                   1.1116263e-13
              0.25269157                   1.3281542e-13
              0.25382471                    1.585912e-13
              0.25495785                   1.8925856e-13
                0.256091                   2.2572192e-13
              0.25722414                   2.6905005e-13
              0.25835729                   3.2050735e-13
              0.25949043                    3.815788e-13
              0.26062357                   4.5401603e-13
              0.26175672                   5.3988801e-13
              0.26288986                   6.4161979e-13
              0.26402301                   7.6206673e-13
              0.26515615                   9.0459449e-13
              0.26628929                   1.0731409e-12
              0.26742247                   1.2723334e-12
              0.26855561                   1.5076153e-12
              0.26968876                   1.7853432e-12
               0.2708219                   2.1129734e-12
              0.27195504                   2.4992614e-12
              0.27308819                   2.9544106e-12
              0.27422133                   3.4903699e-12
              0.27535447                   4.1211418e-12
              0.27648762                   4.8630141e-12
              0.27762076                   5.7350218e-12
              0.27875391                   6.7594298e-12
              0.27988705                    7.962085e-12
              0.28102019                   9.3731429e-12
              0.28215334                   1.1027799e-11
              0.28328648                   1.2966841e-11
              0.28441966                   1.5237766e-11
               0.2855528                   1.7895904e-11
              0.28668594                   2.1005243e-11
              0.28781909                   2.4640168e-11
              0.28895223                   2.8887172e-11
              0.29008538                   3.3846061e-11
              0.29121852                   3.9632644e-11
              0.29235166                   4.6381319e-11
              0.29348481                   5.4246913e-11
              0.29461795                   6.3408723e-11
              0.29575109                   7.4074441e-11
              0.29688424                   8.6482793e-11
              0.29801738                    1.009097e-10
              0.29915053                   1.1767413e-10
               0.3002837                   1.3714201e-10
              0.30141684                   1.5973561e-10
              0.30254999                   1.8594215e-10
              0.30368313                    2.163196e-10
              0.30481628                    2.515107e-10
              0.30594942                   2.9225533e-10
              0.30708256                   3.3939904e-10
              0.30821571                   3.9391379e-10
              0.30934885                   4.5691639e-10
                0.310482                   5.2968052e-10
              0.31161514                   6.1366806e-10
              0.31274828                   7.1055584e-10
              0.31388143                   8.2225182e-10
              0.31501457                   9.5094166e-10
              0.31614774                   1.0991277e-09
              0.31728089                   1.2696522e-09
              0.31841403                   1.4657641e-09
              0.31954718                   1.6911743e-09
              0.32068032                   1.9500903e-09
              0.32181346                   2.2473128e-09
              0.32294661                   2.5883156e-09
              0.32407975                   2.9792904e-09
               0.3252129                   3.4272916e-09
              0.32634604                    3.940348e-09
              0.32747918                   4.5275224e-09
              0.32861233                   5.1991189e-09
              0.32974547                    5.966835e-09
              0.33087862                   6.8438544e-09
              0.33201176                   7.8451343e-09
              0.33314493                   8.9876186e-09
              0.33427808                   1.0290365e-08
              0.33541122                   1.1774961e-08
              0.33654436                   1.3465838e-08
              0.33767751                   1.5390405e-08
              0.33881065                   1.7579643e-08
               0.3399438                   2.0068505e-08
              0.34107694                   2.2896165e-08
              0.34221008                   2.6106807e-08
              0.34334323                   2.9750199e-08
              0.34447637                   3.3881953e-08
              0.34560952                   3.8564711e-08
              0.34674266                   4.3868887e-08
               0.3478758                   4.9873016e-08
              0.34900898                   5.6665399e-08
              0.35014212                   6.4345073e-08
              0.35127527                   7.3022292e-08
              0.35240841                   8.2820762e-08
              0.35354155                   9.3878967e-08
               0.3546747                   1.0635073e-07
              0.35580784                    1.204082e-07
              0.35694098                   1.3624371e-07
              0.35807413                   1.5407046e-07
              0.35920727                    1.741267e-07
              0.36034042                   1.9667814e-07
              0.36147356                    2.220189e-07
               0.3626067                   2.5047706e-07
              0.36373985                    2.824176e-07
              0.36487302                   3.1824322e-07
              0.36600617                   3.5840196e-07
              0.36713931                   4.0339131e-07
              0.36827245                   4.5375913e-07
               0.3694056                   5.1011443e-07
              0.37053874                   5.7313235e-07
              0.37167189                   6.4355493e-07
              0.37280503                   7.2220473e-07
              0.37393817                   8.0999132e-07
              0.37507132                   9.0791212e-07
              0.37620446                   1.0170717e-06
               0.3773376                   1.1386885e-06
              0.37847075                    1.274095e-06
              0.37960389                   1.4247624e-06
              0.38073704                    1.592311e-06
              0.38187021                   1.7785114e-06
              0.38300335                   1.9853153e-06
               0.3841365                   2.2148663e-06
              0.38526964                   2.4695016e-06
              0.38640279                   2.7517917e-06
              0.38753593                   3.0645533e-06
              0.38866907                   3.4108498e-06
              0.38980222                   3.7940454e-06
              0.39093536                   4.2178194e-06
              0.39206851                   4.6861633e-06
              0.39320165                   5.2034529e-06
              0.39433479                   5.7744573e-06
              0.39546794                   6.4043415e-06
              0.39660108                   7.0987544e-06
              0.39773425                    7.863845e-06
               0.3988674                   8.7062635e-06
              0.40000054                   9.6332651e-06
              0.40113369                    1.065273e-05
              0.40226683                   1.1773134e-05
              0.40339997                   1.3003721e-05
              0.40453312                   1.4354512e-05
              0.40566626                   1.5836287e-05
              0.40679941                   1.7460759e-05
              0.40793255                   1.9240606e-05
              0.40906569                   2.1189411e-05
              0.41019884                   2.3321902e-05
              0.41133198                   2.5653968e-05
              0.41246513                   2.8202629e-05
               0.4135983                   3.0986292e-05
              0.41473144                   3.4024764e-05
              0.41586459                   3.7339185e-05
              0.41699773                   4.0952382e-05
              0.41813087                   4.4888893e-05
              0.41926402                   4.9174858e-05
              0.42039716                   5.3838448e-05
              0.42153031                   5.8909834e-05
              0.42266345                   6.4421052e-05
              0.42379659                   7.0406531e-05
              0.42492974                   7.6903059e-05
              0.42606288                   8.3949679e-05
              0.42719603                   9.1588219e-05
              0.42832917                   9.9863209e-05
              0.42946234                    0.0001088218
              0.43059549                   0.00011851442
              0.43172863                   0.00012899475
              0.43286178                   0.00014031936
              0.43399492                   0.00015254864
              0.43512806                   0.00016574663
              0.43626121                   0.00017998077
              0.43739435                   0.00019532279
              0.43852749                   0.00021184853
              0.43966064                   0.00022963753
              0.44079378                   0.00024877425
              0.44192693                   0.00026934774
              0.44306007                   0.00029145129
              0.44419321                   0.00031518342
              0.44532636                   0.00034064794
              0.44645953                   0.00036795356
              0.44759268                   0.00039721499
              0.44872582                   0.00042855265
              0.44985896                   0.00046209185
              0.45099211                   0.00049796404
              0.45212525                   0.00053630653
               0.4532584                   0.00057726161
              0.45439154                   0.00062097865
              0.45552468                   0.00066761341
              0.45665783                   0.00071732776
              0.45779097                   0.00077029108
              0.45892411                   0.00082667964
              0.46005726                   0.00088667561
               0.4611904                   0.00095046905
              0.46232358                    0.0010182563
              0.46345672                    0.0010902378
              0.46458986                    0.0011666217
              0.46572301                    0.0012476229
              0.46685615                    0.0013334613
               0.4679893                    0.0014243654
              0.46912244                    0.0015205713
              0.47025558                    0.0016223207
              0.47138873                    0.0017298623
              0.47252187                    0.0018434499
              0.47365502                    0.0019633397
              0.47478816                    0.0020897957
               0.4759213                    0.0022230861
              0.47705445                    0.0023634813
              0.47818762                    0.0025112587
              0.47932076                    0.0026666999
              0.48045391                    0.0028300905
              0.48158705                    0.0030017206
               0.4827202                    0.0031818831
              0.48385334                    0.0033708708
              0.48498648                     0.003568978
              0.48611963                    0.0037765009
              0.48725277                    0.0039937301
              0.48838592                    0.0042209518
              0.48951906                    0.0044584544
               0.4906522                    0.0047065252
              0.49178535                    0.0049654501
              0.49291849                    0.0052355118
              0.49405164                    0.0055169878
              0.49518481                    0.0058101504
              0.49631795                    0.0061152615
               0.4974511                    0.0064325719
              0.49858424                    0.0067623211
              0.49971738                    0.0071047358
               0.5008505                    0.0074600321
              0.50198364                     0.007828421
              0.50311685                    0.0082101021
              0.50424999                    0.0086052585
              0.50538313                    0.0090140607
              0.50651628                    0.0094366502
              0.50764942                    0.0098731434
              0.50878257                     0.010323631
              0.50991571                     0.010788179
              0.51104885                     0.011266836
                0.512182                     0.011759631
              0.51331514                     0.012266583
              0.51444829                     0.012787681
              0.51558143                       0.0133229
              0.51671457                     0.013872169
              0.51784772                     0.014435375
              0.51898086                     0.015012363
                0.520114                     0.015602939
              0.52124715                     0.016206875
              0.52238029                     0.016823914
              0.52351344                     0.017453775
              0.52464658                     0.018096142
              0.52577972                     0.018750669
              0.52691287                     0.019416977
              0.52804601                      0.02009465
              0.52917916                     0.020783225
               0.5303123                     0.021482194
              0.53144544                     0.022191003
              0.53257859                     0.022909043
              0.53371173                      0.02363568
              0.53484493                     0.024370227
              0.53597808                     0.025111973
              0.53711122                     0.025860157
              0.53824437                     0.026613995
              0.53937751                     0.027372671
              0.54051065                     0.028135322
               0.5416438                     0.028901041
              0.54277694                     0.029668881
              0.54391009                     0.030437861
              0.54504323                     0.031206956
              0.54617637                     0.031975113
              0.54730952                     0.032741252
              0.54844266                     0.033504277
              0.54957581                     0.034263059
              0.55070895                     0.035016447
              0.55184209                     0.035763279
              0.55297524                     0.036502369
              0.55410838                     0.037232526
              0.55524153                     0.037952527
              0.55637467                     0.038661122
              0.55750781                     0.039357059
              0.55864096                     0.040039066
               0.5597741                     0.040705852
              0.56090724                     0.041356131
              0.56204039                     0.041988626
              0.56317353                     0.042602077
              0.56430668                     0.043195233
              0.56543982                     0.043766901
              0.56657296                     0.044315889
              0.56770617                     0.044841021
              0.56883931                     0.045341119
              0.56997246                     0.045815021
               0.5711056                     0.046261575
              0.57223874                     0.046679653
              0.57337189                      0.04706816
              0.57450503                     0.047426045
              0.57563818                     0.047752328
              0.57677132                     0.048046067
              0.57790446                     0.048306406
              0.57903761                     0.048532553
              0.58017075                     0.048723787
              0.58130389                     0.048879419
              0.58243704                     0.048998803
              0.58357018                     0.049081322
              0.58470333                      0.04912642
              0.58583647                     0.049133614
              0.58696961                     0.049102493
              0.58810276                     0.049032733
               0.5892359                       0.0489241
              0.59036905                      0.04877644
              0.59150219                     0.048589669
              0.59263533                      0.04836376
              0.59376848                     0.048098758
              0.59490162                      0.04779477
              0.59603477                     0.047451973
              0.59716791                     0.047070626
              0.59830105                     0.046651088
               0.5994342                     0.046193819
               0.6005674                     0.045699365
              0.60170054                     0.045168333
              0.60283369                     0.044601399
              0.60396683                     0.043999299
              0.60509998                     0.043362807
              0.60623312                     0.042692773
              0.60736626                     0.041990109
              0.60849941                     0.041255809
              0.60963255                     0.040490955
               0.6107657                     0.039696708
              0.61189884                     0.038874306
              0.61303198                     0.038025014
              0.61416513                     0.037150163
              0.61529827                     0.036251083
              0.61643142                     0.035329126
              0.61756456                     0.034385659
               0.6186977                      0.03342209
              0.61983085                     0.032439869
              0.62096399                     0.031440496
              0.62209713                     0.030425526
              0.62323028                     0.029396554
              0.62436342                     0.028355218
              0.62549657                     0.027303144
              0.62662971                     0.026241936
              0.62776285                     0.025173167
                0.628896                     0.024098374
              0.63002914                     0.023019068
              0.63116229                     0.021936769
              0.63229549                     0.020853002
              0.63342863                       0.0197693
              0.63456178                     0.018687224
              0.63569492                      0.01760832
              0.63682806                     0.016534101
              0.63796121                     0.015466043
              0.63909435                      0.01440557
               0.6402275                     0.013354029
              0.64136064                     0.012312706
              0.64249378                     0.011282829
              0.64362693                     0.010265586
              0.64476007                    0.0092621464
              0.64589322                    0.0082736425
              0.64702636                    0.0073011802
               0.6481595                    0.0063458197
              0.64929265                    0.0054085441
              0.65042579                    0.0044902512
              0.65155894                    0.0035917561
              0.65269208                    0.0027137946
              0.65382522                    0.0018570439
              0.65495837                    0.0010221355
              0.65609151                   0.00020965887
              0.65722466                  -0.00057984015
               0.6583578                   -0.0013458467
              0.65949094                   -0.0020879018
              0.66062409                   -0.0028056172
              0.66175723                   -0.0034986814
              0.66289037                   -0.0041668881
              0.66402352                   -0.0048101144
              0.66515672                   -0.0054283086
              0.66628987                    -0.006021454
              0.66742301                   -0.0065895692
              0.66855615                   -0.0071326806
               0.6696893                   -0.0076508299
              0.67082244                   -0.0081441011
              0.67195559                   -0.0086126244
              0.67308873                   -0.0090566054
              0.67422187                   -0.0094763292
              0.67535502                   -0.0098721553
              0.67648816                    -0.010244509
               0.6776213                     -0.01059384
              0.67875445                    -0.010920607
              0.67988759                     -0.01122525
              0.68102074                    -0.011508195
              0.68215388                    -0.011769856
              0.68328702                    -0.012010672
              0.68442017                    -0.012231129
              0.68555331                    -0.012431767
              0.68668646                    -0.012613188
               0.6878196                    -0.012776052
              0.68895274                    -0.012921048
              0.69008589                    -0.013048844
              0.69121903                    -0.013160069
              0.69235218                    -0.013255306
              0.69348532                    -0.013335085
              0.69461846                    -0.013399919
              0.69575161                    -0.013450315
              0.69688481                    -0.013486804
              0.69801795                    -0.013509952
               0.6991511                    -0.013520367
              0.70028424                    -0.013518675
              0.70141739                    -0.013505509
              0.70255053                    -0.013481474
              0.70368367                     -0.01344713
              0.70481682                    -0.013402972
              0.70594996                    -0.013349448
              0.70708311                    -0.013286963
              0.70821625                    -0.013215909
              0.70934939                    -0.013136681
              0.71048254                    -0.013049681
              0.71161568                    -0.012955317
              0.71274883                    -0.012854001
              0.71388197                    -0.012746122
              0.71501511                    -0.012632031
              0.71614826                    -0.012512032
               0.7172814                    -0.012386377
              0.71841455                    -0.012255275
              0.71954769                    -0.012118908
              0.72068083                    -0.011977443
              0.72181398                    -0.011831042
              0.72294712                    -0.011679877
              0.72408026                    -0.011524105
              0.72521341                    -0.011363871
              0.72634655                    -0.011199291
               0.7274797                     -0.01103044
              0.72861284                    -0.010857357
              0.72974604                    -0.010680048
              0.73087919                      -0.0104985
              0.73201233                    -0.010312695
              0.73314548                    -0.010122613
              0.73427862                   -0.0099282404
              0.73541176                   -0.0097295577
              0.73654491                   -0.0095265377
              0.73767805                   -0.0093191266
              0.73881119                   -0.0091072312
              0.73994434                   -0.0088907247
              0.74107748                   -0.0086694444
              0.74221063                   -0.0084432028
              0.74334377                   -0.0082118064
              0.74447691                   -0.0079750717
              0.74561006                   -0.0077328361
               0.7467432                   -0.0074849548
              0.74787635                   -0.0072312923
              0.74900949                   -0.0069717108
              0.75014263                   -0.0067060576
              0.75127578                   -0.0064341542
              0.75240892                   -0.0061557987
              0.75354207                   -0.0058707669
              0.75467521                    -0.005578822
              0.75580835                   -0.0052797282
               0.7569415                   -0.0049732579
              0.75807464                   -0.0046591926
              0.75920779                   -0.0043373257
              0.76034093                   -0.0040074596
              0.76147407                   -0.0036694016
              0.76260728                   -0.0033229634
              0.76374042                   -0.0029679649
              0.76487356                    -0.002604234
              0.76600671                   -0.0022316112
              0.76713985                   -0.0018499473
                0.768273                    -0.001459102
              0.76940614                   -0.0010589389
              0.77053928                  -0.00064931723
              0.77167243                  -0.00023008807
              0.77280557                   0.00019890646
              0.77393872                   0.00063782639
              0.77507186                    0.0010868231
                0.776205                    0.0015460253
              0.77733815                    0.0020155278
              0.77847129                    0.0024953852
              0.77960443                    0.0029856176
              0.78073758                    0.0034862203
              0.78187072                     0.003997182
              0.78300387                    0.0045185033
              0.78413701                    0.0050502047
              0.78527015                    0.0055923257
               0.7864033                    0.0061449176
              0.78753644                    0.0067080203
              0.78866959                    0.0072816466
              0.78980273                    0.0078657689
              0.79093587                    0.0084603131
              0.79206902                     0.009065167
              0.79320216                    0.0096801994
              0.79433537                     0.010305273
              0.79546851                     0.010940266
              0.79660165                     0.011585074
               0.7977348                     0.012239607
              0.79886794                     0.012903777
              0.80000108                      0.01357748
              0.80113423                     0.014260578
              0.80226737                     0.014952892
              0.80340052                     0.015654208
              0.80453366                     0.016364289
               0.8056668                     0.017082902
              0.80679995                     0.017809814
              0.80793309                     0.018544823
              0.80906624                     0.019287731
              0.81019938                     0.020038355
              0.81133252                     0.020796491
              0.81246567                     0.021561917
              0.81359881                     0.022334373
              0.81473196                      0.02311358
               0.8158651                     0.023899248
              0.81699824                      0.02469109
              0.81813139                     0.025488842
              0.81926453                     0.026292264
              0.82039768                     0.027101131
              0.82153082                     0.027915215
              0.82266396                     0.028734276
              0.82379711                     0.029558033
              0.82493025                     0.030386157
              0.82606339                     0.031218298
               0.8271966                     0.032054089
              0.82832974                     0.032893185
              0.82946289                      0.03373529
              0.83059603                     0.034580149
              0.83172917                     0.035427552
              0.83286232                     0.036277294
              0.83399546                      0.03712916
              0.83512861                     0.037982877
              0.83626175                     0.038838115
              0.83739489                     0.039694488
              0.83852804                     0.040551562
              0.83966118                     0.041408911
              0.84079432                     0.042266149
              0.84192747                     0.043122943
              0.84306061                     0.043979026
              0.84419376                     0.044834167
               0.8453269                     0.045688141
              0.84646004                     0.046540689
              0.84759319                     0.047391474
              0.84872633                     0.048240088
              0.84985948                     0.049086045
              0.85099262                     0.049928825
              0.85212576                     0.050767917
              0.85325891                      0.05160284
              0.85439205                     0.052433178
               0.8555252                     0.053258572
              0.85665834                     0.054078691
              0.85779148                      0.05489317
              0.85892469                     0.055701595
              0.86005783                     0.056503471
              0.86119097                     0.057298198
              0.86232412                     0.058085103
              0.86345726                     0.058863502
              0.86459041                     0.059632711
              0.86572355                     0.060392074
              0.86685669                     0.061140988
              0.86798984                     0.061878908
              0.86912298                     0.062605269
              0.87025613                     0.063319497
              0.87138927                     0.064020947
              0.87252241                     0.064708851
              0.87365556                     0.065382376
               0.8747887                     0.066040643
              0.87592185                     0.066682734
              0.87705499                     0.067307748
              0.87818813                     0.067914806
              0.87932128                     0.068503074
              0.88045442                      0.06907174
              0.88158756                     0.069619939
              0.88272071                     0.070146784
              0.88385385                     0.070651308
                0.884987                     0.071132459
              0.88612014                     0.071589112
              0.88725328                     0.072020113
              0.88838643                     0.072424315
              0.88951957                     0.072800554
              0.89065272                     0.073147722
              0.89178592                     0.073464751
              0.89291906                     0.073750556
              0.89405221                     0.074004039
              0.89518535                     0.074224055
               0.8963185                     0.074409395
              0.89745164                     0.074558794
              0.89858478                     0.074670933
              0.89971793                     0.074744493
              0.90085107                     0.074778154
              0.90198421                     0.074770659
              0.90311736                      0.07472077
               0.9042505                     0.074627295
              0.90538365                     0.074489072
              0.90651679                     0.074304923
              0.90764993                     0.074073635
              0.90878308                     0.073793963
              0.90991622                     0.073464625
              0.91104937                     0.073084339
              0.91218251                     0.072651818
              0.91331565                     0.072165824
               0.9144488                     0.071625173
              0.91558194                     0.071028762
              0.91671509                     0.070375547
              0.91784823                     0.069664545
              0.91898137                     0.068894789
              0.92011452                      0.06806536
              0.92124766                     0.067175321
              0.92238081                      0.06622377
              0.92351395                     0.065209813
              0.92464715                     0.064132608
               0.9257803                     0.062991366
              0.92691344                     0.061785385
              0.92804658                     0.060514044
              0.92917973                     0.059176814
              0.93031287                      0.05777327
              0.93144602                     0.056303069
              0.93257916                     0.054765936
               0.9337123                     0.053161688
              0.93484545                     0.051490191
              0.93597859                     0.049751416
              0.93711174                     0.047945403
              0.93824488                     0.046072304
              0.93937802                     0.044132385
              0.94051117                     0.042126037
              0.94164431                     0.040053781
              0.94277745                     0.037916254
               0.9439106                     0.035714209
              0.94504374                     0.033448521
              0.94617689                     0.031120166
              0.94731003                     0.028730221
              0.94844317                     0.026279889
              0.94957632                     0.023770504
              0.95070946                     0.021203535
              0.95184261                     0.018580617
              0.95297575                     0.015903536
              0.95410889                      0.01317424
              0.95524204                     0.010394809
              0.95637524                    0.0075674527
              0.95750839                    0.0046944958
              0.95864153                    0.0017783719
              0.95977467                   -0.0011783694
              0.96090782                   -0.0041730525
              0.96204096                    -0.007202859
               0.9631741                    -0.010264817
              0.96430725                    -0.013355792
              0.96544039                    -0.016472494
              0.96657354                    -0.019611489
              0.96770668                    -0.022769231
              0.96883982                    -0.025942065
              0.96997297                    -0.029126253
              0.97110611                    -0.032317974
              0.97223926                    -0.035513319
               0.9733724                    -0.038708292
              0.97450554                    -0.041898783
              0.97563869                    -0.045080569
              0.97677183                    -0.048249323
              0.97790498                    -0.051400617
              0.97903812                    -0.054529957
              0.98017126                    -0.057632808
              0.98130441                    -0.060704578
              0.98243755                    -0.063740678
              0.98357069                    -0.066736482
              0.98470384                    -0.069687322
              0.98583698                    -0.072588503
              0.98697013                    -0.075435296
              0.98810327                    -0.078222901
              0.98923647                     -0.08094652
              0.99036962                    -0.083601385
              0.99150276                    -0.086182766
              0.99263591                    -0.088685989
              0.99376905                    -0.091106504
              0.99490219                    -0.093439803
              0.99603534                    -0.095681451
              0.99716848                    -0.097827055
              0.99830163                    -0.099872261
              0.99943477                     -0.10181277
               1.0005679                     -0.10364431
                1.001701                     -0.10536275
               1.0028342                     -0.10696408
               1.0039673                     -0.10844444
               1.0051005                     -0.10980015
               1.0062337                     -0.11102775
               1.0073668                     -0.11212391
                  1.0085                     -0.11308548
               1.0096331                     -0.11390941
               1.0107663                     -0.11459278
               1.0118994                     -0.11513278
               1.0130326                     -0.11552683
               1.0141656                      -0.1157725
               1.0152988                     -0.11586764
               1.0164319                     -0.11581037
               1.0175651                     -0.11559906
               1.0186982                     -0.11523233
               1.0198314                     -0.11470905
               1.0209645                     -0.11402824
               1.0220977                     -0.11318909
               1.0232308                     -0.11219101
                1.024364                     -0.11103363
               1.0254971                     -0.10971676
               1.0266303                     -0.10824056
               1.0277634                     -0.10660547
               1.0288966                     -0.10481225
               1.0300297                     -0.10286199
               1.0311629                     -0.10075603
               1.0322959                    -0.098495953
               1.0334291                    -0.096083507
               1.0345622                    -0.093520664
               1.0356954                    -0.090809599
               1.0368285                    -0.087952711
               1.0379617                     -0.08495269
               1.0390949                    -0.081812561
                1.040228                    -0.078535624
               1.0413612                    -0.075125523
               1.0424943                    -0.071586177
               1.0436275                    -0.067921691
               1.0447606                    -0.064136401
               1.0458938                    -0.060234785
               1.0470269                    -0.056221496
               1.0481601                    -0.052101403
               1.0492932                    -0.047879592
               1.0504264                    -0.043561421
               1.0515594                     -0.03915254
               1.0526927                     -0.03465886
               1.0538257                    -0.030086534
               1.0549589                    -0.025441889
                1.056092                    -0.020731393
               1.0572252                    -0.015961604
               1.0583583                    -0.011139167
               1.0594915                   -0.0062708315
               1.0606246                   -0.0013634807
               1.0617578                    0.0035758268
               1.0628909                    0.0085398369
               1.0640241                     0.013521108
               1.0651572                     0.018512042
               1.0662904                     0.023504939
               1.0674235                     0.028492054
               1.0685567                     0.033465661
               1.0696899                     0.038418069
                1.070823                     0.043341618
               1.0719562                     0.048228666
               1.0730892                     0.053071551
               1.0742224                      0.05786255
               1.0753555                       0.0625939
               1.0764887                     0.067257784
               1.0776218                     0.071846426
                1.078755                     0.076352082
               1.0798881                     0.080767177
               1.0810213                     0.085084267
               1.0821544                     0.089296132
               1.0832876                     0.093395703
               1.0844207                     0.097376093
               1.0855539                      0.10123057
                1.086687                      0.10495251
               1.0878202                      0.10853545
               1.0889533                      0.11197308
               1.0900865                      0.11525932
               1.0912195                       0.1183883
               1.0923527                      0.12135451
               1.0934858                      0.12415273
                1.094619                       0.1267781
               1.0957521                      0.12922603
               1.0968853                       0.1314923
               1.0980184                      0.13357289
               1.0991516                      0.13546415
               1.1002847                      0.13716272
               1.1014179                      0.13866554
               1.1025511                      0.13996996
               1.1036842                      0.14107373
               1.1048174                        0.141975
               1.1059505                      0.14267233
               1.1070837                      0.14316472
               1.1082168                      0.14345159
                 1.10935                      0.14353269
               1.1104831                      0.14340821
               1.1116163                       0.1430787
               1.1127493                       0.1425451
               1.1138825                      0.14180882
               1.1150156                      0.14087167
               1.1161488                      0.13973585
               1.1172819                      0.13840407
               1.1184151                      0.13687935
               1.1195482                      0.13516511
               1.1206814                      0.13326511
               1.1218145                      0.13118346
               1.1229477                      0.12892464
               1.1240808                      0.12649347
                1.125214                      0.12389514
               1.1263471                      0.12113518
               1.1274803                      0.11821947
               1.1286134                      0.11515418
               1.1297466                      0.11194579
               1.1308796                      0.10860106
               1.1320128                       0.1051269
               1.1331459                      0.10153048
               1.1342791                     0.097819142
               1.1354123                     0.094000384
               1.1365454                     0.090081923
               1.1376786                     0.086071625
               1.1388117                     0.081977516
               1.1399449                     0.077807754
                1.141078                     0.073570572
               1.1422112                     0.069274254
               1.1433443                     0.064927079
               1.1444775                     0.060537346
               1.1456106                     0.056113303
               1.1467438                     0.051663171
               1.1478769                     0.047195144
               1.1490101                     0.042717353
               1.1501431                     0.038237873
               1.1512764                     0.033764672
               1.1524094                     0.029305588
               1.1535426                     0.024868289
               1.1546757                     0.020460233
               1.1558089                     0.016088659
                1.156942                     0.011760569
               1.1580752                    0.0074827317
               1.1592083                      0.00326169
               1.1603415                  -0.00089624093
               1.1614746                   -0.0049849832
               1.1626078                   -0.0089987163
               1.1637409                    -0.012931904
               1.1648741                    -0.016779324
               1.1660072                    -0.020536102
               1.1671404                    -0.024197724
               1.1682736                    -0.027760038
               1.1694067                    -0.031219253
               1.1705399                     -0.03457192
               1.1716729                    -0.037814908
               1.1728061                    -0.040945414
               1.1739392                    -0.043960948
               1.1750724                    -0.046859335
               1.1762055                     -0.04963873
               1.1773387                    -0.052297633
               1.1784718                    -0.054834902
                1.179605                    -0.057249732
               1.1807381                     -0.05954165
               1.1818713                    -0.061710525
               1.1830044                    -0.063756518
               1.1841376                    -0.065680079
               1.1852707                     -0.06748192
               1.1864039                    -0.069163024
                1.187537                    -0.070724644
               1.1886702                    -0.072168276
               1.1898032                    -0.073495694
               1.1909364                    -0.074708894
               1.1920695                    -0.075810075
               1.1932027                    -0.076801643
               1.1943358                    -0.077686161
                1.195469                    -0.078466333
               1.1966021                    -0.079144977
               1.1977353                    -0.079725035
               1.1988684                    -0.080209583
               1.2000016                    -0.080601797
               1.2011348                    -0.080904923
               1.2022679                    -0.081122339
               1.2034011                    -0.081257477
               1.2045342                    -0.081313826
               1.2056674                    -0.081294894
               1.2068005                    -0.081204198
               1.2079337                    -0.081045233
               1.2090667                    -0.080821477
                  1.2102                    -0.080536328
                1.211333                    -0.080193162
               1.2124662                    -0.079795279
               1.2135993                    -0.079345927
               1.2147325                     -0.07884831
               1.2158656                    -0.078305535
               1.2169988                    -0.077720664
               1.2181319                    -0.077096663
               1.2192651                    -0.076436393
               1.2203982                    -0.075742617
               1.2215314                    -0.075017951
               1.2226645                    -0.074264906
               1.2237977                    -0.073485859
               1.2249308                    -0.072683044
                1.226064                     -0.07185854
               1.2271971                    -0.071014315
               1.2283303                    -0.070152223
               1.2294633                    -0.069273971
               1.2305965                    -0.068381198
               1.2317297                    -0.067475408
               1.2328628                    -0.066558003
                1.233996                    -0.065630279
               1.2351291                    -0.064693406
               1.2362623                    -0.063748412
               1.2373954                     -0.06279619
               1.2385286                    -0.061837494
               1.2396617                    -0.060872987
               1.2407949                    -0.059903212
                1.241928                    -0.058928635
               1.2430612                    -0.057949662
               1.2441943                    -0.056966636
               1.2453275                    -0.055979863
               1.2464606                    -0.054989602
               1.2475938                    -0.053996027
               1.2487268                    -0.052999265
                 1.24986                    -0.051999364
               1.2509931                    -0.050996289
               1.2521263                    -0.049989954
               1.2532594                    -0.048980251
               1.2543926                    -0.047967054
               1.2555257                    -0.046950251
               1.2566589                    -0.045929737
                1.257792                    -0.044905432
               1.2589252                    -0.043877259
               1.2600583                     -0.04284513
               1.2611915                    -0.041808937
               1.2623246                    -0.040768534
               1.2634578                     -0.03972378
                1.264591                    -0.038674511
               1.2657241                    -0.037620593
               1.2668573                    -0.036561929
               1.2679904                    -0.035498478
               1.2691236                    -0.034430254
               1.2702566                    -0.033357333
               1.2713898                    -0.032279823
               1.2725229                    -0.031197831
               1.2736561                    -0.030111471
               1.2747892                    -0.029020846
               1.2759224                    -0.027926046
               1.2770555                    -0.026827183
               1.2781887                    -0.025724383
               1.2793218                    -0.024617828
                1.280455                    -0.023507753
               1.2815881                    -0.022394449
               1.2827213                    -0.021278244
               1.2838544                    -0.020159492
               1.2849876                    -0.019038551
               1.2861207                    -0.017915765
               1.2872539                    -0.016791463
               1.2883869                    -0.015665967
               1.2895201                    -0.014539605
               1.2906532                    -0.013412725
               1.2917864                    -0.012285702
               1.2929195                    -0.011158939
               1.2940527                    -0.010032862
               1.2951858                   -0.0089078993
                1.296319                   -0.0077844565
               1.2974522                   -0.0066629075
               1.2985853                   -0.0055435849
               1.2997185                   -0.0044267881
               1.3008516                   -0.0033127959
               1.3019848                   -0.0022018878
               1.3031179                   -0.0010943598
               1.3042511                   9.4696879e-06
               1.3053842                    0.0011092656
               1.3065174                    0.0022046948
               1.3076504                    0.0032954481
               1.3087837                    0.0043812632
               1.3099167                    0.0054619354
               1.3110499                     0.006537322
                1.312183                    0.0076073236
               1.3133162                    0.0086718667
               1.3144493                    0.0097308736
               1.3155825                     0.010784252
               1.3167156                     0.011831883
               1.3178488                     0.012873638
               1.3189819                     0.013909393
               1.3201151                     0.014939051
               1.3212482                     0.015962571
               1.3223814                     0.016979966
               1.3235145                      0.01799131
               1.3246477                     0.018996716
               1.3257807                      0.01999631
                1.326914                     0.020990221
                1.328047                     0.021978553
               1.3291802                     0.022961395
               1.3303134                     0.023938818
               1.3314465                     0.024910903
               1.3325797                      0.02587775
               1.3337128                     0.026839487
                1.334846                      0.02779628
               1.3359791                     0.028748319
               1.3371123                      0.02969582
               1.3382454                     0.030638985
               1.3393786                     0.031578016
               1.3405117                     0.032513104
               1.3416449                     0.033444442
                1.342778                     0.034372218
               1.3439112                     0.035296656
               1.3450443                     0.036217995
               1.3461775                     0.037136473
               1.3473105                     0.038052347
               1.3484437                      0.03896587
               1.3495768                     0.039877269
                 1.35071                     0.040786751
               1.3518431                     0.041694518
               1.3529763                     0.042600773
               1.3541094                     0.043505747
               1.3552426                     0.044409703
               1.3563757                     0.045312949
               1.3575089                     0.046215817
                1.358642                     0.047118634
               1.3597752                     0.048021734
               1.3609083                     0.048925385
               1.3620415                     0.049829807
               1.3631747                     0.050735183
               1.3643078                     0.051641677
                1.365441                     0.052549474
                1.366574                     0.053458795
               1.3677073                     0.054369926
               1.3688403                     0.055283204
               1.3699735                     0.056198999
               1.3711066                     0.057117686
               1.3722398                     0.058039594
               1.3733729                     0.058964986
               1.3745061                     0.059894055
               1.3756392                     0.060826924
               1.3767724                       0.0617637
               1.3779055                     0.062704526
               1.3790387                     0.063649572
               1.3801718                     0.064599074
                1.381305                     0.065553308
               1.3824381                     0.066512585
               1.3835713                     0.067477174
               1.3847044                     0.068447307
               1.3858376                     0.069423087
               1.3869706                     0.070404574
               1.3881038                     0.071391746
               1.3892369                     0.072384559
               1.3903701                     0.073382981
               1.3915032                     0.074387029
               1.3926364                     0.075396731
               1.3937696                     0.076412179
               1.3949027                     0.077433437
               1.3960359                     0.078460544
                1.397169                     0.079493463
               1.3983022                     0.080532052
               1.3994353                     0.081576109
               1.4005685                     0.082625359
               1.4017016                     0.083679505
               1.4028348                      0.08473824
               1.4039679                     0.085801259
               1.4051011                     0.086868301
               1.4062341                     0.087939084
               1.4073673                     0.089013308
               1.4085004                     0.090090625
               1.4096336                     0.091170602
               1.4107667                     0.092252761
               1.4118999                     0.093336545
                1.413033                     0.094421372
               1.4141662                     0.095506623
               1.4152993                     0.096591689
               1.4164325                     0.097675949
               1.4175656                     0.098758787
               1.4186988                     0.099839561
               1.4198319                      0.10091756
               1.4209651                      0.10199204
               1.4220982                      0.10306222
               1.4232314                      0.10412726
               1.4243644                      0.10518629
               1.4254977                      0.10623845
               1.4266309                      0.10728288
               1.4277639                      0.10831869
               1.4288971                      0.10934503
               1.4300302                      0.11036102
               1.4311634                      0.11136575
               1.4322965                      0.11235822
               1.4334297                      0.11333745
               1.4345628                       0.1143024
                1.435696                      0.11525202
               1.4368291                      0.11618526
               1.4379623                      0.11710109
               1.4390954                      0.11799848
               1.4402286                      0.11887644
               1.4413617                      0.11973399
               1.4424949                      0.12057012
                1.443628                      0.12138381
               1.4447612                      0.12217401
               1.4458942                      0.12293967
               1.4470274                      0.12367973
               1.4481605                      0.12439314
               1.4492937                      0.12507886
               1.4504268                      0.12573591
                 1.45156                      0.12636328
               1.4526931                      0.12696002
               1.4538263                       0.1275252
               1.4549594                      0.12805779
               1.4560926                      0.12855694
               1.4572257                      0.12902166
               1.4583589                      0.12945105
               1.4594921                       0.1298442
               1.4606252                      0.13020025
               1.4617584                      0.13051836
               1.4628915                      0.13079768
               1.4640247                      0.13103747
               1.4651577                      0.13123697
                1.466291                       0.1313954
                1.467424                      0.13151208
               1.4685572                      0.13158631
               1.4696903                      0.13161746
               1.4708235                      0.13160487
               1.4719566                      0.13154796
               1.4730898                      0.13144618
               1.4742229                      0.13129902
               1.4753561                      0.13110597
               1.4764892                      0.13086665
               1.4776224                      0.13058063
               1.4787555                      0.13024761
               1.4798887                      0.12986732
               1.4810218                      0.12943953
                1.482155                      0.12896405
                1.483288                      0.12844069
               1.4844213                      0.12786934
               1.4855543                      0.12724981
               1.4866875                      0.12658197
               1.4878206                      0.12586573
               1.4889538                      0.12510107
               1.4900869                      0.12428803
               1.4912201                      0.12342677
               1.4923533                      0.12251752
               1.4934864                      0.12156057
               1.4946196                      0.12055624
               1.4957527                      0.11950487
               1.4968859                      0.11840679
                1.498019                      0.11726231
               1.4991522                      0.11607177
               1.5002853                      0.11483555
               1.5014185                      0.11355405
               1.5025516                      0.11222777
               1.5036848                      0.11085728
               1.5048178                       0.1094432
                1.505951                      0.10798623
               1.5070841                      0.10648705
               1.5082173                      0.10494632
               1.5093504                      0.10336468
               1.5104836                      0.10174277
               1.5116167                      0.10008121
               1.5127499                     0.098380618
                1.513883                      0.09664169
               1.5150162                     0.094865166
               1.5161493                     0.093051836
               1.5172825                     0.091202527
               1.5184156                     0.089318059
               1.5195488                     0.087399259
               1.5206819                     0.085446879
               1.5218151                     0.083461627
               1.5229481                     0.081444159
               1.5240813                     0.079395123
               1.5252146                     0.077315174
               1.5263476                     0.075204991
               1.5274808                     0.073065266
               1.5286139                      0.07089673
               1.5297471                     0.068700075
               1.5308802                     0.066475958
               1.5320134                     0.064224973
               1.5331465                     0.061947644
               1.5342797                      0.05964445
               1.5354128                     0.057315845
                1.536546                     0.054962259
               1.5376791                     0.052584134
               1.5388123                     0.050181922
               1.5399454                     0.047756068
               1.5410786                     0.045307018
               1.5422117                     0.042835146
               1.5433449                     0.040340766
               1.5444779                     0.037824135
               1.5456111                     0.035285454
               1.5467442                     0.032724891
               1.5478774                      0.03014263
               1.5490105                     0.027538866
               1.5501437                     0.024913829
               1.5512768                     0.022267768
                 1.55241                     0.019600928
               1.5535431                     0.016913524
               1.5546763                     0.014205726
               1.5558095                     0.011477654
               1.5569426                    0.0087293983
               1.5580758                    0.0059610419
               1.5592089                    0.0031727038
               1.5603421                   0.00036456215
               1.5614752                   -0.0024631317
               1.5626084                   -0.0053100609
               1.5637414                   -0.0081758657
               1.5648746                     -0.01106017
               1.5660077                    -0.013962607
               1.5671409                    -0.016882818
                1.568274                    -0.019820452
               1.5694072                    -0.022775121
               1.5705403                    -0.025746372
               1.5716735                     -0.02873366
               1.5728066                    -0.031736314
               1.5739398                    -0.034753557
               1.5750729                    -0.037784517
               1.5762061                     -0.04082825
               1.5773392                    -0.043883778
               1.5784724                    -0.046950102
               1.5796055                    -0.050026186
               1.5807387                    -0.053110961
               1.5818717                    -0.056203261
                1.583005                    -0.059301831
                1.584138                     -0.06240527
               1.5852712                    -0.065512046
               1.5864043                    -0.068620518
               1.5875375                     -0.07172896
               1.5886707                    -0.074835561
               1.5898038                    -0.077938482
                1.590937                    -0.081035845
               1.5920701                     -0.08412569
               1.5932033                    -0.087205991
               1.5943364                     -0.09027461
               1.5954696                    -0.093329303
               1.5966027                    -0.096367747
               1.5977359                    -0.099387519
                1.598869                     -0.10238618
               1.6000022                     -0.10536121
               1.6011353                     -0.10831013
               1.6022685                     -0.11123046
               1.6034015                     -0.11411966
               1.6045347                     -0.11697518
               1.6056678                     -0.11979441
                1.606801                     -0.12257466
               1.6079341                     -0.12531321
               1.6090673                     -0.12800732
               1.6102004                      -0.1306542
               1.6113336                     -0.13325115
               1.6124667                     -0.13579552
               1.6135999                     -0.13828471
                1.614733                     -0.14071618
               1.6158662                     -0.14308743
               1.6169993                     -0.14539604
               1.6181325                     -0.14763959
               1.6192656                     -0.14981575
               1.6203988                     -0.15192221
                1.621532                     -0.15395671
                1.622665                      -0.1559172
               1.6237983                     -0.15780164
               1.6249313                      -0.1596082
               1.6260645                     -0.16133513
               1.6271976                     -0.16298079
               1.6283308                     -0.16454369
               1.6294639                     -0.16602241
               1.6305971                     -0.16741566
               1.6317302                      -0.1687223
               1.6328634                      -0.1699414
               1.6339965                     -0.17107214
               1.6351297                       -0.172114
               1.6362628                     -0.17306653
                1.637396                     -0.17392953
               1.6385291                     -0.17470293
               1.6396623                     -0.17538677
               1.6407954                     -0.17598122
               1.6419286                     -0.17648657
               1.6430616                     -0.17690334
               1.6441948                     -0.17723221
               1.6453279                     -0.17747411
               1.6464611                     -0.17763016
               1.6475942                      -0.1777017
               1.6487274                     -0.17769028
               1.6498605                     -0.17759761
               1.6509937                     -0.17742544
               1.6521268                     -0.17717567
                 1.65326                      -0.1768503
               1.6543932                     -0.17645141
               1.6555263                     -0.17598128
               1.6566595                      -0.1754424
               1.6577926                     -0.17483735
               1.6589258                     -0.17416899
               1.6600589                     -0.17344032
               1.6611921                     -0.17265439
               1.6623251                     -0.17181435
               1.6634583                     -0.17092335
               1.6645914                     -0.16998465
               1.6657246                     -0.16900147
               1.6668577                     -0.16797717
               1.6679909                     -0.16691513
                1.669124                     -0.16581886
               1.6702572                     -0.16469191
               1.6713903                     -0.16353793
               1.6725235                     -0.16236058
               1.6736566                     -0.16116352
               1.6747898                     -0.15995038
               1.6759229                     -0.15872474
               1.6770561                     -0.15749018
               1.6781892                     -0.15625021
               1.6793224                     -0.15500832
               1.6804554                     -0.15376803
               1.6815886                      -0.1525328
               1.6827217                     -0.15130606
               1.6838549                     -0.15009116
                1.684988                     -0.14889136
               1.6861212                     -0.14770983
               1.6872544                     -0.14654955
               1.6883875                     -0.14541343
               1.6895207                     -0.14430426
               1.6906538                     -0.14322479
                1.691787                     -0.14217764
               1.6929201                     -0.14116541
               1.6940533                     -0.14019056
               1.6951864                     -0.13925542
               1.6963196                      -0.1383622
               1.6974527                     -0.13751289
               1.6985859                     -0.13670936
                1.699719                     -0.13595322
               1.7008522                     -0.13524599
               1.7019852                     -0.13458906
               1.7031184                     -0.13398367
               1.7042515                     -0.13343102
               1.7053847                     -0.13293211
               1.7065178                     -0.13248783
                1.707651                      -0.1320989
               1.7087841                     -0.13176584
               1.7099173                     -0.13148902
               1.7110504                     -0.13126865
               1.7121836                      -0.1311048
               1.7133167                      -0.1309974
               1.7144499                     -0.13094628
                1.715583                     -0.13095111
               1.7167162                     -0.13101149
               1.7178494                     -0.13112684
               1.7189825                     -0.13129647
               1.7201157                     -0.13151948
               1.7212487                     -0.13179488
               1.7223819                     -0.13212158
                1.723515                     -0.13249831
               1.7246482                     -0.13292377
               1.7257813                     -0.13339657
               1.7269145                     -0.13391522
               1.7280476                     -0.13447812
               1.7291808                     -0.13508356
               1.7303139                      -0.1357297
               1.7314471                     -0.13641459
               1.7325802                     -0.13713615
               1.7337134                     -0.13789222
               1.7348465                     -0.13868059
               1.7359797                     -0.13949896
               1.7371128                     -0.14034508
                1.738246                     -0.14121659
                1.739379                     -0.14211115
               1.7405123                     -0.14302635
               1.7416453                     -0.14395972
               1.7427785                     -0.14490859
               1.7439116                     -0.14587027
               1.7450448                     -0.14684193
               1.7461779                     -0.14782071
               1.7473111                      -0.1488037
               1.7484442                     -0.14978804
               1.7495774                     -0.15077086
               1.7507106                     -0.15174924
               1.7518437                     -0.15272033
               1.7529769                     -0.15368119
                 1.75411                     -0.15462881
               1.7552432                     -0.15556018
               1.7563763                     -0.15647218
               1.7575095                     -0.15736166
               1.7586426                     -0.15822548
               1.7597758                      -0.1590604
               1.7609088                     -0.15986329
                1.762042                     -0.16063094
               1.7631751                     -0.16136019
               1.7643083                     -0.16204785
               1.7654414                     -0.16269079
               1.7665746                     -0.16328582
               1.7677077                     -0.16382974
               1.7688409                      -0.1643194
                1.769974                     -0.16475157
               1.7711072                     -0.16512312
               1.7722403                     -0.16543087
               1.7733735                     -0.16567169
               1.7745066                     -0.16584241
               1.7756398                     -0.16593996
               1.7767729                     -0.16596125
               1.7779061                     -0.16590326
               1.7790391                     -0.16576299
               1.7801723                     -0.16553755
               1.7813054                     -0.16522408
               1.7824386                     -0.16481982
               1.7835718                     -0.16432205
               1.7847049                     -0.16372812
               1.7858381                     -0.16303541
               1.7869712                     -0.16224141
               1.7881044                     -0.16134371
               1.7892375                     -0.16033997
               1.7903707                     -0.15922792
               1.7915038                     -0.15800548
                1.792637                     -0.15667072
               1.7937701                      -0.1552218
               1.7949033                     -0.15365703
               1.7960364                     -0.15197492
               1.7971696                     -0.15017404
               1.7983027                     -0.14825313
               1.7994359                     -0.14621112
               1.8005689                     -0.14404711
               1.8017021                     -0.14176038
               1.8028352                     -0.13935043
               1.8039684                     -0.13681696
               1.8051015                     -0.13415989
               1.8062347                     -0.13137932
               1.8073678                     -0.12847559
                1.808501                     -0.12544924
               1.8096341                     -0.12230103
               1.8107673                     -0.11903194
               1.8119004                     -0.11564317
               1.8130336                     -0.11213619
               1.8141667                     -0.10851277
               1.8152999                     -0.10477494
               1.8164331                     -0.10092498
               1.8175662                    -0.096965447
               1.8186994                    -0.092899144
               1.8198324                    -0.088729098
               1.8209656                    -0.084458567
               1.8220987                    -0.080091074
               1.8232319                    -0.075630367
                1.824365                    -0.071080498
               1.8254982                    -0.066445783
               1.8266313                    -0.061730817
               1.8277645                    -0.056940477
               1.8288976                    -0.052079864
               1.8300308                    -0.047154296
               1.8311639                    -0.042169295
               1.8322971                    -0.037130572
               1.8334302                    -0.032044031
               1.8345634                    -0.026915774
               1.8356965                     -0.02175211
               1.8368297                    -0.016559564
               1.8379627                    -0.011344869
                1.839096                   -0.0061149523
                1.840229                  -0.00087689341
               1.8413622                    0.0043620998
               1.8424953                    0.0095947301
               1.8436285                     0.014813629
               1.8447616                     0.020011373
               1.8458948                     0.025180485
               1.8470279                     0.030313427
               1.8481611                     0.035402596
               1.8492943                     0.040440336
               1.8504274                     0.045418955
               1.8515606                     0.050330751
               1.8526937                     0.055168036
               1.8538269                     0.059923179
                 1.85496                     0.064588644
               1.8560932                     0.069157012
               1.8572263                     0.073620953
               1.8583595                     0.077973284
               1.8594925                      0.08220695
               1.8606257                     0.086315036
               1.8617588                     0.090290815
                1.862892                     0.094127722
               1.8640251                     0.097819433
               1.8651583                       0.1013598
               1.8662914                      0.10474299
               1.8674246                      0.10796337
               1.8685577                      0.11101562
               1.8696909                      0.11389469
                1.870824                       0.1165958
               1.8719572                       0.1191145
               1.8730903                      0.12144664
               1.8742235                      0.12358843
               1.8753566                      0.12553646
               1.8764898                      0.12728772
               1.8776228                      0.12883954
                1.878756                      0.13018964
               1.8798892                      0.13133617
               1.8810223                      0.13227755
               1.8821555                      0.13301261
               1.8832886                      0.13354053
               1.8844218                      0.13386087
               1.8855549                       0.1339736
               1.8866881                       0.1338791
               1.8878212                      0.13357824
               1.8889544                      0.13307226
               1.8900875                      0.13236287
               1.8912207                      0.13145216
               1.8923538                      0.13034254
                1.893487                      0.12903678
               1.8946201                      0.12753794
               1.8957533                      0.12584941
               1.8968863                      0.12397492
               1.8980196                      0.12191853
               1.8991526                      0.11968467
               1.9002858                      0.11727812
               1.9014189                      0.11470405
               1.9025521                      0.11196785
               1.9036852                      0.10907527
               1.9048184                       0.1060322
               1.9059515                      0.10284477
               1.9070847                      0.09951926
               1.9082178                     0.096062139
                1.909351                     0.092480034
               1.9104841                     0.088779762
               1.9116173                     0.084968343
               1.9127505                     0.081052959
               1.9138836                     0.077040933
               1.9150168                     0.072939686
               1.9161499                       0.0687567
               1.9172831                     0.064499453
               1.9184161                     0.060175397
               1.9195493                     0.055791985
               1.9206824                      0.05135664
               1.9218156                     0.046876784
               1.9229487                     0.042359844
               1.9240819                     0.037813235
                1.925215                     0.033244338
               1.9263482                      0.02866048
               1.9274813                     0.024068883
               1.9286145                     0.019476615
               1.9297476                      0.01489059
               1.9308808                      0.01031753
               1.9320139                    0.0057639834
               1.9331471                    0.0012363199
               1.9342802                     -0.00325925
               1.9354134                   -0.0077166758
               1.9365464                    -0.012130075
               1.9376796                    -0.016493743
               1.9388127                    -0.020802191
               1.9399459                    -0.025050145
                1.941079                     -0.02923258
               1.9422122                    -0.033344727
               1.9433453                    -0.037382059
               1.9444785                    -0.041340292
               1.9456117                    -0.045215368
               1.9467448                    -0.049003463
                1.947878                    -0.052700952
               1.9490111                    -0.056304451
               1.9501443                     -0.05981081
               1.9512774                    -0.063217111
               1.9524106                    -0.066520691
               1.9535437                    -0.069719143
               1.9546769                    -0.072810277
                 1.95581                    -0.075792141
               1.9569432                    -0.078663014
               1.9580762                    -0.081421338
               1.9592094                     -0.08406578
               1.9603425                      -0.0865952
               1.9614757                    -0.089008637
               1.9626088                    -0.091305338
                1.963742                    -0.093484737
               1.9648751                    -0.095546469
               1.9660083                    -0.097490326
               1.9671414                    -0.099316269
               1.9682746                      -0.1010244
               1.9694077                     -0.10261498
               1.9705409                     -0.10408838
                1.971674                     -0.10544509
               1.9728072                     -0.10668574
               1.9739403                     -0.10781107
               1.9750735                     -0.10882196
               1.9762065                     -0.10971938
               1.9773397                     -0.11050445
               1.9784729                     -0.11117835
                1.979606                     -0.11174238
               1.9807392                     -0.11219788
               1.9818723                     -0.11254634
               1.9830055                     -0.11278923
               1.9841386                     -0.11292814
               1.9852718                     -0.11296469
               1.9864049                     -0.11290056
               1.9875381                     -0.11273743
               1.9886712                     -0.11247711
               1.9898044                      -0.1121214
               1.9909375                     -0.11167219
               1.9920707                     -0.11113137
               1.9932038                     -0.11050095
                1.994337                     -0.10978291
                 1.99547                     -0.10897934
               1.9966033                     -0.10809229
               1.9977363                     -0.10712388
               1.9988695                     -0.10607624
               2.0000026                     -0.10495146
               2.0011358                     -0.10375167
                2.002269                     -0.10247903
                2.003402                     -0.10113573
               2.0045352                    -0.099723995
               2.0056684                    -0.098246098
               2.0068016                    -0.096704349
               2.0079346                    -0.095101058
               2.0090678                    -0.093438581
                2.010201                     -0.09171927
               2.0113342                    -0.089945458
               2.0124674                    -0.088119514
               2.0136003                    -0.086243756
               2.0147336                    -0.084320545
               2.0158668                    -0.082352258
                   2.017                    -0.080341294
               2.0181329                    -0.078290097
               2.0192661                    -0.076201119
               2.0203993                    -0.074076831
               2.0215325                    -0.071919702
               2.0226655                    -0.069732204
               2.0237987                    -0.067516752
               2.0249319                    -0.065275781
               2.0260651                    -0.063011669
               2.0271981                    -0.060726799
               2.0283313                    -0.058423564
               2.0294645                    -0.056104369
               2.0305977                    -0.053771637
               2.0317307                    -0.051427785
               2.0328639                    -0.049075231
               2.0339971                    -0.046716381
               2.0351303                    -0.044353571
               2.0362632                    -0.041989107
               2.0373964                    -0.039625224
               2.0385296                     -0.03726412
               2.0396628                    -0.034907941
               2.0407958                    -0.032558814
                2.041929                    -0.030218838
               2.0430622                    -0.027890088
               2.0441954                    -0.025574625
               2.0453286                    -0.023274461
               2.0464616                    -0.020991568
               2.0475948                    -0.018727856
                2.048728                    -0.016485179
               2.0498612                    -0.014265315
               2.0509942                    -0.012069978
               2.0521274                   -0.0099008176
               2.0532606                   -0.0077594221
               2.0543938                   -0.0056473203
               2.0555267                   -0.0035659783
               2.0566599                   -0.0015167936
               2.0577931                   0.00049890485
               2.0589263                    0.0024798617
               2.0600593                    0.0044248942
               2.0611925                    0.0063328892
               2.0623257                    0.0082027996
               2.0634589                     0.010033642
               2.0645919                     0.011824493
               2.0657251                     0.013574492
               2.0668583                     0.015282842
               2.0679915                     0.016948825
               2.0691245                     0.018571796
               2.0702577                     0.020151196
               2.0713909                     0.021686547
               2.0725241                     0.023177447
                2.073657                     0.024623558
               2.0747902                     0.026024599
               2.0759234                      0.02738034
               2.0770566                     0.028690595
               2.0781898                     0.029955219
               2.0793228                     0.031174131
                2.080456                     0.032347299
               2.0815892                     0.033474766
               2.0827224                     0.034556642
               2.0838554                     0.035593115
               2.0849886                     0.036584433
               2.0861218                     0.037530899
                2.087255                     0.038432848
                2.088388                     0.039290637
               2.0895212                     0.040104646
               2.0906544                     0.040875271
               2.0917876                     0.041602932
               2.0929205                     0.042288087
               2.0940537                     0.042931225
               2.0951869                     0.043532901
               2.0963202                     0.044093713
               2.0974531                     0.044614319
               2.0985863                     0.045095406
               2.0997195                     0.045537706
               2.1008527                     0.045941938
               2.1019857                     0.046308842
               2.1031189                     0.046639144
               2.1042521                     0.046933584
               2.1053853                      0.04719289
               2.1065183                     0.047417827
               2.1076515                     0.047609176
               2.1087847                     0.047767751
               2.1099179                       0.0478944
               2.1110511                     0.047989979
                2.112184                     0.048055366
               2.1133173                     0.048091434
               2.1144505                     0.048099048
               2.1155837                     0.048079077
               2.1167166                     0.048032369
               2.1178498                     0.047959797
                2.118983                     0.047862224
               2.1201162                     0.047740553
               2.1212492                      0.04759568
               2.1223824                     0.047428515
               2.1235156                      0.04723997
               2.1246488                     0.047030941
               2.1257818                     0.046802312
                2.126915                      0.04655496
               2.1280482                     0.046289742
               2.1291814                     0.046007525
               2.1303144                     0.045709185
               2.1314476                     0.045395609
               2.1325808                      0.04506769
                2.133714                     0.044726338
               2.1348469                     0.044372451
               2.1359801                     0.044006906
               2.1371133                     0.043630563
               2.1382465                     0.043244246
               2.1393797                     0.042848762
               2.1405127                     0.042444907
               2.1416459                     0.042033471
               2.1427791                     0.041615255
               2.1439123                     0.041191064
               2.1450453                     0.040761713
               2.1461785                     0.040328011
               2.1473117                     0.039890736
               2.1484449                     0.039450653
               2.1495779                     0.039008498
               2.1507111                     0.038564991
               2.1518443                     0.038120817
               2.1529775                     0.037676677
               2.1541104                      0.03723326
               2.1552436                      0.03679125
               2.1563768                     0.036351327
                 2.15751                     0.035914138
                2.158643                     0.035480317
               2.1597762                     0.035050448
               2.1609094                     0.034625091
               2.1620426                     0.034204774
               2.1631756                     0.033790015
               2.1643088                     0.033381328
                2.165442                     0.032979231
               2.1665752                     0.032584231
               2.1677082                     0.032196842
               2.1688414                     0.031817533
               2.1699746                     0.031446736
               2.1711078                     0.031084845
                2.172241                     0.030732192
               2.1733739                      0.03038908
               2.1745071                     0.030055787
               2.1756403                     0.029732596
               2.1767735                     0.029419784
               2.1779065                     0.029117642
               2.1790397                     0.028826458
               2.1801729                     0.028546497
               2.1813061                     0.028277984
               2.1824391                     0.028021092
               2.1835723                     0.027775928
               2.1847055                     0.027542569
               2.1858387                     0.027321059
               2.1869717                     0.027111452
               2.1881049                     0.026913807
               2.1892381                     0.026728213
               2.1903713                     0.026554765
               2.1915042                     0.026393544
               2.1926374                     0.026244599
               2.1937706                     0.026107915
               2.1949039                     0.025983414
               2.1960368                     0.025870964
                 2.19717                     0.025770405
               2.1983032                      0.02568157
               2.1994364                     0.025604311
               2.2005694                     0.025538525
               2.2017026                     0.025484145
               2.2028358                     0.025441127
                2.203969                     0.025409412
               2.2051022                     0.025388904
               2.2062352                     0.025379455
               2.2073684                     0.025380861
               2.2085016                     0.025392879
               2.2096348                     0.025415247
               2.2107677                     0.025447723
               2.2119009                     0.025490092
               2.2130342                     0.025542183
               2.2141674                     0.025603853
               2.2153003                     0.025674969
               2.2164335                     0.025755394
               2.2175667                     0.025844956
               2.2186999                     0.025943449
               2.2198329                     0.026050644
               2.2209661                     0.026166292
               2.2220993                     0.026290162
               2.2232325                     0.026422041
               2.2243655                     0.026561752
               2.2254987                     0.026709139
               2.2266319                     0.026864059
               2.2277651                     0.027026368
                2.228898                     0.027195901
               2.2300313                     0.027372478
               2.2311645                     0.027555916
               2.2322977                     0.027746035
               2.2334306                     0.027942672
               2.2345638                     0.028145706
                2.235697                     0.028355028
               2.2368302                     0.028570544
               2.2379634                     0.028792158
               2.2390964                     0.029019753
               2.2402296                     0.029253179
               2.2413628                     0.029492263
                2.242496                     0.029736826
                2.243629                     0.029986709
               2.2447622                     0.030241774
               2.2458954                     0.030501936
               2.2470286                     0.030767132
               2.2481616                     0.031037331
               2.2492948                     0.031312477
                2.250428                     0.031592488
               2.2515612                     0.031877238
               2.2526941                     0.032166548
               2.2538273                     0.032460209
               2.2549605                      0.03275802
               2.2560937                     0.033059813
               2.2572267                     0.033365447
               2.2583599                     0.033674829
               2.2594931                     0.033987895
               2.2606263                      0.03430457
               2.2617593                     0.034624752
               2.2628925                     0.034948286
               2.2640257                     0.035274953
               2.2651589                     0.035604503
               2.2662919                     0.035936661
               2.2674251                      0.03627117
               2.2685583                     0.036607802
               2.2696915                     0.036946375
               2.2708247                      0.03728671
               2.2719576                     0.037628636
               2.2730908                      0.03797194
                2.274224                     0.038316358
               2.2753572                     0.038661573
               2.2764902                     0.039007217
               2.2776234                     0.039352909
               2.2787566                      0.03969828
               2.2798898                     0.040043004
               2.2810228                     0.040386789
                2.282156                     0.040729381
               2.2832892                     0.041070528
               2.2844224                     0.041409951
               2.2855554                     0.041747313
               2.2866886                     0.042082217
               2.2878218                     0.042414211
                2.288955                     0.042742815
               2.2900879                     0.043067567
               2.2912211                     0.043388035
               2.2923543                     0.043703843
               2.2934875                     0.044014666
               2.2946205                       0.0443202
               2.2957537                     0.044620134
               2.2968869                     0.044914119
               2.2980201                     0.045201749
               2.2991531                     0.045482568
               2.3002863                     0.045756098
               2.3014195                      0.04602186
               2.3025527                     0.046279423
               2.3036859                      0.04652841
               2.3048189                     0.046768505
               2.3059521                     0.046999428
               2.3070853                     0.047220923
               2.3082185                     0.047432721
               2.3093514                     0.047634508
               2.3104846                     0.047825947
               2.3116179                     0.048006654
               2.3127511                     0.048176274
                2.313884                     0.048334479
               2.3150172                     0.048481006
               2.3161504                     0.048615638
               2.3172836                     0.048738215
               2.3184166                     0.048848603
               2.3195498                     0.048946656
                2.320683                     0.049032208
               2.3218162                     0.049105059
               2.3229492                     0.049165007
               2.3240824                     0.049211837
               2.3252156                     0.049245402
               2.3263488                     0.049265593
               2.3274817                     0.049272384
                2.328615                     0.049265794
               2.3297482                     0.049245879
               2.3308814                      0.04921269
               2.3320143                     0.049166266
               2.3331475                     0.049106605
               2.3342807                     0.049033668
               2.3354139                     0.048947439
               2.3365471                     0.048847903
               2.3376801                     0.048735119
               2.3388133                     0.048609193
               2.3399465                       0.0484703
               2.3410797                     0.048318636
               2.3422127                     0.048154421
               2.3433459                      0.04797785
               2.3444791                     0.047789071
               2.3456123                     0.047588207
               2.3467453                     0.047375362
               2.3478785                     0.047150642
               2.3490117                      0.04691419
               2.3501449                     0.046666205
               2.3512778                     0.046406917
                2.352411                     0.046136606
               2.3535442                     0.045855563
               2.3546774                     0.045564078
               2.3558104                     0.045262411
               2.3569436                     0.044950794
               2.3580768                     0.044629421
                 2.35921                     0.044298492
                2.360343                     0.043958202
               2.3614762                     0.043608777
               2.3626094                      0.04325046
               2.3637426                     0.042883527
               2.3648756                     0.042508263
               2.3660088                     0.042124942
                2.367142                     0.041733835
               2.3682752                      0.04133518
               2.3694084                     0.040929195
               2.3705413                      0.04051609
               2.3716745                     0.040096078
               2.3728077                      0.03966938
               2.3739409                      0.03923624
               2.3750739                     0.038796917
               2.3762071                     0.038351689
               2.3773403                     0.037900817
               2.3784735                     0.037444551
               2.3796065                      0.03698311
               2.3807397                       0.0365167
               2.3818729                     0.036045518
               2.3830061                     0.035569746
               2.3841391                     0.035089578
               2.3852723                     0.034605239
               2.3864055                     0.034116957
               2.3875387                     0.033624992
               2.3886716                     0.033129599
               2.3898048                     0.032631036
                2.390938                     0.032129563
               2.3920712                     0.031625409
               2.3932042                     0.031118792
               2.3943374                     0.030609924
               2.3954706                     0.030098993
               2.3966038                     0.029586185
               2.3977368                     0.029071685
                 2.39887                     0.028555689
               2.4000032                     0.028038401
               2.4011364                     0.027520049
               2.4022696                     0.027000874
               2.4034026                      0.02648112
               2.4045358                     0.025961047
                2.405669                     0.025440913
               2.4068022                      0.02492097
               2.4079351                     0.024401456
               2.4090683                     0.023882596
               2.4102015                     0.023364602
               2.4113348                     0.022847675
               2.4124677                     0.022332013
               2.4136009                     0.021817826
               2.4147341                     0.021305338
               2.4158673                     0.020794783
               2.4170003                     0.020286411
               2.4181335                     0.019780474
               2.4192667                     0.019277219
               2.4203999                     0.018776879
               2.4215329                     0.018279668
               2.4226661                     0.017785773
               2.4237993                     0.017295366
               2.4249325                     0.016808609
               2.4260654                     0.016325654
               2.4271986                      0.01584667
               2.4283319                     0.015371829
               2.4294651                     0.014901329
                2.430598                     0.014435375
               2.4317312                     0.013974185
               2.4328644                     0.013517967
               2.4339976                     0.013066919
               2.4351308                      0.01262121
               2.4362638                      0.01218098
                2.437397                      0.01174634
               2.4385302                     0.011317374
               2.4396634                     0.010894144
               2.4407964                     0.010476713
               2.4419296                     0.010065145
               2.4430628                    0.0096595222
                2.444196                    0.0092599429
                2.445329                    0.0088665243
               2.4464622                    0.0084793875
               2.4475954                     0.008098647
               2.4487286                    0.0077243941
               2.4498615                    0.0073566847
               2.4509947                    0.0069955373
               2.4521279                    0.0066409325
               2.4532611                    0.0062928312
               2.4543941                    0.0059511885
               2.4555273                    0.0056159748
               2.4566605                    0.0052871881
               2.4577937                    0.0049648564
               2.4589267                    0.0046490296
               2.4600599                    0.0043397597
               2.4611931                    0.0040370794
               2.4623263                    0.0037409787
               2.4634595                     0.003451399
               2.4645925                    0.0031682379
               2.4657257                    0.0028913673
               2.4668589                    0.0026206626
               2.4679921                    0.0023560305
                2.469125                    0.0020974297
               2.4702582                     0.001844874
               2.4713914                    0.0015984173
               2.4725246                    0.0013581257
               2.4736576                    0.0011240423
               2.4747908                   0.00089615787
                2.475924                   0.00067439582
               2.4770572                   0.00045861938
               2.4781902                   0.00024865696
               2.4793234                   4.4340071e-05
               2.4804566                  -0.00015445819
               2.4815898                  -0.00034779694
               2.4827228                   -0.0005356617
                2.483856                  -0.00071798137
               2.4849892                  -0.00089466188
               2.4861224                   -0.0010656264
               2.4872553                   -0.0012308471
               2.4883885                   -0.0013903601
               2.4895217                   -0.0015442569
               2.4906549                   -0.0016926568
               2.4917879                   -0.0018356681
               2.4929211                   -0.0019733538
               2.4940543                   -0.0021057101
               2.4951875                   -0.0022326696
               2.4963207                   -0.0023541232
               2.4974537                   -0.0024699569
               2.4985869                   -0.0025800904
               2.4997201                    -0.002684501
               2.5008533                   -0.0027832256
               2.5019863                    -0.002876343
               2.5031195                   -0.0029639364
               2.5042527                   -0.0030460539
               2.5053859                   -0.0031226785
               2.5065188                   -0.0031937191
                2.507652                   -0.0032590271
               2.5087852                   -0.0033184304
               2.5099185                   -0.0033717768
               2.5110514                   -0.0034189711
               2.5121846                   -0.0034599924
               2.5133178                   -0.0034948871
                2.514451                   -0.0035237418
                2.515584                   -0.0035466373
               2.5167172                   -0.0035636085
               2.5178504                   -0.0035746221
               2.5189836                   -0.0035795735
               2.5201166                   -0.0035783127
               2.5212498                   -0.0035706849
                2.522383                   -0.0035565759
               2.5235162                    -0.003535944
               2.5246491                   -0.0035088295
               2.5257823                    -0.003475341
               2.5269156                   -0.0034356159
               2.5280488                   -0.0033897781
                2.529182                   -0.0033378988
               2.5303149                   -0.0032799763
               2.5314481                   -0.0032159444
               2.5325813                   -0.0031457017
               2.5337145                   -0.0030691549
               2.5348475                   -0.0029862626
               2.5359807                   -0.0028970642
               2.5371139                   -0.0028016868
               2.5382471                   -0.0027003253
               2.5393801                   -0.0025932055
               2.5405133                   -0.0024805435
               2.5416465                    -0.002362509
               2.5427797                   -0.0022392115
               2.5439126                   -0.0021107069
               2.5450459                   -0.0019770258
               2.5461791                   -0.0018382118
               2.5473123                   -0.0016943561
               2.5484452                   -0.0015456215
               2.5495784                   -0.0013922444
               2.5507116                   -0.0012345169
               2.5518448                   -0.0010727562
               2.5529778                  -0.00090727111
                2.554111                  -0.00073833566
               2.5552442                  -0.00056617981
               2.5563774                   -0.0003909962
               2.5575104                   -0.0002129622
               2.5586436                  -3.2267053e-05
               2.5597768                   0.00015086374
                 2.56091                   0.00033615567
               2.5620432                   0.00052328722
               2.5631762                   0.00071190461
               2.5643094                   0.00090164348
               2.5654426                    0.0010921495
               2.5665758                    0.0012830911
               2.5677087                    0.0014741593
               2.5688419                    0.0016650587
               2.5699751                      0.00185549
               2.5711083                    0.0020451355
               2.5722413                     0.002233648
               2.5733745                    0.0024206541
               2.5745077                    0.0026057684
               2.5756409                    0.0027886119
               2.5767739                    0.0029688298
               2.5779071                    0.0031461029
               2.5790403                    0.0033201464
               2.5801735                    0.0034906976
               2.5813065                    0.0036574965
               2.5824397                     0.003820264
               2.5835729                    0.0039786878
               2.5847061                    0.0041324222
                2.585839                    0.0042811004
               2.5869722                    0.0044243559
               2.5881054                    0.0045618489
               2.5892386                     0.004693286
               2.5903716                    0.0048184278
               2.5915048                    0.0049370853
                2.592638                    0.0050490936
               2.5937712                    0.0051542926
               2.5949044                    0.0052524996
               2.5960374                     0.005343501
               2.5971706                    0.0054270551
               2.5983038                    0.0055029118
                2.599437                     0.005570841
                 2.60057                    0.0056306594
               2.6017032                    0.0056822496
               2.6028364                    0.0057255616
               2.6039696                    0.0057605989
               2.6051025                     0.005787387
               2.6062357                    0.0058059469
               2.6073689                    0.0058162669
               2.6085021                    0.0058182958
               2.6096351                     0.005811953
               2.6107683                    0.0057971519
               2.6119015                    0.0057738377
               2.6130347                    0.0057420125
               2.6141677                    0.0057017589
               2.6153009                    0.0056532323
               2.6164341                    0.0055966428
               2.6175673                    0.0055322223
               2.6187003                    0.0054601901
               2.6198335                    0.0053807287
               2.6209667                    0.0052939779
               2.6220999                    0.0052000475
               2.6232328                     0.005099047
                2.624366                    0.0049911183
               2.6254992                    0.0048764613
               2.6266325                    0.0047553456
               2.6277657                    0.0046281009
               2.6288986                    0.0044950936
               2.6300318                    0.0043566911
                2.631165                    0.0042132367
               2.6322982                    0.0040650307
               2.6334312                    0.0039123353
               2.6345644                    0.0037553911
               2.6356976                    0.0035944523
               2.6368308                    0.0034298105
               2.6379638                    0.0032618151
                2.639097                    0.0030908713
               2.6402302                    0.0029174229
               2.6413634                    0.0027419208
               2.6424963                    0.0025647909
               2.6436296                    0.0023864133
               2.6447628                    0.0022071141
                2.645896                    0.0020271789
               2.6470289                    0.0018468804
               2.6481621                    0.0016665081
               2.6492953                    0.0014863922
               2.6504285                    0.0013069124
               2.6515615                    0.0011284887
               2.6526947                   0.00095155713
               2.6538279                   0.00077653892
               2.6549611                   0.00060381391
               2.6560941                   0.00043370744
               2.6572273                    0.0002664951
               2.6583605                   0.00010242189
               2.6594937                  -5.8271049e-05
               2.6606269                  -0.00021532239
               2.6617599                  -0.00036843846
               2.6628931                  -0.00051729719
               2.6640263                  -0.00066156738
               2.6651595                  -0.00080093567
               2.6662924                  -0.00093513244
               2.6674256                   -0.0010639469
               2.6685588                   -0.0011872262
                2.669692                   -0.0013048596
                2.670825                   -0.0014167518
               2.6719582                   -0.0015227958
               2.6730914                   -0.0016228553
               2.6742246                   -0.0017167616
               2.6753576                   -0.0018043263
               2.6764908                   -0.0018853634
                2.677624                   -0.0019597169
               2.6787572                   -0.0020272827
               2.6798902                    -0.002088014
               2.6810234                   -0.0021419199
               2.6821566                   -0.0021890479
               2.6832898                   -0.0022294652
               2.6844227                   -0.0022632417
               2.6855559                   -0.0022904403
               2.6866891                    -0.002311117
               2.6878223                   -0.0023253313
               2.6889553                   -0.0023331544
               2.6900885                    -0.002334679
               2.6912217                   -0.0023300203
               2.6923549                   -0.0023193103
               2.6934881                   -0.0023026897
               2.6946211                   -0.0022803019
               2.6957543                   -0.0022522905
               2.6968875                   -0.0022188073
               2.6980207                   -0.0021800241
               2.6991537                   -0.0021361478
               2.7002869                   -0.0020874294
               2.7014201                   -0.0020341605
               2.7025533                   -0.0019766605
               2.7036862                   -0.0019152532
               2.7048194                   -0.0018502442
               2.7059526                   -0.0017819032
               2.7070858                   -0.0017104625
               2.7082188                   -0.0016361296
                2.709352                   -0.0015591115
               2.7104852                   -0.0014796453
               2.7116184                   -0.0013980193
               2.7127514                   -0.0013145797
               2.7138846                   -0.0012297181
               2.7150178                    -0.001143841
                2.716151                   -0.0010573335
                2.717284                    -0.000970528
               2.7184172                  -0.00088368717
               2.7195504                  -0.00079701142
               2.7206836                   -0.0007106663
               2.7218165                  -0.00062482152
               2.7229497                  -0.00053968932
               2.7240829                  -0.00045554747
               2.7252162                  -0.00037273939
               2.7263494                  -0.00029164943
               2.7274823                  -0.00021266114
               2.7286155                  -0.00013611198
               2.7297487                  -6.2258914e-05
               2.7308819                    8.732939e-06
               2.7320149                   7.6775228e-05
               2.7331481                   0.00014181965
               2.7342813                   0.00020381199
               2.7354145                   0.00026265249
               2.7365475                   0.00031817608
               2.7376807                   0.00037015896
               2.7388139                   0.00041834934
               2.7399471                   0.00046251155
                 2.74108                    0.0005024682
               2.7422132                   0.00053812697
               2.7433465                   0.00056948228
               2.7444797                   0.00059659238
               2.7456126                   0.00061953987
               2.7467458                   0.00063838955
                2.747879                   0.00065315777
               2.7490122                   0.00066380436
               2.7501452                   0.00067024806
               2.7512784                   0.00067240035
               2.7524116                   0.00067020388
               2.7535448                    0.0006636625
               2.7546778                   0.00065285258
                2.755811                   0.00063791015
               2.7569442                   0.00061900023
               2.7580774                   0.00059627823
               2.7592106                   0.00056985777
               2.7603436                   0.00053979625
               2.7614768                   0.00050610228
                 2.76261                   0.00046876367
               2.7637432                   0.00042778382
               2.7648761                   0.00038321421
               2.7660093                   0.00033516969
               2.7671425                   0.00028382117
               2.7682757                   0.00022936761
               2.7694087                   0.00017199645
               2.7705419                   0.00011184579
               2.7716751                   4.8981357e-05
               2.7728083                  -1.6604168e-05
               2.7739413                   -8.496888e-05
               2.7750745                  -0.00015618402
               2.7762077                   -0.0002302941
               2.7773409                  -0.00030728878
               2.7784739                  -0.00038709646
               2.7796071                  -0.00046960154
               2.7807403                  -0.00055468001
               2.7818735                  -0.00064224069
               2.7830064                  -0.00073225878
               2.7841396                  -0.00082478998
               2.7852728                  -0.00091996172
                2.786406                    -0.001017944
               2.7875392                   -0.0011189103
               2.7886722                   -0.0012230016
               2.7898054                   -0.0013303072
               2.7909386                   -0.0014408659
               2.7920718                   -0.0015546904
               2.7932048                    -0.001671802
                2.794338                   -0.0017922674
               2.7954712                   -0.0019162215
               2.7966044                   -0.0020438705
               2.7977374                   -0.0021754731
               2.7988706                   -0.0023113054
               2.8000038                   -0.0024516245
                2.801137                   -0.0025966391
               2.8022699                   -0.0027465005
               2.8034031                   -0.0029013141
               2.8045363                    -0.003061167
               2.8056695                    -0.003226164
               2.8068025                   -0.0033964566
               2.8079357                   -0.0035722547
               2.8090689                   -0.0037538188
               2.8102021                   -0.0039414307
               2.8113351                   -0.0041353581
               2.8124683                   -0.0043358183
               2.8136015                   -0.0045429561
               2.8147347                   -0.0047568437
               2.8158677                   -0.0049774991
               2.8170009                   -0.0052049216
               2.8181341                   -0.0054391269
               2.8192673                   -0.0056801718
               2.8204005                   -0.0059281597
               2.8215334                   -0.0061832285
               2.8226666                   -0.0064455173
               2.8237998                   -0.0067151282
               2.8249331                   -0.0069920947
                2.826066                   -0.0072763632
               2.8271992                   -0.0075678015
               2.8283324                   -0.0078662187
               2.8294656                   -0.0081713991
               2.8305986                   -0.0084831323
               2.8317318                   -0.0088012386
                2.832865                   -0.0091255698
               2.8339982                   -0.0094559854
               2.8351312                   -0.0097923335
               2.8362644                    -0.010134412
               2.8373976                    -0.010481942
               2.8385308                    -0.010834566
               2.8396637                    -0.011191862
               2.8407969                    -0.011553359
               2.8419302                    -0.011918577
               2.8430634                    -0.012287052
               2.8441963                    -0.012658347
               2.8453295                    -0.013032051
               2.8464627                    -0.013407752
               2.8475959                     -0.01378502
               2.8487289                    -0.014163373
               2.8498621                    -0.014542261
               2.8509953                    -0.014921079
               2.8521285                     -0.01529918
               2.8532617                    -0.015675893
               2.8543947                    -0.016050575
               2.8555279                    -0.016422613
               2.8566611                    -0.016791433
               2.8577943                    -0.017156489
               2.8589272                     -0.01751723
               2.8600605                    -0.017873084
               2.8611937                    -0.018223437
               2.8623269                    -0.018567625
               2.8634598                    -0.018904962
                2.864593                     -0.01923475
               2.8657262                    -0.019556331
               2.8668594                    -0.019869089
               2.8679924                    -0.020172486
               2.8691256                     -0.02046603
               2.8702588                    -0.020749273
                2.871392                    -0.021021759
                2.872525                    -0.021283023
               2.8736582                    -0.021532554
               2.8747914                    -0.021769816
               2.8759246                    -0.021994265
               2.8770576                    -0.022205381
               2.8781908                    -0.022402711
                2.879324                    -0.022585878
               2.8804572                    -0.022754598
               2.8815901                     -0.02290866
               2.8827233                    -0.023047894
               2.8838565                    -0.023172149
               2.8849897                    -0.023281261
               2.8861229                    -0.023375044
               2.8872559                    -0.023453295
               2.8883891                    -0.023515835
               2.8895223                    -0.023562521
               2.8906555                    -0.023593288
               2.8917885                    -0.023608159
               2.8929217                    -0.023607239
               2.8940549                     -0.02359069
               2.8951881                    -0.023558699
               2.8963211                    -0.023511458
               2.8974543                     -0.02344914
               2.8985875                    -0.023371901
               2.8997207                    -0.023279896
               2.9008536                    -0.023173308
               2.9019868                    -0.023052387
                 2.90312                    -0.022917455
               2.9042532                    -0.022768924
               2.9053862                    -0.022607276
               2.9065194                    -0.022433029
               2.9076526                    -0.022246709
               2.9087858                    -0.022048816
               2.9099188                    -0.021839822
                2.911052                    -0.021620162
               2.9121852                    -0.021390267
               2.9133184                    -0.021150596
               2.9144514                    -0.020901648
               2.9155846                    -0.020643987
               2.9167178                    -0.020378234
                2.917851                    -0.020105049
               2.9189842                    -0.019825097
               2.9201171                    -0.019539032
               2.9212503                    -0.019247459
               2.9223835                    -0.018950943
               2.9235168                     -0.01865002
               2.9246497                    -0.018345218
               2.9257829                    -0.018037081
               2.9269161                    -0.017726192
               2.9280493                    -0.017413165
               2.9291823                     -0.01709865
               2.9303155                    -0.016783288
               2.9314487                    -0.016467696
               2.9325819                    -0.016152432
               2.9337149                    -0.015837999
               2.9348481                    -0.015524847
               2.9359813                    -0.015213385
               2.9371145                    -0.014904019
               2.9382474                    -0.014597175
               2.9393806                    -0.014293302
               2.9405138                    -0.013992875
               2.9416471                    -0.013696372
                 2.94278                    -0.013404239
               2.9439132                    -0.013116866
               2.9450464                    -0.012834563
               2.9461796                    -0.012557565
               2.9473126                    -0.012286048
               2.9484458                     -0.01202016
                2.949579                    -0.011760047
               2.9507122                    -0.011505888
               2.9518454                    -0.011257892
               2.9529784                     -0.01101629
               2.9541116                    -0.010781307
               2.9552448                    -0.010553127
                2.956378                    -0.010331862
               2.9575109                    -0.010117535
               2.9586442                    -0.009910088
               2.9597774                    -0.009709402
               2.9609106                   -0.0095153293
               2.9620435                   -0.0093277339
               2.9631767                   -0.0091465097
               2.9643099                   -0.0089715887
               2.9654431                   -0.0088029299
               2.9665761                   -0.0086404914
               2.9677093                   -0.0084841978
               2.9688425                   -0.0083339177
               2.9699757                   -0.0081894491
               2.9711087                   -0.0080505302
               2.9722419                   -0.0079168603
               2.9733751                   -0.0077881292
               2.9745083                   -0.0076640416
               2.9756413                   -0.0075443317
               2.9767745                   -0.0074287667
               2.9779077                    -0.007317123
               2.9790409                   -0.0072091711
               2.9801738                   -0.0071046464
                2.981307                   -0.0070032403
               2.9824402                   -0.0069046016
               2.9835734                   -0.0068083536
               2.9847066                   -0.0067141177
               2.9858396                   -0.0066215429
               2.9869728                   -0.0065303203
                2.988106                   -0.0064401859
               2.9892392                    -0.006350907
               2.9903722                   -0.0062622582
               2.9915054                   -0.0061739944
               2.9926386                   -0.0060858377
               2.9937718                   -0.0059974715
               2.9949048                    -0.005908554
                2.996038                   -0.0058187451
               2.9971712                   -0.0057277316
               2.9983044                   -0.0056352485
               2.9994373                   -0.0055410862
               3.0005705                   -0.0054450799
               3.0017037                   -0.0053470866
               3.0028369                   -0.0052469638
               3.0039699                   -0.0051445444
               3.0051031                   -0.0050396351
               3.0062363                   -0.0049320245
               3.0073695                    -0.004821511
               3.0085025                    -0.004707932
               3.0096357                   -0.0045911884
               3.0107689                   -0.0044712508
               3.0119021                   -0.0043481505
               3.0130351                   -0.0042219493
               3.0141683                   -0.0040927082
               3.0153015                    -0.003960453
               3.0164347                   -0.0038251632
               3.0175679                   -0.0036867785
               3.0187008                   -0.0035452256
                3.019834                   -0.0034004594
               3.0209672                   -0.0032524965
               3.0221004                   -0.0031014387
               3.0232334                    -0.002947473
               3.0243666                   -0.0027908494
               3.0254998                   -0.0026318417
                3.026633                   -0.0024707068
                3.027766                   -0.0023076562
               3.0288992                   -0.0021428477
               3.0300324                   -0.0019764022
               3.0311656                   -0.0018084373
               3.0322986                   -0.0016391075
               3.0334318                   -0.0014686356
                3.034565                   -0.0012973244
               3.0356982                   -0.0011255423
               3.0368311                  -0.00095369091
               3.0379643                  -0.00078216242
               3.0390975                    -0.000611305
               3.0402308                  -0.00044140645
               3.0413637                  -0.00027270231
               3.0424969                  -0.00010540584
               3.0436301                   6.0251641e-05
               3.0447633                   0.00022398472
               3.0458963                   0.00038543553
               3.0470295                   0.00054418069
               3.0481627                   0.00069976161
               3.0492959                   0.00085172831
               3.0504291                   0.00099968142
               3.0515621                    0.0011432972
               3.0526953                    0.0012823266
               3.0538285                    0.0014165696
               3.0549617                    0.0015458316
               3.0560946                    0.0016698817
               3.0572278                    0.0017884248
               3.0583611                    0.0019010991
               3.0594943                    0.0020075012
               3.0606272                    0.0021072307
               3.0617604                    0.0021999353
               3.0628936                    0.0022853473
               3.0640268                    0.0023632927
               3.0651598                    0.0024336698
                3.066293                    0.0024964088
               3.0674262                    0.0025514225
               3.0685594                    0.0025985679
               3.0696924                    0.0026376338
               3.0708256                    0.0026683547
               3.0719588                    0.0026904547
                3.073092                    0.0027036984
               3.0742249                    0.0027079359
               3.0753582                    0.0027031251
               3.0764914                    0.0026893215
               3.0776246                    0.0026666394
               3.0787575                     0.002635201
               3.0798907                    0.0025950857
               3.0810239                    0.0025462992
               3.0821571                    0.0024887766
               3.0832903                    0.0024224103
               3.0844233                    0.0023471049
               3.0855565                    0.0022628284
               3.0866897                    0.0021696505
               3.0878229                    0.0020677533
               3.0889559                    0.0019574084
               3.0900891                    0.0018389312
               3.0912223                    0.0017126281
               3.0923555                    0.0015787517
               3.0934885                    0.0014374809
               3.0946217                     0.001288931
               3.0957549                    0.0011331877
               3.0968881                   0.00097035273
                3.098021                   0.00080058631
               3.0991542                   0.00062413019
               3.1002874                    0.0004413054
               3.1014206                   0.00025248644
               3.1025536                   5.8062225e-05
               3.1036868                  -0.00014160268
                 3.10482                  -0.00034619306
               3.1059532                  -0.00055544678
               3.1070862                  -0.00076913746
               3.1082194                  -0.00098704442
               3.1093526                   -0.0012089211
               3.1104858                   -0.0014344747
                3.111619                   -0.0016633634
                3.112752                   -0.0018952119
               3.1138852                   -0.0021296381
               3.1150184                   -0.0023662813
               3.1161516                   -0.0026048203
               3.1172845                   -0.0028449751
               3.1184177                   -0.0030864936
               3.1195509                   -0.0033291273
               3.1206841                   -0.0035726074
               3.1218171                   -0.0038166293
               3.1229503                   -0.0040608551
               3.1240835                   -0.0043049264
               3.1252167                   -0.0045484919
               3.1263497                   -0.0047912337
               3.1274829                    -0.005032883
               3.1286161                   -0.0052732215
               3.1297493                    -0.005512069
               3.1308823                    -0.005749255
               3.1320155                   -0.0059845927
               3.1331487                   -0.0062178634
               3.1342819                   -0.0064488095
               3.1354148                   -0.0066771475
                3.136548                   -0.0069025941
               3.1376812                   -0.0071248915
               3.1388144                   -0.0073438273
               3.1399474                   -0.0075592417
               3.1410806                   -0.0077710128
               3.1422138                    -0.007979041
                3.143347                   -0.0081832185
               3.1444802                   -0.0083834082
               3.1456132                   -0.0085794339
               3.1467464                   -0.0087710917
               3.1478796                   -0.0089581655
               3.1490128                   -0.0091404533
               3.1501458                   -0.0093177957
                3.151279                    -0.009490082
               3.1524122                   -0.0096572535
               3.1535454                   -0.0098192822
               3.1546783                   -0.0099761505
               3.1558115                    -0.010127823
               3.1569448                    -0.010274227
                3.158078                    -0.010415249
               3.1592109                    -0.010550738
               3.1603441                    -0.010680532
               3.1614773                    -0.010804474
               3.1626105                    -0.010922438
               3.1637435                    -0.011034336
               3.1648767                    -0.011140127
               3.1660099                    -0.011239798
               3.1671431                    -0.011333354
               3.1682761                    -0.011420793
               3.1694093                    -0.011502093
               3.1705425                    -0.011577202
               3.1716757                    -0.011646046
               3.1728086                    -0.011708533
               3.1739419                    -0.011764574
               3.1750751                    -0.011814088
               3.1762083                    -0.011857022
               3.1773415                    -0.011893343
               3.1784744                    -0.011923047
               3.1796076                    -0.011946132
               3.1807408                      -0.0119626
                3.181874                    -0.011972439
                3.183007                    -0.011975619
               3.1841402                    -0.011972098
               3.1852734                    -0.011961825
               3.1864066                    -0.011944759
               3.1875396                    -0.011920879
               3.1886728                    -0.011890195
                3.189806                     -0.01185275
               3.1909392                    -0.011808611
               3.1920722                    -0.011757855
               3.1932054                     -0.01170055
               3.1943386                    -0.011636743
               3.1954718                    -0.011566448
               3.1966047                    -0.011489651
               3.1977379                    -0.011406326
               3.1988711                    -0.011316457
               3.2000043                    -0.011220062
               3.2011373                    -0.011117215
               3.2022705                    -0.011008048
               3.2034037                    -0.010892736
               3.2045369                    -0.010771477
               3.2056699                     -0.01064446
               3.2068031                    -0.010511838
               3.2079363                    -0.010373705
               3.2090695                    -0.010230108
               3.2102027                    -0.010081065
               3.2113357                   -0.0099266041
               3.2124689                   -0.0097668003
               3.2136021                   -0.0096018054
               3.2147353                    -0.009431853
               3.2158682                   -0.0092572421
               3.2170014                   -0.0090782987
               3.2181346                   -0.0088953385
               3.2192678                   -0.0087086167
               3.2204008                   -0.0085183149
                3.221534                   -0.0083245439
               3.2226672                   -0.0081273783
               3.2238004                   -0.0079268962
               3.2249334                   -0.0077232332
               3.2260666                   -0.0075166086
               3.2271998                   -0.0073073339
                3.228333                   -0.0070957858
                3.229466                   -0.0068823649
               3.2305992                   -0.0066674361
               3.2317324                    -0.006451291
               3.2328656                   -0.0062341299
               3.2339985                   -0.0060160756
               3.2351317                   -0.0057972139
               3.2362649                   -0.0055776471
               3.2373981                   -0.0053575444
               3.2385311                   -0.0051371674
               3.2396643                   -0.0049168668
               3.2407975                   -0.0046970472
               3.2419307                   -0.0044781175
               3.2430639                   -0.0042604301
               3.2441969                   -0.0040442478
               3.2453301                   -0.0038297276
               3.2464633                   -0.0036169477
               3.2475965                   -0.0034059475
               3.2487295                   -0.0031967838
               3.2498627                   -0.0029895736
               3.2509959                   -0.0027845143
               3.2521291                   -0.0025818739
                3.253262                   -0.0023819567
               3.2543952                   -0.0021850553
               3.2555285                   -0.0019914068
               3.2566617                    -0.001801168
               3.2577946                   -0.0016144151
               3.2589278                    -0.001431169
                3.260061                   -0.0012514326
               3.2611942                   -0.0010752308
               3.2623272                   -0.0009026347
               3.2634604                  -0.00073376467
               3.2645936                  -0.00056877051
               3.2657268                  -0.00040779891
               3.2668598                  -0.00025095826
                3.267993                  -9.8294826e-05
               3.2691262                   5.0212253e-05
               3.2702594                     0.000194636
               3.2713923                   0.00033507266
               3.2725255                   0.00047160976
               3.2736588                   0.00060430291
                3.274792                   0.00073316833
               3.2759252                   0.00085819373
               3.2770581                   0.00097936136
               3.2781913                    0.0010966748
               3.2793245                    0.0012101796
               3.2804577                    0.0013199691
               3.2815907                    0.0014261755
               3.2827239                    0.0015289499
               3.2838571                    0.0016284396
               3.2849903                    0.0017247702
               3.2861233                    0.0018180411
               3.2872565                    0.0019083333
               3.2883897                    0.0019957272
               3.2895229                    0.0020803222
               3.2906559                    0.0021622491
               3.2917891                    0.0022416716
               3.2929223                    0.0023187776
               3.2940555                    0.0023937589
               3.2951884                    0.0024667915
               3.2963216                    0.0025380235
               3.2974548                    0.0026075719
                3.298588                    0.0026755335
                3.299721                    0.0027420013
               3.3008542                    0.0028070821
               3.3019874                     0.002870908
               3.3031206                    0.0029336349
               3.3042536                    0.0029954333
               3.3053868                    0.0030564715
                 3.30652                    0.0031168987
               3.3076532                    0.0031768354
               3.3087864                    0.0032363753
               3.3099194                    0.0032955944
               3.3110526                    0.0033545676
               3.3121858                    0.0034133832
                3.313319                    0.0034721503
               3.3144519                    0.0035309931
               3.3155851                    0.0035900366
               3.3167183                    0.0036493882
               3.3178515                    0.0037091207
               3.3189845                     0.003769265
               3.3201177                    0.0038298185
               3.3212509                    0.0038907598
               3.3223841                    0.0039520725
               3.3235171                    0.0040137637
               3.3246503                    0.0040758732
               3.3257835                    0.0041384702
               3.3269167                    0.0042016362
               3.3280497                    0.0042654378
               3.3291829                    0.0043299086
               3.3303161                    0.0043950346
               3.3314493                    0.0044607562
               3.3325822                     0.004526983
               3.3337154                     0.004593615
               3.3348486                    0.0046605668
               3.3359818                    0.0047277831
               3.3371148                    0.0047952374
                3.338248                    0.0048629208
               3.3393812                    0.0049308222
               3.3405144                    0.0049989079
               3.3416476                    0.0050671063
               3.3427806                    0.0051353099
               3.3439138                    0.0052033854
                3.345047                     0.005271195
               3.3461802                    0.0053386199
               3.3473132                    0.0054055694
               3.3484464                    0.0054719895
               3.3495796                     0.005537841
               3.3507128                    0.0056030885
               3.3518457                    0.0056676716
               3.3529789                    0.0057314932
               3.3541121                    0.0057944153
               3.3552454                    0.0058562695
               3.3563783                    0.0059168776
               3.3575115                    0.0059760758
               3.3586447                    0.0060337326
               3.3597779                    0.0060897563
               3.3609109                    0.0061440882
               3.3620441                    0.0061966879
               3.3631773                    0.0062475125
               3.3643105                    0.0062964996
               3.3654435                    0.0063435584
               3.3665767                    0.0063885744
               3.3677099                    0.0064314217
               3.3688431                    0.0064719808
                3.369976                    0.0065101506
               3.3711092                    0.0065458575
               3.3722425                    0.0065790503
               3.3733757                    0.0066096894
               3.3745089                    0.0066377325
               3.3756418                    0.0066631213
                3.376775                    0.0066857766
               3.3779082                    0.0067056031
               3.3790414                    0.0067225024
               3.3801744                     0.006736387
               3.3813076                     0.006747195
               3.3824408                    0.0067548966
                3.383574                    0.0067594908
                3.384707                    0.0067609958
               3.3858402                    0.0067594326
               3.3869734                    0.0067548165
               3.3881066                    0.0067471485
               3.3892395                    0.0067364103
               3.3903728                    0.0067225769
                3.391506                    0.0067056254
               3.3926392                    0.0066855433
               3.3937721                    0.0066623376
               3.3949053                    0.0066360333
               3.3960385                    0.0066066678
               3.3971717                    0.0065742852
               3.3983047                    0.0065389303
               3.3994379                    0.0065006455
               3.4005711                    0.0064594732
               3.4017043                    0.0064154598
               3.4028373                    0.0063686613
               3.4039705                    0.0063191466
               3.4051037                    0.0062669977
               3.4062369                    0.0062123034
               3.4073701                    0.0061551528
               3.4085031                    0.0060956292
               3.4096363                    0.0060338061
               3.4107695                    0.0059697488
               3.4119027                    0.0059035229
               3.4130356                    0.0058352016
               3.4141688                     0.005764877
                3.415302                    0.0056926603
               3.4164352                    0.0056186831
               3.4175682                    0.0055430825
               3.4187014                     0.005465996
               3.4198346                    0.0053875446
               3.4209678                    0.0053078313
               3.4221008                    0.0052269408
                3.423234                    0.0051449495
               3.4243672                    0.0050619356
               3.4255004                    0.0049779955
               3.4266334                     0.004893248
               3.4277666                    0.0048078336
               3.4288998                    0.0047219088
                3.430033                    0.0046356306
               3.4311659                    0.0045491448
               3.4322991                    0.0044625727
               3.4334323                    0.0043760114
               3.4345655                    0.0042895353
               3.4356987                     0.004203212
               3.4368317                    0.0041171121
               3.4379649                    0.0040313248
               3.4390981                    0.0039459597
               3.4402313                    0.0038611481
               3.4413643                    0.0037770318
               3.4424975                    0.0036937525
               3.4436307                    0.0036114368
               3.4447639                    0.0035301924
               3.4458969                    0.0034501019
               3.4470301                    0.0033712299
               3.4481633                    0.0032936297
               3.4492965                    0.0032173544
               3.4504294                    0.0031424605
               3.4515626                    0.0030690127
               3.4526958                    0.0029970813
               3.4538291                    0.0029267378
                3.454962                    0.0028580497
               3.4560952                    0.0027910769
               3.4572284                    0.0027258703
               3.4583616                    0.0026624748
               3.4594946                    0.0026009313
               3.4606278                    0.0025412815
                3.461761                    0.0024835672
               3.4628942                    0.0024278299
               3.4640272                    0.0023741056
               3.4651604                    0.0023224219
               3.4662936                    0.0022727936
               3.4674268                    0.0022252228
                 3.46856                    0.0021797018
               3.4696929                    0.0021362179
               3.4708261                    0.0020947591
               3.4719594                     0.002055319
               3.4730926                    0.0020178966
               3.4742255                    0.0019824959
               3.4753587                    0.0019491203
               3.4764919                    0.0019177679
               3.4776251                    0.0018884267
               3.4787581                    0.0018610728
               3.4798913                    0.0018356722
               3.4810245                    0.0018121853
               3.4821577                    0.0017905715
               3.4832907                    0.0017707919
               3.4844239                    0.0017528102
               3.4855571                    0.0017365913
               3.4866903                     0.001722097
               3.4878232                    0.0017092803
               3.4889565                    0.0016980842
               3.4900897                    0.0016884408
               3.4912229                    0.0016802779
               3.4923558                    0.0016735257
                3.493489                    0.0016681254
               3.4946222                    0.0016640342
               3.4957554                    0.0016612258
               3.4968884                    0.0016596849
               3.4980216                    0.0016593962
               3.4991548                    0.0016603331
                3.500288                    0.0016624469
               3.5014212                    0.0016656619
               3.5025542                    0.0016698787
               3.5036874                    0.0016749834
               3.5048206                    0.0016808634
               3.5059538                    0.0016874234
               3.5070868                    0.0016945975
                 3.50822                    0.0017023538
               3.5093532                    0.0017106887
               3.5104864                     0.001719612
               3.5116193                    0.0017291299
               3.5127525                     0.001739226
               3.5138857                    0.0017498505
               3.5150189                    0.0017609179
               3.5161519                    0.0017723186
               3.5172851                    0.0017839365
               3.5184183                    0.0017956714
               3.5195515                    0.0018074554
               3.5206845                    0.0018192643
               3.5218177                    0.0018311128
               3.5229509                    0.0018430415
               3.5240841                     0.001855094
               3.5252171                     0.001867293
               3.5263503                     0.001879625
               3.5274835                    0.0018920343
               3.5286167                    0.0019044317
               3.5297496                    0.0019167146
               3.5308828                    0.0019287908
                3.532016                    0.0019406016
               3.5331492                    0.0019521341
               3.5342824                    0.0019634196
               3.5354154                    0.0019745191
               3.5365486                    0.0019855006
               3.5376818                    0.0019964147
                3.538815                    0.0020072774
                3.539948                    0.0020180647
               3.5410812                    0.0020287212
               3.5422144                    0.0020391818
               3.5433476                    0.0020493956
               3.5444806                    0.0020593472
               3.5456138                    0.0020690656
                3.546747                    0.0020786212
               3.5478802                    0.0020881067
               3.5490131                    0.0020976132
               3.5501463                    0.0021072049
               3.5512795                    0.0021169055
               3.5524127                    0.0021266965
               3.5535457                    0.0021365327
               3.5546789                    0.0021463654
               3.5558121                    0.0021561687
               3.5569453                    0.0021659588
               3.5580783                    0.0021757977
               3.5592115                    0.0021857854
               3.5603447                    0.0021960356
               3.5614779                    0.0022066487
               3.5626109                    0.0022176902
               3.5637441                    0.0022291816
               3.5648773                    0.0022411039
               3.5660105                     0.002253419
               3.5671437                    0.0022660955
               3.5682766                    0.0022791328
               3.5694098                    0.0022925767
               3.5705431                    0.0023065177
               3.5716763                    0.0023210747
               3.5728092                    0.0023363703
               3.5739424                     0.002352505
               3.5750756                    0.0023695382
               3.5762088                    0.0023874843
               3.5773418                    0.0024063236
                3.578475                     0.002426022
               3.5796082                    0.0024465562
               3.5807414                    0.0024679333
               3.5818744                    0.0024901961
               3.5830076                    0.0025134173
               3.5841408                    0.0025376808
                3.585274                    0.0025630605
               3.5864069                    0.0025896002
               3.5875401                     0.002617307
               3.5886734                    0.0026461566
               3.5898066                    0.0026761102
               3.5909395                    0.0027071354
               3.5920727                    0.0027392253
               3.5932059                    0.0027724069
               3.5943391                    0.0028067376
               3.5954721                    0.0028422915
               3.5966053                    0.0028791369
               3.5977385                    0.0029173163
               3.5988717                    0.0029568346
               3.6000049                    0.0029976589
               3.6011379                    0.0030397293
               3.6022711                    0.0030829764
               3.6034043                    0.0031273414
               3.6045375                    0.0031727871
               3.6056705                    0.0032193009
               3.6068037                    0.0032668873
               3.6079369                    0.0033155531
               3.6090701                    0.0033652941
                3.610203                    0.0034160863
               3.6113362                     0.003467883
               3.6124694                    0.0035206233
               3.6136026                    0.0035742437
               3.6147356                    0.0036286914
               3.6158688                    0.0036839284
                3.617002                    0.0037399326
               3.6181352                    0.0037966855
               3.6192682                    0.0038541602
               3.6204014                    0.0039123092
               3.6215346                    0.0039710552
               3.6226678                    0.0040302998
               3.6238008                    0.0040899296
                3.624934                    0.0041498332
               3.6260672                    0.0042099175
               3.6272004                     0.004270114
               3.6283333                    0.0043303799
               3.6294665                    0.0043906854
               3.6305997                    0.0044509983
               3.6317329                    0.0045112707
               3.6328661                     0.004571429
               3.6339991                    0.0046313731
               3.6351323                    0.0046909875
               3.6362655                     0.004750154
               3.6373987                    0.0048087635
               3.6385317                    0.0048667272
               3.6396649                    0.0049239728
               3.6407981                    0.0049804393
               3.6419313                    0.0050360602
               3.6430643                    0.0050907535
               3.6441975                    0.0051444154
               3.6453307                    0.0051969262
               3.6464639                    0.0052481615
               3.6475968                    0.0052980087
                 3.64873                    0.0053463797
               3.6498632                     0.005393222
               3.6509964                    0.0054385075
               3.6521294                    0.0054822234
               3.6532626                    0.0055243475
               3.6543958                    0.0055648289
                3.655529                    0.0056035807
                3.656662                    0.0056404779
               3.6577952                    0.0056753741
               3.6589284                    0.0057081226
               3.6600616                     0.005738603
               3.6611946                    0.0057667349
               3.6623278                    0.0057924846
                3.663461                    0.0058158534
               3.6645942                    0.0058368584
               3.6657274                    0.0058555081
               3.6668603                    0.0058717811
               3.6679935                    0.0058856206
               3.6691267                     0.005896939
                 3.67026                    0.0059056333
               3.6713929                     0.005911612
               3.6725261                    0.0059148124
               3.6736593                    0.0059152124
               3.6747925                    0.0059128283
               3.6759255                    0.0059076976
               3.6770587                    0.0058998587
               3.6781919                    0.0058893287
               3.6793251                    0.0058760904
               3.6804581                    0.0058600949
               3.6815913                    0.0058412715
               3.6827245                    0.0058195526
               3.6838577                    0.0057948963
               3.6849906                    0.0057673054
               3.6861238                    0.0057368297
               3.6872571                    0.0057035577
               3.6883903                    0.0056675933
               3.6895232                    0.0056290338
               3.6906564                    0.0055879434
               3.6917896                    0.0055443458
               3.6929228                    0.0054982235
               3.6940558                    0.0054495363
                3.695189                    0.0053982427
               3.6963222                    0.0053443266
               3.6974554                    0.0052878116
               3.6985886                    0.0052287667
               3.6997216                    0.0051672999
               3.7008548                    0.0051035369
                3.701988                    0.0050376044
               3.7031212                     0.004969609
               3.7042542                     0.004899628
               3.7053874                    0.0048277085
               3.7065206                    0.0047538802
               3.7076538                    0.0046781693
               3.7087867                    0.0046006143
               3.7099199                    0.0045212782
               3.7110531                    0.0044402452
               3.7121863                    0.0043576183
               3.7133193                    0.0042735091
               3.7144525                    0.0041880226
               3.7155857                    0.0041012503
               3.7167189                    0.0040132664
               3.7178519                    0.0039241342
               3.7189851                     0.003833913
               3.7201183                    0.0037426702
               3.7212515                    0.0036504874
               3.7223845                    0.0035574618
               3.7235177                    0.0034637013
               3.7246509                    0.0033693183
               3.7257841                    0.0032744184
                3.726917                    0.0031790929
               3.7280502                    0.0030834191
               3.7291834                    0.0029874623
               3.7303166                    0.0028912844
               3.7314498                    0.0027949526
               3.7325828                    0.0026985465
                3.733716                    0.0026021586
               3.7348492                    0.0025058906
               3.7359824                    0.0024098435
               3.7371154                    0.0023141087
               3.7382486                    0.0022187566
               3.7393818                    0.0021238374
                3.740515                    0.0020293843
                3.741648                    0.0019354245
               3.7427812                    0.0018419944
               3.7439144                    0.0017491491
               3.7450476                      0.00165697
               3.7461805                    0.0015655603
               3.7473137                    0.0014750324
               3.7484469                    0.0013854911
               3.7495801                    0.0012970165
               3.7507131                    0.0012096518
               3.7518463                    0.0011234019
               3.7529795                    0.0010382425
               3.7541127                   0.00095413817
               3.7552457                   0.00087106379
               3.7563789                    0.0007890233
               3.7575121                   0.00070805947
               3.7586453                    0.0006282517
               3.7597785                   0.00054970087
               3.7609115                   0.00047250735
               3.7620447                   0.00039674804
               3.7631779                   0.00032245929
               3.7643111                    0.0002496313
                3.765444                   0.00017821584
               3.7665772                   0.00010814449
               3.7677104                   3.9352577e-05
               3.7688437                  -2.8199211e-05
               3.7699766                   -9.451151e-05
               3.7711098                  -0.00015954542
                3.772243                   -0.0002232343
               3.7733762                  -0.00028550404
               3.7745092                  -0.00034629577
               3.7756424                  -0.00040558336
               3.7767756                  -0.00046338089
               3.7779088                  -0.00051973789
               3.7790418                   -0.0005747251
                3.780175                  -0.00062841503
               3.7813082                  -0.00068086392
               3.7824414                  -0.00073209999
               3.7835743                  -0.00078212109
               3.7847075                  -0.00083090138
               3.7858407                  -0.00087840477
                3.786974                  -0.00092459988
               3.7881069                  -0.00096947176
               3.7892401                   -0.0010130288
               3.7903733                   -0.0010553014
               3.7915065                   -0.0010963356
               3.7926397                   -0.0011361848
               3.7937727                   -0.0011749006
               3.7949059                   -0.0012125268
               3.7960391                   -0.0012490964
               3.7971723                    -0.001284631
               3.7983053                   -0.0013191428
               3.7994385                   -0.0013526344
               3.8005717                   -0.0013850997
               3.8017049                   -0.0014165246
               3.8028378                   -0.0014468897
               3.8039711                   -0.0014761742
               3.8051043                    -0.001504363
               3.8062375                   -0.0015314546
               3.8073704                   -0.0015574666
               3.8085036                   -0.0015824365
               3.8096368                   -0.0016064162
                 3.81077                   -0.0016294593
                3.811903                   -0.0016516058
               3.8130362                   -0.0016728673
               3.8141694                   -0.0016932198
               3.8153026                   -0.0017126055
               3.8164356                   -0.0017309467
               3.8175688                   -0.0017481677
                3.818702                    -0.001764217
               3.8198352                   -0.0017790861
               3.8209682                   -0.0017928143
               3.8221014                   -0.0018054796
               3.8232346                   -0.0018171748
               3.8243678                   -0.0018279793
                3.825501                   -0.0018379295
               3.8266339                   -0.0018470048
               3.8277671                   -0.0018551273
               3.8289003                   -0.0018621811
               3.8300335                   -0.0018680423
               3.8311665                   -0.0018726127
               3.8322997                   -0.0018758462
               3.8334329                   -0.0018777574
               3.8345661                   -0.0018784117
               3.8356991                   -0.0018778984
               3.8368323                    -0.001876296
               3.8379655                   -0.0018736429
               3.8390987                   -0.0018699192
               3.8402317                   -0.0018650501
               3.8413649                   -0.0018589249
               3.8424981                   -0.0018514306
               3.8436313                   -0.0018424834
               3.8447642                   -0.0018320524
               3.8458974                   -0.0018201628
               3.8470306                   -0.0018068834
               3.8481638                   -0.0017922983
               3.8492968                   -0.0017764734
                 3.85043                    -0.001759431
               3.8515632                    -0.001741139
               3.8526964                   -0.0017215181
               3.8538294                   -0.0017004655
               3.8549626                   -0.0016778857
               3.8560958                   -0.0016537195
                3.857229                   -0.0016279594
               3.8583622                   -0.0016006499
               3.8594952                   -0.0015718695
               3.8606284                   -0.0015417045
               3.8617616                   -0.0015102219
               3.8628948                   -0.0014774494
               3.8640277                   -0.0014433719
               3.8651609                   -0.0014079389
               3.8662941                   -0.0013710863
               3.8674273                   -0.0013327592
               3.8685603                   -0.0012929302
               3.8696935                   -0.0012516093
               3.8708267                   -0.0012088396
               3.8719599                   -0.0011646835
               3.8730929                   -0.0011192061
               3.8742261                   -0.0010724588
               3.8753593                   -0.0010244718
               3.8764925                  -0.00097525481
               3.8776255                  -0.00092480553
               3.8787587                  -0.00087312219
               3.8798919                   -0.0008202141
               3.8810251                  -0.00076610671
                3.882158                  -0.00071084063
               3.8832912                   -0.0006544654
               3.8844244                  -0.00059703109
               3.8855577                  -0.00053858245
               3.8866906                   -0.0004791581
               3.8878238                  -0.00041879417
                3.888957                  -0.00035753069
               3.8900902                  -0.00029541741
               3.8912234                  -0.00023251533
               3.8923564                  -0.00016889293
               3.8934896                  -0.00010461816
               3.8946228                  -3.9749124e-05
                3.895756                   2.5672371e-05
                3.896889                   9.1621288e-05
               3.8980222                     0.000158083
               3.8991554                    0.0002250418
               3.9002886                     0.000292468
               3.9014215                   0.00036030859
               3.9025548                   0.00042848501
                3.903688                   0.00049689971
               3.9048212                    0.0005654493
               3.9059541                   0.00063403905
               3.9070873                   0.00070259423
               3.9082205                   0.00077106297
               3.9093537                   0.00083941023
               3.9104867                     0.000907604
               3.9116199                   0.00097560044
               3.9127531                    0.0010433329
               3.9138863                    0.0011107095
               3.9150193                    0.0011776225
               3.9161525                    0.0012439652
               3.9172857                     0.001309651
               3.9184189                     0.001374628
               3.9195518                    0.0014388817
               3.9206851                    0.0015024239
               3.9218183                    0.0015652711
               3.9229515                    0.0016274176
               3.9240847                    0.0016888143
               3.9252176                    0.0017493581
               3.9263508                    0.0018089012
                3.927484                    0.0018672732
               3.9286172                    0.0019243141
               3.9297502                    0.0019799036
               3.9308834                    0.0020339836
               3.9320166                    0.0020865572
               3.9331498                    0.0021376736
               3.9342828                    0.0021873945
                3.935416                    0.0022357616
               3.9365492                    0.0022827645
               3.9376824                    0.0023283286
               3.9388154                    0.0023723212
               3.9399486                    0.0024145786
               3.9410818                    0.0024549405
                3.942215                    0.0024932825
               3.9433479                    0.0025295403
               3.9444811                    0.0025637103
               3.9456143                    0.0025958356
               3.9467475                    0.0026259767
               3.9478805                    0.0026541785
               3.9490137                    0.0026804449
               3.9501469                    0.0027047277
               3.9512801                    0.0027269355
               3.9524131                    0.0027469534
               3.9535463                     0.002764673
               3.9546795                    0.0027800188
               3.9558127                    0.0027929619
               3.9569459                    0.0028035184
               3.9580789                    0.0028117346
               3.9592121                    0.0028176603
               3.9603453                    0.0028213258
               3.9614785                    0.0028227232
               3.9626114                    0.0028218054
               3.9637446                     0.002818496
               3.9648778                    0.0028127115
                3.966011                     0.002804386
                3.967144                    0.0027934872
               3.9682772                    0.0027800244
               3.9694104                    0.0027640411
               3.9705436                    0.0027455965
               3.9716766                     0.002724743
               3.9728098                    0.0027015097
                3.973943                    0.0026758923
               3.9750762                    0.0026478572
               3.9762092                    0.0026173575
               3.9773424                    0.0025843519
               3.9784756                    0.0025488236
               3.9796088                    0.0025107895
               3.9807417                    0.0024703003
               3.9818749                    0.0024274276
               3.9830081                    0.0023822438
               3.9841413                    0.0023348043
               3.9852743                    0.0022851352
               3.9864075                    0.0022332324
               3.9875407                    0.0021790704
               3.9886739                    0.0021226206
               3.9898071                    0.0020638711
               3.9909401                    0.0020028413
               3.9920733                    0.0019395865
               3.9932065                    0.0018741922
               3.9943397                    0.0018067588
               3.9954727                    0.0017373828
               3.9966059                    0.0016661395
               3.9977391                    0.0015930738
               3.9988723                    0.0015182017
               4.0000052                    0.0014415197
               4.0011387                    0.0013630214
               4.0022717                    0.0012827135
               4.0034046                    0.0012006267
               4.0045381                    0.0011168196
                4.005671                    0.0010313726
                4.006804                   0.00094437849
               4.0079374                   0.00085592957
               4.0090704                   0.00076610834
               4.0102038                   0.00067498419
               4.0113368                   0.00058261497
               4.0124698                    0.0004890539
               4.0136032                   0.00039435705
               4.0147362                   0.00029858889
               4.0158691                   0.00020182297
               4.0170026                   0.00010413764
               4.0181355                   5.6091067e-06
                4.019269                  -9.3695329e-05
                4.020402                  -0.00019372028
               4.0215349                  -0.00029441976
               4.0226684                  -0.00039574938
               4.0238013                  -0.00049765583
               4.0249348                  -0.00060006755
               4.0260677                  -0.00070289063
               4.0272007                  -0.00080601143
               4.0283341                  -0.00090930634
               4.0294671                   -0.0010126551
               4.0306001                   -0.0011159533
               4.0317335                   -0.0012191199
               4.0328665                   -0.0013220969
               4.0339999                   -0.0014248413
               4.0351329                   -0.0015273117
               4.0362659                    -0.001629454
               4.0373993                   -0.0017311919
               4.0385323                   -0.0018324258
               4.0396652                   -0.0019330394
               4.0407987                   -0.0020329142
               4.0419316                   -0.0021319448
               4.0430651                   -0.0022300496
                4.044198                   -0.0023271732
                4.045331                   -0.0024232785
               4.0464644                    -0.002518333
               4.0475974                   -0.0026122897
               4.0487304                   -0.0027050774
               4.0498638                   -0.0027965938
               4.0509968                   -0.0028867149
               4.0521302                   -0.0029753102
               4.0532632                   -0.0030622634
               4.0543962                   -0.0031474871
               4.0555296                   -0.0032309315
               4.0566626                   -0.0033125794
                4.057796                   -0.0033924293
                4.058929                   -0.0034704725
               4.0600619                   -0.0035466729
               4.0611954                   -0.0036209561
               4.0623283                     -0.00369321
               4.0634613                   -0.0037633013
               4.0645947                   -0.0038311002
               4.0657277                   -0.0038965039
               4.0668612                   -0.0039594551
               4.0679941                   -0.0040199454
               4.0691271                   -0.0040780045
               4.0702605                   -0.0041336766
               4.0713935                   -0.0041869925
               4.0725265                   -0.0042379517
               4.0736599                   -0.0042865062
               4.0747929                   -0.0043325718
               4.0759263                   -0.0043760426
               4.0770593                   -0.0044168206
               4.0781922                     -0.00445484
               4.0793257                    -0.004490077
               4.0804586                   -0.0045225574
               4.0815916                   -0.0045523345
                4.082725                    -0.004579471
                4.083858                   -0.0046040118
               4.0849915                   -0.0046259672
               4.0861244                   -0.0046453113
               4.0872574                   -0.0046619903
               4.0883908                   -0.0046759467
               4.0895238                   -0.0046871426
               4.0906572                   -0.0046955799
               4.0917902                   -0.0047013066
               4.0929232                   -0.0047044102
               4.0940566                    -0.004704996
               4.0951896                    -0.004703165
               4.0963225                   -0.0046989899
                4.097456                   -0.0046925009
               4.0985889                   -0.0046836883
               4.0997224                   -0.0046725185
               4.1008554                   -0.0046589533
               4.1019883                   -0.0046429769
               4.1031218                   -0.0046246122
               4.1042547                    -0.004603927
               4.1053877                   -0.0045810272
               4.1065211                   -0.0045560412
               4.1076541                   -0.0045290967
               4.1087875                   -0.0045003034
               4.1099205                   -0.0044697402
               4.1110535                    -0.004437455
               4.1121869                   -0.0044034738
               4.1133199                   -0.0043678139
               4.1144528                   -0.0043305005
               4.1155863                   -0.0042915773
               4.1167192                   -0.0042511122
               4.1178527                   -0.0042091929
               4.1189857                     -0.00416592
               4.1201186                   -0.0041213944
               4.1212521                   -0.0040757088
                4.122385                    -0.004028941
               4.1235185                   -0.0039811535
               4.1246514                   -0.0039323959
               4.1257844                   -0.0038827122
               4.1269178                   -0.0038321493
               4.1280508                   -0.0037807613
               4.1291838                   -0.0037286123
               4.1303172                   -0.0036757798
               4.1314502                   -0.0036223503
               4.1325836                    -0.003568413
               4.1337166                   -0.0035140566
               4.1348495                   -0.0034593628
                4.135983                   -0.0034044008
                4.137116                   -0.0033492241
               4.1382489                   -0.0032938726
               4.1393824                    -0.003238373
               4.1405153                    -0.003182746
               4.1416488                   -0.0031270136
               4.1427817                    -0.003071205
               4.1439147                   -0.0030153622
               4.1450481                   -0.0029595401
               4.1461811                   -0.0029038019
               4.1473141                   -0.0028482114
               4.1484475                   -0.0027928241
               4.1495805                   -0.0027376781
               4.1507139                   -0.0026827923
               4.1518469                   -0.0026281667
               4.1529799                   -0.0025737928
               4.1541133                   -0.0025196637
               4.1552463                   -0.0024657845
               4.1563797                     -0.00241218
               4.1575127                   -0.0023588936
               4.1586456                   -0.0023059789
               4.1597791                   -0.0022534877
                4.160912                   -0.0022014556
                4.162045                   -0.0021498927
               4.1631784                   -0.0020987799
               4.1643114                   -0.0020480757
               4.1654449                     -0.00199773
               4.1665778                   -0.0019477012
               4.1677108                   -0.0018979687
               4.1688442                   -0.0018485392
               4.1699772                   -0.0017994435
               4.1711102                   -0.0017507247
               4.1722436                   -0.0017024205
               4.1733766                   -0.0016545493
                 4.17451                    -0.001607102
                4.175643                   -0.0015600432
               4.1767759                   -0.0015133217
               4.1779094                   -0.0014668864
               4.1790423                   -0.0014207009
               4.1801753                   -0.0013747521
               4.1813087                   -0.0013290476
               4.1824417                   -0.0012836052
               4.1835752                    -0.001238438
               4.1847081                   -0.0011935396
               4.1858411                   -0.0011488793
               4.1869745                   -0.0011044047
               4.1881075                   -0.0010600556
               4.1892409                   -0.0010157826
               4.1903739                  -0.00097156386
               4.1915069                  -0.00092741201
               4.1926403                  -0.00088337029
               4.1937733                  -0.00083949545
               4.1949062                  -0.00079583476
               4.1960397                  -0.00075240445
               4.1971726                  -0.00070917822
               4.1983061                  -0.00066609093
                4.199439                  -0.00062305602
                4.200572                  -0.00057999301
               4.2017055                  -0.00053685415
               4.2028384                  -0.00049364171
               4.2039714                  -0.00045040844
               4.2051048                  -0.00040724088
               4.2062378                  -0.00036422929
               4.2073712                   -0.0003214356
               4.2085042                  -0.00027886999
               4.2096372                  -0.00023648537
               4.2107706                  -0.00019419164
               4.2119036                  -0.00015188676
               4.2130365                  -0.00010949381
                 4.21417                  -6.6991634e-05
               4.2153029                  -2.4428191e-05
               4.2164364                    1.808902e-05
               4.2175694                    6.042287e-05
               4.2187023                   0.00010244749
               4.2198358                   0.00014408652
               4.2209687                   0.00018533548
               4.2221022                   0.00022626029
               4.2232351                   0.00026697185
               4.2243681                   0.00030758465
               4.2255015                   0.00034817363
               4.2266345                   0.00038874283
               4.2277675                   0.00042921686
               4.2289009                   0.00046945753
               4.2300339                   0.00050930073
               4.2311673                   0.00054860138
               4.2323003                   0.00058727193
               4.2334332                   0.00062530098
               4.2345667                   0.00066274713
               4.2356997                   0.00069970929
               4.2368326                   0.00073628424
               4.2379661                   0.00077252596
                4.239099                   0.00080841879
               4.2402325                   0.00084387447
               4.2413654                   0.00087875256
               4.2424984                   0.00091289758
               4.2436318                   0.00094617961
               4.2447648                   0.00097852596
               4.2458982                    0.0010099317
               4.2470312                    0.0010404482
               4.2481642                    0.0010701534
               4.2492976                    0.0010991145
               4.2504306                    0.0011273553
               4.2515635                    0.0011548387
                4.252697                    0.0011814706
                 4.25383                    0.0012071213
               4.2549634                    0.0012316585
               4.2560964                    0.0012549795
               4.2572293                     0.001277033
               4.2583628                    0.0012978234
               4.2594957                    0.0013173975
               4.2606287                    0.0013358191
               4.2617621                      0.00135314
               4.2628951                    0.0013693761
               4.2640285                    0.0013844991
               4.2651615                    0.0013984406
               4.2662945                    0.0014111091
               4.2674279                    0.0014224127
               4.2685609                    0.0014322797
               4.2696939                    0.0014406699
               4.2708273                    0.0014475751
               4.2719603                    0.0014530097
               4.2730937                    0.0014569957
               4.2742267                    0.0014595487
               4.2753596                    0.0014606677
               4.2764931                    0.0014603341
                4.277626                    0.0014585165
               4.2787595                    0.0014551806
               4.2798924                    0.0014502989
               4.2810254                    0.0014438565
               4.2821589                    0.0014358507
               4.2832918                     0.001426287
               4.2844248                    0.0014151725
               4.2855582                    0.0014025101
               4.2866912                    0.0013882968
               4.2878246                    0.0013725265
               4.2889576                    0.0013551946
               4.2900906                    0.0013363047
                4.291224                    0.0013158714
                4.292357                    0.0012939195
               4.2934899                    0.0012704793
               4.2946234                    0.0012455779
               4.2957563                    0.0012192318
               4.2968898                    0.0011914424
               4.2980227                    0.0011621984
               4.2991557                    0.0011314823
               4.3002892                    0.0010992815
               4.3014221                    0.0010655997
               4.3025551                    0.0010304641
               4.3036885                   0.00099392596
               4.3048215                   0.00095605577
               4.3059549                   0.00091693189
               4.3070879                   0.00087662681
               4.3082209                   0.00083519635
               4.3093543                   0.00079267321
               4.3104873                   0.00074906828
               4.3116207                    0.0007043783
               4.3127537                   0.00065859739
               4.3138866                   0.00061172975
               4.3150201                   0.00056379847
                4.316153                   0.00051484926
                4.317286                   0.00046494746
               4.3184195                   0.00041417053
               4.3195524                   0.00036259755
               4.3206859                   0.00031029992
               4.3218188                   0.00025733511
               4.3229518                   0.00020374468
               4.3240852                   0.00014955705
               4.3252182                   9.4793184e-05
               4.3263512                   3.9473707e-05
               4.3274846                  -1.6374275e-05
               4.3286176                  -7.2712246e-05
                4.329751                  -0.00012948822
                4.330884                  -0.00018663757
               4.3320169                    -0.000244086
               4.3331504                  -0.00030175428
               4.3342834                  -0.00035956313
               4.3354163                  -0.00041743825
               4.3365498                   -0.0004753148
               4.3376827                  -0.00053314073
               4.3388162                   -0.0005908779
               4.3399491                  -0.00064850086
               4.3410821                  -0.00070599228
               4.3422155                  -0.00076333701
               4.3433485                  -0.00082051457
               4.3444819                  -0.00087749271
               4.3456149                  -0.00093422236
               4.3467479                  -0.00099063723
               4.3478813                   -0.0010466577
               4.3490143                   -0.0011021981
               4.3501472                   -0.0011571776
               4.3512807                   -0.0012115289
               4.3524137                   -0.0012652057
               4.3535471                   -0.0013181834
               4.3546801                   -0.0013704544
                4.355813                   -0.0014220192
               4.3569465                   -0.0014728745
               4.3580794                   -0.0015230036
               4.3592124                   -0.0015723703
               4.3603458                   -0.0016209207
               4.3614788                   -0.0016685897
               4.3626122                   -0.0017153121
               4.3637452                   -0.0017610355
               4.3648782                    -0.001805727
               4.3660116                   -0.0018493771
               4.3671446                   -0.0018919935
               4.3682775                   -0.0019335917
                4.369411                   -0.0019741803
                4.370544                   -0.0020137504
               4.3716774                   -0.0020522685
               4.3728104                   -0.0020896788
               4.3739433                   -0.0021259128
               4.3750768                   -0.0021609045
               4.3762097                   -0.0021946039
               4.3773432                   -0.0022269909
               4.3784761                    -0.002258077
               4.3796091                   -0.0022879005
               4.3807425                   -0.0023165133
               4.3818755                   -0.0023439634
               4.3830085                   -0.0023702788
               4.3841419                   -0.0023954583
               4.3852749                   -0.0024194699
               4.3864083                   -0.0024422605
               4.3875413                   -0.0024637696
               4.3886743                   -0.0024839467
               4.3898077                    -0.002502765
               4.3909407                   -0.0025202262
               4.3920736                   -0.0025363574
               4.3932071                   -0.0025512008
                 4.39434                   -0.0025647986
               4.3954735                     -0.00257718
               4.3966064                   -0.0025883531
               4.3977394                   -0.0025983073
               4.3988729                   -0.0026070217
               4.4000058                    -0.002614479
               4.4011388                    -0.002620677
               4.4022722                   -0.0026256365
               4.4034052                   -0.0026293993
               4.4045386                   -0.0026320182
               4.4056716                   -0.0026335418
               4.4068046                   -0.0026339996
                4.407938                   -0.0026333919
                4.409071                   -0.0026316908
               4.4102044                    -0.002628851
               4.4113374                   -0.0026248281
               4.4124703                   -0.0026195981
               4.4136038                   -0.0026131736
               4.4147367                   -0.0026056073
               4.4158697                   -0.0025969853
               4.4170032                   -0.0025874076
               4.4181361                   -0.0025769637
               4.4192696                   -0.0025657131
               4.4204025                   -0.0025536711
               4.4215355                   -0.0025408117
               4.4226689                    -0.002527083
               4.4238019                   -0.0025124308
               4.4249349                   -0.0024968223
               4.4260683                   -0.0024802652
               4.4272013                   -0.0024628113
               4.4283347                   -0.0024445474
               4.4294677                   -0.0024255735
               4.4306006                   -0.0024059787
               4.4317341                   -0.0023858179
               4.4328671                   -0.0023651049
                   4.434                   -0.0023438151
               4.4351335                   -0.0023219043
               4.4362664                   -0.0022993335
               4.4373999                   -0.0022760925
               4.4385328                   -0.0022522134
               4.4396658                   -0.0022277678
               4.4407992                   -0.0022028529
               4.4419322                   -0.0021775654
               4.4430656                    -0.002151977
               4.4441986                   -0.0021261172
               4.4453316                   -0.0020999699
                4.446465                    -0.002073487
                4.447598                   -0.0020466135
               4.4487309                   -0.0020193141
               4.4498644                   -0.0019915956
               4.4509974                   -0.0019635165
               4.4521308                   -0.0019351753
               4.4532638                   -0.0019066879
               4.4543967                   -0.0018781568
               4.4555302                   -0.0018496438
               4.4566631                   -0.0018211536
               4.4577961                   -0.0017926382
               4.4589295                   -0.0017640151
               4.4600625                   -0.0017351988
               4.4611959                   -0.0017061323
               4.4623289                   -0.0016768104
               4.4634619                   -0.0016472844
               4.4645953                   -0.0016176507
               4.4657283                    -0.001588023
               4.4668612                   -0.0015584994
               4.4679947                   -0.0015291348
               4.4691277                   -0.0014999263
               4.4702611                   -0.0014708176
               4.4713941                   -0.0014417198
                4.472527                   -0.0014125422
               4.4736605                   -0.0013832221
               4.4747934                   -0.0013537443
               4.4759269                   -0.0013241456
               4.4770598                   -0.0012944997
               4.4781928                   -0.0012648915
               4.4793262                   -0.0012353867
               4.4804592                   -0.0012060094
               4.4815922                   -0.0011767329
               4.4827256                    -0.001147487
               4.4838586                   -0.0011181796
                4.484992                   -0.0010887256
                4.486125                   -0.0010590715
                4.487258                   -0.0010292106
               4.4883914                  -0.00099918083
               4.4895244                  -0.00096904958
               4.4906573                  -0.00093888864
               4.4917908                  -0.00090874772
               4.4929237                  -0.00087863539
               4.4940572                  -0.00084851321
               4.4951901                  -0.00081830402
               4.4963231                  -0.00078791153
               4.4974566                   -0.0007572443
               4.4985895                  -0.00072623679
               4.4997225                  -0.00069486094
               4.5008559                  -0.00066312554
               4.5019889                  -0.00063106418
               4.5031223                  -0.00059871818
               4.5042553                  -0.00056611857
               4.5053883                  -0.00053327461
               4.5065217                  -0.00050017162
               4.5076547                  -0.00046677666
               4.5087881                  -0.00043305024
               4.5099211                  -0.00039895804
                4.511054                  -0.00036447897
               4.5121875                  -0.00032960656
               4.5133204                  -0.00029434339
               4.5144534                  -0.00025869251
               4.5155869                  -0.00022264887
               4.5167198                  -0.00018619544
               4.5178533                  -0.00014930527
               4.5189862                  -0.00011194954
               4.5201192                  -7.4108262e-05
               4.5212526                  -3.5779391e-05
               4.5223856                   3.0173251e-06
               4.5235186                   4.2244086e-05
                4.524652                   8.1855607e-05
                4.525785                   0.00012181278
               4.5269184                   0.00016209492
               4.5280514                   0.00020270601
               4.5291843                   0.00024367221
               4.5303178                   0.00028503113
               4.5314507                   0.00032681596
               4.5325837                    0.0003690405
               4.5337172                   0.00041168928
               4.5348501                   0.00045471656
               4.5359836                   0.00049805507
               4.5371165                   0.00054163119
               4.5382495                   0.00058538181
               4.5393829                   0.00062926731
               4.5405159                    0.0006732755
               4.5416493                   0.00071741623
               4.5427823                   0.00076170714
               4.5439153                   0.00080615719
               4.5450487                   0.00085075333
               4.5461817                   0.00089545478
               4.5473146                   0.00094019709
               4.5484481                   0.00098490482
               4.5495811                    0.0010295077
               4.5507145                    0.0010739537
               4.5518475                     0.001118215
               4.5529804                    0.0011622852
               4.5541139                    0.0012061647
               4.5552468                     0.001249845
               4.5563798                    0.0012932929
               4.5575132                    0.0013364429
               4.5586462                    0.0013792024
               4.5597796                    0.0014214662
               4.5609126                    0.0014631377
               4.5620456                    0.0015041496
                4.563179                    0.0015444754
                4.564312                    0.0015841277
               4.5654449                    0.0016231434
               4.5665784                    0.0016615606
               4.5677114                    0.0016993925
               4.5688448                    0.0017366082
               4.5699778                    0.0017731278
               4.5711107                    0.0018088325
               4.5722442                    0.0018435869
               4.5733771                    0.0018772677
               4.5745106                    0.0019097888
               4.5756435                    0.0019411142
               4.5767765                    0.0019712565
               4.5779099                     0.002000259
               4.5790429                    0.0020281696
               4.5801759                    0.0020550131
               4.5813093                    0.0020807744
               4.5824423                    0.0021053927
               4.5835757                    0.0021287762
               4.5847087                    0.0021508234
               4.5858417                    0.0021714494
               4.5869751                    0.0021906067
               4.5881081                    0.0022082923
                4.589241                    0.0022245392
               4.5903745                     0.002239397
               4.5915074                    0.0022529073
               4.5926409                    0.0022650806
               4.5937738                    0.0022758874
               4.5949068                    0.0022852619
               4.5960402                    0.0022931201
               4.5971732                    0.0022993858
               4.5983062                    0.0023040152
               4.5994396                    0.0023070106
               4.6005726                    0.0023084206
                4.601706                    0.0023083244
                4.602839                    0.0023068087
                4.603972                    0.0023039398
               4.6051054                    0.0022997435
               4.6062384                    0.0022941993
               4.6073718                    0.0022872502
               4.6085048                    0.0022788243
               4.6096377                    0.0022688592
               4.6107712                    0.0022573266
               4.6119041                    0.0022442439
               4.6130371                    0.0022296705
               4.6141706                    0.0022136956
               4.6153035                    0.0021964139
                4.616437                    0.0021779048
               4.6175699                    0.0021582176
               4.6187029                     0.002137366
               4.6198363                    0.0021153376
               4.6209693                    0.0020921102
               4.6221023                    0.0020676693
               4.6232357                    0.0020420249
               4.6243687                    0.0020152156
               4.6255021                    0.0019873052
               4.6266351                    0.0019583711
                4.627768                    0.0019284895
               4.6289015                     0.001897722
               4.6300344                    0.0018661103
               4.6311674                    0.0018336774
               4.6323009                    0.0018004361
               4.6334338                    0.0017664002
               4.6345673                    0.0017315936
               4.6357002                    0.0016960565
               4.6368332                    0.0016598435
               4.6379666                    0.0016230179
               4.6390996                    0.0015856423
                4.640233                    0.0015477713
                4.641366                    0.0015094467
                4.642499                    0.0014706999
               4.6436324                    0.0014315572
               4.6447654                     0.001392048
               4.6458983                    0.0013522112
               4.6470318                    0.0013120988
               4.6481647                    0.0012717728
               4.6492982                    0.0012312992
               4.6504312                    0.0011907396
               4.6515641                    0.0011501434
               4.6526976                    0.0011095443
               4.6538305                    0.0010689601
               4.6549635                    0.0010283983
               4.6560969                   0.00098786433
               4.6572299                   0.00094736915
               4.6583633                   0.00090693543
               4.6594963                   0.00086660014
               4.6606293                   0.00082641229
               4.6617627                   0.00078642706
               4.6628957                   0.00074669911
               4.6640286                   0.00070727593
               4.6651621                   0.00066819409
               4.6662951                   0.00062947773
               4.6674285                   0.00059114071
               4.6685615                   0.00055319065
               4.6696944                   0.00051563425
               4.6708279                   0.00047848173
               4.6719608                   0.00044174958
               4.6730943                   0.00040546164
               4.6742272                   0.00036964769
               4.6753602                   0.00033434003
               4.6764936                   0.00029956902
               4.6776266                   0.00026535901
               4.6787596                   0.00023172522
                4.679893                   0.00019867296
                4.681026                   0.00016619943
               4.6821594                   0.00013429741
               4.6832924                   0.00010296012
               4.6844254                   7.2185976e-05
               4.6855588                   4.1981813e-05
               4.6866918                   1.2363107e-05
               4.6878247                  -1.6648664e-05
               4.6889582                  -4.5031233e-05
               4.6900911                  -7.2767623e-05
               4.6912246                  -9.9851117e-05
               4.6923575                   -0.0001262874
               4.6934905                  -0.00015209249
               4.6946239                  -0.00017728694
               4.6957569                  -0.00020188802
               4.6968899                  -0.00022590239
               4.6980233                  -0.00024932215
               4.6991563                   -0.0002721257
               4.7002897                  -0.00029428373
               4.7014227                  -0.00031576905
               4.7025557                   -0.0003365665
               4.7036891                  -0.00035667993
               4.7048221                   -0.0003761336
               4.7059555                  -0.00039496622
               4.7070885                  -0.00041322038
               4.7082214                  -0.00043092945
               4.7093549                  -0.00044810714
               4.7104878                  -0.00046474297
               4.7116208                  -0.00048080628
               4.7127542                  -0.00049625704
               4.7138872                  -0.00051106012
               4.7150207                  -0.00052519829
               4.7161536                  -0.00053867942
               4.7172866                  -0.00055153517
                 4.71842                  -0.00056381023
                4.719553                  -0.00057554763
                4.720686                  -0.00058677304
               4.7218194                  -0.00059748563
               4.7229524                  -0.00060765777
               4.7240858                  -0.00061724428
               4.7252188                  -0.00062619941
               4.7263517                  -0.00063449325
               4.7274852                  -0.00064212375
               4.7286181                   -0.0006491192
               4.7297511                  -0.00065552891
               4.7308846                  -0.00066140678
               4.7320175                  -0.00066679169
                4.733151                   -0.0006716926
               4.7342839                  -0.00067608303
               4.7354169                  -0.00067990849
               4.7365503                  -0.00068310363
               4.7376833                  -0.00068561366
               4.7388167                  -0.00068741309
               4.7399497                  -0.00068851485
               4.7410827                  -0.00068896578
               4.7422161                  -0.00068883091
               4.7433491                  -0.00068817125
                4.744482                  -0.00068702298
               4.7456155                  -0.00068538572
               4.7467484                  -0.00068322249
               4.7478819                  -0.00068047317
               4.7490149                  -0.00067707518
               4.7501478                  -0.00067298487
               4.7512813                  -0.00066819217
               4.7524142                  -0.00066272198
               4.7535472                  -0.00065662403
               4.7546806                  -0.00064995314
               4.7558136                  -0.00064274797
                4.756947                  -0.00063501555
                 4.75808                  -0.00062672736
                4.759213                  -0.00061782834
               4.7603464                  -0.00060825562
               4.7614794                  -0.00059796096
               4.7626123                  -0.00058692857
               4.7637458                   -0.0005751822
               4.7648787                   -0.0005627785
               4.7660122                  -0.00054978929
               4.7671452                  -0.00053627946
               4.7682781                  -0.00052228657
               4.7694116                  -0.00050781033
               4.7705445                   -0.0004928144
                4.771678                  -0.00047723937
               4.7728109                  -0.00046102208
               4.7739439                  -0.00044411464
               4.7750773                   -0.0004264976
               4.7762103                  -0.00040818233
               4.7773433                  -0.00038920477
               4.7784767                  -0.00036961192
               4.7796097                   -0.0003494476
               4.7807431                   -0.0003287424
               4.7818761                  -0.00030751061
               4.7830091                  -0.00028575436
               4.7841425                  -0.00026347139
               4.7852755                   -0.0002406627
               4.7864084                  -0.00021733581
               4.7875419                  -0.00019350256
               4.7886748                  -0.00016917259
               4.7898083                   -0.0001443457
               4.7909412                  -0.00011900756
               4.7920742                  -9.3131683e-05
               4.7932076                  -6.6688401e-05
               4.7943406                  -3.9658109e-05
               4.7954736                  -1.2044099e-05
                4.796607                   1.6120375e-05
                 4.79774                   4.4774511e-05
               4.7988734                   7.3841875e-05
               4.8000064                   0.00010324887
               4.8011394                   0.00013294371
               4.8022728                   0.00016290964
               4.8034058                   0.00019316733
               4.8045392                   0.00022376487
               4.8056722                   0.00025475817
               4.8068051                   0.00028618801
               4.8079386                   0.00031806174
               4.8090715                   0.00035034542
               4.8102045                   0.00038296846
               4.8113379                   0.00041584045
               4.8124709                    0.0004488735
               4.8136044                   0.00048200384
               4.8147373                   0.00051520491
               4.8158703                   0.00054848817
               4.8170037                   0.00058189122
               4.8181367                   0.00061545824
               4.8192697                    0.0006492188
               4.8204031                   0.00068317202
               4.8215361                   0.00071728061
               4.8226695                   0.00075147639
               4.8238025                   0.00078567484
               4.8249354                   0.00081979204
               4.8260689                   0.00085376151
               4.8272018                   0.00088754256
               4.8283348                   0.00092112075
               4.8294683                   0.00095450145
               4.8306012                   0.00098769728
               4.8317347                    0.0010207167
               4.8328676                    0.0010535561
               4.8340006                    0.0010861962
                4.835134                     0.001118603
                4.836267                    0.0011507329
               4.8374004                    0.0011825353
               4.8385334                    0.0012139572
               4.8396664                    0.0012449435
               4.8407998                    0.0012754379
               4.8419328                    0.0013053843
               4.8430657                    0.0013347309
               4.8441992                     0.001363434
               4.8453321                    0.0013914641
               4.8464656                    0.0014188072
               4.8475986                    0.0014454636
               4.8487315                    0.0014714416
                4.849865                    0.0014967469
               4.8509979                    0.0015213726
               4.8521309                    0.0015452924
               4.8532643                    0.0015684592
               4.8543973                    0.0015908113
               4.8555307                    0.0016122845
               4.8566637                    0.0016328247
               4.8577967                    0.0016523984
               4.8589301                    0.0016709947
               4.8600631                    0.0016886205
                4.861196                    0.0017052861
               4.8623295                    0.0017209902
               4.8634624                    0.0017357089
               4.8645959                    0.0017493924
               4.8657289                    0.0017619731
               4.8668618                    0.0017733831
               4.8679953                    0.0017835721
               4.8691282                    0.0017925262
               4.8702617                    0.0018002697
               4.8713946                    0.0018068592
               4.8725276                    0.0018123621
                4.873661                     0.001816832
                4.874794                    0.0018202869
                4.875927                    0.0018226968
               4.8770604                    0.0018239897
               4.8781934                    0.0018240709
               4.8793268                     0.001822853
               4.8804598                    0.0018202832
               4.8815928                    0.0018163639
               4.8827262                     0.001811154
               4.8838592                    0.0018047513
               4.8849921                    0.0017972643
               4.8861256                    0.0017887766
               4.8872585                    0.0017793232
                4.888392                    0.0017688792
               4.8895249                    0.0017573712
               4.8906579                     0.001744704
               4.8917913                    0.0017307943
               4.8929243                    0.0017156018
               4.8940578                    0.0016991468
               4.8951907                    0.0016815088
               4.8963237                    0.0016628054
               4.8974571                      0.00164316
               4.8985901                    0.0016226693
               4.8997231                    0.0016013808
               4.9008565                     0.001579287
               4.9019895                    0.0015563385
               4.9031229                    0.0015324715
               4.9042559                    0.0015076378
               4.9053888                    0.0014818296
               4.9065223                    0.0014550894
               4.9076552                    0.0014275038
               4.9087882                    0.0013991812
               4.9099216                    0.0013702246
               4.9110546                    0.0013407067
               4.9121881                    0.0013106569
                4.913321                    0.0012800632
                4.914454                    0.0012488888
               4.9155874                     0.001217096
               4.9167204                    0.0011846684
               4.9178534                     0.001151626
               4.9189868                    0.0011180267
               4.9201198                    0.0010839548
               4.9212532                    0.0010495023
               4.9223862                    0.0010147485
               4.9235191                   0.00097974518
               4.9246526                   0.00094451237
               4.9257855                   0.00090904435
                4.926919                   0.00087332417
               4.9280519                   0.00083734002
               4.9291849                   0.00080109813
               4.9303184                   0.00076462736
               4.9314513                   0.00072797615
               4.9325843                   0.00069120311
               4.9337177                   0.00065436534
               4.9348507                      0.00061751
               4.9359841                    0.0005806699
               4.9371171                   0.00054386631
               4.9382501                   0.00050711446
               4.9393835                   0.00047043146
               4.9405165                   0.00043384061
               4.9416494                   0.00039737186
               4.9427829                   0.00036105787
               4.9439158                    0.0003249287
               4.9450493                   0.00028900706
               4.9461823                   0.00025330769
               4.9473152                   0.00021784063
               4.9484487                   0.00018261744
               4.9495816                   0.00014765808
               4.9507146                   0.00011299436
                4.951848                   7.8668389e-05
                4.952981                   4.4725759e-05
               4.9541144                   1.1205622e-05
               4.9552474                  -2.1868382e-05
               4.9563804                  -5.4492484e-05
               4.9575138                  -8.6679975e-05
               4.9586468                  -0.00011845148
               4.9597802                  -0.00014982164
               4.9609132                  -0.00018078636
               4.9620461                  -0.00021131554
               4.9631796                  -0.00024135511
               4.9643126                  -0.00027083812
               4.9654455                   -0.0002997017
                4.966579                  -0.00032790453
               4.9677119                  -0.00035543836
               4.9688454                  -0.00038232899
               4.9699783                  -0.00040862593
               4.9711113                  -0.00043438387
               4.9722447                  -0.00045964139
               4.9733777                  -0.00048440488
               4.9745107                  -0.00050864223
               4.9756441                  -0.00053228915
               4.9767771                   -0.0005552668
               4.9779105                  -0.00057750434
               4.9790435                  -0.00059895997
               4.9801764                  -0.00061963184
               4.9813099                  -0.00063955679
               4.9824429                  -0.00065879582
               4.9835758                  -0.00067741208
               4.9847093                  -0.00069544866
               4.9858422                  -0.00071291398
               4.9869757                  -0.00072977837
               4.9881086                  -0.00074598537
               4.9892416                  -0.00076147146
                4.990375                  -0.00077618856
                4.991508                  -0.00079012115
               4.9926414                  -0.00080329203
               4.9937744                  -0.00081575528
               4.9949074                  -0.00082757766
               4.9960408                   -0.0008388157
               4.9971738                  -0.00084949605
               4.9983068                  -0.00085960614
               4.9994402                  -0.00086909859
               5.0005732                  -0.00087790715
               5.0017066                  -0.00088597037
               5.0028396                  -0.00089325366
               5.0039725                  -0.00089976395
                5.005106                  -0.00090555067
               5.0062389                  -0.00091069448
               5.0073719                  -0.00091528468
               5.0085053                  -0.00091939553
               5.0096383                  -0.00092306751
               5.0107718                  -0.00092629931
               5.0119047                  -0.00092905381
               5.0130377                  -0.00093127519
               5.0141711                  -0.00093291019
               5.0153041                  -0.00093392795
               5.0164371                  -0.00093433179
               5.0175705                  -0.00093415932
               5.0187035                  -0.00093347055
               5.0198369                  -0.00093233003
               5.0209699                  -0.00093078846
               5.0221028                  -0.00092886959
               5.0232363                  -0.00092656742
               5.0243692                  -0.00092385249
               5.0255027                  -0.00092068687
               5.0266356                  -0.00091704028
               5.0277686                  -0.00091290311
               5.0289021                  -0.00090829242
                5.030035                  -0.00090324838
                5.031168                  -0.00089782372
               5.0323014                  -0.00089206954
               5.0334344                   -0.0008860227
               5.0345678                  -0.00087969948
               5.0357008                  -0.00087309652
               5.0368338                  -0.00086619804
               5.0379672                  -0.00085898634
               5.0391002                  -0.00085145165
               5.0402331                  -0.00084359694
               5.0413666                  -0.00083543709
               5.0424995                  -0.00082699384
                5.043633                  -0.00081828743
               5.0447659                  -0.00080933014
               5.0458989                  -0.00080012297
               5.0470324                  -0.00079065771
               5.0481653                  -0.00078092294
               5.0492983                  -0.00077091146
               5.0504317                  -0.00076062599
               5.0515647                  -0.00075008074
               5.0526981                   -0.0007392976
               5.0538311                  -0.00072829856
               5.0549641                  -0.00071709737
               5.0560975                  -0.00070569379
               5.0572305                  -0.00069407263
               5.0583639                  -0.00068220869
               5.0594969                  -0.00067007542
               5.0606298                  -0.00065765477
               5.0617633                  -0.00064494379
               5.0628963                  -0.00063195586
               5.0640292                   -0.0006187156
               5.0651627                  -0.00060524908
               5.0662956                  -0.00059157267
               5.0674291                  -0.00057768554
                5.068562                  -0.00056356797
                5.069695                  -0.00054918666
               5.0708284                  -0.00053450599
               5.0719614                  -0.00051950029
               5.0730944                  -0.00050416309
               5.0742278                  -0.00048850995
               5.0753608                  -0.00047257304
               5.0764942                  -0.00045638898
               5.0776272                  -0.00043998481
               5.0787601                  -0.00042336632
               5.0798936                  -0.00040651386
               5.0810266                  -0.00038938667
               5.0821595                  -0.00037193546
                5.083293                  -0.00035411841
               5.0844259                  -0.00033591554
               5.0855594                  -0.00031733626
               5.0866923                  -0.00029841712
               5.0878253                  -0.00027921074
               5.0889587                  -0.00025976988
               5.0900917                  -0.00024013124
               5.0912251                  -0.00022030562
               5.0923581                  -0.00020027664
               5.0934911                  -0.00018000905
               5.0946245                  -0.00015946336
               5.0957575                  -0.00013861107
               5.0968904                  -0.00011744536
               5.0980239                  -9.5983261e-05
               5.0991569                  -7.4258867e-05
               5.1002903                  -5.2310701e-05
               5.1014233                  -3.0168094e-05
               5.1025562                  -7.8419889e-06
               5.1036897                   1.4676225e-05
               5.1048226                   3.7407292e-05
               5.1059556                   6.0370923e-05
                5.107089                   8.3571817e-05
                5.108222                   0.00010699045
               5.1093554                   0.00013058276
               5.1104884                   0.00015428929
               5.1116214                   0.00017805072
               5.1127548                   0.00020182418
               5.1138878                   0.00022559377
               5.1150208                   0.00024937186
               5.1161542                   0.00027318948
               5.1172872                   0.00029707968
               5.1184206                   0.00032105902
               5.1195536                   0.00034511462
               5.1206865                   0.00036920083
                 5.12182                   0.00039324834
               5.1229529                   0.00041718211
               5.1240864                   0.00044094186
               5.1252193                    0.0004644985
               5.1263523                   0.00048785959
               5.1274858                   0.00051106204
               5.1286187                   0.00053415383
               5.1297517                   0.00055717141
               5.1308851                    0.0005801192
               5.1320181                   0.00060296047
               5.1331515                   0.00062562089
               5.1342845                   0.00064800493
               5.1354175                   0.00067001872
               5.1365509                   0.00069159293
               5.1376839                   0.00071269693
               5.1388168                   0.00073334039
               5.1399503                   0.00075356214
               5.1410832                   0.00077341043
               5.1422167                   0.00079292135
               5.1433496                   0.00081210281
               5.1444826                   0.00083092955
               5.1456161                   0.00084934896
                5.146749                   0.00086729566
                5.147882                   0.00088470924
               5.1490154                    0.0009015479
               5.1501484                   0.00091779337
               5.1512818                   0.00093344715
               5.1524148                   0.00094851939
               5.1535478                   0.00096301641
               5.1546812                   0.00097693165
               5.1558142                   0.00099024386
               5.1569476                    0.0010029231
               5.1580806                     0.001014942
               5.1592135                    0.0010262866
                5.160347                     0.001036963
               5.1614799                    0.0010469939
               5.1626129                    0.0010564084
               5.1637464                    0.0010652269
               5.1648793                    0.0010734476
               5.1660128                    0.0010810407
               5.1671457                    0.0010879517
               5.1682787                    0.0010941151
               5.1694121                    0.0010994724
               5.1705451                    0.0011039894
               5.1716781                    0.0011076672
               5.1728115                    0.0011105401
               5.1739445                    0.0011126649
               5.1750779                    0.0011141009
               5.1762109                    0.0011148906
               5.1773438                    0.0011150462
               5.1784773                    0.0011145466
               5.1796103                    0.0011133461
               5.1807432                    0.0011113911
               5.1818767                    0.0011086385
               5.1830096                    0.0011050692
               5.1841431                    0.0011006924
                5.185276                    0.0010955399
                5.186409                    0.0010896523
               5.1875424                    0.0010830648
               5.1886754                     0.001075796
               5.1898088                     0.001067845
               5.1909418                     0.001059199
               5.1920748                    0.0010498445
               5.1932082                    0.0010397809
               5.1943412                    0.0010290272
               5.1954741                    0.0010176197
               5.1966076                    0.0010056017
               5.1977406                   0.00099300721
                5.198874                   0.00097984623
                5.200007                   0.00096609892
               5.2011399                   0.00095172069
               5.2022734                   0.00093665801
               5.2034063                   0.00092087057
               5.2045393                   0.00090435066
               5.2056727                   0.00088713417
               5.2068057                   0.00086929672
               5.2079391                   0.00085093593
               5.2090721                   0.00083214522
               5.2102051                   0.00081298751
               5.2113385                    0.0007934781
               5.2124715                   0.00077358226
               5.2136045                   0.00075322989
               5.2147379                    0.0007323419
               5.2158709                   0.00071086013
               5.2170043                   0.00068877044
               5.2181373                   0.00066611147
               5.2192702                   0.00064296561
               5.2204037                   0.00061943557
               5.2215366                   0.00059561507
               5.2226701                   0.00057156326
                5.223803                   0.00054729095
                5.224936                   0.00052276475
               5.2260695                   0.00049792521
               5.2272024                   0.00047271399
               5.2283354                   0.00044709948
               5.2294688                   0.00042109232
               5.2306018                   0.00039474573
               5.2317352                   0.00036814081
               5.2328682                   0.00034136244
               5.2340012                   0.00031447463
               5.2351346                   0.00028750396
               5.2362676                   0.00026043723
               5.2374005                   0.00023323281
                5.238534                   0.00020584199
               5.2396669                   0.00017823245
               5.2408004                   0.00015040471
               5.2419333                   0.00012239635
               5.2430663                   9.4272458e-05
               5.2441998                   6.6106528e-05
               5.2453327                   3.7958926e-05
               5.2464657                   9.8608289e-06
               5.2475991                  -1.8190429e-05
               5.2487321                  -4.6223086e-05
               5.2498655                  -7.4273084e-05
               5.2509985                  -0.00010236342
               5.2521315                  -0.00013048854
               5.2532649                   -0.0001586094
               5.2543979                  -0.00018666148
               5.2555313                  -0.00021457247
               5.2566643                  -0.00024228379
               5.2577972                  -0.00026976789
               5.2589307                  -0.00029703471
               5.2600636                  -0.00032412505
               5.2611966                  -0.00035109281
               5.2623301                  -0.00037798204
                5.263463                  -0.00040480701
               5.2645965                  -0.00043154191
               5.2657294                  -0.00045812372
               5.2668624                  -0.00048446789
               5.2679958                  -0.00051049091
               5.2691288                  -0.00053613272
               5.2702618                   -0.0005613711
               5.2713952                  -0.00058622361
               5.2725282                  -0.00061073626
               5.2736616                  -0.00063496316
               5.2747946                  -0.00065894308
               5.2759275                  -0.00068268174
                5.277061                  -0.00070614502
                5.278194                  -0.00072926562
               5.2793269                  -0.00075196149
               5.2804604                  -0.00077415881
               5.2815933                  -0.00079581363
               5.2827268                   -0.0008169249
               5.2838597                  -0.00083753373
               5.2849927                  -0.00085770921
               5.2861261                  -0.00087752548
               5.2872591                   -0.0008970357
               5.2883925                   -0.0009162518
               5.2895255                  -0.00093513587
               5.2906585                  -0.00095360616
               5.2917919                  -0.00097155623
               5.2929249                  -0.00098888273
               5.2940578                   -0.0010055123
               5.2951913                    -0.001021422
               5.2963243                   -0.0010366461
               5.2974577                   -0.0010512657
               5.2985907                   -0.0010653858
               5.2997236                   -0.0010791032
               5.3008571                   -0.0010924769
                 5.30199                   -0.0011055071
                5.303123                   -0.0011181313
               5.3042564                   -0.0011302384
               5.3053894                   -0.0011416969
               5.3065228                   -0.0011523934
               5.3076558                    -0.001162264
               5.3087888                   -0.0011713157
               5.3099222                    -0.001179626
               5.3110552                   -0.0011873239
               5.3121881                   -0.0011945537
               5.3133216                   -0.0012014327
               5.3144546                   -0.0012080163
                5.315588                     -0.00121428
                5.316721                   -0.0012201235
               5.3178539                   -0.0012253989
               5.3189874                   -0.0012299531
               5.3201203                   -0.0012336737
               5.3212538                   -0.0012365237
               5.3223867                   -0.0012385547
               5.3235197                    -0.001239894
               5.3246531                   -0.0012407083
               5.3257861                   -0.0012411568
               5.3269191                   -0.0012413445
               5.3280525                   -0.0012412928
               5.3291855                   -0.0012409354
               5.3303189                   -0.0012401412
               5.3314519                   -0.0012387562
               5.3325849                   -0.0012366532
               5.3337183                   -0.0012337707
               5.3348513                   -0.0012301342
               5.3359842                   -0.0012258473
               5.3371177                   -0.0012210618
               5.3382506                   -0.0012159315
               5.3393841                   -0.0012105679
                5.340517                   -0.0012050107
                 5.34165                   -0.0011992214
               5.3427835                   -0.0011931011
               5.3439164                   -0.0011865266
               5.3450494                   -0.0011793928
               5.3461828                   -0.0011716454
               5.3473158                   -0.0011632968
               5.3484492                   -0.0011544197
               5.3495822                   -0.0011451218
               5.3507152                   -0.0011355107
               5.3518486                   -0.0011256643
               5.3529816                   -0.0011156112
                5.354115                   -0.0011053305
                5.355248                     -0.00109477
               5.3563809                   -0.0010838709
               5.3575144                   -0.0010725942
               5.3586473                   -0.0010609356
               5.3597803                   -0.0010489264
               5.3609138                   -0.0010366195
               5.3620467                   -0.0010240684
               5.3631802                   -0.0010113068
               5.3643131                  -0.00099833624
               5.3654461                  -0.00098512962
               5.3665795                   -0.0009716457
               5.3677125                  -0.00095785013
               5.3688455                  -0.00094373536
               5.3699789                  -0.00092933001
               5.3711119                  -0.00091469433
               5.3722453                  -0.00089990284
               5.3733783                  -0.00088502024
               5.3745112                  -0.00087007933
               5.3756447                  -0.00085506821
               5.3767776                  -0.00083993463
               5.3779106                  -0.00082460279
               5.3790441                  -0.00080899976
                5.380177                  -0.00079308113
               5.3813105                  -0.00077684718
               5.3824434                  -0.00076034461
               5.3835764                    -0.000743652
               5.3847098                  -0.00072685507
               5.3858428                  -0.00071002019
               5.3869762                   -0.0006931746
               5.3881092                   -0.0006763002
               5.3892422                   -0.0006593432
               5.3903756                  -0.00064223527
               5.3915086                  -0.00062491902
               5.3926415                  -0.00060736801
                5.393775                  -0.00058959582
                5.394908                  -0.00057165022
               5.3960414                  -0.00055359653
               5.3971744                  -0.00053549506
               5.3983073                    -0.000517382
               5.3994408                  -0.00049925974
               5.4005737                  -0.00048109976
               5.4017067                  -0.00046285632
               5.4028401                  -0.00044448537
               5.4039731                  -0.00042596218
               5.4051065                  -0.00040729076
               5.4062395                  -0.00038850264
               5.4073725                  -0.00036964536
               5.4085059                  -0.00035076551
               5.4096389                  -0.00033189263
               5.4107718                  -0.00031303024
               5.4119053                  -0.00029415643
               5.4130383                  -0.00027523399
               5.4141717                  -0.00025622541
               5.4153047                  -0.00023710777
               5.4164376                  -0.00021788207
               5.4175711                  -0.00019857328
                5.418704                  -0.00017922278
               5.4198375                  -0.00015987527
               5.4209704                  -0.00014056571
               5.4221034                  -0.00012131102
               5.4232368                  -0.00010210905
               5.4243698                  -8.2944593e-05
               5.4255028                    -6.37997e-05
               5.4266362                  -4.4663735e-05
               5.4277692                   -2.553971e-05
               5.4289026                  -6.4444839e-06
               5.4300356                    1.259664e-05
               5.4311686                   3.1558495e-05
                5.432302                   5.0423896e-05
                5.433435                   6.9187721e-05
               5.4345679                   8.7855544e-05
               5.4357014                   0.00010643759
               5.4368343                   0.00012494056
               5.4379678                   0.00014336075
               5.4391007                   0.00016168125
               5.4402337                   0.00017987483
               5.4413671                    0.0001979112
               5.4425001                   0.00021576601
               5.4436331                   0.00023342767
               5.4447665                   0.00025089906
               5.4458995                   0.00026819302
               5.4470329                   0.00028532359
               5.4481659                    0.0003022959
               5.4492989                   0.00031909923
               5.4504323                   0.00033570576
               5.4515653                   0.00035207637
               5.4526987                   0.00036817114
               5.4538317                   0.00038396087
               5.4549646                   0.00039943567
               5.4560981                   0.00041460688
                5.457231                   0.00042950109
                5.458364                   0.00044414881
               5.4594975                   0.00045857081
               5.4606304                   0.00047276635
               5.4617639                   0.00048670973
               5.4628968                   0.00050035433
               5.4640298                   0.00051364512
               5.4651632                   0.00052653416
               5.4662962                   0.00053899514
               5.4674292                   0.00055103132
               5.4685626                   0.00056267355
               5.4696956                   0.00057396997
                5.470829                   0.00058496854
                5.471962                   0.00059569947
               5.4730949                   0.00060616265
               5.4742284                   0.00061632477
               5.4753613                   0.00062612642
               5.4764943                   0.00063549826
               5.4776278                   0.00064438011
               5.4787607                   0.00065273757
               5.4798942                    0.0006605711
               5.4810271                   0.00066791463
               5.4821601                   0.00067482417
               5.4832935                   0.00068135979
               5.4844265                   0.00068756763
               5.4855599                   0.00069346628
               5.4866929                   0.00069904211
               5.4878259                   0.00070425496
               5.4889593                   0.00070905196
               5.4900923                   0.00071338413
               5.4912252                   0.00071722193
               5.4923587                   0.00072056329
               5.4934916                   0.00072343257
               5.4946251                   0.00072587043
               5.4957581                   0.00072791846
                5.496891                    0.0007296041
               5.4980245                   0.00073092931
               5.4991574                    0.0007318689
               5.5002904                    0.0007323777
               5.5014238                    0.0007324054
               5.5025568                   0.00073191314
               5.5036902                   0.00073088851
               5.5048232                   0.00072935194
               5.5059562                   0.00072735362
               5.5070896                   0.00072496023
               5.5082226                   0.00072223623
               5.5093555                   0.00071922538
                5.510489                     0.000715937
                5.511622                   0.00071234233
               5.5127554                   0.00070838182
               5.5138884                   0.00070398167
               5.5150213                   0.00069907412
               5.5161548                   0.00069361634
               5.5172877                   0.00068760157
               5.5184212                   0.00068106025
               5.5195541                   0.00067404989
               5.5206871                   0.00066663872
               5.5218205                   0.00065888645
               5.5229535                   0.00065082998
               5.5240865                   0.00064247637
               5.5252199                   0.00063380605
               5.5263529                   0.00062478409
               5.5274863                   0.00061537465
               5.5286193                   0.00060555415
               5.5297523                   0.00059531891
               5.5308857                   0.00058468408
               5.5320187                   0.00057367579
               5.5331516                   0.00056231976
               5.5342851                   0.00055063027
                5.535418                    0.0005386048
               5.5365515                   0.00052622624
               5.5376844                    0.0005134719
               5.5388174                   0.00050032599
               5.5399508                   0.00048679099
               5.5410838                   0.00047289234
               5.5422173                   0.00045867389
               5.5433502                   0.00044418557
               5.5444832                   0.00042946631
               5.5456166                   0.00041452883
               5.5467496                   0.00039935231
               5.5478826                   0.00038388552
                5.549016                   0.00036806142
                5.550149                   0.00035181883
               5.5512824                    0.0003351249
               5.5524154                   0.00031799017
               5.5535483                   0.00030047147
               5.5546818                   0.00028266042
               5.5558147                   0.00026466051
               5.5569477                   0.00024655947
               5.5580812                   0.00022840535
               5.5592141                   0.00021019392
               5.5603476                   0.00019187156
               5.5614805                   0.00017335237
               5.5626135                    0.0001545453
               5.5637469                   0.00013538236
               5.5648799                   0.00011583971
               5.5660129                   9.5945077e-05
               5.5671463                   7.5770033e-05
               5.5682793                   5.5409739e-05
               5.5694127                   3.4957044e-05
               5.5705457                   1.4478979e-05
               5.5716786                  -5.9973927e-06
               5.5728121                  -2.6485926e-05
                5.573945                  -4.7029655e-05
               5.5750785                  -6.7681016e-05
               5.5762115                  -8.8480949e-05
               5.5773444                  -0.00010944363
               5.5784779                  -0.00013055108
               5.5796108                  -0.00015175856
               5.5807438                   -0.0001730083
               5.5818772                  -0.00019424591
               5.5830102                  -0.00021543392
               5.5841436                  -0.00023655813
               5.5852766                  -0.00025762513
               5.5864096                  -0.00027865308
                5.587543                  -0.00029965886
                5.588676                  -0.00032064709
               5.5898089                  -0.00034160432
               5.5909424                  -0.00036249985
               5.5920753                  -0.00038329285
               5.5932088                   -0.0004039421
               5.5943418                  -0.00042441522
               5.5954747                  -0.00044469384
               5.5966082                  -0.00046477382
               5.5977411                  -0.00048466003
               5.5988741                  -0.00050435815
               5.6000075                  -0.00052386773
               5.6011405                  -0.00054317765
               5.6022739                  -0.00056226581
               5.6034069                  -0.00058110378
               5.6045399                  -0.00059966254
               5.6056733                  -0.00061791856
               5.6068063                  -0.00063585711
               5.6079397                  -0.00065347226
               5.6090727                  -0.00067076279
               5.6102057                  -0.00068772683
               5.6113391                  -0.00070435664
               5.6124721                  -0.00072063616
                5.613605                  -0.00073654106
               5.6147385                  -0.00075204234
               5.6158714                  -0.00076711137
               5.6170049                  -0.00078172481
               5.6181378                  -0.00079586764
               5.6192708                  -0.00080953352
               5.6204042                  -0.00082272233
               5.6215372                  -0.00083543605
               5.6226702                  -0.00084767456
               5.6238036                  -0.00085943192
               5.6249366                  -0.00087069557
                 5.62607                  -0.00088144751
                5.627203                  -0.00089166814
                5.628336                  -0.00090133899
               5.6294694                  -0.00091044651
               5.6306024                  -0.00091898325
               5.6317353                   -0.0009269474
               5.6328688                  -0.00093434082
               5.6340017                  -0.00094116526
               5.6351352                  -0.00094741961
               5.6362681                  -0.00095309765
               5.6374011                  -0.00095818838
               5.6385345                  -0.00096267689
               5.6396675                   -0.0009665484
                5.640801                  -0.00096979085
               5.6419339                  -0.00097239832
               5.6430669                  -0.00097437255
               5.6442003                  -0.00097572216
               5.6453333                     -0.00097646
               5.6464663                  -0.00097659836
               5.6475997                  -0.00097614469
               5.6487327                   -0.0009750973
               5.6498661                  -0.00097344437
               5.6509991                  -0.00097116514
                5.652132                  -0.00096823531
               5.6532655                  -0.00096463389
               5.6543984                   -0.0009603494
               5.6555314                  -0.00095538527
               5.6566648                  -0.00094976038
               5.6577978                  -0.00094350555
               5.6589313                  -0.00093665579
               5.6600642                  -0.00092924078
               5.6611972                  -0.00092127634
               5.6623306                  -0.00091276062
               5.6634636                  -0.00090367539
               5.6645966                  -0.00089399284
                 5.66573                  -0.00088368647
                5.666863                  -0.00087274151
               5.6679964                  -0.00086116354
               5.6691294                   -0.0008489794
               5.6702623                  -0.00083623227
               5.6713958                  -0.00082297123
               5.6725287                  -0.00080923823
               5.6736622                  -0.00079505809
               5.6747952                    -0.000780434
               5.6759281                  -0.00076535053
               5.6770616                  -0.00074978289
               5.6781945                  -0.00073370954
               5.6793275                  -0.00071712339
               5.6804609                  -0.00070003723
               5.6815939                  -0.00068248215
               5.6827273                  -0.00066449912
               5.6838603                  -0.00064612686
               5.6849933                  -0.00062739092
               5.6861267                  -0.00060829858
               5.6872597                   -0.0005888408
               5.6883926                  -0.00056900253
               5.6895261                  -0.00054877612
                5.690659                   -0.0005281734
               5.6917925                  -0.00050723134
               5.6929255                  -0.00048600728
               5.6940584                  -0.00046456547
               5.6951919                  -0.00044295882
               5.6963248                  -0.00042121304
               5.6974578                  -0.00039931823
               5.6985912                  -0.00037723273
               5.6997242                  -0.00035489909
               5.7008576                  -0.00033226711
               5.7019906                  -0.00030931761
               5.7031236                  -0.00028607732
                5.704257                  -0.00026262007
                 5.70539                  -0.00023905183
               5.7065234                  -0.00021548488
               5.7076564                  -0.00019200821
               5.7087893                  -0.00016866467
               5.7099228                  -0.00014544165
               5.7110558                  -0.00012227926
               5.7121887                  -9.9093639e-05
               5.7133222                  -7.5808064e-05
               5.7144551                   -5.238202e-05
               5.7155886                  -2.8828807e-05
               5.7167215                  -5.2160494e-06
               5.7178545                    1.835086e-05
               5.7189879                   4.1756688e-05
               5.7201209                   6.4906533e-05
               5.7212539                   8.7748624e-05
               5.7223873                   0.00011028264
               5.7235203                   0.00013255153
               5.7246537                    0.0001546202
               5.7257867                   0.00017654874
               5.7269197                   0.00019836928
               5.7280531                   0.00022007329
               5.7291861                     0.000241613
                5.730319                   0.00026291489
               5.7314525                   0.00028390027
               5.7325854                   0.00030450555
               5.7337189                   0.00032469572
               5.7348518                   0.00034446717
               5.7359848                   0.00036384023
               5.7371182                   0.00038284541
               5.7382512                   0.00040150882
               5.7393847                   0.00041984124
               5.7405176                   0.00043783389
               5.7416506                   0.00045546147
                5.742784                   0.00047268948
                5.743917                   0.00048948237
                 5.74505                   0.00050580967
               5.7461834                   0.00052164809
               5.7473164                   0.00053698057
               5.7484498                   0.00055179384
               5.7495828                   0.00056607783
               5.7507157                   0.00057982624
               5.7518492                   0.00059303938
               5.7529821                   0.00060572586
               5.7541151                   0.00061790209
               5.7552485                   0.00062958733
               5.7563815                   0.00064079533
                5.757515                   0.00065152533
               5.7586479                   0.00066175603
               5.7597809                   0.00067144627
               5.7609143                   0.00068054313
               5.7620473                   0.00068899733
               5.7631803                   0.00069677999
               5.7643137                   0.00070389541
               5.7654467                   0.00071038504
               5.7665801                   0.00071631791
               5.7677131                   0.00072177115
                5.768846                   0.00072680553
               5.7699795                   0.00073144323
               5.7711124                   0.00073565746
               5.7722459                   0.00073937798
               5.7733788                   0.00074251066
               5.7745118                   0.00074496714
               5.7756453                   0.00074669346
               5.7767782                   0.00074768881
               5.7779112                   0.00074800709
               5.7790446                    0.0007477412
               5.7801776                   0.00074699335
                5.781311                   0.00074584375
                5.782444                   0.00074432639
                5.783577                   0.00074242154
               5.7847104                   0.00074006739
               5.7858434                   0.00073718582
               5.7869763                   0.00073371426
               5.7881098                   0.00072963111
               5.7892427                   0.00072496565
               5.7903762                   0.00071978953
               5.7915092                    0.0007141924
               5.7926421                   0.00070825155
               5.7937756                   0.00070200657
               5.7949085                   0.00069544843
               5.7960415                   0.00068852695
               5.7971749                    0.0006811741
               5.7983079                   0.00067333388
               5.7994413                   0.00066498865
               5.8005743                   0.00065617019
               5.8017073                   0.00064695301
               5.8028407                   0.00063743111
               5.8039737                   0.00062768726
               5.8051071                    0.0006177664
               5.8062401                    0.0006076633
                5.807373                   0.00059732888
               5.8085065                   0.00058669335
               5.8096395                   0.00057569781
               5.8107724                   0.00056432141
               5.8119059                   0.00055259478
               5.8130388                   0.00054059381
               5.8141723                   0.00052841631
               5.8153052                    0.0005161502
               5.8164382                   0.00050384563
               5.8175716                   0.00049150124
               5.8187046                   0.00047906974
               5.8198376                   0.00046648155
                5.820971                   0.00045367668
                5.822104                   0.00044063307
               5.8232374                    0.0004273809
               5.8243704                   0.00041399588
               5.8255033                   0.00040057482
               5.8266368                   0.00038720298
               5.8277698                    0.0003739252
               5.8289027                   0.00036073252
               5.8300362                    0.0003475695
               5.8311691                   0.00033436003
               5.8323026                   0.00032104237
               5.8334355                   0.00030759949
               5.8345685                   0.00029407241
               5.8357019                   0.00028055147
               5.8368349                   0.00026714755
               5.8379683                     0.000253954
               5.8391013                   0.00024101336
               5.8402343                   0.00022830217
               5.8413677                   0.00021574044
               5.8425007                    0.0002032234
               5.8436337                   0.00019066402
               5.8447671                   0.00017803047
               5.8459001                   0.00016536427
               5.8470335                    0.0001527712
               5.8481665                   0.00014038759
               5.8492994                   0.00012833283
               5.8504329                   0.00011666549
               5.8515658                    0.0001053599
               5.8526988                   9.4312607e-05
               5.8538322                   8.3377781e-05
               5.8549652                   7.2419753e-05
               5.8560987                   6.1364117e-05
               5.8572316                    5.022917e-05
               5.8583646                   3.9125694e-05
                5.859498                   2.8224116e-05
                5.860631                   1.7699835e-05
                5.861764                   7.6751057e-06
               5.8628974                  -1.8221388e-06
               5.8640304                   -1.086806e-05
               5.8651638                  -1.9617757e-05
               5.8662968                  -2.8253326e-05
               5.8674297                  -3.6923226e-05
               5.8685632                  -4.5693767e-05
               5.8696961                  -5.4529202e-05
               5.8708296                  -6.3306878e-05
               5.8719625                  -7.1861352e-05
               5.8730955                  -8.0041631e-05
                5.874229                  -8.7761167e-05
               5.8753619                  -9.5023337e-05
               5.8764949                  -0.00010191448
               5.8776283                  -0.00010856808
               5.8787613                  -0.00011511425
               5.8798947                  -0.00012163325
               5.8810277                  -0.00012812964
               5.8821607                  -0.00013453611
               5.8832941                  -0.00014074438
               5.8844271                  -0.00014665091
                 5.88556                   -0.0001521994
               5.8866935                  -0.00015740372
               5.8878264                  -0.00016234332
               5.8889599                   -0.0001671326
               5.8900928                  -0.00017187648
               5.8912258                  -0.00017662917
               5.8923593                  -0.00018137213
               5.8934922                  -0.00018602055
               5.8946252                  -0.00019045612
               5.8957586                  -0.00019457389
               5.8968916                  -0.00019832581
                5.898025                  -0.00020174368
                5.899158                  -0.00020493282
                5.900291                  -0.00020803738
               5.9014244                   -0.0002111895
               5.9025574                   -0.0002144605
               5.9036908                   -0.0002178326
               5.9048238                  -0.00022120195
               5.9059567                  -0.00022441293
               5.9070902                  -0.00022731246
               5.9082232                  -0.00022980504
               5.9093561                  -0.00023188985
               5.9104896                  -0.00023366614
               5.9116225                  -0.00023530424
                5.912756                  -0.00023699178
               5.9138889                  -0.00023887298
               5.9150219                  -0.00024100181
               5.9161553                  -0.00024332496
               5.9172883                  -0.00024570033
               5.9184213                  -0.00024794484
               5.9195547                  -0.00024989463
               5.9206877                  -0.00025145797
               5.9218211                  -0.00025264302
               5.9229541                   -0.0002535519
                5.924087                  -0.00025434414
               5.9252205                  -0.00025518207
               5.9263535                  -0.00025617692
               5.9274864                  -0.00025735408
               5.9286199                  -0.00025864784
               5.9297528                  -0.00025992648
               5.9308863                  -0.00026103813
               5.9320192                  -0.00026186128
               5.9331522                  -0.00026234353
               5.9342856                  -0.00026251576
               5.9354186                   -0.0002624786
                5.936552                  -0.00026236664
                5.937685                   -0.0002623036
                5.938818                  -0.00026236338
               5.9399514                  -0.00026254915
               5.9410844                  -0.00026279606
               5.9422174                  -0.00026299513
               5.9433508                  -0.00026302924
               5.9444838                  -0.00026280919
               5.9456172                  -0.00026229798
               5.9467502                  -0.00026151733
               5.9478831                  -0.00026053519
               5.9490166                  -0.00025944083
               5.9501495                  -0.00025831541
               5.9512825                  -0.00025720792
               5.9524159                  -0.00025612226
               5.9535489                  -0.00025501818
               5.9546824                   -0.0002538242
               5.9558153                  -0.00025245725
               5.9569483                  -0.00025084277
               5.9580817                  -0.00024893048
               5.9592147                  -0.00024670217
               5.9603477                  -0.00024417212
               5.9614811                  -0.00024138043
               5.9626141                   -0.0002383828
               5.9637475                  -0.00023523864
               5.9648805                  -0.00023199976
               5.9660134                  -0.00022870072
               5.9671469                  -0.00022535189
               5.9682798                  -0.00022193685
               5.9694133                  -0.00021841426
               5.9705462                  -0.00021472508
               5.9716792                   -0.0002108037
               5.9728127                  -0.00020659174
               5.9739456                  -0.00020205074
               5.9750786                    -0.000197171
                5.976212                  -0.00019197316
                5.977345                  -0.00018650146
               5.9784784                  -0.00018081041
               5.9796114                  -0.00017494806
               5.9807444                  -0.00016894157
               5.9818778                  -0.00016278953
               5.9830108                  -0.00015646382
               5.9841437                  -0.00014992012
               5.9852772                  -0.00014311356
               5.9864101                   -0.0001360141
               5.9875436                  -0.00012861589
               5.9886765                  -0.00012093739
               5.9898095                  -0.00011301231
                5.990943                   -0.0001048747
               5.9920759                  -9.6544187e-05
               5.9932089                  -8.8017056e-05
               5.9943423                  -7.9266756e-05
               5.9954753                  -7.0253926e-05
               5.9966087                  -6.0942253e-05
               5.9977417                  -5.1314149e-05
               5.9988747                  -4.1379852e-05

