        Time / ns                o2,1/real
----------------------------------------------------------------------
                       0                               0
             0.001133146                               0
             0.002266292                               0
             0.003399438                               0
             0.004532584                               0
            0.0056657298                               0
             0.006798876                               0
            0.0079320222                               0
             0.009065168                               0
             0.010198314                               0
              0.01133146                               0
             0.012464606                               0
             0.013597752                               0
             0.014730898                               0
             0.015864044                               0
              0.01699719                               0
             0.018130336                               0
             0.019263482                               0
             0.020396627                               0
             0.021529773                               0
             0.022662919                               0
             0.023796065                               0
             0.024929212                               0
             0.026062358                               0
             0.027195504                               0
              0.02832865                               0
             0.029461795                               0
             0.030594941                               0
             0.031728089                               0
             0.032861233                               0
              0.03399438                               0
             0.035127524                               0
             0.036260672                               0
             0.037393816                               0
             0.038526963                               0
             0.039660111                               0
             0.040793255                               0
             0.041926403                               0
             0.043059547                               0
             0.044192694                               0
             0.045325838                               0
             0.046458986                               0
              0.04759213                               0
             0.048725277                               0
             0.049858425                               0
             0.050991569                               0
             0.052124716                               0
              0.05325786                               0
             0.054391008                               0
             0.055524152                               0
             0.056657299                               0
             0.057790447                               0
             0.058923591                               0
             0.060056739                               0
             0.061189882                               0
              0.06232303                               0
             0.063456178                               0
             0.064589322                               0
             0.065722466                               0
             0.066855617                               0
             0.067988761                               0
             0.069121905                               0
             0.070255049                               0
               0.0713882                               0
             0.072521344                               0
             0.073654488                               0
             0.074787632                               0
             0.075920783                               0
             0.077053927                               0
             0.078187071                               0
             0.079320222                               0
             0.080453366                               0
              0.08158651                               0
             0.082719654                               0
             0.083852805                               0
             0.084985949                               0
             0.086119093                               0
             0.087252244                               0
             0.088385388                               0
             0.089518532                               0
             0.090651676                               0
             0.091784827                               0
             0.092917971                               0
             0.094051115                               0
             0.095184259                               0
              0.09631741                               0
             0.097450554                               0
             0.098583698                               0
              0.09971685                               0
              0.10084999                               0
              0.10198314                               0
              0.10311628                               0
              0.10424943                               0
              0.10538258                               0
              0.10651572                               0
              0.10764887                               0
              0.10878202                               0
              0.10991516                               0
               0.1110483                               0
              0.11218145                               0
               0.1133146                               0
              0.11444774                               0
              0.11558089                               0
              0.11671404                               0
              0.11784718                               0
              0.11898033                               0
              0.12011348                               0
              0.12124662                               0
              0.12237976                               0
              0.12351291                               0
              0.12464606                               0
              0.12577921                               0
              0.12691236                               0
               0.1280455                               0
              0.12917864                               0
              0.13031179                               0
              0.13144493                               0
              0.13257807                               0
              0.13371123                               0
              0.13484438                               0
              0.13597752                               0
              0.13711067                               0
              0.13824381                  -2.5345269e-38
              0.13937695                  -3.0668948e-37
               0.1405101                  -1.6322307e-36
              0.14164324                  -6.8541767e-36
               0.1427764                  -2.6404995e-35
              0.14390954                  -9.6722488e-35
              0.14504269                  -3.4000235e-34
              0.14617583                   -1.151519e-33
              0.14730898                  -3.7656778e-33
              0.14844212                  -1.1903287e-32
              0.14957526                  -3.6388541e-32
              0.15070842                   -1.076099e-31
              0.15184157                  -3.0789324e-31
              0.15297471                  -8.5242572e-31
              0.15410785                  -2.2837856e-30
                0.155241                  -5.9213243e-30
              0.15637414                  -1.4857945e-29
              0.15750729                  -3.6080811e-29
              0.15864044                  -8.4793532e-29
              0.15977359                  -1.9284122e-28
              0.16090673                  -4.2438564e-28
              0.16203988                  -9.0367185e-28
              0.16317302                  -1.8617006e-27
              0.16430616                  -3.7103503e-27
              0.16543931                    -7.15293e-27
              0.16657247                  -1.3337729e-26
              0.16770561                  -2.4054073e-26
              0.16883875                  -4.1957681e-26
               0.1699719                  -7.0794775e-26
              0.17110504                  -1.1557811e-25
              0.17223819                  -1.8266306e-25
              0.17337133                  -2.7969344e-25
              0.17450449                  -4.1544867e-25
              0.17563763                  -5.9972776e-25
              0.17677078                  -8.4353015e-25
              0.17790392                  -1.1598824e-24
              0.17903706                  -1.5656226e-24
              0.18017021                  -2.0842145e-24
              0.18130335                  -2.7491692e-24
              0.18243651                  -3.6070002e-24
              0.18356965                  -4.7180528e-24
               0.1847028                  -6.1534038e-24
              0.18583594                  -7.9866724e-24
              0.18696909                  -1.0281202e-23
              0.18810223                  -1.3075321e-23
              0.18923537                  -1.6370522e-23
              0.19036852                   -2.012828e-23
              0.19150168                  -2.4279632e-23
              0.19263482                   -2.874766e-23
              0.19376796                  -3.3477244e-23
              0.19490111                  -3.8461324e-23
              0.19603425                  -4.3751412e-23
               0.1971674                  -4.9443665e-23
              0.19830054                   -5.564077e-23
               0.1994337                  -6.2400772e-23
              0.20056684                  -6.9691955e-23
              0.20169999                  -7.7373156e-23
              0.20283313                  -8.5210376e-23
              0.20396627                  -9.2925524e-23
              0.20509942                  -1.0025953e-22
              0.20623256                  -1.0702579e-22
              0.20736572                  -1.1313526e-22
              0.20849887                  -1.1858719e-22
              0.20963201                  -1.2343449e-22
              0.21076515                  -1.2774008e-22
               0.2118983                  -1.3154151e-22
              0.21303144                    -1.34835e-22
              0.21416458                  -1.3758358e-22
              0.21529774                  -1.3974793e-22
              0.21643089                  -1.4133194e-22
              0.21756403                  -1.4242703e-22
              0.21869718                  -1.4323315e-22
              0.21983032                  -1.4403845e-22
              0.22096346                  -1.4515659e-22
              0.22209661                  -1.4684358e-22
              0.22322977                   -1.492305e-22
              0.22436291                  -1.5230155e-22
              0.22549605                  -1.5592161e-22
               0.2266292                   -1.598925e-22
              0.22776234                  -1.6400981e-22
              0.22889549                  -1.6810399e-22
              0.23002863                  -1.7206613e-22
              0.23116179                  -1.7586278e-22
              0.23229493                  -1.7953361e-22
              0.23342808                  -1.8315846e-22
              0.23456122                  -1.8678925e-22
              0.23569436                  -1.9036519e-22
              0.23682751                  -1.9364667e-22
              0.23796065                  -1.9620006e-22
              0.23909381                  -1.9744374e-22
              0.24022695                  -1.9674522e-22
               0.2413601                   -1.935456e-22
              0.24249324                  -1.8748168e-22
              0.24362639                  -1.7846783e-22
              0.24475953                  -1.6670004e-22
              0.24589267                  -1.5256571e-22
              0.24702582                  -1.3648587e-22
              0.24815898                  -1.1875797e-22
              0.24929212                  -9.9473663e-23
              0.25042525                  -7.8550238e-23
              0.25155842                  -5.5859323e-23
              0.25269157                  -3.1397778e-23
              0.25382471                  -5.4365272e-24
              0.25495785                   2.1405949e-23
                0.256091                   4.8199991e-23
              0.25722414                   7.3858535e-23
              0.25835729                    9.737586e-23
              0.25949043                   1.1807673e-22
              0.26062357                   1.3578311e-22
              0.26175672                   1.5083042e-22
              0.26288986                   1.6392289e-22
              0.26402301                   1.7587919e-22
              0.26515615                   1.8735896e-22
              0.26628929                   1.9866739e-22
              0.26742247                    2.097102e-22
              0.26855561                   2.2012031e-22
              0.26968876                   2.2950864e-22
               0.2708219                   2.3773375e-22
              0.27195504                   2.4507114e-22
              0.27308819                    2.522029e-22
              0.27422133                   2.6002542e-22
              0.27535447                   2.6934741e-22
              0.27648762                   2.8058811e-22
              0.27762076                   2.9358434e-22
              0.27875391                   3.0757727e-22
              0.27988705                   3.2138961e-22
              0.28102019                    3.337363e-22
              0.28215334                   3.4355887e-22
              0.28328648                   3.5026442e-22
              0.28441966                     3.53792e-22
               0.2855528                   3.5450298e-22
              0.28668594                   3.5296154e-22
              0.28781909                    3.497061e-22
              0.28895223                   3.4510489e-22
              0.29008538                   3.3934643e-22
              0.29121852                   3.3255675e-22
              0.29235166                   3.2497803e-22
              0.29348481                   3.1711156e-22
              0.29461795                   3.0973653e-22
              0.29575109                   3.0376817e-22
              0.29688424                   2.9999093e-22
              0.29801738                   2.9876243e-22
              0.29915053                    2.998043e-22
               0.3002837                   3.0216813e-22
              0.30141684                   3.0440395e-22
              0.30254999                   3.0488621e-22
              0.30368313                   3.0219832e-22
              0.30481628                   2.9545951e-22
              0.30594942                   2.8450512e-22
              0.30708256                   2.6988926e-22
              0.30821571                   2.5273614e-22
              0.30934885                   2.3449952e-22
                0.310482                   2.1669325e-22
              0.31161514                   2.0064113e-22
              0.31274828                   1.8727778e-22
              0.31388143                   1.7701989e-22
              0.31501457                   1.6971955e-22
              0.31614774                   1.6470591e-22
              0.31728089                   1.6092102e-22
              0.31841403                   1.5714784e-22
              0.31954718                   1.5230539e-22
              0.32068032                   1.4574787e-22
              0.32181346                   1.3747538e-22
              0.32294661                   1.2817117e-22
              0.32407975                   1.1903472e-22
               0.3252129                   1.1145991e-22
              0.32634604                   1.0667131e-22
              0.32747918                   1.0544975e-22
              0.32861233                   1.0804255e-22
              0.32974547                   1.1427708e-22
              0.33087862                   1.2380936e-22
              0.33201176                   1.3637629e-22
              0.33314493                   1.5191722e-22
              0.33427808                   1.7049323e-22
              0.33541122                   1.9203352e-22
              0.33654436                   2.1602849e-22
              0.33767751                   2.4132714e-22
              0.33881065                   2.6616255e-22
               0.3399438                   2.8843514e-22
              0.34107694                   3.0617143e-22
              0.34221008                   3.1799965e-22
              0.34334323                   3.2347167e-22
              0.34447637                   3.2311998e-22
              0.34560952                   3.1824075e-22
              0.34674266                   3.1049343e-22
               0.3478758                   3.0145538e-22
              0.34900898                   2.9225552e-22
              0.35014212                   2.8335467e-22
              0.35127527                   2.7447836e-22
              0.35240841                   2.6466713e-22
              0.35354155                   2.5239702e-22
               0.3546747                   2.3572888e-22
              0.35580784                   2.1245269e-22
              0.35694098                   1.8019176e-22
              0.35807413                   1.3642728e-22
              0.35920727                   7.8404784e-23
              0.36034042                   2.9020299e-24
              0.36147356                  -9.4120446e-23
               0.3626067                  -2.1791675e-22
              0.36373985                  -3.7530634e-22
              0.36487302                   -5.749091e-22
              0.36600617                  -8.2726982e-22
              0.36713931                  -1.1449646e-21
              0.36827245                  -1.5428302e-21
               0.3694056                  -2.0384487e-21
              0.37053874                  -2.6529455e-21
              0.37167189                  -3.4120796e-21
              0.37280503                  -4.3475563e-21
              0.37393817                  -5.4984836e-21
              0.37507132                  -6.9129859e-21
              0.37620446                  -8.6500466e-21
               0.3773376                  -1.0781736e-20
              0.37847075                  -1.3396001e-20
              0.37960389                  -1.6600171e-20
              0.38073704                  -2.0525303e-20
              0.38187021                  -2.5331493e-20
              0.38300335                  -3.1214329e-20
               0.3841365                  -3.8412662e-20
              0.38526964                  -4.7218032e-20
              0.38640279                  -5.7985923e-20
              0.38753593                  -7.1149326e-20
              0.38866907                  -8.7234803e-20
              0.38980222                   -1.068818e-19
              0.39093536                  -1.3086581e-19
              0.39206851                  -1.6012637e-19
              0.39320165                  -1.9580106e-19
              0.39433479                  -2.3926665e-19
              0.39546794                  -2.9218896e-19
              0.39660108                  -3.5658296e-19
              0.39773425                  -4.3488483e-19
               0.3988674                  -5.3003888e-19
              0.40000054                  -6.4560139e-19
              0.40113369                  -7.8586563e-19
              0.40226683                  -9.5601151e-19
              0.40339997                   -1.162285e-18
              0.40453312                  -1.4122131e-18
              0.40566626                  -1.7148612e-18
              0.40679941                  -2.0811399e-18
              0.40793255                  -2.5241729e-18
              0.40906569                  -3.0597361e-18
              0.41019884                  -3.7067816e-18
              0.41133198                  -4.4880645e-18
              0.41246513                  -5.4308886e-18
               0.4135983                  -6.5679956e-18
              0.41473144                  -7.9386236e-18
              0.41586459                  -9.5897695e-18
              0.41699773                  -1.1577686e-17
              0.41813087                  -1.3969664e-17
              0.41926402                  -1.6846155e-17
              0.42039716                   -2.030328e-17
              0.42153031                   -2.445582e-17
              0.42266345                  -2.9440754e-17
              0.42379659                  -3.5421449e-17
              0.42492974                  -4.2592632e-17
              0.42606288                  -5.1186274e-17
              0.42719603                  -6.1478531e-17
              0.42832917                  -7.3797971e-17
              0.42946234                  -8.8535292e-17
              0.43059549                  -1.0615477e-16
              0.43172863                  -1.2720777e-16
              0.43286178                   -1.523487e-16
              0.43399492                  -1.8235387e-16
              0.43512806                  -2.1814349e-16
              0.43626121                  -2.6080782e-16
              0.43739435                  -3.1163782e-16
              0.43852749                  -3.7216087e-16
              0.43966064                  -4.4418334e-16
              0.44079378                  -5.2984013e-16
              0.44192693                  -6.3165274e-16
              0.44306007                  -7.5259772e-16
              0.44419321                  -8.9618638e-16
              0.44532636                  -1.0665584e-15
              0.44645953                  -1.2685917e-15
              0.44759268                  -1.5080301e-15
              0.44872582                  -1.7916331e-15
              0.44985896                  -2.1273499e-15
              0.45099211                  -2.5245245e-15
              0.45212525                  -2.9941329e-15
               0.4532584                  -3.5490606e-15
              0.45439154                  -4.2044234e-15
              0.45552468                  -4.9779466e-15
              0.45665783                  -5.8903984e-15
              0.45779097                  -6.9661023e-15
              0.45892411                  -8.2335211e-15
              0.46005726                  -9.7259499e-15
               0.4611904                  -1.1482303e-14
              0.46232358                  -1.3548045e-14
              0.46345672                  -1.5976249e-14
              0.46458986                  -1.8828836e-14
              0.46572301                  -2.2178014e-14
              0.46685615                  -2.6107919e-14
               0.4679893                  -3.0716545e-14
              0.46912244                  -3.6117929e-14
              0.47025558                  -4.2444726e-14
              0.47138873                  -4.9851125e-14
              0.47252187                  -5.8516248e-14
              0.47365502                  -6.8648063e-14
              0.47478816                  -8.0487849e-14
               0.4759213                  -9.4315391e-14
              0.47705445                  -1.1045492e-13
              0.47818762                  -1.2928191e-13
              0.47932076                   -1.512309e-13
              0.48045391                  -1.7680453e-13
              0.48158705                   -2.065838e-13
               0.4827202                  -2.4123989e-13
              0.48385334                  -2.8154773e-13
              0.48498648                  -3.2840134e-13
              0.48611963                  -3.8283154e-13
              0.48725277                  -4.4602622e-13
              0.48838592                  -5.1935328e-13
              0.48951906                  -6.0438698e-13
               0.4906522                   -7.029382e-13
              0.49178535                  -8.1708804e-13
              0.49291849                  -9.4922757e-13
              0.49405164                   -1.102101e-12
              0.49518481                  -1.2788574e-12
              0.49631795                  -1.4831065e-12
               0.4974511                   -1.718985e-12
              0.49858424                  -1.9912294e-12
              0.49971738                  -2.3052604e-12
               0.5008505                  -2.6672766e-12
              0.50198364                  -3.0843626e-12
              0.50311685                  -3.5646104e-12
              0.50424999                  -4.1172569e-12
              0.50538313                  -4.7528383e-12
              0.50651628                  -5.4833668e-12
              0.50764942                  -6.3225267e-12
              0.50878257                  -7.2858976e-12
              0.50991571                  -8.3912087e-12
              0.51104885                  -9.6586168e-12
                0.512182                  -1.1111028e-11
              0.51331514                  -1.2774453e-11
              0.51444829                  -1.4678415e-11
              0.51558143                  -1.6856396e-11
              0.51671457                  -1.9346347e-11
              0.51784772                  -2.2191256e-11
              0.51898086                  -2.5439779e-11
                0.520114                  -2.9146963e-11
              0.52124715                  -3.3375035e-11
              0.52238029                  -3.8194298e-11
              0.52351344                  -4.3684122e-11
              0.52464658                  -4.9934074e-11
              0.52577972                  -5.7045129e-11
              0.52691287                  -6.5131074e-11
              0.52804601                   -7.432005e-11
              0.52917916                  -8.4756237e-11
               0.5303123                  -9.6601824e-11
              0.53144544                  -1.1003905e-10
              0.53257859                  -1.2527261e-10
              0.53371173                  -1.4253222e-10
              0.53484493                  -1.6207562e-10
              0.53597808                  -1.8419162e-10
              0.53711122                  -2.0920377e-10
              0.53824437                  -2.3747423e-10
              0.53937751                  -2.6940822e-10
              0.54051065                  -3.0545866e-10
               0.5416438                  -3.4613154e-10
              0.54277694                  -3.9199183e-10
              0.54391009                  -4.4366971e-10
              0.54504323                  -5.0186799e-10
              0.54617637                  -5.6736948e-10
              0.54730952                  -6.4104594e-10
              0.54844266                  -7.2386724e-10
              0.54957581                  -8.1691187e-10
              0.55070895                  -9.2137814e-10
              0.55184209                  -1.0385967e-09
              0.55297524                   -1.170044e-09
              0.55410838                  -1.3173572e-09
              0.55524153                  -1.4823507e-09
              0.55637467                  -1.6670333e-09
              0.55750781                  -1.8736279e-09
              0.55864096                  -2.1045929e-09
               0.5597741                  -2.3626445e-09
              0.56090724                  -2.6507825e-09
              0.56204039                  -2.9723171e-09
              0.56317353                   -3.330898e-09
              0.56430668                  -3.7305483e-09
              0.56543982                  -4.1756962e-09
              0.56657296                  -4.6712167e-09
              0.56770617                  -5.2224678e-09
              0.56883931                  -5.8353389e-09
              0.56997246                  -6.5162955e-09
               0.5711056                  -7.2724324e-09
              0.57223874                  -8.1115283e-09
              0.57337189                  -9.0421075e-09
              0.57450503                  -1.0073501e-08
              0.57563818                   -1.121592e-08
              0.57677132                  -1.2480524e-08
              0.57790446                  -1.3879507e-08
              0.57903761                  -1.5426179e-08
              0.58017075                  -1.7135065e-08
              0.58130389                  -1.9021989e-08
              0.58243704                  -2.1104192e-08
              0.58357018                  -2.3400437e-08
              0.58470333                  -2.5931131e-08
              0.58583647                  -2.8718446e-08
              0.58696961                  -3.1786474e-08
              0.58810276                  -3.5161339e-08
               0.5892359                  -3.8871367e-08
              0.59036905                   -4.294726e-08
              0.59150219                  -4.7422244e-08
              0.59263533                  -5.2332268e-08
              0.59376848                  -5.7716182e-08
              0.59490162                  -6.3615936e-08
              0.59603477                  -7.0076801e-08
              0.59716791                  -7.7147611e-08
              0.59830105                  -8.4880959e-08
               0.5994342                  -9.3333469e-08
               0.6005674                  -1.0256602e-07
              0.60170054                  -1.1264407e-07
              0.60283369                  -1.2363793e-07
              0.60396683                  -1.3562298e-07
              0.60509998                  -1.4868007e-07
              0.60623312                  -1.6289577e-07
              0.60736626                  -1.7836274e-07
              0.60849941                  -1.9518002e-07
              0.60963255                  -2.1345345e-07
               0.6107657                  -2.3329598e-07
              0.61189884                  -2.5482808e-07
              0.61303198                  -2.7817808e-07
              0.61416513                  -3.0348255e-07
              0.61529827                  -3.3088676e-07
              0.61643142                  -3.6054502e-07
              0.61756456                  -3.9262102e-07
               0.6186977                  -4.2728854e-07
              0.61983085                   -4.647315e-07
              0.62096399                  -5.0514461e-07
              0.62209713                  -5.4873368e-07
              0.62323028                  -5.9571613e-07
              0.62436342                  -6.4632121e-07
              0.62549657                  -7.0079074e-07
              0.62662971                  -7.5937913e-07
              0.62776285                  -8.2235408e-07
                0.628896                  -8.8999661e-07
              0.63002914                  -9.6260169e-07
              0.63116229                  -1.0404783e-06
              0.63229549                  -1.1239501e-06
              0.63342863                  -1.2133555e-06
              0.63456178                  -1.3090477e-06
              0.63569492                  -1.4113951e-06
              0.63682806                  -1.5207814e-06
              0.63796121                   -1.637606e-06
              0.63909435                  -1.7622831e-06
               0.6402275                  -1.8952431e-06
              0.64136064                  -2.0369314e-06
              0.64249378                  -2.1878081e-06
              0.64362693                  -2.3483494e-06
              0.64476007                  -2.5190452e-06
              0.64589322                  -2.7004007e-06
              0.64702636                  -2.8929342e-06
               0.6481595                  -3.0971769e-06
              0.64929265                  -3.3136735e-06
              0.65042579                  -3.5429794e-06
              0.65155894                  -3.7856612e-06
              0.65269208                  -4.0422956e-06
              0.65382522                  -4.3134669e-06
              0.65495837                  -4.5997663e-06
              0.65609151                  -4.9017926e-06
              0.65722466                  -5.2201476e-06
               0.6583578                  -5.5554337e-06
              0.65949094                  -5.9082554e-06
              0.66062409                  -6.2792142e-06
              0.66175723                  -6.6689063e-06
              0.66289037                  -7.0779233e-06
              0.66402352                   -7.506846e-06
              0.66515672                  -7.9562433e-06
              0.66628987                  -8.4266667e-06
              0.66742301                  -8.9186506e-06
              0.66855615                  -9.4327079e-06
               0.6696893                  -9.9693234e-06
              0.67082244                  -1.0528951e-05
              0.67195559                  -1.1112012e-05
              0.67308873                  -1.1718887e-05
              0.67422187                  -1.2349918e-05
              0.67535502                  -1.3005394e-05
              0.67648816                  -1.3685554e-05
               0.6776213                   -1.439058e-05
              0.67875445                  -1.5120592e-05
              0.67988759                  -1.5875639e-05
              0.68102074                  -1.6655697e-05
              0.68215388                  -1.7460661e-05
              0.68328702                  -1.8290342e-05
              0.68442017                   -1.914446e-05
              0.68555331                  -2.0022635e-05
              0.68668646                  -2.0924383e-05
               0.6878196                   -2.184911e-05
              0.68895274                   -2.279611e-05
              0.69008589                  -2.3764556e-05
              0.69121903                  -2.4753488e-05
              0.69235218                  -2.5761816e-05
              0.69348532                  -2.6788299e-05
              0.69461846                  -2.7831557e-05
              0.69575161                  -2.8890057e-05
              0.69688481                  -2.9962106e-05
              0.69801795                  -3.1045853e-05
               0.6991511                  -3.2139273e-05
              0.70028424                  -3.3240169e-05
              0.70141739                  -3.4346165e-05
              0.70255053                  -3.5454705e-05
              0.70368367                  -3.6563048e-05
              0.70481682                  -3.7668255e-05
              0.70594996                  -3.8767201e-05
              0.70708311                  -3.9856564e-05
              0.70821625                  -4.0932831e-05
              0.70934939                  -4.1992287e-05
              0.71048254                  -4.3031021e-05
              0.71161568                  -4.4044929e-05
              0.71274883                  -4.5029701e-05
              0.71388197                  -4.5980843e-05
              0.71501511                   -4.689366e-05
              0.71614826                  -4.7763268e-05
               0.7172814                   -4.858461e-05
              0.71841455                  -4.9352453e-05
              0.71954769                  -5.0061375e-05
              0.72068083                  -5.0705807e-05
              0.72181398                  -5.1280018e-05
              0.72294712                   -5.177813e-05
              0.72408026                  -5.2194137e-05
              0.72521341                    -5.25219e-05
              0.72634655                  -5.2755175e-05
               0.7274797                  -5.2887623e-05
              0.72861284                   -5.291283e-05
              0.72974604                  -5.2824311e-05
              0.73087919                  -5.2615524e-05
              0.73201233                  -5.2279909e-05
              0.73314548                  -5.1810897e-05
              0.73427862                  -5.1201925e-05
              0.73541176                  -5.0446473e-05
              0.73654491                  -4.9538081e-05
              0.73767805                   -4.847036e-05
              0.73881119                  -4.7237034e-05
              0.73994434                  -4.5831948e-05
              0.74107748                    -4.42491e-05
              0.74221063                  -4.2482676e-05
              0.74334377                  -4.0527069e-05
              0.74447691                  -3.8376922e-05
              0.74561006                  -3.6027126e-05
               0.7467432                   -3.347289e-05
              0.74787635                  -3.0709729e-05
              0.74900949                  -2.7733533e-05
              0.75014263                  -2.4540566e-05
              0.75127578                  -2.1127498e-05
              0.75240892                  -1.7491446e-05
              0.75354207                  -1.3629985e-05
              0.75467521                  -9.5411979e-06
              0.75580835                  -5.2236855e-06
               0.7569415                  -6.7660187e-07
              0.75807464                   4.1003213e-06
              0.75920779                   9.1067513e-06
              0.76034093                   1.4341726e-05
              0.76147407                   1.9803643e-05
              0.76260728                   2.5490233e-05
              0.76374042                   3.1398537e-05
              0.76487356                   3.7524904e-05
              0.76600671                   4.3864959e-05
              0.76713985                   5.0413608e-05
                0.768273                   5.7165005e-05
              0.76940614                   6.4112566e-05
              0.77053928                   7.1248949e-05
              0.77167243                   7.8566045e-05
              0.77280557                   8.6054999e-05
              0.77393872                     9.37062e-05
              0.77507186                    0.0001015093
                0.776205                    0.0001094532
              0.77733815                   0.00011752609
              0.77847129                   0.00012571542
              0.77960443                   0.00013400795
              0.78073758                   0.00014238976
              0.78187072                   0.00015084632
              0.78300387                   0.00015936245
              0.78413701                   0.00016792235
              0.78527015                    0.0001765097
               0.7864033                   0.00018510764
              0.78753644                   0.00019369883
              0.78866959                   0.00020226551
              0.78980273                   0.00021078954
              0.79093587                   0.00021925243
              0.79206902                   0.00022763538
              0.79320216                   0.00023591937
              0.79433537                   0.00024408518
              0.79546851                    0.0002521135
              0.79660165                   0.00025998498
               0.7977348                   0.00026768021
              0.79886794                   0.00027517989
              0.80000108                   0.00028246481
              0.80113423                   0.00028951609
              0.80226737                     0.000296315
              0.80340052                   0.00030284325
              0.80453366                   0.00030908288
               0.8056668                   0.00031501643
              0.80679995                   0.00032062695
              0.80793309                   0.00032589817
              0.80906624                   0.00033081451
              0.81019938                   0.00033536108
              0.81133252                   0.00033952389
              0.81246567                   0.00034328969
              0.81359881                   0.00034664641
              0.81473196                   0.00034958278
               0.8158651                   0.00035208874
              0.81699824                    0.0003541552
              0.81813139                   0.00035577433
              0.81926453                   0.00035693945
              0.82039768                    0.0003576451
              0.82153082                   0.00035788724
              0.82266396                   0.00035766308
              0.82379711                   0.00035697123
              0.82493025                   0.00035581167
              0.82606339                   0.00035418588
               0.8271966                    0.0003520966
              0.82832974                   0.00034954806
              0.82946289                   0.00034654594
              0.83059603                    0.0003430974
              0.83172917                   0.00033921096
              0.83286232                   0.00033489658
              0.83399546                   0.00033016573
              0.83512861                   0.00032503111
              0.83626175                   0.00031950686
              0.83739489                   0.00031360841
              0.83852804                   0.00030735251
              0.83966118                   0.00030075706
              0.84079432                   0.00029384127
              0.84192747                   0.00028662538
              0.84306061                   0.00027913079
              0.84419376                   0.00027137983
               0.8453269                   0.00026339581
              0.84646004                    0.0002552029
              0.84759319                   0.00024682601
              0.84872633                   0.00023829078
              0.84985948                   0.00022962349
              0.85099262                    0.0002208509
              0.85212576                   0.00021200029
              0.85325891                    0.0002030992
              0.85439205                   0.00019417549
               0.8555252                   0.00018525717
              0.85665834                   0.00017637228
              0.85779148                   0.00016754882
              0.85892469                   0.00015881467
              0.86005783                   0.00015019748
              0.86119097                   0.00014172452
              0.86232412                   0.00013342267
              0.86345726                    0.0001253183
              0.86459041                   0.00011743718
              0.86572355                   0.00010980434
              0.86685669                   0.00010244404
              0.86798984                   9.5379655e-05
              0.86912298                   8.8633562e-05
              0.87025613                    8.222711e-05
              0.87138927                   7.6180528e-05
              0.87252241                   7.0512862e-05
              0.87365556                   6.5241911e-05
               0.8747887                   6.0384191e-05
              0.87592185                   5.5954868e-05
              0.87705499                   5.1967698e-05
              0.87818813                   4.8434984e-05
              0.87932128                   4.5367542e-05
              0.88045442                   4.2774667e-05
              0.88158756                   4.0664116e-05
              0.88272071                   3.9042076e-05
              0.88385385                   3.7913182e-05
                0.884987                   3.7280504e-05
              0.88612014                   3.7145554e-05
              0.88725328                   3.7508289e-05
              0.88838643                   3.8367129e-05
              0.88951957                   3.9718965e-05
              0.89065272                   4.1559193e-05
              0.89178592                   4.3881751e-05
              0.89291906                   4.6679146e-05
              0.89405221                   4.9942519e-05
              0.89518535                   5.3661701e-05
               0.8963185                   5.7825251e-05
              0.89745164                   6.2420535e-05
              0.89858478                   6.7433772e-05
              0.89971793                   7.2850111e-05
              0.90085107                    7.865372e-05
              0.90198421                   8.4827829e-05
              0.90311736                   9.1354836e-05
               0.9042505                   9.8216391e-05
              0.90538365                   0.00010539352
              0.90651679                   0.00011286661
              0.90764993                    0.0001206156
              0.90878308                   0.00012862004
              0.90991622                   0.00013685921
              0.91104937                   0.00014531208
              0.91218251                   0.00015395759
              0.91331565                   0.00016277461
               0.9144488                    0.0001717421
              0.91558194                   0.00018083914
              0.91671509                    0.0001900451
              0.91784823                   0.00019933967
              0.91898137                     0.000208703
              0.92011452                   0.00021811572
              0.92124766                   0.00022755902
              0.92238081                   0.00023701471
              0.92351395                   0.00024646538
              0.92464715                   0.00025589435
               0.9257803                   0.00026528584
              0.92691344                   0.00027462505
              0.92804658                   0.00028389803
              0.92917973                   0.00029309196
              0.93031287                   0.00030219514
              0.93144602                   0.00031119681
              0.93257916                   0.00032008754
               0.9337123                   0.00032885899
              0.93484545                   0.00033750411
              0.93597859                   0.00034601684
              0.93711174                   0.00035439257
              0.93824488                   0.00036262796
              0.93937802                   0.00037072081
              0.94051117                   0.00037867026
              0.94164431                   0.00038647675
              0.94277745                   0.00039414191
               0.9439106                   0.00040166866
              0.94504374                   0.00040906109
              0.94617689                   0.00041632442
              0.94731003                    0.0004234651
              0.94844317                   0.00043049065
              0.94957632                   0.00043740968
              0.95070946                   0.00044423179
              0.95184261                   0.00045096772
              0.95297575                   0.00045762912
              0.95410889                   0.00046422851
              0.95524204                   0.00047077937
              0.95637524                   0.00047729598
              0.95750839                   0.00048379329
              0.95864153                   0.00049028691
              0.95977467                   0.00049679313
              0.96090782                   0.00050332869
              0.96204096                   0.00050991087
               0.9631741                   0.00051655725
              0.96430725                     0.000523286
              0.96544039                   0.00053011545
              0.96657354                   0.00053706422
              0.96770668                   0.00054415106
              0.96883982                   0.00055139477
              0.96997297                   0.00055881409
              0.97110611                   0.00056642771
              0.97223926                   0.00057425443
               0.9733724                   0.00058231258
              0.97450554                   0.00059062039
              0.97563869                   0.00059919572
              0.97677183                   0.00060805603
              0.97790498                   0.00061721849
              0.97903812                   0.00062669965
              0.98017126                   0.00063651544
              0.98130441                   0.00064668129
              0.98243755                   0.00065721187
              0.98357069                   0.00066812133
              0.98470384                   0.00067942298
              0.98583698                   0.00069112924
              0.98697013                   0.00070325169
              0.98810327                   0.00071580108
              0.98923647                   0.00072878745
              0.99036962                    0.0007422195
              0.99150276                   0.00075610535
              0.99263591                   0.00077045185
              0.99376905                   0.00078526512
              0.99490219                   0.00080054998
              0.99603534                   0.00081631023
              0.99716848                    0.0008325486
              0.99830163                   0.00084926677
              0.99943477                   0.00086646562
               1.0005679                   0.00088414433
                1.001701                   0.00090230152
               1.0028342                   0.00092093449
               1.0039673                    0.0009400394
               1.0051005                   0.00095961161
               1.0062337                   0.00097964541
               1.0073668                    0.0010001336
                  1.0085                    0.0010210682
               1.0096331                    0.0010424405
               1.0107663                    0.0010642407
               1.0118994                    0.0010864577
               1.0130326                    0.0011090799
               1.0141656                    0.0011320948
               1.0152988                    0.0011554887
               1.0164319                    0.0011792473
               1.0175651                    0.0012033556
               1.0186982                    0.0012277977
               1.0198314                    0.0012525572
               1.0209645                    0.0012776168
               1.0220977                    0.0013029588
               1.0232308                    0.0013285648
                1.024364                    0.0013544163
               1.0254971                    0.0013804933
               1.0266303                    0.0014067766
               1.0277634                     0.001433246
               1.0288966                     0.001459881
               1.0300297                    0.0014866611
               1.0311629                    0.0015135658
               1.0322959                    0.0015405738
               1.0334291                    0.0015676641
               1.0345622                    0.0015948156
               1.0356954                    0.0016220073
               1.0368285                    0.0016492183
               1.0379617                    0.0016764272
               1.0390949                    0.0017036133
                1.040228                    0.0017307559
               1.0413612                    0.0017578349
               1.0424943                    0.0017848305
               1.0436275                    0.0018117228
               1.0447606                    0.0018384925
               1.0458938                    0.0018651201
               1.0470269                    0.0018915877
               1.0481601                     0.001917877
               1.0492932                     0.001943971
               1.0504264                    0.0019698525
               1.0515594                    0.0019955058
               1.0526927                    0.0020209146
               1.0538257                    0.0020460642
               1.0549589                    0.0020709401
                1.056092                    0.0020955284
               1.0572252                    0.0021198164
               1.0583583                    0.0021437916
               1.0594915                    0.0021674423
               1.0606246                    0.0021907575
               1.0617578                    0.0022137272
               1.0628909                    0.0022363418
               1.0640241                     0.002258593
               1.0651572                    0.0022804728
               1.0662904                    0.0023019735
               1.0674235                    0.0023230892
               1.0685567                    0.0023438137
               1.0696899                    0.0023641423
                1.070823                    0.0023840705
               1.0719562                    0.0024035943
               1.0730892                    0.0024227109
               1.0742224                    0.0024414179
               1.0753555                    0.0024597137
               1.0764887                    0.0024775972
               1.0776218                    0.0024950681
                1.078755                    0.0025121267
               1.0798881                    0.0025287741
               1.0810213                    0.0025450112
               1.0821544                    0.0025608398
               1.0832876                    0.0025762622
               1.0844207                     0.002591281
               1.0855539                    0.0026058995
                1.086687                    0.0026201215
               1.0878202                    0.0026339511
               1.0889533                    0.0026473936
               1.0900865                    0.0026604536
               1.0912195                     0.002673137
               1.0923527                      0.00268545
               1.0934858                    0.0026973987
                1.094619                    0.0027089894
               1.0957521                    0.0027202293
               1.0968853                    0.0027311256
               1.0980184                    0.0027416856
               1.0991516                     0.002751918
               1.1002847                    0.0027618308
               1.1014179                     0.002771433
               1.1025511                    0.0027807343
               1.1036842                    0.0027897439
               1.1048174                    0.0027984716
               1.1059505                     0.002806928
               1.1070837                    0.0028151234
               1.1082168                    0.0028230685
                 1.10935                    0.0028307755
               1.1104831                    0.0028382554
               1.1116163                    0.0028455209
               1.1127493                    0.0028525847
               1.1138825                    0.0028594604
               1.1150156                    0.0028661618
               1.1161488                    0.0028727027
               1.1172819                    0.0028790981
               1.1184151                    0.0028853633
               1.1195482                    0.0028915145
               1.1206814                    0.0028975678
               1.1218145                    0.0029035406
               1.1229477                     0.002909451
               1.1240808                    0.0029153172
                1.125214                    0.0029211584
               1.1263471                    0.0029269953
               1.1274803                    0.0029328482
               1.1286134                    0.0029387379
               1.1297466                    0.0029446874
               1.1308796                    0.0029507196
               1.1320128                    0.0029568581
               1.1331459                    0.0029631271
               1.1342791                     0.002969553
               1.1354123                    0.0029761619
               1.1365454                     0.002982981
               1.1376786                    0.0029900386
               1.1388117                    0.0029973632
               1.1399449                    0.0030049852
                1.141078                    0.0030129352
               1.1422112                    0.0030212447
               1.1433443                    0.0030299467
               1.1444775                    0.0030390751
               1.1456106                     0.003048664
               1.1467438                    0.0030587483
               1.1478769                    0.0030693652
               1.1490101                    0.0030805508
               1.1501431                    0.0030923437
               1.1512764                     0.003104782
               1.1524094                     0.003117905
               1.1535426                    0.0031317526
               1.1546757                    0.0031463658
               1.1558089                    0.0031617866
                1.156942                    0.0031780573
               1.1580752                    0.0031952211
               1.1592083                    0.0032133216
               1.1603415                    0.0032324027
               1.1614746                    0.0032525093
               1.1626078                    0.0032736864
               1.1637409                     0.003295979
               1.1648741                    0.0033194337
               1.1660072                    0.0033440967
               1.1671404                    0.0033700147
               1.1682736                    0.0033972349
               1.1694067                    0.0034258049
               1.1705399                    0.0034557718
               1.1716729                    0.0034871828
               1.1728061                    0.0035200852
               1.1739392                    0.0035545267
               1.1750724                    0.0035905545
               1.1762055                    0.0036282158
               1.1773387                    0.0036675571
               1.1784718                    0.0037086257
                1.179605                    0.0037514677
               1.1807381                    0.0037961293
               1.1818713                    0.0038426565
               1.1830044                    0.0038910939
               1.1841376                    0.0039414861
               1.1852707                    0.0039938767
               1.1864039                    0.0040483093
                1.187537                    0.0041048257
               1.1886702                    0.0041634673
               1.1898032                    0.0042242762
               1.1909364                    0.0042872909
               1.1920695                      0.00435255
               1.1932027                    0.0044200909
               1.1943358                    0.0044899504
                1.195469                    0.0045621642
               1.1966021                    0.0046367645
               1.1977353                     0.004713784
               1.1988684                    0.0047932542
               1.2000016                    0.0048752036
               1.2011348                    0.0049596606
               1.2022679                    0.0050466512
               1.2034011                    0.0051362007
               1.2045342                    0.0052283313
               1.2056674                    0.0053230631
               1.2068005                    0.0054204138
               1.2079337                    0.0055204006
               1.2090667                    0.0056230384
                  1.2102                    0.0057283398
                1.211333                     0.005836315
               1.2124662                    0.0059469724
               1.2135993                    0.0060603181
               1.2147325                    0.0061763553
               1.2158656                     0.006295085
               1.2169988                    0.0064165052
               1.2181319                    0.0065406114
               1.2192651                    0.0066673956
               1.2203982                    0.0067968466
               1.2215314                    0.0069289533
               1.2226645                     0.007063699
               1.2237977                    0.0072010672
               1.2249308                    0.0073410366
                1.226064                    0.0074835825
               1.2271971                    0.0076286774
               1.2283303                    0.0077762902
               1.2294633                    0.0079263877
               1.2305965                    0.0080789318
               1.2317297                    0.0082338816
               1.2328628                     0.008391194
                1.233996                    0.0085508227
               1.2351291                    0.0087127173
               1.2362623                    0.0088768248
               1.2373954                      0.00904309
               1.2385286                    0.0092114517
               1.2396617                    0.0093818447
               1.2407949                    0.0095542027
                1.241928                     0.009728455
               1.2430612                    0.0099045262
               1.2441943                     0.010082339
               1.2453275                     0.010261813
               1.2464606                     0.010442863
               1.2475938                     0.010625404
               1.2487268                     0.010809345
                 1.24986                     0.010994591
               1.2509931                     0.011181044
               1.2521263                     0.011368604
               1.2532594                     0.011557166
               1.2543926                     0.011746623
               1.2555257                     0.011936864
               1.2566589                     0.012127775
                1.257792                      0.01231924
               1.2589252                     0.012511141
               1.2600583                     0.012703357
               1.2611915                     0.012895766
               1.2623246                      0.01308824
               1.2634578                     0.013280651
                1.264591                     0.013472865
               1.2657241                     0.013664749
               1.2668573                     0.013856165
               1.2679904                     0.014046974
               1.2691236                     0.014237038
               1.2702566                     0.014426213
               1.2713898                      0.01461436
               1.2725229                     0.014801333
               1.2736561                     0.014986988
               1.2747892                     0.015171181
               1.2759224                     0.015353761
               1.2770555                     0.015534579
               1.2781887                     0.015713479
               1.2793218                     0.015890313
                1.280455                     0.016064933
               1.2815881                     0.016237184
               1.2827213                     0.016406924
               1.2838544                     0.016573995
               1.2849876                     0.016738255
               1.2861207                     0.016899548
               1.2872539                     0.017057728
               1.2883869                     0.017212644
               1.2895201                     0.017364146
               1.2906532                     0.017512089
               1.2917864                     0.017656326
               1.2929195                     0.017796714
               1.2940527                     0.017933112
               1.2951858                     0.018065378
                1.296319                     0.018193375
               1.2974522                     0.018316966
               1.2985853                     0.018436015
               1.2997185                     0.018550389
               1.3008516                     0.018659955
               1.3019848                     0.018764585
               1.3031179                     0.018864157
               1.3042511                     0.018958546
               1.3053842                     0.019047637
               1.3065174                     0.019131308
               1.3076504                      0.01920945
               1.3087837                     0.019281948
               1.3099167                     0.019348696
               1.3110499                     0.019409588
                1.312183                     0.019464523
               1.3133162                     0.019513398
               1.3144493                     0.019556122
               1.3155825                     0.019592604
               1.3167156                     0.019622754
               1.3178488                      0.01964649
               1.3189819                     0.019663732
               1.3201151                     0.019674405
               1.3212482                     0.019678434
               1.3223814                     0.019675745
               1.3235145                     0.019666273
               1.3246477                     0.019649951
               1.3257807                      0.01962672
                1.326914                     0.019596525
                1.328047                     0.019559309
               1.3291802                     0.019515026
               1.3303134                     0.019463629
               1.3314465                     0.019405071
               1.3325797                     0.019339314
               1.3337128                      0.01926632
                1.334846                     0.019186055
               1.3359791                     0.019098487
               1.3371123                     0.019003587
               1.3382454                     0.018901329
               1.3393786                     0.018791692
               1.3405117                     0.018674657
               1.3416449                     0.018550204
                1.342778                     0.018418316
               1.3439112                     0.018278982
               1.3450443                     0.018132187
               1.3461775                     0.017977925
               1.3473105                     0.017816192
               1.3484437                      0.01764698
               1.3495768                     0.017470289
                 1.35071                     0.017286118
               1.3518431                     0.017094465
               1.3529763                     0.016895339
               1.3541094                     0.016688738
               1.3552426                     0.016474666
               1.3563757                     0.016253131
               1.3575089                     0.016024139
                1.358642                     0.015787696
               1.3597752                     0.015543817
               1.3609083                      0.01529251
               1.3620415                     0.015033788
               1.3631747                     0.014767663
               1.3643078                     0.014494149
                1.365441                      0.01421326
                1.366574                     0.013925008
               1.3677073                     0.013629404
               1.3688403                     0.013326465
               1.3699735                     0.013016206
               1.3711066                     0.012698644
               1.3722398                     0.012373794
               1.3733729                     0.012041675
               1.3745061                     0.011702302
               1.3756392                     0.011355692
               1.3767724                      0.01100186
               1.3779055                      0.01064082
               1.3790387                      0.01027259
               1.3801718                    0.0098971827
                1.381305                    0.0095146168
               1.3824381                    0.0091249086
               1.3835713                    0.0087280767
               1.3847044                     0.008324136
               1.3858376                    0.0079131043
               1.3869706                    0.0074949958
               1.3881038                    0.0070698261
               1.3892369                    0.0066376077
               1.3903701                     0.006198355
               1.3915032                    0.0057520829
               1.3926364                    0.0052988064
               1.3937696                    0.0048385425
               1.3949027                    0.0043713069
               1.3960359                    0.0038971163
                1.397169                    0.0034159869
               1.3983022                    0.0029279334
               1.3994353                    0.0024329701
               1.4005685                    0.0019311109
               1.4017016                    0.0014223688
               1.4028348                   0.00090675824
               1.4039679                   0.00038429373
               1.4051011                  -0.00014500882
               1.4062341                  -0.00068113283
               1.4073673                   -0.0012240612
               1.4085004                   -0.0017737771
               1.4096336                   -0.0023302636
               1.4107667                   -0.0028935045
               1.4118999                   -0.0034634834
                1.413033                   -0.0040401844
               1.4141662                   -0.0046235891
               1.4152993                   -0.0052136797
               1.4164325                   -0.0058104354
               1.4175656                    -0.006413836
               1.4186988                   -0.0070238584
               1.4198319                   -0.0076404791
               1.4209651                   -0.0082636755
               1.4220982                   -0.0088934219
               1.4232314                   -0.0095296968
               1.4243644                    -0.010172474
               1.4254977                    -0.010821726
               1.4266309                    -0.011477424
               1.4277639                    -0.012139537
               1.4288971                    -0.012808034
               1.4300302                     -0.01348288
               1.4311634                    -0.014164036
               1.4322965                    -0.014851469
               1.4334297                    -0.015545137
               1.4345628                    -0.016244998
                1.435696                    -0.016951017
               1.4368291                    -0.017663142
               1.4379623                    -0.018381327
               1.4390954                    -0.019105526
               1.4402286                    -0.019835679
               1.4413617                    -0.020571731
               1.4424949                    -0.021313619
                1.443628                    -0.022061279
               1.4447612                    -0.022814643
               1.4458942                    -0.023573646
               1.4470274                    -0.024338216
               1.4481605                    -0.025108274
               1.4492937                    -0.025883745
               1.4504268                    -0.026664538
                 1.45156                    -0.027450569
               1.4526931                    -0.028241737
               1.4538263                    -0.029037949
               1.4549594                    -0.029839102
               1.4560926                    -0.030645082
               1.4572257                    -0.031455778
               1.4583589                    -0.032271076
               1.4594921                    -0.033090848
               1.4606252                    -0.033914961
               1.4617584                    -0.034743283
               1.4628915                    -0.035575669
               1.4640247                    -0.036411963
               1.4651577                    -0.037252009
                1.466291                    -0.038095653
                1.467424                    -0.038942732
               1.4685572                    -0.039793059
               1.4696903                    -0.040646452
               1.4708235                    -0.041502725
               1.4719566                     -0.04236168
               1.4730898                    -0.043223105
               1.4742229                    -0.044086792
               1.4753561                    -0.044952516
               1.4764892                     -0.04582005
               1.4776224                    -0.046689145
               1.4787555                    -0.047559552
               1.4798887                    -0.048431024
               1.4810218                     -0.04930329
                1.482155                     -0.05017608
                1.483288                    -0.051049113
               1.4844213                    -0.051922102
               1.4855543                    -0.052794743
               1.4866875                    -0.053666726
               1.4878206                    -0.054537725
               1.4889538                    -0.055407412
               1.4900869                    -0.056275446
               1.4912201                    -0.057141475
               1.4923533                    -0.058005143
               1.4934864                    -0.058866084
               1.4946196                    -0.059723914
               1.4957527                    -0.060578257
               1.4968859                    -0.061428703
                1.498019                    -0.062274858
               1.4991522                     -0.06311629
               1.5002853                    -0.063952595
               1.5014185                     -0.06478332
               1.5025516                    -0.065608025
               1.5036848                     -0.06642627
               1.5048178                    -0.067237571
                1.505951                    -0.068041459
               1.5070841                    -0.068837471
               1.5082173                    -0.069625095
               1.5093504                    -0.070403837
               1.5104836                    -0.071173199
               1.5116167                    -0.071932659
               1.5127499                    -0.072681688
                1.513883                    -0.073419765
               1.5150162                    -0.074146353
               1.5161493                    -0.074860901
               1.5172825                    -0.075562857
               1.5184156                    -0.076251663
               1.5195488                    -0.076926745
               1.5206819                     -0.07758753
               1.5218151                    -0.078233451
               1.5229481                    -0.078863926
               1.5240813                    -0.079478361
               1.5252146                    -0.080076165
               1.5263476                    -0.080656737
               1.5274808                    -0.081219479
               1.5286139                    -0.081763789
               1.5297471                    -0.082289048
               1.5308802                    -0.082794659
               1.5320134                    -0.083280012
               1.5331465                    -0.083744489
               1.5342797                    -0.084187478
               1.5354128                    -0.084608376
                1.536546                    -0.085006572
               1.5376791                    -0.085381433
               1.5388123                    -0.085732363
               1.5399454                    -0.086058751
               1.5410786                    -0.086359993
               1.5422117                    -0.086635478
               1.5433449                    -0.086884603
               1.5444779                    -0.087106787
               1.5456111                    -0.087301441
               1.5467442                    -0.087467983
               1.5478774                    -0.087605834
               1.5490105                    -0.087714441
               1.5501437                    -0.087793231
               1.5512768                    -0.087841652
                 1.55241                    -0.087859154
               1.5535431                    -0.087845206
               1.5546763                    -0.087799296
               1.5558095                    -0.087720908
               1.5569426                    -0.087609567
               1.5580758                     -0.08746478
               1.5592089                    -0.087286077
               1.5603421                    -0.087073021
               1.5614752                     -0.08682517
               1.5626084                    -0.086542115
               1.5637414                    -0.086223446
               1.5648746                    -0.085868783
               1.5660077                    -0.085477754
               1.5671409                    -0.085050024
                1.568274                    -0.084585249
               1.5694072                    -0.084083162
               1.5705403                    -0.083543479
               1.5716735                     -0.08296594
               1.5728066                    -0.082350329
               1.5739398                    -0.081696436
               1.5750729                    -0.081004083
               1.5762061                    -0.080273107
               1.5773392                    -0.079503387
               1.5784724                    -0.078694813
               1.5796055                    -0.077847317
               1.5807387                    -0.076960869
               1.5818717                    -0.076035455
                1.583005                    -0.075071089
                1.584138                    -0.074067824
               1.5852712                    -0.073025726
               1.5864043                    -0.071944922
               1.5875375                     -0.07082554
               1.5886707                    -0.069667757
               1.5898038                    -0.068471789
                1.590937                    -0.067237891
               1.5920701                    -0.065966338
               1.5932033                    -0.064657435
               1.5943364                     -0.06331154
               1.5954696                    -0.061929014
               1.5966027                    -0.060510289
               1.5977359                    -0.059055813
                1.598869                    -0.057566062
               1.6000022                    -0.056041546
               1.6011353                    -0.054482825
               1.6022685                    -0.052890487
               1.6034015                    -0.051265158
               1.6045347                      -0.0496075
               1.6056678                    -0.047918204
                1.606801                    -0.046198003
               1.6079341                     -0.04444766
               1.6090673                    -0.042667966
               1.6102004                     -0.04085974
               1.6113336                     -0.03902385
               1.6124667                    -0.037161171
               1.6135999                    -0.035272643
                1.614733                    -0.033359215
               1.6158662                     -0.03142187
               1.6169993                    -0.029461632
               1.6181325                    -0.027479552
               1.6192656                    -0.025476702
               1.6203988                    -0.023454182
                1.621532                    -0.021413125
                1.622665                    -0.019354688
               1.6237983                    -0.017280038
               1.6249313                    -0.015190389
               1.6260645                    -0.013086963
               1.6271976                    -0.010971009
               1.6283308                   -0.0088437991
               1.6294639                   -0.0067066248
               1.6305971                   -0.0045607965
               1.6317302                   -0.0024076412
               1.6328634                  -0.00024850259
               1.6339965                    0.0019152598
               1.6351297                    0.0040822709
               1.6362628                     0.006251141
                1.637396                    0.0084204655
               1.6385291                     0.010588828
               1.6396623                       0.0127548
               1.6407954                     0.014916949
               1.6419286                     0.017073834
               1.6430616                      0.01922401
               1.6441948                     0.021366032
               1.6453279                     0.023498449
               1.6464611                     0.025619814
               1.6475942                     0.027728673
               1.6487274                     0.029823571
               1.6498605                     0.031903055
               1.6509937                      0.03396567
               1.6521268                      0.03600996
                 1.65326                     0.038034488
               1.6543932                     0.040037811
               1.6555263                     0.042018503
               1.6566595                     0.043975148
               1.6577926                     0.045906335
               1.6589258                     0.047810681
               1.6600589                     0.049686793
               1.6611921                     0.051533312
               1.6623251                     0.053348884
               1.6634583                     0.055132169
               1.6645914                     0.056881849
               1.6657246                     0.058596615
               1.6668577                     0.060275193
               1.6679909                     0.061916336
                1.669124                     0.063518815
               1.6702572                     0.065081395
               1.6713903                     0.066602923
               1.6725235                     0.068082221
               1.6736566                     0.069518156
               1.6747898                     0.070909612
               1.6759229                     0.072255507
               1.6770561                     0.073554799
               1.6781892                     0.074806474
               1.6793224                     0.076009557
               1.6804554                       0.0771631
               1.6815886                     0.078266189
               1.6827217                      0.07931792
               1.6838549                     0.080317453
                1.684988                     0.081263974
               1.6861212                     0.082156695
               1.6872544                     0.082994908
               1.6883875                     0.083777905
               1.6895207                     0.084505036
               1.6906538                     0.085175671
                1.691787                     0.085789248
               1.6929201                     0.086345218
               1.6940533                     0.086843118
               1.6951864                     0.087282464
               1.6963196                     0.087662853
               1.6974527                     0.087983929
               1.6985859                     0.088245362
                1.699719                     0.088446915
               1.7008522                      0.08858835
               1.7019852                     0.088669494
               1.7031184                     0.088690214
               1.7042515                      0.08865042
               1.7053847                     0.088550076
               1.7065178                     0.088389181
                1.707651                     0.088167787
               1.7087841                     0.087885991
               1.7099173                     0.087543964
               1.7110504                     0.087141901
               1.7121836                     0.086680062
               1.7133167                     0.086158752
               1.7144499                     0.085578345
                1.715583                     0.084939219
               1.7167162                      0.08424183
               1.7178494                     0.083486676
               1.7189825                     0.082674287
               1.7201157                     0.081805274
               1.7212487                     0.080880262
               1.7223819                     0.079899967
                1.723515                     0.078865141
               1.7246482                     0.077776588
               1.7257813                     0.076635152
               1.7269145                      0.07544174
               1.7280476                      0.07419727
               1.7291808                     0.072902739
               1.7303139                     0.071559168
               1.7314471                     0.070167661
               1.7325802                     0.068729341
               1.7337134                     0.067245409
               1.7348465                     0.065717086
               1.7359797                     0.064145654
               1.7371128                      0.06253244
                1.738246                     0.060878813
                1.739379                     0.059186179
               1.7405123                     0.057455994
               1.7416453                      0.05568976
               1.7427785                     0.053889014
               1.7439116                     0.052055348
               1.7450448                     0.050190397
               1.7461779                     0.048295841
               1.7473111                     0.046373412
               1.7484442                     0.044424865
               1.7495774                     0.042452011
               1.7507106                     0.040456679
               1.7518437                     0.038440742
               1.7529769                     0.036406115
                 1.75411                     0.034354743
               1.7552432                     0.032288607
               1.7563763                     0.030209742
               1.7575095                     0.028120216
               1.7586426                     0.026022142
               1.7597758                      0.02391766
               1.7609088                     0.021808947
                1.762042                     0.019698204
               1.7631751                      0.01758766
               1.7643083                      0.01547956
               1.7654414                     0.013376182
               1.7665746                     0.011279831
               1.7677077                    0.0091928449
               1.7688409                    0.0071175909
                1.769974                    0.0050564716
               1.7711072                    0.0030119177
               1.7722403                    0.0009863819
               1.7733735                   -0.0010176665
               1.7745066                   -0.0029977467
               1.7756398                    -0.004951369
               1.7767729                   -0.0068760356
               1.7779061                   -0.0087692384
               1.7790391                    -0.010628454
               1.7801723                    -0.012451143
               1.7813054                    -0.014234752
               1.7824386                    -0.015976712
               1.7835718                    -0.017674448
               1.7847049                    -0.019325385
               1.7858381                    -0.020926947
               1.7869712                     -0.02247658
               1.7881044                    -0.023971736
               1.7892375                    -0.025409887
               1.7903707                     -0.02678852
               1.7915038                    -0.028105132
                1.792637                    -0.029357232
               1.7937701                     -0.03054234
               1.7949033                    -0.031658001
               1.7960364                     -0.03270179
               1.7971696                    -0.033671305
               1.7983027                    -0.034564186
               1.7994359                    -0.035378132
               1.8005689                    -0.036110882
               1.8017021                     -0.03676023
               1.8028352                    -0.037324019
               1.8039684                    -0.037800156
               1.8051015                    -0.038186602
               1.8062347                     -0.03848137
               1.8073678                    -0.038682554
                1.808501                    -0.038788307
               1.8096341                    -0.038796887
               1.8107673                    -0.038706619
               1.8119004                    -0.038515944
               1.8130336                    -0.038223397
               1.8141667                    -0.037827618
               1.8152999                    -0.037327342
               1.8164331                    -0.036721423
               1.8175662                    -0.036008812
               1.8186994                    -0.035188593
               1.8198324                    -0.034259971
               1.8209656                    -0.033222288
               1.8220987                    -0.032075025
               1.8232319                     -0.03081781
                1.824365                    -0.029450433
               1.8254982                    -0.027972829
               1.8266313                    -0.026385097
               1.8277645                    -0.024687489
               1.8288976                    -0.022880422
               1.8300308                    -0.020964472
               1.8311639                    -0.018940385
               1.8322971                    -0.016809089
               1.8334302                    -0.014571698
               1.8345634                    -0.012229514
               1.8356965                   -0.0097840335
               1.8368297                   -0.0072369524
               1.8379627                    -0.004590163
                1.839096                   -0.0018457493
                1.840229                   0.00099401106
               1.8413622                    0.0039266502
               1.8424953                    0.0069495081
               1.8436285                      0.01005973
               1.8447616                     0.013254263
               1.8458948                     0.016529854
               1.8470279                      0.01988305
               1.8481611                     0.023310188
               1.8492943                     0.026807416
               1.8504274                     0.030370681
               1.8515606                      0.03399574
               1.8526937                     0.037678178
               1.8538269                     0.041413397
                 1.85496                     0.045196634
               1.8560932                     0.049022958
               1.8572263                      0.05288728
               1.8583595                     0.056784339
               1.8594925                     0.060708731
               1.8606257                     0.064654917
               1.8617588                     0.068617187
                1.862892                     0.072589725
               1.8640251                     0.076566577
               1.8651583                       0.0805417
               1.8662914                     0.084508948
               1.8674246                     0.088462085
               1.8685577                     0.092394829
               1.8696909                     0.096300811
                1.870824                      0.10017363
               1.8719572                      0.10400683
               1.8730903                       0.1077939
               1.8742235                      0.11152834
               1.8753566                      0.11520362
               1.8764898                      0.11881325
               1.8776228                      0.12235075
                1.878756                       0.1258097
               1.8798892                      0.12918369
               1.8810223                      0.13246645
               1.8821555                      0.13565174
               1.8832886                      0.13873345
               1.8844218                      0.14170553
               1.8855549                       0.1445621
               1.8866881                      0.14729738
               1.8878212                      0.14990579
               1.8889544                      0.15238185
               1.8900875                      0.15472032
               1.8912207                      0.15691611
               1.8923538                      0.15896437
                1.893487                      0.16086045
               1.8946201                      0.16259998
               1.8957533                      0.16417879
               1.8968863                      0.16559295
               1.8980196                      0.16683882
               1.8991526                        0.167913
               1.9002858                      0.16881238
               1.9014189                      0.16953416
               1.9025521                      0.17007586
               1.9036852                      0.17043525
               1.9048184                      0.17061047
               1.9059515                      0.17059997
               1.9070847                      0.17040254
               1.9082178                      0.17001727
                1.909351                      0.16944356
               1.9104841                       0.1686812
               1.9116173                      0.16773027
               1.9127505                      0.16659124
               1.9138836                      0.16526487
               1.9150168                      0.16375227
               1.9161499                      0.16205488
               1.9172831                      0.16017447
               1.9184161                      0.15811318
               1.9195493                      0.15587342
               1.9206824                      0.15345794
               1.9218156                       0.1508698
               1.9229487                      0.14811239
               1.9240819                      0.14518934
                1.925215                      0.14210463
               1.9263482                      0.13886248
               1.9274813                      0.13546737
               1.9286145                      0.13192406
               1.9297476                      0.12823759
               1.9308808                       0.1244132
               1.9320139                      0.12045634
               1.9331471                      0.11637269
               1.9342802                      0.11216812
               1.9354134                      0.10784867
               1.9365464                      0.10342059
               1.9376796                     0.098890223
               1.9388127                     0.094264075
               1.9399459                     0.089548774
                1.941079                     0.084751077
               1.9422122                     0.079877816
               1.9433453                     0.074935898
               1.9444785                     0.069932297
               1.9456117                     0.064874031
               1.9467448                     0.059768151
                1.947878                     0.054621704
               1.9490111                      0.04944174
               1.9501443                       0.0442353
               1.9512774                     0.039009396
               1.9524106                     0.033771001
               1.9535437                     0.028527033
               1.9546769                      0.02328434
                 1.95581                       0.0180497
               1.9569432                     0.012829782
               1.9580762                    0.0076311417
               1.9592094                    0.0024602057
               1.9603425                   -0.0026767408
               1.9614757                     -0.00777356
               1.9626088                    -0.012824268
                1.963742                     -0.01782304
               1.9648751                    -0.022764215
               1.9660083                    -0.027642302
               1.9671414                    -0.032451998
               1.9682746                    -0.037188184
               1.9694077                     -0.04184594
               1.9705409                    -0.046420556
                1.971674                     -0.05090753
               1.9728072                    -0.055302586
               1.9739403                    -0.059601679
               1.9750735                    -0.063800953
               1.9762065                    -0.067896813
               1.9773397                    -0.071885847
               1.9784729                    -0.075764872
                1.979606                    -0.079530925
               1.9807392                    -0.083181269
               1.9818723                    -0.086713366
               1.9830055                    -0.090124935
               1.9841386                    -0.093413912
               1.9852718                    -0.096578449
               1.9864049                    -0.099616922
               1.9875381                      -0.1025279
               1.9886712                     -0.10531018
               1.9898044                     -0.10796275
               1.9909375                     -0.11048476
               1.9920707                      -0.1128756
               1.9932038                     -0.11513481
                1.994337                     -0.11726215
                 1.99547                     -0.11925755
               1.9966033                     -0.12112108
               1.9977363                     -0.12285304
               1.9988695                      -0.1244539
               2.0000026                     -0.12592423
               2.0011358                     -0.12726483
                2.002269                     -0.12847653
                2.003402                     -0.12956038
               2.0045352                     -0.13051754
               2.0056684                     -0.13134933
               2.0068016                     -0.13205713
               2.0079346                     -0.13264248
               2.0090678                     -0.13310701
                2.010201                     -0.13345249
               2.0113342                     -0.13368078
               2.0124674                      -0.1337938
               2.0136003                     -0.13379359
               2.0147336                     -0.13368231
               2.0158668                     -0.13346215
                   2.017                     -0.13313538
               2.0181329                     -0.13270436
               2.0192661                     -0.13217148
               2.0203993                     -0.13153921
               2.0215325                     -0.13081008
               2.0226655                     -0.12998669
               2.0237987                     -0.12907164
               2.0249319                     -0.12806763
               2.0260651                     -0.12697738
               2.0271981                     -0.12580365
               2.0283313                     -0.12454924
               2.0294645                     -0.12321695
               2.0305977                     -0.12180963
               2.0317307                     -0.12033015
               2.0328639                     -0.11878143
               2.0339971                     -0.11716634
               2.0351303                     -0.11548783
               2.0362632                     -0.11374883
               2.0373964                      -0.1119523
               2.0385296                     -0.11010121
               2.0396628                     -0.10819849
               2.0407958                     -0.10624714
                2.041929                     -0.10425009
               2.0430622                     -0.10221028
               2.0441954                     -0.10013065
               2.0453286                    -0.098014131
               2.0464616                    -0.095863655
               2.0475948                     -0.09368214
                2.048728                    -0.091472492
               2.0498612                    -0.089237593
               2.0509942                    -0.086980291
               2.0521274                    -0.084703393
               2.0532606                    -0.082409687
               2.0543938                    -0.080101907
               2.0555267                     -0.07778278
               2.0566599                    -0.075454973
               2.0577931                    -0.073121145
               2.0589263                    -0.070783913
               2.0600593                    -0.068445876
               2.0611925                    -0.066109553
               2.0623257                    -0.063777432
               2.0634589                    -0.061451927
               2.0645919                    -0.059135411
               2.0657251                     -0.05683019
               2.0668583                    -0.054538503
               2.0679915                    -0.052262541
               2.0691245                    -0.050004438
               2.0702577                    -0.047766268
               2.0713909                    -0.045550052
               2.0725241                    -0.043357741
                2.073657                    -0.041191217
               2.0747902                    -0.039052285
               2.0759234                    -0.036942668
               2.0770566                    -0.034864027
               2.0781898                    -0.032817945
               2.0793228                    -0.030805934
                2.080456                    -0.028829429
               2.0815892                    -0.026889801
               2.0827224                    -0.024988355
               2.0838554                    -0.023126319
               2.0849886                    -0.021304842
               2.0861218                    -0.019524995
                2.087255                    -0.017787764
                2.088388                    -0.016094061
               2.0895212                    -0.014444709
               2.0906544                     -0.01284046
               2.0917876                    -0.011281997
               2.0929205                   -0.0097699324
               2.0940537                   -0.0083048129
               2.0951869                   -0.0068871202
               2.0963202                   -0.0055172695
               2.0974531                   -0.0041956045
               2.0985863                   -0.0029223987
               2.0997195                   -0.0016978536
               2.1008527                  -0.00052210316
               2.1019857                   0.00060478481
               2.1031189                    0.0016828043
               2.1042521                    0.0027120078
               2.1053853                    0.0036925047
               2.1065183                    0.0046244585
               2.1076515                    0.0055080866
               2.1087847                    0.0063436595
               2.1099179                    0.0071314964
               2.1110511                    0.0078719649
                2.112184                     0.008565479
               2.1133173                    0.0092124939
               2.1144505                    0.0098135071
               2.1155837                     0.010369057
               2.1167166                     0.010879723
               2.1178498                     0.011346122
                2.118983                     0.011768916
               2.1201162                     0.012148799
               2.1212492                     0.012486503
               2.1223824                     0.012782788
               2.1235156                     0.013038438
               2.1246488                     0.013254259
               2.1257818                     0.013431076
                2.126915                     0.013569737
               2.1280482                     0.013671108
               2.1291814                     0.013736084
               2.1303144                     0.013765584
               2.1314476                     0.013760553
               2.1325808                     0.013721954
                2.133714                     0.013650767
               2.1348469                     0.013547981
               2.1359801                     0.013414597
               2.1371133                     0.013251619
               2.1382465                     0.013060056
               2.1393797                     0.012840921
               2.1405127                     0.012595251
               2.1416459                     0.012324089
               2.1427791                     0.012028498
               2.1439123                     0.011709553
               2.1450453                     0.011368333
               2.1461785                     0.011005921
               2.1473117                     0.010623387
               2.1484449                     0.010221796
               2.1495779                    0.0098022055
               2.1507111                    0.0093656704
               2.1518443                    0.0089132516
               2.1529775                    0.0084460182
               2.1541104                    0.0079650469
               2.1552436                    0.0074714227
               2.1563768                    0.0069662305
                 2.15751                    0.0064505478
                2.158643                    0.0059254356
               2.1597762                    0.0053919386
               2.1609094                      0.00485108
               2.1620426                    0.0043038689
               2.1631756                    0.0037513075
               2.1643088                    0.0031943957
                2.165442                    0.0026341348
               2.1665752                    0.0020715261
               2.1677082                    0.0015075654
               2.1688414                   0.00094323291
               2.1699746                   0.00037948601
               2.1711078                  -0.00018274767
                2.172241                  -0.00074257131
               2.1733739                    -0.001299115
               2.1745071                   -0.0018515291
               2.1756403                   -0.0023989761
               2.1767735                    -0.002940627
               2.1779065                     -0.00347566
               2.1790397                   -0.0040032645
               2.1801729                   -0.0045226528
               2.1813061                   -0.0050330656
               2.1824391                   -0.0055337823
               2.1835723                   -0.0060241222
               2.1847055                   -0.0065034418
               2.1858387                   -0.0069711278
               2.1869717                   -0.0074265897
               2.1881049                   -0.0078692539
               2.1892381                   -0.0082985628
               2.1903713                   -0.0087139755
               2.1915042                   -0.0091149779
               2.1926374                   -0.0095010893
               2.1937706                   -0.0098718721
               2.1949039                    -0.010226936
               2.1960368                    -0.010565934
                 2.19717                    -0.010888558
               2.1983032                    -0.011194522
               2.1994364                    -0.011483563
               2.2005694                    -0.011755433
               2.2017026                    -0.012009896
               2.2028358                    -0.012246743
                2.203969                    -0.012465791
               2.2051022                    -0.012666903
               2.2062352                    -0.012849981
               2.2073684                    -0.013014976
               2.2085016                    -0.013161875
               2.2096348                    -0.013290695
               2.2107677                    -0.013401468
               2.2119009                    -0.013494242
               2.2130342                    -0.013569072
               2.2141674                    -0.013626029
               2.2153003                    -0.013665201
               2.2164335                    -0.013686704
               2.2175667                    -0.013690688
               2.2186999                    -0.013677338
               2.2198329                     -0.01364687
               2.2209661                    -0.013599527
               2.2220993                    -0.013535559
               2.2232325                    -0.013455227
               2.2243655                    -0.013358786
               2.2254987                    -0.013246498
               2.2266319                    -0.013118627
               2.2277651                    -0.012975449
                2.228898                    -0.012817258
               2.2300313                     -0.01264437
               2.2311645                    -0.012457118
               2.2322977                    -0.012255848
               2.2334306                    -0.012040913
               2.2345638                    -0.011812665
                2.235697                    -0.011571447
               2.2368302                    -0.011317598
               2.2379634                    -0.011051448
               2.2390964                    -0.010773329
               2.2402296                    -0.010483577
               2.2413628                    -0.010182539
                2.242496                   -0.0098705664
                2.243629                   -0.0095480168
               2.2447622                   -0.0092152487
               2.2458954                   -0.0088726142
               2.2470286                   -0.0085204504
               2.2481616                   -0.0081590842
               2.2492948                   -0.0077888253
                2.250428                   -0.0074099782
               2.2515612                   -0.0070228404
               2.2526941                   -0.0066277115
               2.2538273                   -0.0062248949
               2.2549605                   -0.0058146985
               2.2560937                   -0.0053974325
               2.2572267                   -0.0049734069
               2.2583599                   -0.0045429259
               2.2594931                   -0.0041062864
               2.2606263                   -0.0036637755
               2.2617593                   -0.0032156704
               2.2628925                   -0.0027622408
               2.2640257                   -0.0023037523
               2.2651589                   -0.0018404694
               2.2662919                   -0.0013726577
               2.2674251                    -0.000900588
               2.2685583                  -0.00042453824
               2.2696915                   5.5206285e-05
               2.2708247                    0.0005383527
               2.2719576                    0.0010246014
               2.2730908                    0.0015136474
                2.274224                    0.0020051822
               2.2753572                    0.0024988949
               2.2764902                    0.0029944738
               2.2776234                    0.0034916052
               2.2787566                    0.0039899717
               2.2798898                    0.0044892509
               2.2810228                    0.0049891067
                2.282156                    0.0054891906
               2.2832892                    0.0059891348
               2.2844224                    0.0064885551
               2.2855554                    0.0069870492
               2.2866886                    0.0074842009
               2.2878218                     0.007979583
                2.288955                    0.0084727602
               2.2900879                    0.0089632878
               2.2912211                    0.0094507169
               2.2923543                    0.0099345855
               2.2934875                      0.01041442
               2.2946205                     0.010889726
               2.2957537                      0.01135999
               2.2968869                     0.011824683
               2.2980201                      0.01228326
               2.2991531                     0.012735162
               2.3002863                      0.01317982
               2.3014195                     0.013616666
               2.3025527                     0.014045126
               2.3036859                     0.014464622
               2.3048189                     0.014874576
               2.3059521                     0.015274394
               2.3070853                     0.015663477
               2.3082185                      0.01604121
               2.3093514                     0.016406976
               2.3104846                     0.016760144
               2.3116179                     0.017100096
               2.3127511                     0.017426208
                2.313884                     0.017737871
               2.3150172                      0.01803449
               2.3161504                     0.018315477
               2.3172836                     0.018580262
               2.3184166                     0.018828275
               2.3195498                     0.019058965
                2.320683                     0.019271785
               2.3218162                     0.019466203
               2.3229492                     0.019641699
               2.3240824                     0.019797785
               2.3252156                     0.019933987
               2.3263488                     0.020049859
               2.3274817                     0.020144988
                2.328615                     0.020218991
               2.3297482                     0.020271508
               2.3308814                     0.020302217
               2.3320143                     0.020310827
               2.3331475                     0.020297073
               2.3342807                     0.020260736
               2.3354139                     0.020201627
               2.3365471                       0.0201196
               2.3376801                     0.020014551
               2.3388133                     0.019886412
               2.3399465                     0.019735167
               2.3410797                     0.019560836
               2.3422127                     0.019363482
               2.3433459                     0.019143216
               2.3444791                     0.018900197
               2.3456123                     0.018634625
               2.3467453                     0.018346749
               2.3478785                     0.018036863
               2.3490117                     0.017705299
               2.3501449                     0.017352443
               2.3512778                     0.016978713
                2.352411                     0.016584577
               2.3535442                     0.016170543
               2.3546774                     0.015737174
               2.3558104                      0.01528507
               2.3569436                     0.014814881
               2.3580768                      0.01432729
                 2.35921                     0.013823028
                2.360343                      0.01330285
               2.3614762                     0.012767548
               2.3626094                     0.012217944
               2.3637426                     0.011654889
               2.3648756                     0.011079263
               2.3660088                     0.010491978
                2.367142                    0.0098939752
               2.3682752                    0.0092862202
               2.3694084                    0.0086697042
               2.3705413                     0.008045434
               2.3716745                    0.0074144285
               2.3728077                    0.0067777149
               2.3739409                    0.0061363261
               2.3750739                    0.0054913005
               2.3762071                    0.0048436834
               2.3773403                    0.0041945274
               2.3784735                     0.003544892
               2.3796065                    0.0028958411
               2.3807397                    0.0022484367
               2.3818729                     0.001603733
               2.3830061                   0.00096277066
               2.3841391                   0.00032657059
               2.3852723                  -0.00030386786
               2.3864055                  -0.00092756719
               2.3875387                   -0.0015435703
               2.3886716                   -0.0021509384
               2.3898048                   -0.0027487502
                2.390938                   -0.0033361053
               2.3920712                   -0.0039121266
               2.3932042                   -0.0044759689
               2.3943374                   -0.0050268252
               2.3954706                    -0.005563932
               2.3966038                   -0.0060865711
               2.3977368                   -0.0065940665
                 2.39887                   -0.0070857834
               2.4000032                   -0.0075611197
               2.4011364                   -0.0080195069
               2.4022696                   -0.0084604071
               2.4034026                   -0.0088833179
               2.4045358                   -0.0092877774
                2.405669                   -0.0096733738
               2.4068022                     -0.01003975
               2.4079351                     -0.01038661
               2.4090683                    -0.010713712
               2.4102015                    -0.011020867
               2.4113348                    -0.011307932
               2.4124677                    -0.011574803
               2.4136009                    -0.011821407
               2.4147341                    -0.012047706
               2.4158673                      -0.0122537
               2.4170003                    -0.012439432
               2.4181335                    -0.012604996
               2.4192667                    -0.012750539
               2.4203999                     -0.01287626
               2.4215329                    -0.012982409
               2.4226661                    -0.013069276
               2.4237993                    -0.013137181
               2.4249325                    -0.013186476
               2.4260654                    -0.013217533
               2.4271986                    -0.013230752
               2.4283319                    -0.013226563
               2.4294651                    -0.013205429
                2.430598                    -0.013167849
               2.4317312                    -0.013114361
               2.4328644                    -0.013045534
               2.4339976                    -0.012961965
               2.4351308                    -0.012864265
               2.4362638                     -0.01275306
                2.437397                    -0.012628985
               2.4385302                    -0.012492681
               2.4396634                    -0.012344802
               2.4407964                    -0.012186014
               2.4419296                    -0.012017002
               2.4430628                    -0.011838468
                2.444196                    -0.011651125
                2.445329                    -0.011455693
               2.4464622                    -0.011252892
               2.4475954                     -0.01104343
               2.4487286                    -0.010828003
               2.4498615                    -0.010607295
               2.4509947                    -0.010381979
               2.4521279                    -0.010152723
               2.4532611                   -0.0099201901
               2.4543941                   -0.0096850451
               2.4555273                   -0.0094479444
               2.4566605                   -0.0092095323
               2.4577937                   -0.0089704376
               2.4589267                   -0.0087312646
               2.4600599                    -0.008492589
               2.4611931                   -0.0082549611
               2.4623263                   -0.0080189044
               2.4634595                   -0.0077849212
               2.4645925                   -0.0075534959
               2.4657257                   -0.0073250965
               2.4668589                   -0.0071001705
               2.4679921                    -0.006879143
                2.469125                   -0.0066624056
               2.4702582                   -0.0064503187
               2.4713914                   -0.0062432024
               2.4725246                   -0.0060413396
               2.4736576                   -0.0058449805
               2.4747908                   -0.0056543471
                2.475924                   -0.0054696393
               2.4770572                   -0.0052910359
               2.4781902                   -0.0051186946
               2.4793234                   -0.0049527478
               2.4804566                   -0.0047932984
               2.4815898                   -0.0046404111
               2.4827228                    -0.004494112
                2.483856                   -0.0043543875
               2.4849892                   -0.0042211893
               2.4861224                   -0.0040944386
               2.4872553                   -0.0039740354
               2.4883885                   -0.0038598613
               2.4895217                   -0.0037517839
               2.4906549                   -0.0036496532
               2.4917879                   -0.0035532978
               2.4929211                   -0.0034625225
               2.4940543                   -0.0033771018
               2.4951875                    -0.003296782
               2.4963207                   -0.0032212816
               2.4974537                    -0.003150298
               2.4985869                   -0.0030835136
               2.4997201                   -0.0030206006
               2.5008533                   -0.0029612253
               2.5019863                   -0.0029050475
               2.5031195                   -0.0028517197
               2.5042527                   -0.0028008842
               2.5053859                   -0.0027521714
               2.5065188                   -0.0027051992
                2.507652                   -0.0026595744
               2.5087852                   -0.0026148998
               2.5099185                    -0.002570777
               2.5110514                   -0.0025268125
               2.5121846                   -0.0024826215
               2.5133178                   -0.0024378262
                2.514451                   -0.0023920585
                2.515584                   -0.0023449536
               2.5167172                   -0.0022961516
               2.5178504                   -0.0022452956
               2.5189836                   -0.0021920337
               2.5201166                   -0.0021360228
               2.5212498                   -0.0020769341
                2.522383                   -0.0020144568
               2.5235162                   -0.0019483012
               2.5246491                   -0.0018782007
               2.5257823                   -0.0018039099
               2.5269156                   -0.0017252044
               2.5280488                   -0.0016418762
                2.529182                   -0.0015537341
               2.5303149                    -0.001460603
               2.5314481                   -0.0013623262
               2.5325813                   -0.0012587684
               2.5337145                   -0.0011498192
               2.5348475                   -0.0010353967
               2.5359807                  -0.00091544888
               2.5371139                   -0.0007899527
               2.5382471                  -0.00065891299
               2.5393801                  -0.00052236044
               2.5405133                  -0.00038034859
               2.5416465                  -0.00023295244
               2.5427797                  -8.0267775e-05
               2.5439126                   7.7588549e-05
               2.5450459                   0.00024047719
               2.5461791                   0.00040823486
               2.5473123                    0.0005806734
               2.5484452                    0.0007575794
               2.5495784                   0.00093871512
               2.5507116                    0.0011238198
               2.5518448                    0.0013126109
               2.5529778                    0.0015047865
                2.554111                    0.0017000271
               2.5552442                    0.0018979971
               2.5563774                    0.0020983457
               2.5575104                    0.0023007081
               2.5586436                    0.0025047066
               2.5597768                    0.0027099506
                 2.56091                    0.0029160376
               2.5620432                    0.0031225546
               2.5631762                     0.003329078
               2.5643094                    0.0035351759
               2.5654426                    0.0037404108
               2.5665758                    0.0039443392
               2.5677087                    0.0041465173
               2.5688419                    0.0043464992
               2.5699751                    0.0045438414
               2.5711083                     0.004738105
               2.5722413                    0.0049288534
               2.5733745                    0.0051156562
               2.5745077                    0.0052980883
               2.5756409                    0.0054757292
               2.5767739                    0.0056481641
               2.5779071                    0.0058149858
               2.5790403                    0.0059757987
               2.5801735                     0.006130218
               2.5813065                    0.0062778736
               2.5824397                     0.006418413
               2.5835729                    0.0065515023
               2.5847061                    0.0066768248
                2.585839                    0.0067940848
               2.5869722                    0.0069030048
               2.5881054                    0.0070033255
               2.5892386                    0.0070948056
               2.5903716                    0.0071772272
               2.5915048                    0.0072503919
                2.592638                    0.0073141251
               2.5937712                    0.0073682759
               2.5949044                    0.0074127181
               2.5960374                    0.0074473484
               2.5971706                    0.0074720895
               2.5983038                    0.0074868901
                2.599437                    0.0074917208
                 2.60057                    0.0074865757
               2.6017032                    0.0074714748
               2.6028364                    0.0074464623
               2.6039696                    0.0074116094
               2.6051025                    0.0073670116
               2.6062357                     0.007312791
               2.6073689                    0.0072490918
               2.6085021                    0.0071760803
               2.6096351                    0.0070939441
               2.6107683                     0.007002892
               2.6119015                    0.0069031529
               2.6130347                    0.0067949789
               2.6141677                     0.006678645
               2.6153009                    0.0065544457
               2.6164341                    0.0064226985
               2.6175673                    0.0062837405
               2.6187003                    0.0061379243
               2.6198335                    0.0059856162
               2.6209667                    0.0058271936
               2.6220999                    0.0056630429
               2.6232328                    0.0054935594
                2.624366                    0.0053191497
               2.6254992                    0.0051402319
               2.6266325                    0.0049572382
               2.6277657                    0.0047706133
               2.6288986                    0.0045808153
               2.6300318                    0.0043883109
                2.631165                    0.0041935709
               2.6322982                    0.0039970689
               2.6334312                    0.0037992741
               2.6345644                    0.0036006516
               2.6356976                    0.0034016634
               2.6368308                    0.0032027676
               2.6379638                    0.0030044226
                2.639097                    0.0028070866
               2.6402302                     0.002611218
               2.6413634                    0.0024172741
               2.6424963                    0.0022257064
               2.6436296                    0.0020369601
               2.6447628                    0.0018514687
                2.645896                    0.0016696525
               2.6470289                     0.001491919
               2.6481621                    0.0013186636
               2.6492953                    0.0011502705
               2.6504285                    0.0009871145
               2.6515615                    0.0008295608
               2.6526947                   0.00067796232
               2.6538279                   0.00053265761
               2.6549611                   0.00039396773
               2.6560941                   0.00026219414
               2.6572273                   0.00013761803
               2.6583605                   2.0501033e-05
               2.6594937                  -8.8912464e-05
               2.6606269                  -0.00019039259
               2.6617599                  -0.00028372186
               2.6628931                   -0.0003686948
               2.6640263                  -0.00044511969
               2.6651595                  -0.00051282172
               2.6662924                  -0.00057164684
               2.6674256                  -0.00062146469
               2.6685588                     -0.00066217
                2.669692                   -0.0006936813
                2.670825                  -0.00071593747
               2.6719582                  -0.00072889379
               2.6730914                  -0.00073251722
               2.6742246                  -0.00072678435
               2.6753576                  -0.00071168132
               2.6764908                  -0.00068720628
                2.677624                  -0.00065337319
               2.6787572                  -0.00061021635
               2.6798902                  -0.00055779313
               2.6810234                   -0.0004961841
               2.6821566                   -0.0004254902
               2.6832898                   -0.0003458279
               2.6844227                  -0.00025732396
               2.6855559                  -0.00016011063
               2.6866891                  -5.4323718e-05
               2.6878223                   5.9896862e-05
               2.6889553                   0.00018240379
               2.6900885                   0.00031303757
               2.6912217                   0.00045162221
               2.6923549                   0.00059796323
               2.6934881                   0.00075184822
               2.6946211                   0.00091305125
               2.6957543                    0.0010813379
               2.6968875                    0.0012564718
               2.6980207                    0.0014382185
               2.6991537                     0.001626347
               2.7002869                    0.0018206281
               2.7014201                    0.0020208303
               2.7025533                    0.0022267138
               2.7036862                    0.0024380267
               2.7048194                    0.0026545036
               2.7059526                    0.0028758652
               2.7070858                    0.0031018241
               2.7082188                    0.0033320901
                2.709352                    0.0035663759
               2.7104852                    0.0038044006
               2.7116184                     0.004045892
               2.7127514                    0.0042905831
               2.7138846                    0.0045382073
               2.7150178                    0.0047884947
                2.716151                    0.0050411671
                2.717284                    0.0052959356
               2.7184172                    0.0055525042
               2.7195504                    0.0058105704
               2.7206836                    0.0060698316
               2.7218165                    0.0063299905
               2.7229497                    0.0065907552
               2.7240829                    0.0068518417
               2.7252162                    0.0071129701
               2.7263494                    0.0073738592
               2.7274823                    0.0076342253
               2.7286155                    0.0078937784
               2.7297487                    0.0081522232
               2.7308819                    0.0084092598
               2.7320149                    0.0086645847
               2.7331481                    0.0089178979
               2.7342813                    0.0091689052
               2.7354145                    0.0094173141
               2.7365475                    0.0096628414
               2.7376807                    0.0099052032
               2.7388139                     0.010144115
               2.7399471                     0.010379292
                 2.74108                     0.010610439
               2.7422132                     0.010837261
               2.7433465                      0.01105946
               2.7444797                     0.011276742
               2.7456126                     0.011488813
               2.7467458                     0.011695393
                2.747879                     0.011896203
               2.7490122                     0.012090971
               2.7501452                     0.012279422
               2.7512784                     0.012461287
               2.7524116                     0.012636293
               2.7535448                     0.012804165
               2.7546778                     0.012964636
                2.755811                     0.013117434
               2.7569442                     0.013262297
               2.7580774                     0.013398977
               2.7592106                     0.013527229
               2.7603436                      0.01364682
               2.7614768                     0.013757518
                 2.76261                     0.013859099
               2.7637432                     0.013951343
               2.7648761                     0.014034025
               2.7660093                     0.014106939
               2.7671425                     0.014169876
               2.7682757                     0.014222644
               2.7694087                     0.014265066
               2.7705419                     0.014296979
               2.7716751                     0.014318231
               2.7728083                     0.014328683
               2.7739413                     0.014328204
               2.7750745                     0.014316671
               2.7762077                     0.014293964
               2.7773409                     0.014259979
               2.7784739                      0.01421462
               2.7796071                     0.014157803
               2.7807403                     0.014089471
               2.7818735                     0.014009575
               2.7830064                     0.013918089
               2.7841396                     0.013814999
               2.7852728                     0.013700303
                2.786406                     0.013574012
               2.7875392                     0.013436142
               2.7886722                     0.013286724
               2.7898054                     0.013125799
               2.7909386                     0.012953425
               2.7920718                     0.012769679
               2.7932048                      0.01257466
                2.794338                      0.01236848
               2.7954712                     0.012151271
               2.7966044                     0.011923177
               2.7977374                     0.011684351
               2.7988706                     0.011434957
               2.8000038                     0.011175168
                2.801137                     0.010905166
               2.8022699                     0.010625146
               2.8034031                     0.010335322
               2.8045363                      0.01003592
               2.8056695                    0.0097271819
               2.8068025                    0.0094093643
               2.8079357                    0.0090827327
               2.8090689                    0.0087475618
               2.8102021                    0.0084041348
               2.8113351                    0.0080527412
               2.8124683                    0.0076936791
               2.8136015                    0.0073272558
               2.8147347                    0.0069537899
               2.8158677                      0.00657361
               2.8170009                    0.0061870548
               2.8181341                    0.0057944702
               2.8192673                    0.0053962059
               2.8204005                    0.0049926145
               2.8215334                    0.0045840507
               2.8226666                    0.0041708704
               2.8237998                    0.0037534353
               2.8249331                    0.0033321145
                2.826066                    0.0029072857
               2.8271992                    0.0024793362
               2.8283324                    0.0020486596
               2.8294656                    0.0016156537
               2.8305986                     0.001180716
               2.8317318                   0.00074424094
                2.832865                   0.00030661785
               2.8339982                  -0.00013176826
               2.8351312                  -0.00057053386
               2.8362644                   -0.0010092931
               2.8373976                   -0.0014476549
               2.8385308                   -0.0018852211
               2.8396637                   -0.0023215881
               2.8407969                   -0.0027563483
               2.8419302                   -0.0031890962
               2.8430634                   -0.0036194331
               2.8441963                   -0.0040469668
               2.8453295                    -0.004471316
               2.8464627                   -0.0048921043
               2.8475959                   -0.0053089587
               2.8487289                   -0.0057215034
               2.8498621                   -0.0061293594
               2.8509953                   -0.0065321419
               2.8521285                   -0.0069294665
               2.8532617                   -0.0073209489
               2.8543947                   -0.0077062137
               2.8555279                    -0.008084897
               2.8566611                   -0.0084566455
               2.8577943                   -0.0088211186
               2.8589272                   -0.0091779856
               2.8600605                   -0.0095269149
               2.8611937                    -0.009867575
               2.8623269                    -0.010199632
               2.8634598                    -0.010522747
                2.864593                    -0.010836587
               2.8657262                    -0.011140824
               2.8668594                    -0.011435147
               2.8679924                    -0.011719261
               2.8691256                    -0.011992885
               2.8702588                    -0.012255755
                2.871392                    -0.012507618
                2.872525                     -0.01274823
               2.8736582                    -0.012977347
               2.8747914                    -0.013194728
               2.8759246                    -0.013400137
               2.8770576                    -0.013593342
               2.8781908                    -0.013774127
                2.879324                    -0.013942293
               2.8804572                    -0.014097663
               2.8815901                    -0.014240069
               2.8827233                    -0.014369374
               2.8838565                    -0.014485449
               2.8849897                    -0.014588175
               2.8861229                    -0.014677452
               2.8872559                    -0.014753182
               2.8883891                    -0.014815288
               2.8895223                    -0.014863701
               2.8906555                    -0.014898373
               2.8917885                    -0.014919275
               2.8929217                    -0.014926399
               2.8940549                    -0.014919757
               2.8951881                    -0.014899372
               2.8963211                    -0.014865296
               2.8974543                    -0.014817588
               2.8985875                    -0.014756331
               2.8997207                    -0.014681621
               2.9008536                     -0.01459358
               2.9019868                    -0.014492342
                 2.90312                    -0.014378065
               2.9042532                     -0.01425093
               2.9053862                    -0.014111128
               2.9065194                    -0.013958872
               2.9076526                     -0.01379439
               2.9087858                    -0.013617923
               2.9099188                    -0.013429727
                2.911052                    -0.013230078
               2.9121852                    -0.013019269
               2.9133184                     -0.01279762
               2.9144514                    -0.012565464
               2.9155846                    -0.012323152
               2.9167178                    -0.012071054
                2.917851                    -0.011809548
               2.9189842                    -0.011539023
               2.9201171                    -0.011259872
               2.9212503                      -0.0109725
               2.9223835                    -0.010677317
               2.9235168                    -0.010374749
               2.9246497                    -0.010065234
               2.9257829                   -0.0097492235
               2.9269161                   -0.0094271814
               2.9280493                   -0.0090995794
               2.9291823                   -0.0087668942
               2.9303155                   -0.0084296046
               2.9314487                   -0.0080881845
               2.9325819                   -0.0077431099
               2.9337149                   -0.0073948503
               2.9348481                   -0.0070438753
               2.9359813                    -0.006690653
               2.9371145                   -0.0063356534
               2.9382474                   -0.0059793452
               2.9393806                   -0.0056221965
               2.9405138                   -0.0052646706
               2.9416471                   -0.0049072248
                 2.94278                    -0.004550308
               2.9439132                   -0.0041943588
               2.9450464                   -0.0038398055
               2.9461796                   -0.0034870647
               2.9473126                   -0.0031365426
               2.9484458                   -0.0027886324
                2.949579                   -0.0024437127
               2.9507122                   -0.0021021464
               2.9518454                   -0.0017642779
               2.9529784                    -0.001430433
               2.9541116                    -0.001100919
               2.9552448                  -0.00077602599
                2.956378                  -0.00045602894
               2.9575109                  -0.00014118967
               2.9586442                   0.00016824304
               2.9597774                   0.00047203479
               2.9609106                   0.00076996867
               2.9620435                    0.0010618493
               2.9631767                    0.0013475067
               2.9643099                    0.0016267982
               2.9654431                    0.0018996085
               2.9665761                    0.0021658461
               2.9677093                    0.0024254392
               2.9688425                    0.0026783303
               2.9699757                     0.002924473
               2.9711087                    0.0031638292
               2.9722419                    0.0033963732
               2.9733751                    0.0036220946
               2.9745083                    0.0038410048
               2.9756413                     0.004053141
               2.9767745                    0.0042585684
               2.9779077                    0.0044573802
               2.9790409                    0.0046496908
               2.9801738                    0.0048356266
                2.981307                     0.005015322
               2.9824402                    0.0051889145
               2.9835734                    0.0053565381
               2.9847066                    0.0055183293
               2.9858396                     0.005674433
               2.9869728                    0.0058250064
                2.988106                    0.0059702257
               2.9892392                    0.0061102877
               2.9903722                    0.0062454082
               2.9915054                    0.0063758148
               2.9926386                    0.0065017412
               2.9937718                    0.0066234157
               2.9949048                    0.0067410576
                2.996038                     0.006854875
               2.9971712                    0.0069650682
               2.9983044                    0.0070718345
               2.9994373                    0.0071753738
               3.0005705                    0.0072758966
               3.0017037                    0.0073736212
               3.0028369                    0.0074687712
               3.0039699                    0.0075615728
               3.0051031                    0.0076522413
               3.0062363                    0.0077409786
               3.0073695                    0.0078279683
               3.0085025                    0.0079133753
               3.0096357                    0.0079973498
               3.0107689                    0.0080800308
               3.0119021                    0.0081615523
               3.0130351                    0.0082420511
               3.0141683                    0.0083216615
               3.0153015                    0.0084005166
               3.0164347                    0.0084787384
               3.0175679                     0.008556434
               3.0187008                    0.0086336872
                3.019834                    0.0087105623
               3.0209672                    0.0087870993
               3.0221004                    0.0088633215
               3.0232334                    0.0089392401
               3.0243666                    0.0090148617
               3.0254998                    0.0090901852
                3.026633                    0.0091652088
                3.027766                    0.0092399176
               3.0288992                    0.0093142875
               3.0300324                    0.0093882736
               3.0311656                    0.0094618145
               3.0322986                    0.0095348265
               3.0334318                     0.009607207
                3.034565                    0.0096788416
               3.0356982                    0.0097496025
               3.0368311                    0.0098193586
               3.0379643                    0.0098879747
               3.0390975                    0.0099553047
               3.0402308                     0.010021199
               3.0413637                     0.010085495
               3.0424969                     0.010148018
               3.0436301                     0.010208582
               3.0447633                     0.010266989
               3.0458963                     0.010323037
               3.0470295                     0.010376518
               3.0481627                     0.010427222
               3.0492959                     0.010474934
               3.0504291                     0.010519442
               3.0515621                     0.010560524
               3.0526953                     0.010597946
               3.0538285                      0.01063147
               3.0549617                     0.010660851
               3.0560946                     0.010685841
               3.0572278                      0.01070619
               3.0583611                     0.010721658
               3.0594943                     0.010732014
               3.0606272                     0.010737032
               3.0617604                       0.0107365
               3.0628936                     0.010730204
               3.0640268                     0.010717932
               3.0651598                     0.010699471
                3.066293                     0.010674606
               3.0674262                      0.01064312
               3.0685594                     0.010604802
               3.0696924                     0.010559451
               3.0708256                     0.010506882
               3.0719588                     0.010446927
                3.073092                      0.01037943
               3.0742249                     0.010304254
               3.0753582                     0.010221271
               3.0764914                     0.010130356
               3.0776246                     0.010031392
               3.0787575                    0.0099242702
               3.0798907                    0.0098088924
               3.0810239                    0.0096851746
               3.0821571                    0.0095530516
               3.0832903                    0.0094124814
               3.0844233                     0.009263441
               3.0855565                    0.0091059292
               3.0866897                    0.0089399554
               3.0878229                    0.0087655429
               3.0889559                    0.0085827196
               3.0900891                    0.0083915284
               3.0912223                    0.0081920223
               3.0923555                    0.0079842731
               3.0934885                    0.0077683763
               3.0946217                    0.0075444491
               3.0957549                     0.007312634
               3.0968881                    0.0070730979
                3.098021                    0.0068260222
               3.0991542                    0.0065716049
               3.1002874                    0.0063100508
               3.1014206                    0.0060415715
               3.1025536                    0.0057663862
               3.1036868                    0.0054847244
                 3.10482                    0.0051968326
               3.1059532                    0.0049029766
               3.1070862                    0.0046034451
               3.1082194                    0.0042985491
               3.1093526                    0.0039886194
               3.1104858                    0.0036739996
                3.111619                     0.003355043
                3.112752                    0.0030321092
               3.1138852                    0.0027055582
               3.1150184                     0.002375752
               3.1161516                    0.0020430575
               3.1172845                    0.0017078487
               3.1184177                    0.0013705087
               3.1195509                    0.0010314327
               3.1206841                   0.00069102622
               3.1218171                   0.00034970348
               3.1229503                   7.8827434e-06
               3.1240835                  -0.00033401727
               3.1252167                  -0.00067558099
               3.1263497                   -0.0010163982
               3.1274829                   -0.0013560638
               3.1286161                   -0.0016941775
               3.1297493                   -0.0020303419
               3.1308823                   -0.0023641614
               3.1320155                   -0.0026952422
               3.1331487                   -0.0030231914
               3.1342819                   -0.0033476199
               3.1354148                   -0.0036681457
                3.136548                   -0.0039843959
               3.1376812                   -0.0042960108
               3.1388144                   -0.0046026446
               3.1399474                   -0.0049039661
               3.1410806                   -0.0051996578
               3.1422138                   -0.0054894146
                3.143347                   -0.0057729455
               3.1444802                   -0.0060499678
               3.1456132                    -0.006320212
               3.1467464                    -0.006583421
               3.1478796                   -0.0068393508
               3.1490128                   -0.0070877741
               3.1501458                   -0.0073284861
                3.151279                   -0.0075612976
               3.1524122                   -0.0077860421
               3.1535454                   -0.0080025755
               3.1546783                   -0.0082107708
               3.1558115                   -0.0084105143
               3.1569448                   -0.0086017065
                3.158078                   -0.0087842615
               3.1592109                   -0.0089581031
               3.1603441                   -0.0091231745
               3.1614773                   -0.0092794327
               3.1626105                   -0.0094268592
               3.1637435                   -0.0095654577
               3.1648767                   -0.0096952524
               3.1660099                   -0.0098162927
               3.1671431                   -0.0099286437
               3.1682761                    -0.010032386
               3.1694093                    -0.010127604
               3.1705425                     -0.01021439
               3.1716757                    -0.010292842
               3.1728086                    -0.010363068
               3.1739419                    -0.010425186
               3.1750751                     -0.01047933
               3.1762083                    -0.010525652
               3.1773415                    -0.010564323
               3.1784744                    -0.010595526
               3.1796076                    -0.010619458
               3.1807408                    -0.010636321
                3.181874                    -0.010646318
                3.183007                    -0.010649648
               3.1841402                    -0.010646511
               3.1852734                    -0.010637106
               3.1864066                    -0.010621637
               3.1875396                    -0.010600318
               3.1886728                    -0.010573369
                3.189806                    -0.010541018
               3.1909392                    -0.010503501
               3.1920722                     -0.01046105
               3.1932054                    -0.010413893
               3.1943386                    -0.010362251
               3.1954718                    -0.010306337
               3.1966047                    -0.010246356
               3.1977379                     -0.01018251
               3.1988711                    -0.010114998
               3.2000043                     -0.01004402
               3.2011373                   -0.0099697756
               3.2022705                   -0.0098924646
               3.2034037                   -0.0098122815
               3.2045369                   -0.0097294115
               3.2056699                   -0.0096440315
               3.2068031                   -0.0095563037
               3.2079363                   -0.0094663817
               3.2090695                   -0.0093744099
               3.2102027                   -0.0092805307
               3.2113357                   -0.0091848811
               3.2124689                   -0.0090875942
               3.2136021                   -0.0089888023
               3.2147353                   -0.0088886265
               3.2158682                   -0.0087871747
               3.2170014                   -0.0086845439
               3.2181346                   -0.0085808169
               3.2192678                   -0.0084760636
               3.2204008                   -0.0083703492
                3.221534                    -0.008263737
               3.2226672                   -0.0081562893
               3.2238004                   -0.0080480734
               3.2249334                   -0.0079391515
               3.2260666                   -0.0078295842
               3.2271998                    -0.007719418
                3.228333                   -0.0076086894
                3.229466                   -0.0074974201
               3.2305992                   -0.0073856232
               3.2317324                   -0.0072733052
               3.2328656                   -0.0071604722
               3.2339985                   -0.0070471335
               3.2351317                   -0.0069333082
               3.2362649                   -0.0068190186
               3.2373981                   -0.0067042848
               3.2385311                   -0.0065891263
               3.2396643                    -0.006473552
               3.2407975                   -0.0063575618
               3.2419307                   -0.0062411493
               3.2430639                   -0.0061243027
               3.2441969                   -0.0060070129
               3.2453301                   -0.0058892798
               3.2464633                   -0.0057711098
               3.2475965                   -0.0056525227
               3.2487295                   -0.0055335425
               3.2498627                   -0.0054141944
               3.2509959                    -0.005294499
               3.2521291                   -0.0051744706
                3.253262                   -0.0050541186
               3.2543952                   -0.0049334499
               3.2555285                    -0.004812473
               3.2566617                   -0.0046912041
               3.2577946                   -0.0045696707
               3.2589278                   -0.0044479109
                3.260061                   -0.0043259715
               3.2611942                   -0.0042039021
               3.2623272                   -0.0040817522
               3.2634604                   -0.0039595668
               3.2645936                   -0.0038373875
               3.2657268                   -0.0037152511
               3.2668598                   -0.0035931983
                3.267993                   -0.0034712749
               3.2691262                   -0.0033495352
               3.2702594                   -0.0032280418
               3.2713923                   -0.0031068625
               3.2725255                   -0.0029860667
               3.2736588                   -0.0028657203
                3.274792                    -0.002745884
               3.2759252                    -0.002626613
               3.2770581                     -0.00250796
               3.2781913                   -0.0023899789
               3.2793245                   -0.0022727284
               3.2804577                   -0.0021562746
               3.2815907                   -0.0020406898
               3.2827239                   -0.0019260481
               3.2838571                   -0.0018124221
               3.2849903                   -0.0016998763
               3.2861233                   -0.0015884647
               3.2872565                   -0.0014782307
               3.2883897                   -0.0013692103
               3.2895229                   -0.0012614371
               3.2906559                   -0.0011549478
               3.2917891                   -0.0010497852
               3.2929223                  -0.00094599859
               3.2940555                  -0.00084364053
               3.2951884                  -0.00074276124
               3.2963216                   -0.0006434028
               3.2974548                  -0.00054559472
                3.298588                  -0.00044935275
                3.299721                  -0.00035468111
               3.3008542                  -0.00026157714
               3.3019874                  -0.00017003706
               3.3031206                  -8.0060519e-05
               3.3042536                   8.3474733e-06
               3.3053868                   9.5177747e-05
                 3.30652                   0.00018042083
               3.3076532                   0.00026407192
               3.3087864                   0.00034613529
               3.3099194                    0.0004266263
               3.3110526                    0.0005055709
               3.3121858                   0.00058300205
                3.313319                   0.00065895525
               3.3144519                   0.00073346426
               3.3155851                   0.00080655876
               3.3167183                    0.0008782642
               3.3178515                   0.00094860478
               3.3189845                    0.0010176064
               3.3201177                    0.0010852995
               3.3212509                    0.0011517218
               3.3223841                     0.001216916
               3.3235171                     0.001280928
               3.3246503                    0.0013438025
               3.3257835                    0.0014055799
               3.3269167                    0.0014662945
               3.3280497                    0.0015259749
               3.3291829                    0.0015846462
               3.3303161                    0.0016423321
               3.3314493                    0.0016990582
               3.3325822                    0.0017548529
               3.3337154                    0.0018097472
               3.3348486                    0.0018637714
               3.3359818                    0.0019169528
               3.3371148                    0.0019693128
                3.338248                    0.0020208657
               3.3393812                    0.0020716186
               3.3405144                    0.0021215738
               3.3416476                    0.0021707304
               3.3427806                    0.0022190863
               3.3439138                    0.0022666391
                3.345047                    0.0023133843
               3.3461802                    0.0023593123
               3.3473132                    0.0024044069
               3.3484464                    0.0024486436
               3.3495796                    0.0024919901
               3.3507128                    0.0025344072
               3.3518457                    0.0025758534
               3.3529789                    0.0026162867
               3.3541121                    0.0026556663
               3.3552454                    0.0026939528
               3.3563783                     0.002731106
               3.3575115                    0.0027670823
               3.3586447                    0.0028018313
               3.3597779                    0.0028352931
               3.3609109                    0.0028673999
               3.3620441                    0.0028980782
               3.3631773                    0.0029272516
               3.3643105                    0.0029548446
               3.3654435                    0.0029807854
               3.3665767                    0.0030050054
               3.3677099                    0.0030274384
               3.3688431                    0.0030480158
                3.369976                     0.003066665
               3.3711092                     0.003083308
               3.3722425                    0.0030978608
               3.3733757                    0.0031102377
               3.3745089                    0.0031203537
               3.3756418                      0.00312813
                3.376775                    0.0031334967
               3.3779082                    0.0031363931
               3.3790414                    0.0031367654
               3.3801744                    0.0031345622
               3.3813076                    0.0031297302
               3.3824408                    0.0031222114
                3.383574                    0.0031119427
                3.384707                    0.0030988592
               3.3858402                    0.0030828975
               3.3869734                    0.0030640019
               3.3881066                    0.0030421275
               3.3892395                    0.0030172425
               3.3903728                    0.0029893275
                3.391506                    0.0029583713
               3.3926392                    0.0029243657
               3.3937721                    0.0028873042
               3.3949053                    0.0028471779
               3.3960385                    0.0028039783
               3.3971717                    0.0027576983
               3.3983047                    0.0027083387
               3.3994379                    0.0026559101
               3.4005711                    0.0026004359
               3.4017043                    0.0025419509
               3.4028373                    0.0024804987
               3.4039705                    0.0024161285
               3.4051037                    0.0023488915
               3.4062369                     0.002278839
               3.4073701                    0.0022060233
               3.4085031                       0.0021305
               3.4096363                    0.0020523323
               3.4107695                    0.0019715938
               3.4119027                    0.0018883703
               3.4130356                    0.0018027595
               3.4141688                    0.0017148675
                3.415302                     0.001624806
               3.4164352                    0.0015326865
               3.4175682                    0.0014386193
               3.4187014                    0.0013427114
               3.4198346                    0.0012450693
               3.4209678                    0.0011458022
               3.4221008                    0.0010450257
                3.423234                   0.00094286434
               3.4243672                    0.0008394529
               3.4255004                   0.00073493435
               3.4266334                   0.00062945747
               3.4277666                   0.00052317284
               3.4288998                   0.00041622957
                3.430033                   0.00030877331
               3.4311659                    0.0002009461
               3.4322991                   9.2887727e-05
               3.4334323                  -1.5262138e-05
               3.4345655                  -0.00012336201
               3.4356987                  -0.00023126764
               3.4368317                    -0.000338832
               3.4379649                   -0.0004459066
               3.4390981                  -0.00055234315
               3.4402313                  -0.00065799576
               3.4413643                  -0.00076272228
               3.4424975                  -0.00086638483
               3.4436307                  -0.00096884964
               3.4447639                   -0.0010699856
               3.4458969                   -0.0011696636
               3.4470301                    -0.001267756
               3.4481633                    -0.001364136
               3.4492965                   -0.0014586792
               3.4504294                   -0.0015512651
               3.4515626                   -0.0016417785
               3.4526958                   -0.0017301105
               3.4538291                   -0.0018161603
                3.454962                   -0.0018998339
               3.4560952                   -0.0019810454
               3.4572284                   -0.0020597135
               3.4583616                   -0.0021357636
               3.4594946                   -0.0022091242
               3.4606278                   -0.0022797266
                3.461761                   -0.0023475054
               3.4628942                   -0.0024123983
               3.4640272                   -0.0024743469
               3.4651604                   -0.0025333003
               3.4662936                   -0.0025892148
               3.4674268                   -0.0026420571
                 3.46856                   -0.0026918047
               3.4696929                   -0.0027384448
               3.4708261                   -0.0027819744
               3.4719594                   -0.0028223954
               3.4730926                    -0.002859714
               3.4742255                   -0.0028939371
               3.4753587                   -0.0029250721
               3.4764919                    -0.002953127
               3.4776251                   -0.0029781137
               3.4787581                   -0.0030000503
               3.4798913                   -0.0030189648
               3.4810245                   -0.0030348971
               3.4821577                   -0.0030478993
               3.4832907                   -0.0030580335
               3.4844239                   -0.0030653682
               3.4855571                    -0.003069974
               3.4866903                   -0.0030719198
               3.4878232                   -0.0030712697
               3.4889565                   -0.0030680846
               3.4900897                   -0.0030624252
               3.4912229                    -0.003054355
               3.4923558                   -0.0030439463
                3.493489                   -0.0030312811
               3.4946222                   -0.0030164518
               3.4957554                     -0.00299956
               3.4968884                   -0.0029807093
               3.4980216                   -0.0029600023
               3.4991548                   -0.0029375355
                3.500288                   -0.0029133977
               3.5014212                   -0.0028876718
               3.5025542                   -0.0028604378
               3.5036874                   -0.0028317776
               3.5048206                    -0.002801779
               3.5059538                    -0.002770538
               3.5070868                   -0.0027381571
                 3.50822                   -0.0027047433
               3.5093532                   -0.0026704019
               3.5104864                   -0.0026352324
               3.5116193                   -0.0025993253
               3.5127525                   -0.0025627613
               3.5138857                   -0.0025256136
               3.5150189                   -0.0024879521
               3.5161519                   -0.0024498459
               3.5172851                   -0.0024113688
               3.5184183                   -0.0023725971
               3.5195515                   -0.0023336112
               3.5206845                   -0.0022944901
               3.5218177                   -0.0022553087
               3.5229509                   -0.0022161333
               3.5240841                   -0.0021770222
               3.5252171                   -0.0021380249
               3.5263503                   -0.0020991843
               3.5274835                   -0.0020605398
               3.5286167                   -0.0020221302
               3.5297496                   -0.0019839951
               3.5308828                   -0.0019461731
                3.532016                   -0.0019087015
               3.5331492                   -0.0018716129
               3.5342824                   -0.0018349355
               3.5354154                   -0.0017986913
               3.5365486                   -0.0017628972
               3.5376818                   -0.0017275658
                3.538815                   -0.0016927065
                3.539948                   -0.0016583266
               3.5410812                   -0.0016244302
               3.5422144                   -0.0015910169
               3.5433476                   -0.0015580805
               3.5444806                   -0.0015256081
               3.5456138                   -0.0014935806
                3.546747                   -0.0014619752
               3.5478802                   -0.0014307669
               3.5490131                    -0.001399933
               3.5501463                   -0.0013694539
               3.5512795                   -0.0013393126
               3.5524127                   -0.0013094933
               3.5535457                   -0.0012799772
               3.5546789                    -0.001250738
               3.5558121                   -0.0012217406
               3.5569453                   -0.0011929396
               3.5580783                    -0.001164282
               3.5592115                   -0.0011357116
               3.5603447                   -0.0011071735
               3.5614779                   -0.0010786187
               3.5626109                   -0.0010500056
               3.5637441                   -0.0010212993
               3.5648773                  -0.00099246798
               3.5660105                  -0.00096347835
               3.5671437                  -0.00093429099
               3.5682766                   -0.0009048577
               3.5694098                  -0.00087512174
               3.5705431                  -0.00084502145
               3.5716763                  -0.00081449444
               3.5728092                   -0.0007834828
               3.5739424                  -0.00075193634
               3.5750756                   -0.0007198134
               3.5762088                  -0.00068707892
               3.5773418                   -0.0006537005
                3.578475                  -0.00061964383
               3.5796082                  -0.00058486935
               3.5807414                  -0.00054933137
               3.5818744                  -0.00051298027
               3.5830076                   -0.0004757664
               3.5841408                  -0.00043764425
                3.585274                  -0.00039857623
               3.5864069                  -0.00035853405
               3.5875401                  -0.00031749788
               3.5886734                  -0.00027545326
               3.5898066                  -0.00023238681
               3.5909395                   -0.0001882825
               3.5920727                  -0.00014312008
               3.5932059                  -9.6875752e-05
               3.5943391                  -4.9525202e-05
               3.5954721                  -1.0474114e-06
               3.5966053                   4.8571521e-05
               3.5977385                   9.9336052e-05
               3.5988717                   0.00015124127
               3.6000049                   0.00020427504
               3.6011379                   0.00025842164
               3.6022711                   0.00031366537
               3.6034043                   0.00036999275
               3.6045375                   0.00042739275
               3.6056705                   0.00048585507
               3.6068037                   0.00054536713
               3.6079369                   0.00060591049
               3.6090701                    0.0006674584
                3.610203                   0.00072997488
               3.6113362                   0.00079341582
               3.6124694                   0.00085773173
               3.6136026                   0.00092287059
               3.6147356                   0.00098878052
               3.6158688                    0.0010554113
                3.617002                    0.0011227137
               3.6181352                    0.0011906382
               3.6192682                    0.0012591323
               3.6204014                    0.0013281388
               3.6215346                    0.0013975939
               3.6226678                    0.0014674283
               3.6238008                    0.0015375677
                3.624934                    0.0016079348
               3.6260672                    0.0016784513
               3.6272004                    0.0017490393
               3.6283333                     0.001819622
               3.6294665                    0.0018901227
               3.6305997                    0.0019604638
               3.6317329                    0.0020305659
               3.6328661                    0.0021003461
               3.6339991                    0.0021697187
               3.6351323                     0.002238594
               3.6362655                    0.0023068814
               3.6373987                    0.0023744882
               3.6385317                    0.0024413229
               3.6396649                    0.0025072948
               3.6407981                    0.0025723143
               3.6419313                    0.0026362941
               3.6430643                    0.0026991467
               3.6441975                    0.0027607863
               3.6453307                    0.0028211272
               3.6464639                    0.0028800843
               3.6475968                    0.0029375735
                 3.64873                     0.002993511
               3.6498632                     0.003047816
               3.6509964                    0.0031004082
               3.6521294                    0.0031512105
               3.6532626                    0.0032001468
               3.6543958                    0.0032471435
                3.655529                     0.003292128
                3.656662                    0.0033350298
               3.6577952                    0.0033757805
               3.6589284                    0.0034143138
               3.6600616                    0.0034505664
               3.6611946                    0.0034844792
               3.6623278                     0.003515996
                3.663461                    0.0035450668
               3.6645942                    0.0035716458
               3.6657274                    0.0035956907
               3.6668603                    0.0036171642
               3.6679935                    0.0036360312
               3.6691267                    0.0036522576
                 3.67026                    0.0036658118
               3.6713929                     0.003676665
               3.6725261                    0.0036847922
               3.6736593                    0.0036901725
               3.6747925                    0.0036927906
               3.6759255                    0.0036926374
               3.6770587                    0.0036897107
               3.6781919                    0.0036840136
               3.6793251                    0.0036755523
               3.6804581                    0.0036643352
               3.6815913                    0.0036503715
               3.6827245                    0.0036336705
               3.6838577                    0.0036142445
               3.6849906                    0.0035921079
               3.6861238                    0.0035672812
               3.6872571                     0.003539793
               3.6883903                    0.0035096796
               3.6895232                    0.0034769843
               3.6906564                     0.003441754
               3.6917896                    0.0034040366
               3.6929228                    0.0033638789
               3.6940558                    0.0033213254
                3.695189                    0.0032764175
               3.6963222                     0.003229198
               3.6974554                    0.0031797141
               3.6985886                     0.003128021
               3.6997216                    0.0030741836
               3.7008548                    0.0030182763
                3.701988                    0.0029603802
               3.7031212                    0.0029005783
               3.7042542                    0.0028389504
               3.7053874                    0.0027755699
               3.7065206                    0.0027105021
               3.7076538                    0.0026438059
               3.7087867                    0.0025755386
               3.7099199                    0.0025057616
               3.7110531                    0.0024345445
               3.7121863                    0.0023619686
               3.7133193                    0.0022881252
               3.7144525                    0.0022131128
               3.7155857                    0.0021370302
               3.7167189                    0.0020599726
               3.7178519                    0.0019820253
               3.7189851                    0.0019032646
               3.7201183                    0.0018237582
               3.7212515                    0.0017435706
               3.7223845                    0.0016627674
               3.7235177                    0.0015814212
               3.7246509                     0.001499614
               3.7257841                    0.0014174352
                3.726917                    0.0013349787
               3.7280502                    0.0012523372
               3.7291834                    0.0011695977
               3.7303166                    0.0010868389
               3.7314498                    0.0010041307
               3.7325828                   0.00092153647
                3.733716                   0.00083911733
               3.7348492                   0.00075693574
               3.7359824                   0.00067505823
               3.7371154                   0.00059355621
               3.7382486                    0.0005125039
               3.7393818                   0.00043197529
                3.740515                   0.00035204081
                3.741648                   0.00027276523
               3.7427812                    0.0001942072
               3.7439144                   0.00011642059
               3.7450476                   3.9456951e-05
               3.7461805                  -3.6631995e-05
               3.7473137                   -0.0001117929
               3.7484469                  -0.00018597103
               3.7495801                  -0.00025911193
               3.7507131                  -0.00033116393
               3.7518463                   -0.0004020799
               3.7529795                  -0.00047181806
               3.7541127                  -0.00054034113
               3.7552457                  -0.00060761423
               3.7563789                  -0.00067360234
               3.7575121                  -0.00073826889
               3.7586453                  -0.00080157514
               3.7597785                  -0.00086348184
               3.7609115                   -0.0009239522
               3.7620447                  -0.00098295533
               3.7631779                   -0.0010404675
               3.7643111                   -0.0010964726
                3.765444                   -0.0011509605
               3.7665772                   -0.0012039227
               3.7677104                   -0.0012553486
               3.7688437                   -0.0013052226
               3.7699766                    -0.001353524
               3.7711098                   -0.0014002279
                3.772243                   -0.0014453098
               3.7733762                   -0.0014887506
               3.7745092                   -0.0015305391
               3.7756424                   -0.0015706751
               3.7767756                   -0.0016091665
               3.7779088                    -0.001646026
               3.7790418                   -0.0016812668
                3.780175                   -0.0017148978
               3.7813082                   -0.0017469219
               3.7824414                   -0.0017773373
               3.7835743                   -0.0018061392
               3.7847075                   -0.0018333261
               3.7858407                   -0.0018589015
                3.786974                   -0.0018828779
               3.7881069                   -0.0019052762
               3.7892401                   -0.0019261214
               3.7903733                    -0.001945439
               3.7915065                   -0.0019632517
               3.7926397                   -0.0019795764
               3.7937727                    -0.001994425
               3.7949059                   -0.0020078067
               3.7960391                   -0.0020197327
               3.7971723                    -0.002030219
               3.7983053                   -0.0020392886
               3.7994385                   -0.0020469716
               3.8005717                   -0.0020533029
               3.8017049                   -0.0020583158
               3.8028378                   -0.0020620415
               3.8039711                   -0.0020645047
               3.8051043                   -0.0020657233
               3.8062375                   -0.0020657117
               3.8073704                   -0.0020644837
               3.8085036                   -0.0020620576
               3.8096368                   -0.0020584564
                 3.81077                   -0.0020537102
                3.811903                   -0.0020478512
               3.8130362                   -0.0020409131
               3.8141694                   -0.0020329251
               3.8153026                   -0.0020239109
               3.8164356                   -0.0020138882
               3.8175688                   -0.0020028697
                3.818702                   -0.0019908678
               3.8198352                    -0.001977897
               3.8209682                   -0.0019639751
               3.8221014                   -0.0019491243
               3.8232346                   -0.0019333679
               3.8243678                   -0.0019167288
                3.825501                   -0.0018992249
               3.8266339                   -0.0018808688
               3.8277671                    -0.001861668
               3.8289003                   -0.0018416269
               3.8300335                   -0.0018207509
               3.8311665                   -0.0017990479
               3.8322997                   -0.0017765304
               3.8334329                   -0.0017532127
               3.8345661                   -0.0017291087
               3.8356991                   -0.0017042287
               3.8368323                   -0.0016785742
               3.8379655                   -0.0016521391
               3.8390987                   -0.0016249106
               3.8402317                   -0.0015968732
               3.8413649                   -0.0015680142
               3.8424981                   -0.0015383272
               3.8436313                   -0.0015078142
               3.8447642                   -0.0014764835
               3.8458974                   -0.0014443458
               3.8470306                    -0.001411408
               3.8481638                   -0.0013776679
               3.8492968                   -0.0013431117
                 3.85043                   -0.0013077155
               3.8515632                   -0.0012714488
               3.8526964                   -0.0012342817
               3.8538294                   -0.0011961911
               3.8549626                   -0.0011571653
               3.8560958                    -0.001117204
                3.857229                   -0.0010763152
               3.8583622                   -0.0010345096
               3.8594952                  -0.00099179277
               3.8606284                  -0.00094815972
               3.8617616                  -0.00090359361
               3.8628948                  -0.00085806742
               3.8640277                  -0.00081154919
               3.8651609                  -0.00076400925
               3.8662941                  -0.00071542617
               3.8674273                  -0.00066579139
               3.8685603                  -0.00061510806
               3.8696935                  -0.00056338834
               3.8708267                   -0.0005106469
               3.8719599                  -0.00045689521
               3.8730929                  -0.00040213668
               3.8742261                  -0.00034636588
               3.8753593                  -0.00028957077
               3.8764925                  -0.00023173755
               3.8776255                  -0.00017285635
               3.8787587                  -0.00011292598
               3.8798919                  -5.1955965e-05
               3.8810251                   1.0034214e-05
                3.882158                   7.3018557e-05
               3.8832912                   0.00013696915
               3.8844244                   0.00020186056
               3.8855577                   0.00026767253
               3.8866906                   0.00033438989
               3.8878238                    0.0004020005
                3.888957                   0.00047049121
               3.8900902                   0.00053984392
               3.8912234                   0.00061003258
               3.8923564                   0.00068102259
               3.8934896                   0.00075277209
               3.8946228                   0.00082523463
                3.895756                   0.00089836307
                3.896889                   0.00097211212
               3.8980222                    0.0010464401
               3.8991554                     0.001121309
               3.9002886                    0.0011966825
               3.9014215                    0.0012725224
               3.9025548                    0.0013487861
                3.903688                    0.0014254237
               3.9048212                    0.0015023777
               3.9059541                    0.0015795843
               3.9070873                    0.0016569757
               3.9082205                    0.0017344833
               3.9093537                    0.0018120402
               3.9104867                    0.0018895845
               3.9116199                    0.0019670587
               3.9127531                    0.0020444088
               3.9138863                    0.0021215812
               3.9150193                    0.0021985213
               3.9161525                    0.0022751687
               3.9172857                    0.0023514566
               3.9184189                    0.0024273114
               3.9195518                    0.0025026542
               3.9206851                    0.0025774045
               3.9218183                    0.0026514833
               3.9229515                    0.0027248152
               3.9240847                    0.0027973317
               3.9252176                    0.0028689709
               3.9263508                    0.0029396743
                3.927484                    0.0030093852
               3.9286172                    0.0030780435
               3.9297502                     0.003145583
               3.9308834                    0.0032119313
               3.9320166                    0.0032770108
               3.9331498                    0.0033407412
               3.9342828                    0.0034030429
                3.935416                    0.0034638431
               3.9365492                    0.0035230762
               3.9376824                    0.0035806857
               3.9388154                    0.0036366226
               3.9399486                    0.0036908402
               3.9410818                    0.0037432928
                3.942215                    0.0037939283
               3.9433479                    0.0038426905
               3.9444811                     0.003889516
               3.9456143                    0.0039343392
               3.9467475                    0.0039770934
               3.9478805                    0.0040177163
               3.9490137                     0.004056152
               3.9501469                    0.0040923539
               3.9512801                     0.004126281
               3.9524131                    0.0041578966
               3.9535463                    0.0041871658
               3.9546795                     0.004214054
               3.9558127                    0.0042385235
               3.9569459                    0.0042605354
               3.9580789                    0.0042800526
               3.9592121                    0.0042970404
               3.9603453                    0.0043114661
               3.9614785                    0.0043233018
               3.9626114                    0.0043325233
               3.9637446                    0.0043391082
               3.9648778                    0.0043430338
                3.966011                    0.0043442775
                3.967144                    0.0043428196
               3.9682772                    0.0043386379
               3.9694104                    0.0043317159
               3.9705436                    0.0043220408
               3.9716766                    0.0043096067
               3.9728098                    0.0042944122
                3.973943                    0.0042764582
               3.9750762                    0.0042557465
               3.9762092                    0.0042322786
               3.9773424                     0.004206053
               3.9784756                    0.0041770688
               3.9796088                    0.0041453252
               3.9807417                    0.0041108262
               3.9818749                    0.0040735812
               3.9830081                    0.0040336056
               3.9841413                    0.0039909203
               3.9852743                    0.0039455495
               3.9864075                    0.0038975179
               3.9875407                    0.0038468493
               3.9886739                    0.0037935665
               3.9898071                     0.003737693
               3.9909401                    0.0036792522
               3.9920733                    0.0036182743
               3.9932065                    0.0035547963
               3.9943397                    0.0034888599
               3.9954727                    0.0034205131
               3.9966059                    0.0033498059
               3.9977391                    0.0032767854
               3.9988723                    0.0032014959
               4.0000052                    0.0031239786
               4.0011387                    0.0030442737
               4.0022717                    0.0029624244
               4.0034046                    0.0028784806
               4.0045381                    0.0027925014
                4.005671                    0.0027045552
                4.006804                    0.0026147179
               4.0079374                    0.0025230688
               4.0090704                    0.0024296849
               4.0102038                    0.0023346373
               4.0113368                    0.0022379912
               4.0124698                    0.0021398091
               4.0136032                    0.0020401534
               4.0147362                    0.0019390912
               4.0158691                    0.0018366993
               4.0170026                    0.0017330643
               4.0181355                    0.0016282802
                4.019269                    0.0015224447
                4.020402                    0.0014156527
               4.0215349                    0.0013079921
               4.0226684                    0.0011995428
               4.0238013                    0.0010903779
               4.0249348                   0.00098056963
               4.0260677                   0.00087019498
               4.0272007                   0.00075934129
               4.0283341                   0.00064810849
               4.0294671                   0.00053660717
               4.0306001                   0.00042495356
               4.0317335                   0.00031326254
               4.0328665                   0.00020164094
               4.0339999                   9.0183916e-05
               4.0351329                  -2.1025016e-05
               4.0362659                  -0.00013190982
               4.0373993                  -0.00024239518
               4.0385323                  -0.00035239995
               4.0396652                  -0.00046183265
               4.0407987                  -0.00057059096
               4.0419316                  -0.00067856512
               4.0430651                  -0.00078564434
                4.044198                  -0.00089172286
                4.045331                  -0.00099670538
               4.0464644                   -0.0011005081
               4.0475974                   -0.0012030561
               4.0487304                   -0.0013042773
               4.0498638                   -0.0014040978
               4.0509968                   -0.0015024357
               4.0521302                   -0.0015992003
               4.0532632                   -0.0016942963
               4.0543962                   -0.0017876276
               4.0555296                   -0.0018791046
               4.0566626                   -0.0019686501
                4.057796                   -0.0020561994
                4.058929                   -0.0021416999
               4.0600619                   -0.0022251038
               4.0611954                   -0.0023063624
               4.0623283                   -0.0023854207
               4.0634613                   -0.0024622143
               4.0645947                   -0.0025366726
               4.0657277                    -0.002608723
               4.0668612                   -0.0026782979
               4.0679941                   -0.0027453408
               4.0691271                   -0.0028098102
               4.0702605                   -0.0028716782
               4.0713935                   -0.0029309257
               4.0725265                   -0.0029875373
               4.0736599                   -0.0030414932
               4.0747929                    -0.003092766
               4.0759263                    -0.003141321
               4.0770593                   -0.0031871195
               4.0781922                    -0.003230124
               4.0793257                   -0.0032703062
               4.0804586                   -0.0033076496
               4.0815916                   -0.0033421528
                4.082725                   -0.0033738255
                4.083858                   -0.0034026841
               4.0849915                   -0.0034287476
               4.0861244                   -0.0034520298
               4.0872574                   -0.0034725398
               4.0883908                    -0.003490282
               4.0895238                   -0.0035052598
               4.0906572                   -0.0035174794
               4.0917902                   -0.0035269551
               4.0929232                   -0.0035337103
               4.0940566                   -0.0035377762
               4.0951896                   -0.0035391916
               4.0963225                   -0.0035379971
                4.097456                   -0.0035342351
               4.0985889                   -0.0035279456
               4.0997224                   -0.0035191674
               4.1008554                   -0.0035079396
               4.1019883                    -0.003494303
               4.1031218                   -0.0034783031
               4.1042547                   -0.0034599905
               4.1053877                   -0.0034394204
               4.1065211                   -0.0034166491
               4.1076541                   -0.0033917353
               4.1087875                   -0.0033647362
               4.1099205                   -0.0033357104
               4.1110535                   -0.0033047162
               4.1121869                   -0.0032718151
               4.1133199                   -0.0032370724
               4.1144528                   -0.0032005575
               4.1155863                   -0.0031623433
               4.1167192                   -0.0031225025
               4.1178527                   -0.0030811073
               4.1189857                   -0.0030382262
               4.1201186                   -0.0029939245
               4.1212521                   -0.0029482644
                4.122385                   -0.0029013075
               4.1235185                   -0.0028531195
               4.1246514                    -0.002803769
               4.1257844                   -0.0027533295
               4.1269178                   -0.0027018781
               4.1280508                   -0.0026494926
               4.1291838                   -0.0025962482
               4.1303172                   -0.0025422152
               4.1314502                   -0.0024874588
               4.1325836                    -0.002432039
               4.1337166                   -0.0023760151
               4.1348495                   -0.0023194468
                4.135983                   -0.0022623974
                4.137116                   -0.0022049355
               4.1382489                   -0.0021471316
               4.1393824                   -0.0020890562
               4.1405153                   -0.0020307759
               4.1416488                   -0.0019723508
               4.1427817                   -0.0019138331
               4.1439147                   -0.0018552681
               4.1450481                   -0.0017966973
               4.1461811                   -0.0017381611
               4.1473141                   -0.0016797029
               4.1484475                   -0.0016213701
               4.1495805                    -0.001563214
               4.1507139                   -0.0015052872
               4.1518469                     -0.00144764
               4.1529799                   -0.0013903166
               4.1541133                    -0.001333354
               4.1552463                   -0.0012767809
               4.1563797                   -0.0012206201
               4.1575127                   -0.0011648912
               4.1586456                   -0.0011096133
               4.1597791                    -0.001054808
                4.160912                   -0.0010004995
                4.162045                  -0.00094671291
               4.1631784                  -0.00089347281
               4.1643114                  -0.00084079959
               4.1654449                  -0.00078870851
               4.1665778                  -0.00073720911
               4.1677108                  -0.00068630633
               4.1688442                   -0.0006360024
               4.1699772                  -0.00058629853
               4.1711102                  -0.00053719606
               4.1722436                  -0.00048869755
               4.1733766                  -0.00044080475
                 4.17451                  -0.00039351749
                4.175643                  -0.00034683198
               4.1767759                  -0.00030073998
               4.1779094                  -0.00025522959
               4.1790423                  -0.00021028682
               4.1801753                  -0.00016589767
               4.1813087                  -0.00012204963
               4.1824417                  -7.8732439e-05
               4.1835752                  -3.5937712e-05
               4.1847081                    6.342867e-06
               4.1858411                   4.8119877e-05
               4.1869745                   8.9408146e-05
               4.1881075                    0.0001302275
               4.1892409                   0.00017060206
               4.1903739                    0.0002105579
               4.1915069                   0.00025012047
               4.1926403                   0.00028931187
               4.1937733                   0.00032814941
               4.1949062                   0.00036664549
               4.1960397                   0.00040480911
               4.1971726                   0.00044264839
               4.1983061                   0.00048017339
                4.199439                   0.00051739829
                4.200572                   0.00055434211
               4.2017055                    0.0005910279
               4.2028384                   0.00062748062
               4.2039714                   0.00066372432
               4.2051048                   0.00069977954
               4.2062378                    0.0007356616
               4.2073712                   0.00077138044
               4.2085042                   0.00080694078
               4.2096372                   0.00084234367
               4.2107706                   0.00087758881
               4.2119036                   0.00091267569
               4.2130365                   0.00094760535
                 4.21417                   0.00098238047
               4.2153029                    0.0010170055
               4.2164364                    0.0010514853
               4.2175694                     0.001085824
               4.2187023                    0.0011200242
               4.2198358                    0.0011540855
               4.2209687                    0.0011880032
               4.2221022                    0.0012217688
               4.2232351                    0.0012553699
               4.2243681                    0.0012887906
               4.2255015                    0.0013220127
               4.2266345                    0.0013550178
               4.2277675                    0.0013877871
               4.2289009                    0.0014203037
               4.2300339                    0.0014525524
               4.2311673                    0.0014845188
               4.2323003                    0.0015161876
               4.2334332                    0.0015475415
               4.2345667                      0.00157856
               4.2356997                    0.0016092181
               4.2368326                     0.001639487
               4.2379661                    0.0016693346
                4.239099                    0.0016987274
               4.2402325                    0.0017276322
               4.2413654                    0.0017560185
               4.2424984                    0.0017838569
               4.2436318                    0.0018111202
               4.2447648                    0.0018377812
               4.2458982                    0.0018638105
               4.2470312                    0.0018891764
               4.2481642                    0.0019138443
               4.2492976                     0.001937777
               4.2504306                    0.0019609369
               4.2515635                    0.0019832868
                4.252697                    0.0020047915
                 4.25383                    0.0020254187
               4.2549634                    0.0020451376
               4.2560964                    0.0020639175
               4.2572293                    0.0020817274
               4.2583628                    0.0020985347
               4.2594957                     0.002114305
               4.2606287                    0.0021290041
               4.2617621                    0.0021425984
               4.2628951                    0.0021550569
               4.2640285                    0.0021663532
               4.2651615                    0.0021764634
               4.2662945                    0.0021853661
               4.2674279                    0.0021930391
               4.2685609                    0.0021994575
               4.2696939                    0.0022045937
               4.2708273                    0.0022084173
               4.2719603                    0.0022108979
               4.2730937                    0.0022120075
               4.2742267                    0.0022117244
               4.2753596                    0.0022100345
               4.2764931                    0.0022069302
                4.277626                    0.0022024084
               4.2787595                    0.0021964668
               4.2798924                    0.0021891005
               4.2810254                     0.002180299
               4.2821589                    0.0021700477
               4.2832918                    0.0021583284
               4.2844248                    0.0021451239
               4.2855582                    0.0021304227
               4.2866912                    0.0021142219
               4.2878246                    0.0020965282
               4.2889576                    0.0020773555
               4.2900906                    0.0020567211
                4.291224                    0.0020346423
                4.292357                    0.0020111301
               4.2934899                    0.0019861888
               4.2946234                    0.0019598186
               4.2957563                    0.0019320167
               4.2968898                    0.0019027839
               4.2980227                    0.0018721288
               4.2991557                    0.0018400705
               4.3002892                    0.0018066377
               4.3014221                    0.0017718656
               4.3025551                    0.0017357913
               4.3036885                    0.0016984477
               4.3048215                    0.0016598621
               4.3059549                    0.0016200547
               4.3070879                    0.0015790415
               4.3082209                    0.0015368388
               4.3093543                    0.0014934682
               4.3104873                    0.0014489593
               4.3116207                    0.0014033514
               4.3127537                    0.0013566907
               4.3138866                     0.001309026
               4.3150201                    0.0012604035
                4.316153                    0.0012108635
                4.317286                     0.001160439
               4.3184195                    0.0011091575
               4.3195524                    0.0010570453
               4.3206859                    0.0010041324
               4.3218188                   0.00095045706
               4.3229518                    0.0008960666
               4.3240852                   0.00084101676
               4.3252182                   0.00078536721
               4.3263512                   0.00072917691
               4.3274846                   0.00067249895
               4.3286176                   0.00061537779
                4.329751                      0.00055785
                4.330884                   0.00049994688
               4.3320169                   0.00044169993
               4.3331504                   0.00038314541
               4.3342834                   0.00032432744
               4.3354163                   0.00026529882
               4.3365498                   0.00020611838
               4.3376827                   0.00014684731
               4.3388162                   8.7544235e-05
               4.3399491                   2.8261553e-05
               4.3410821                  -3.0956075e-05
               4.3422155                  -9.0070651e-05
               4.3433485                  -0.00014904777
               4.3444819                  -0.00020785289
               4.3456149                   -0.0002664479
               4.3467479                  -0.00032478955
               4.3478813                  -0.00038282963
               4.3490143                    -0.000440517
               4.3501472                  -0.00049780071
               4.3512807                  -0.00055463286
               4.3524137                  -0.00061097031
               4.3535471                  -0.00066677475
               4.3546801                  -0.00072201126
                4.355813                  -0.00077664683
               4.3569465                  -0.00083064806
               4.3580794                   -0.0008839803
               4.3592124                  -0.00093660771
               4.3603458                  -0.00098849449
               4.3614788                   -0.0010396062
               4.3626122                   -0.0010899109
               4.3637452                   -0.0011393791
               4.3648782                   -0.0011879839
               4.3660116                   -0.0012356989
               4.3671446                   -0.0012824974
               4.3682775                   -0.0013283516
                4.369411                    -0.001373233
                4.370544                   -0.0014171139
               4.3716774                   -0.0014599683
               4.3728104                   -0.0015017736
               4.3739433                   -0.0015425116
               4.3750768                    -0.001582168
               4.3762097                   -0.0016207309
               4.3773432                   -0.0016581888
               4.3784761                   -0.0016945291
               4.3796091                    -0.001729738
               4.3807425                   -0.0017638003
               4.3818755                   -0.0017967015
               4.3830085                   -0.0018284289
               4.3841419                   -0.0018589739
               4.3852749                   -0.0018883329
               4.3864083                   -0.0019165063
               4.3875413                   -0.0019434975
               4.3886743                     -0.00196931
               4.3898077                   -0.0019939465
               4.3909407                    -0.002017406
               4.3920736                   -0.0020396872
               4.3932071                   -0.0020607873
                 4.39434                   -0.0020807052
               4.3954735                    -0.002099443
               4.3966064                   -0.0021170075
               4.3977394                   -0.0021334095
               4.3988729                   -0.0021486622
               4.4000058                   -0.0021627794
               4.4011388                    -0.002175773
               4.4022722                   -0.0021876525
               4.4034052                   -0.0021984247
               4.4045386                   -0.0022080969
               4.4056716                   -0.0022166783
               4.4068046                   -0.0022241822
                4.407938                   -0.0022306268
                4.409071                   -0.0022360352
               4.4102044                   -0.0022404327
               4.4113374                   -0.0022438453
               4.4124703                   -0.0022462946
               4.4136038                   -0.0022477992
               4.4147367                    -0.002248372
               4.4158697                   -0.0022480234
               4.4170032                    -0.002246764
               4.4181361                   -0.0022446066
               4.4192696                   -0.0022415691
               4.4204025                   -0.0022376752
               4.4215355                   -0.0022329518
               4.4226689                   -0.0022274279
               4.4238019                   -0.0022211305
               4.4249349                    -0.002214083
               4.4260683                   -0.0022063041
               4.4272013                   -0.0021978095
               4.4283347                   -0.0021886134
               4.4294677                   -0.0021787314
               4.4306006                   -0.0021681832
               4.4317341                    -0.002156992
               4.4328671                   -0.0021451844
                   4.434                   -0.0021327876
               4.4351335                   -0.0021198262
               4.4362664                   -0.0021063189
               4.4373999                   -0.0020922802
               4.4385328                   -0.0020777194
               4.4396658                   -0.0020626441
               4.4407992                   -0.0020470638
               4.4419322                   -0.0020309931
               4.4430656                   -0.0020144528
               4.4441986                   -0.0019974695
               4.4453316                   -0.0019800717
                4.446465                   -0.0019622871
                4.447598                   -0.0019441386
               4.4487309                   -0.0019256392
               4.4498644                   -0.0019067946
               4.4509974                   -0.0018876037
               4.4521308                   -0.0018680647
               4.4532638                   -0.0018481786
               4.4543967                   -0.0018279534
               4.4555302                   -0.0018074055
               4.4566631                   -0.0017865588
               4.4577961                   -0.0017654395
               4.4589295                   -0.0017440724
               4.4600625                    -0.001722475
               4.4611959                   -0.0017006553
               4.4623289                   -0.0016786119
               4.4634619                   -0.0016563368
               4.4645953                   -0.0016338213
               4.4657283                   -0.0016110601
               4.4668612                   -0.0015880556
               4.4679947                   -0.0015648192
               4.4691277                   -0.0015413689
               4.4702611                   -0.0015177259
               4.4713941                   -0.0014939083
                4.472527                   -0.0014699269
               4.4736605                   -0.0014457828
               4.4747934                    -0.001421469
               4.4759269                   -0.0013969727
               4.4770598                   -0.0013722812
               4.4781928                   -0.0013473871
               4.4793262                   -0.0013222914
               4.4804592                   -0.0012970037
               4.4815922                   -0.0012715397
               4.4827256                   -0.0012459166
               4.4838586                   -0.0012201475
                4.484992                   -0.0011942375
                4.486125                   -0.0011681821
                4.487258                   -0.0011419689
               4.4883914                   -0.0011155817
               4.4895244                   -0.0010890057
               4.4906573                   -0.0010622328
               4.4917908                   -0.0010352632
               4.4929237                   -0.0010081062
               4.4940572                  -0.00098077557
               4.4951901                  -0.00095328549
               4.4963231                  -0.00092564506
               4.4974566                  -0.00089785544
               4.4985895                  -0.00086990872
               4.4997225                  -0.00084179093
               4.5008559                  -0.00081348652
               4.5019889                  -0.00078498316
               4.5031223                  -0.00075627584
               4.5042553                  -0.00072736799
               4.5053883                  -0.00069826987
               4.5065217                  -0.00066899456
               4.5076547                  -0.00063955289
               4.5087881                  -0.00060994935
               4.5099211                  -0.00058018015
                4.511054                  -0.00055023405
               4.5121875                  -0.00052009634
               4.5133204                  -0.00048975355
               4.5144534                  -0.00045919823
               4.5155869                  -0.00042843167
               4.5167198                  -0.00039746359
               4.5178533                  -0.00036630925
               4.5189862                   -0.0003349848
               4.5201192                   -0.0003035024
               4.5212526                   -0.0002718672
               4.5223856                   -0.0002400768
               4.5235186                  -0.00020812356
                4.524652                  -0.00017599881
                4.525785                  -0.00014369753
               4.5269184                  -0.00011122157
               4.5280514                  -7.8580422e-05
               4.5291843                  -4.5789144e-05
               4.5303178                  -1.2864237e-05
               4.5314507                   2.0180687e-05
               4.5325837                   5.3337928e-05
               4.5337172                    8.660632e-05
               4.5348501                   0.00011998911
               4.5359836                   0.00015348982
               4.5371165                   0.00018710743
               4.5382495                   0.00022083252
               4.5393829                   0.00025464621
               4.5405159                   0.00028852199
               4.5416493                   0.00032243066
               4.5427823                   0.00035634593
               4.5439153                   0.00039024933
               4.5450487                   0.00042413242
               4.5461817                   0.00045799545
               4.5473146                   0.00049184269
               4.5484481                   0.00052567641
               4.5495811                   0.00055949076
               4.5507145                    0.0005932675
               4.5518475                   0.00062697654
               4.5529804                   0.00066057924
               4.5541139                    0.0006940345
               4.5552468                   0.00072730565
               4.5563798                   0.00076036528
               4.5575132                   0.00079319696
               4.5586462                   0.00082579325
               4.5597796                   0.00085815031
               4.5609126                   0.00089026196
               4.5620456                   0.00092211354
                4.563179                   0.00095367938
                4.564312                   0.00098492368
               4.5654449                    0.0010158047
               4.5665784                    0.0010462812
               4.5677114                    0.0010763173
               4.5688448                    0.0011058864
               4.5699778                    0.0011349712
               4.5711107                      0.00116356
               4.5722442                    0.0011916414
               4.5733771                    0.0012191986
               4.5745106                    0.0012462054
               4.5756435                    0.0012726253
               4.5767765                    0.0012984144
               4.5779099                     0.001323526
               4.5790429                    0.0013479174
               4.5801759                     0.001371554
               4.5813093                    0.0013944118
               4.5824423                     0.001416476
               4.5835757                    0.0014377367
               4.5847087                    0.0014581837
               4.5858417                    0.0014778015
               4.5869751                    0.0014965663
               4.5881081                    0.0015144465
                4.589241                    0.0015314042
               4.5903745                    0.0015474006
               4.5915074                    0.0015624003
               4.5926409                    0.0015763744
               4.5937738                    0.0015893021
               4.5949068                     0.001601169
               4.5960402                    0.0016119645
               4.5971732                    0.0016216778
               4.5983062                    0.0016302957
               4.5994396                    0.0016378012
               4.6005726                    0.0016441742
                4.601706                    0.0016493943
                4.602839                    0.0016534425
                4.603972                    0.0016563034
               4.6051054                    0.0016579656
               4.6062384                    0.0016584214
               4.6073718                    0.0016576648
               4.6085048                    0.0016556901
               4.6096377                    0.0016524909
               4.6107712                      0.00164806
               4.6119041                    0.0016423905
               4.6130371                    0.0016354783
               4.6141706                    0.0016273233
               4.6153035                    0.0016179306
                4.616437                    0.0016073089
               4.6175699                    0.0015954698
               4.6187029                    0.0015824249
               4.6198363                    0.0015681833
               4.6209693                    0.0015527513
               4.6221023                    0.0015361321
               4.6232357                    0.0015183284
               4.6243687                    0.0014993453
               4.6255021                    0.0014791926
               4.6266351                    0.0014578872
                4.627768                    0.0014354533
               4.6289015                    0.0014119195
               4.6300344                    0.0013873173
               4.6311674                    0.0013616774
               4.6323009                     0.001335027
               4.6334338                     0.001307389
               4.6345673                    0.0012787828
               4.6357002                    0.0012492273
               4.6368332                    0.0012187426
               4.6379666                    0.0011873532
               4.6390996                    0.0011550898
                4.640233                     0.001121989
                4.641366                    0.0010880915
                4.642499                      0.00105344
               4.6436324                    0.0010180762
               4.6447654                   0.00098203914
               4.6458983                   0.00094536418
               4.6470318                   0.00090808381
               4.6481647                   0.00087022904
               4.6492982                   0.00083183148
               4.6504312                   0.00079292478
               4.6515641                   0.00075354608
               4.6526976                   0.00071373576
               4.6538305                   0.00067353685
               4.6549635                   0.00063299341
               4.6560969                   0.00059214944
               4.6572299                   0.00055104756
               4.6583633                   0.00050972844
               4.6594963                   0.00046823101
               4.6606293                    0.0004265926
               4.6617627                   0.00038485014
               4.6628957                   0.00034304085
               4.6640286                   0.00030120282
               4.6651621                   0.00025937511
               4.6662951                   0.00021759747
               4.6674285                   0.00017590982
               4.6685615                   0.00013435162
               4.6696944                   9.2961003e-05
               4.6708279                   5.1774347e-05
               4.6719608                    1.082574e-05
               4.6730943                  -2.9853054e-05
               4.6742272                  -7.0232127e-05
               4.6753602                  -0.00011028261
               4.6764936                  -0.00014997547
               4.6776266                   -0.0001892806
               4.6787596                   -0.0002281663
                4.679893                  -0.00026659959
                4.681026                  -0.00030454717
               4.6821594                  -0.00034197693
               4.6832924                  -0.00037885972
               4.6844254                   -0.0004151703
               4.6855588                  -0.00045088783
               4.6866918                  -0.00048599503
               4.6878247                  -0.00052047614
               4.6889582                  -0.00055431481
               4.6900911                  -0.00058749184
               4.6912246                   -0.0006199847
               4.6923575                  -0.00065176829
               4.6934905                  -0.00068281696
               4.6946239                  -0.00071310817
               4.6957569                  -0.00074262463
               4.6968899                  -0.00077135622
               4.6980233                  -0.00079929933
               4.6991563                  -0.00082645431
               4.7002897                  -0.00085282134
               4.7014227                   -0.0008783965
               4.7025557                  -0.00090316928
               4.7036891                  -0.00092712161
               4.7048221                  -0.00095023075
               4.7059555                   -0.0009724737
               4.7070885                   -0.0009938326
               4.7082214                   -0.0010142992
               4.7093549                   -0.0010338763
               4.7104878                   -0.0010525766
               4.7116208                   -0.0010704175
               4.7127542                   -0.0010874153
               4.7138872                   -0.0011035786
               4.7150207                   -0.0011189047
               4.7161536                   -0.0011333805
               4.7172866                   -0.0011469863
                 4.71842                   -0.0011597029
                4.719553                   -0.0011715186
                4.720686                   -0.0011824343
               4.7218194                   -0.0011924648
               4.7229524                    -0.001201636
               4.7240858                   -0.0012099775
               4.7252188                   -0.0012175145
               4.7263517                   -0.0012242601
               4.7274852                   -0.0012302125
               4.7286181                   -0.0012353563
               4.7297511                   -0.0012396693
               4.7308846                    -0.001243131
               4.7320175                   -0.0012457313
                4.733151                   -0.0012474756
               4.7342839                   -0.0012483859
               4.7354169                    -0.001248495
               4.7365503                   -0.0012478391
               4.7376833                   -0.0012464486
               4.7388167                   -0.0012443403
               4.7399497                   -0.0012415161
               4.7410827                   -0.0012379647
               4.7422161                   -0.0012336697
               4.7433491                   -0.0012286174
                4.744482                   -0.0012228051
               4.7456155                   -0.0012162444
               4.7467484                   -0.0012089591
               4.7478819                   -0.0012009806
               4.7490149                   -0.0011923383
               4.7501478                   -0.0011830523
               4.7512813                   -0.0011731301
               4.7524142                   -0.0011625666
               4.7535472                   -0.0011513486
               4.7546806                   -0.0011394643
               4.7558136                   -0.0011269102
                4.756947                   -0.0011136965
                 4.75808                   -0.0010998462
                4.759213                   -0.0010853908
               4.7603464                    -0.001070363
               4.7614794                   -0.0010547877
               4.7626123                   -0.0010386771
               4.7637458                   -0.0010220293
               4.7648787                   -0.0010048327
               4.7660122                  -0.00098707329
               4.7671452                  -0.00096874288
               4.7682781                  -0.00094984565
               4.7694116                  -0.00093039987
               4.7705445                  -0.00091043493
                4.771678                  -0.00088998355
               4.7728109                   -0.0008690742
               4.7739439                  -0.00084772368
               4.7750773                  -0.00082593481
               4.7762103                  -0.00080369896
               4.7773433                  -0.00078100228
               4.7784767                  -0.00075783441
               4.7796097                   -0.0007341957
               4.7807431                  -0.00071010028
               4.7818761                  -0.00068557495
               4.7830091                   -0.0006606527
               4.7841425                  -0.00063536497
               4.7852755                  -0.00060973386
               4.7864084                  -0.00058376801
               4.7875419                  -0.00055746292
               4.7886748                  -0.00053080666
               4.7898083                  -0.00050378725
               4.7909412                  -0.00047640133
               4.7920742                  -0.00044865874
               4.7932076                  -0.00042058309
               4.7943406                  -0.00039220706
               4.7954736                  -0.00036356543
                4.796607                  -0.00033468672
                 4.79774                  -0.00030558737
               4.7988734                  -0.00027627032
               4.8000064                  -0.00024672816
               4.8011394                  -0.00021694982
               4.8022728                  -0.00018692864
               4.8034058                  -0.00015666851
               4.8045392                   -0.0001261865
               4.8056722                  -9.5510841e-05
               4.8068051                  -6.4675369e-05
               4.8079386                  -3.3712433e-05
               4.8090715                   -2.646746e-06
               4.8102045                   2.8507558e-05
               4.8113379                   5.9745795e-05
               4.8124709                   9.1068148e-05
               4.8136044                   0.00012247355
               4.8147373                   0.00015395432
               4.8158703                   0.00018549345
               4.8170037                   0.00021706532
               4.8181367                   0.00024863952
               4.8192697                   0.00028018618
               4.8204031                   0.00031168078
               4.8215361                   0.00034310666
               4.8226695                   0.00037445436
               4.8238025                   0.00040571782
               4.8249354                   0.00043688936
               4.8260689                   0.00046795522
               4.8272018                   0.00049889338
               4.8283348                   0.00052967423
               4.8294683                    0.0005602641
               4.8306012                   0.00059062982
               4.8317347                   0.00062074285
               4.8328676                   0.00065058167
               4.8340006                   0.00068013096
                4.835134                   0.00070937857
                4.836267                   0.00073831086
               4.8374004                   0.00076690898
               4.8385334                   0.00079514744
               4.8396664                   0.00082299468
               4.8407998                   0.00085041695
               4.8419328                   0.00087738241
               4.8430657                   0.00090386468
               4.8441992                   0.00092984387
               4.8453321                     0.000955305
               4.8464656                    0.0009802347
               4.8475986                    0.0010046161
               4.8487315                    0.0010284265
                4.849865                    0.0010516347
               4.8509979                    0.0010742043
               4.8521309                     0.001096098
               4.8532643                    0.0011172813
               4.8543973                    0.0011377274
               4.8555307                    0.0011574179
               4.8566637                    0.0011763403
               4.8577967                    0.0011944843
               4.8589301                    0.0012118361
               4.8600631                    0.0012283751
                4.861196                    0.0012440719
               4.8623295                    0.0012588922
               4.8634624                    0.0012728008
               4.8645959                    0.0012857686
               4.8657289                    0.0012977759
               4.8668618                    0.0013088138
               4.8679953                    0.0013188814
               4.8691282                    0.0013279797
               4.8702617                    0.0013361051
               4.8713946                    0.0013432445
               4.8725276                    0.0013493731
                4.873661                    0.0013544583
                4.874794                    0.0013584645
                4.875927                    0.0013613623
               4.8770604                    0.0013631348
               4.8781934                    0.0013637813
               4.8793268                    0.0013633138
               4.8804598                    0.0013617523
               4.8815928                    0.0013591156
               4.8827262                    0.0013554133
               4.8838592                    0.0013506418
               4.8849921                    0.0013447844
               4.8861256                    0.0013378169
               4.8872585                    0.0013297154
                4.888392                    0.0013204654
               4.8895249                    0.0013100671
               4.8906579                    0.0012985372
               4.8917913                    0.0012859046
               4.8929243                    0.0012722022
               4.8940578                    0.0012574597
               4.8951907                    0.0012416968
               4.8963237                    0.0012249204
               4.8974571                    0.0012071283
               4.8985901                    0.0011883152
               4.8997231                    0.0011684801
               4.9008565                    0.0011476334
               4.9019895                    0.0011257989
               4.9031229                    0.0011030125
               4.9042559                    0.0010793159
               4.9053888                    0.0010547496
               4.9065223                    0.0010293464
               4.9076552                    0.0010031287
               4.9087882                   0.00097611023
               4.9099216                   0.00094830064
               4.9110546                   0.00091971259
               4.9121881                    0.0008903679
                4.913321                   0.00086030073
                4.914454                   0.00082955603
               4.9155874                   0.00079818501
               4.9167204                   0.00076623826
               4.9178534                   0.00073375925
               4.9189868                    0.0007007813
               4.9201198                   0.00066732796
               4.9212532                   0.00063341728
               4.9223862                   0.00059906841
               4.9235191                   0.00056430808
               4.9246526                   0.00052917388
               4.9257855                     0.000493714
                4.926919                   0.00045798329
               4.9280519                   0.00042203668
               4.9291849                   0.00038592331
               4.9303184                   0.00034968246
               4.9314513                   0.00031334342
               4.9325843                   0.00027692877
               4.9337177                   0.00024046027
               4.9348507                   0.00020396497
               4.9359841                   0.00016747887
               4.9371171                    0.0001310472
               4.9382501                   9.4721152e-05
               4.9393835                   5.8552199e-05
               4.9405165                   2.2586108e-05
               4.9416494                  -1.3141081e-05
               4.9427829                  -4.8603612e-05
               4.9439158                  -8.3782725e-05
               4.9450493                   -0.0001186609
               4.9461823                  -0.00015321582
               4.9473152                  -0.00018741627
               4.9484487                  -0.00022122161
               4.9495816                   -0.0002545848
               4.9507146                  -0.00028745778
                4.951848                  -0.00031979778
                4.952981                  -0.00035157212
               4.9541144                  -0.00038275987
               4.9552474                  -0.00041334968
               4.9563804                  -0.00044333475
               4.9575138                  -0.00047270668
               4.9586468                  -0.00050145056
               4.9597802                  -0.00052954332
               4.9609132                  -0.00055695476
               4.9620461                  -0.00058365206
               4.9631796                  -0.00060960476
               4.9643126                  -0.00063478947
               4.9654455                  -0.00065919198
                4.966579                  -0.00068280596
               4.9677119                  -0.00070562924
               4.9688454                  -0.00072765897
               4.9699783                  -0.00074888777
               4.9711113                  -0.00076930231
               4.9722447                  -0.00078888453
               4.9733777                  -0.00080761523
               4.9745107                  -0.00082547864
               4.9756441                  -0.00084246701
               4.9767771                  -0.00085858162
               4.9779105                  -0.00087383122
               4.9790435                   -0.0008882283
               4.9801764                  -0.00090178452
               4.9813099                   -0.0009145065
               4.9824429                  -0.00092639367
               4.9835758                  -0.00093743997
               4.9847093                  -0.00094763655
               4.9858422                  -0.00095697748
               4.9869757                  -0.00096546346
               4.9881086                  -0.00097310374
               4.9892416                  -0.00097991538
                4.990375                  -0.00098591996
                4.991508                  -0.00099113886
               4.9926414                  -0.00099558907
               4.9937744                   -0.0009992813
               4.9949074                   -0.0010022206
               4.9960408                     -0.00100441
               4.9971738                   -0.0010058541
               4.9983068                   -0.0010065634
               4.9994402                   -0.0010065564
               5.0005732                   -0.0010058588
               5.0017066                   -0.0010045001
               5.0028396                   -0.0010025093
               5.0039725                  -0.00099991029
                5.005106                  -0.00099672051
               5.0062389                  -0.00099295052
               5.0073719                  -0.00098860753
               5.0085053                  -0.00098370039
               5.0096383                  -0.00097824319
               5.0107718                  -0.00097225799
               5.0119047                  -0.00096577447
               5.0130377                  -0.00095882622
               5.0141711                  -0.00095144648
               5.0153041                  -0.00094366347
               5.0164371                  -0.00093549764
               5.0175705                  -0.00092696189
               5.0187035                  -0.00091806374
               5.0198369                  -0.00090880989
               5.0209699                   -0.0008992115
               5.0221028                  -0.00088928681
               5.0232363                  -0.00087906094
               5.0243692                   -0.0008685647
               5.0255027                  -0.00085782877
               5.0266356                  -0.00084687985
               5.0277686                  -0.00083573727
               5.0289021                  -0.00082441187
                5.030035                  -0.00081290817
                5.031168                  -0.00080122869
               5.0323014                  -0.00078937854
               5.0334344                  -0.00077736855
               5.0345678                  -0.00076521648
               5.0357008                  -0.00075294555
               5.0368338                  -0.00074058102
               5.0379672                  -0.00072814489
               5.0391002                  -0.00071565271
               5.0402331                  -0.00070311123
               5.0413666                  -0.00069051975
               5.0424995                  -0.00067787315
                5.043633                  -0.00066516624
               5.0447659                  -0.00065239728
               5.0458989                  -0.00063956989
               5.0470324                  -0.00062669255
               5.0481653                  -0.00061377638
               5.0492983                  -0.00060083158
               5.0504317                  -0.00058786455
               5.0515647                  -0.00057487591
               5.0526981                  -0.00056186126
               5.0538311                  -0.00054881291
               5.0549641                  -0.00053572317
               5.0560975                  -0.00052258681
               5.0572305                  -0.00050940213
               5.0583639                  -0.00049617077
               5.0594969                  -0.00048289465
               5.0606298                  -0.00046957328
               5.0617633                   -0.0004562008
               5.0628963                  -0.00044276551
               5.0640292                  -0.00042925071
               5.0651627                  -0.00041563791
               5.0662956                  -0.00040191039
               5.0674291                  -0.00038805651
                5.068562                  -0.00037407127
                5.069695                  -0.00035995533
               5.0708284                  -0.00034571206
               5.0719614                  -0.00033134376
               5.0730944                  -0.00031684784
               5.0742278                  -0.00030221444
               5.0753608                  -0.00028742669
               5.0764942                   -0.0002724631
               5.0776272                  -0.00025730149
               5.0787601                  -0.00024192338
               5.0798936                  -0.00022631657
               5.0810266                   -0.0002104762
               5.0821595                  -0.00019440308
                5.083293                  -0.00017810045
               5.0844259                   -0.0001615701
               5.0855594                  -0.00014480947
               5.0866923                  -0.00012781049
               5.0878253                  -0.00011056068
               5.0889587                  -9.3045746e-05
               5.0900917                  -7.5253047e-05
               5.0912251                  -5.7174631e-05
               5.0923581                  -3.8808761e-05
               5.0934911                  -2.0159572e-05
               5.0946245                   -1.234805e-06
               5.0957575                   1.7957209e-05
               5.0968904                   3.7410548e-05
               5.0980239                   5.7123347e-05
               5.0991569                   7.7097604e-05
               5.1002903                   9.7337354e-05
               5.1014233                   0.00011784599
               5.1025562                   0.00013862367
               5.1036897                   0.00015966559
               5.1048226                   0.00018096191
               5.1059556                   0.00020249892
                5.107089                   0.00022426128
                5.108222                   0.00024623441
               5.1093554                   0.00026840623
               5.1104884                   0.00029076726
               5.1116214                   0.00031330966
               5.1127548                   0.00033602503
               5.1138878                   0.00035890262
               5.1150208                   0.00038192791
               5.1161542                   0.00040508225
               5.1172872                   0.00042834386
               5.1184206                   0.00045168953
               5.1195536                   0.00047509652
               5.1206865                   0.00049854454
                 5.12182                    0.0005220162
               5.1229529                   0.00054549624
               5.1240864                   0.00056897057
               5.1252193                   0.00059242378
               5.1263523                   0.00061583787
               5.1274858                   0.00063919136
               5.1286187                     0.000662459
               5.1297517                   0.00068561314
               5.1308851                   0.00070862484
               5.1320181                   0.00073146587
               5.1331515                   0.00075410999
               5.1342845                   0.00077653298
               5.1354175                   0.00079871301
               5.1365509                   0.00082062982
               5.1376839                   0.00084226351
               5.1388168                   0.00086359389
               5.1399503                   0.00088459975
               5.1410832                   0.00090525876
               5.1422167                   0.00092554779
               5.1433496                    0.0009454434
               5.1444826                   0.00096492219
               5.1456161                   0.00098396104
                5.146749                    0.0010025374
                5.147882                    0.0010206292
               5.1490154                    0.0010382156
               5.1501484                    0.0010552765
               5.1512818                    0.0010717923
               5.1524148                    0.0010877447
               5.1535478                    0.0011031159
               5.1546812                    0.0011178881
               5.1558142                    0.0011320442
               5.1569476                    0.0011455669
               5.1580806                    0.0011584391
               5.1592135                    0.0011706443
                5.160347                    0.0011821669
               5.1614799                    0.0011929929
               5.1626129                    0.0012031106
               5.1637464                      0.00121251
               5.1648793                    0.0012211836
               5.1660128                    0.0012291237
               5.1671457                    0.0012363228
               5.1682787                    0.0012427714
               5.1694121                     0.001248459
               5.1705451                    0.0012533742
               5.1716781                    0.0012575061
               5.1728115                    0.0012608464
               5.1739445                    0.0012633905
               5.1750779                    0.0012651387
               5.1762109                     0.001266095
               5.1773438                    0.0012662662
               5.1784773                    0.0012656593
               5.1796103                    0.0012642787
               5.1807432                    0.0012621245
               5.1818767                    0.0012591926
               5.1830096                    0.0012554756
               5.1841431                    0.0012509651
                5.185276                    0.0012456548
                5.186409                    0.0012395441
               5.1875424                    0.0012326398
               5.1886754                    0.0012249553
               5.1898088                    0.0012165097
               5.1909418                    0.0012073235
               5.1920748                    0.0011974153
               5.1932082                    0.0011867988
               5.1943412                    0.0011754814
               5.1954741                    0.0011634645
               5.1966076                     0.001150746
               5.1977406                    0.0011373239
                5.198874                    0.0011232003
                5.200007                    0.0011083839
               5.2011399                     0.001092891
               5.2022734                    0.0010767446
               5.2034063                    0.0010599707
               5.2045393                    0.0010425947
               5.2056727                    0.0010246385
               5.2068057                    0.0010061181
               5.2079391                   0.00098704302
               5.2090721                    0.0009674186
               5.2102051                   0.00094724935
               5.2113385                   0.00092654233
               5.2124715                   0.00090531021
               5.2136045                    0.0008835714
               5.2147379                   0.00086135021
               5.2158709                   0.00083867443
               5.2170043                   0.00081557164
               5.2181373                   0.00079206569
               5.2192702                   0.00076817494
               5.2204037                   0.00074391178
               5.2215366                   0.00071928388
               5.2226701                    0.0006942976
                5.223803                   0.00066896086
                5.224936                   0.00064328616
               5.2260695                   0.00061729248
               5.2272024                    0.0005910045
               5.2283354                   0.00056445115
               5.2294688                   0.00053766207
               5.2306018                   0.00051066506
               5.2317352                   0.00048348267
               5.2328682                   0.00045613095
               5.2340012                   0.00042861994
               5.2351346                   0.00040095576
               5.2362676                   0.00037314364
               5.2374005                    0.0003451911
                5.238534                   0.00031711056
               5.2396669                   0.00028892051
               5.2408004                   0.00026064497
               5.2419333                    0.0002323114
               5.2430663                   0.00020394745
               5.2441998                   0.00017557794
               5.2453327                   0.00014722247
               5.2464657                   0.00011889484
               5.2475991                   9.0603862e-05
               5.2487321                   6.2355393e-05
               5.2498655                   3.4155026e-05
               5.2509985                   6.0105585e-06
               5.2521315                  -2.2066342e-05
               5.2532649                  -5.0059974e-05
               5.2543979                  -7.7951678e-05
               5.2555313                  -0.00010572198
               5.2566643                  -0.00013335299
               5.2577972                  -0.00016083011
               5.2589307                  -0.00018814238
               5.2600636                  -0.00021528163
               5.2611966                  -0.00024224052
               5.2623301                  -0.00026901043
                5.263463                  -0.00029557984
               5.2645965                  -0.00032193359
               5.2657294                  -0.00034805384
               5.2668624                  -0.00037392191
               5.2679958                  -0.00039952068
               5.2691288                  -0.00042483662
               5.2702618                  -0.00044986123
               5.2713952                  -0.00047459028
               5.2725282                  -0.00049902225
               5.2736616                  -0.00052315538
               5.2747946                  -0.00054698525
               5.2759275                  -0.00057050306
                5.277061                   -0.0005936955
                5.278194                  -0.00061654614
               5.2793269                   -0.0006390381
               5.2804604                  -0.00066115661
               5.2815933                  -0.00068289123
               5.2827268                  -0.00070423645
               5.2838597                   -0.0007251905
               5.2849927                  -0.00074575318
               5.2861261                    -0.000765923
               5.2872591                  -0.00078569487
               5.2883925                  -0.00080505887
               5.2895255                  -0.00082400156
               5.2906585                  -0.00084250799
               5.2917919                  -0.00086056412
               5.2929249                  -0.00087815954
               5.2940578                  -0.00089528866
               5.2951913                  -0.00091195048
               5.2963243                  -0.00092814601
               5.2974577                  -0.00094387517
               5.2985907                  -0.00095913484
               5.2997236                  -0.00097391621
               5.3008571                  -0.00098820566
                 5.30199                   -0.0010019871
                5.303123                    -0.001015245
               5.3042564                   -0.0010279668
               5.3053894                    -0.001040146
               5.3065228                   -0.0010517813
               5.3076558                   -0.0010628763
               5.3087888                   -0.0010734349
               5.3099222                   -0.0010834592
               5.3110552                   -0.0010929465
               5.3121881                   -0.0011018891
               5.3133216                   -0.0011102749
               5.3144546                   -0.0011180909
                5.315588                   -0.0011253252
                5.316721                   -0.0011319702
               5.3178539                   -0.0011380225
               5.3189874                   -0.0011434825
               5.3201203                   -0.0011483521
               5.3212538                   -0.0011526315
               5.3223867                   -0.0011563173
               5.3235197                   -0.0011594024
               5.3246531                   -0.0011618775
               5.3257861                   -0.0011637331
               5.3269191                   -0.0011649624
               5.3280525                   -0.0011655642
               5.3291855                   -0.0011655416
               5.3303189                   -0.0011649013
               5.3314519                   -0.0011636498
               5.3325849                   -0.0011617902
               5.3337183                   -0.0011593199
               5.3348513                   -0.0011562298
               5.3359842                   -0.0011525073
               5.3371177                   -0.0011481402
               5.3382506                   -0.0011431203
               5.3393841                   -0.0011374475
                5.340517                   -0.0011311299
                 5.34165                   -0.0011241818
               5.3427835                   -0.0011166201
               5.3439164                   -0.0011084595
               5.3450494                   -0.0010997076
               5.3461828                   -0.0010903633
               5.3473158                   -0.0010804182
               5.3484492                   -0.0010698608
               5.3495822                   -0.0010586809
               5.3507152                   -0.0010468757
               5.3518486                   -0.0010344511
               5.3529816                   -0.0010214217
                5.354115                   -0.0010078079
                5.355248                  -0.00099362945
               5.3563809                  -0.00097890117
               5.3575144                  -0.00096362934
               5.3586473                  -0.00094781211
               5.3597803                  -0.00093144231
               5.3609138                  -0.00091451296
               5.3620467                  -0.00089702226
               5.3631802                  -0.00087897747
               5.3643131                  -0.00086039555
               5.3654461                  -0.00084129983
               5.3665795                  -0.00082171545
               5.3677125                  -0.00080166379
               5.3688455                  -0.00078115839
               5.3699789                  -0.00076020387
               5.3711119                  -0.00073879841
               5.3722453                   -0.0007169384
               5.3733783                  -0.00069462426
               5.3745112                  -0.00067186489
               5.3756447                  -0.00064867939
               5.3767776                  -0.00062509452
               5.3779106                  -0.00060114026
               5.3790441                   -0.0005768431
                5.380177                  -0.00055222184
               5.3813105                  -0.00052728521
               5.3824434                  -0.00050203368
               5.3835764                  -0.00047646387
               5.3847098                  -0.00045057476
               5.3858428                  -0.00042437363
               5.3869762                  -0.00039787882
               5.3881092                  -0.00037111912
               5.3892422                  -0.00034412945
               5.3903756                  -0.00031694456
               5.3915086                  -0.00028959286
               5.3926415                  -0.00026209248
                5.393775                  -0.00023445065
                5.394908                  -0.00020666717
               5.3960414                  -0.00017874017
               5.3971744                  -0.00015067238
               5.3983073                  -0.00012247583
               5.3994408                  -9.4173236e-05
               5.4005737                  -6.5795946e-05
               5.4017067                  -3.7378966e-05
               5.4028401                   -8.955285e-06
               5.4039731                   1.9448707e-05
               5.4051065                   4.7815185e-05
               5.4062395                   7.6133729e-05
               5.4073725                   0.00010439772
               5.4085059                   0.00013259957
               5.4096389                   0.00016072676
               5.4107718                   0.00018876011
               5.4119053                   0.00021667485
               5.4130383                   0.00024444374
               5.4141717                   0.00027204104
               5.4153047                   0.00029944562
               5.4164376                   0.00032664172
               5.4175711                   0.00035361788
                5.418704                   0.00038036326
               5.4198375                   0.00040686369
               5.4209704                   0.00043309914
               5.4221034                   0.00045904305
               5.4232368                   0.00048466475
               5.4243698                   0.00050993357
               5.4255028                   0.00053482386
               5.4266362                     0.000559318
               5.4277692                   0.00058340718
               5.4289026                   0.00060708908
               5.4300356                   0.00063036295
               5.4311686                   0.00065322436
                5.432302                   0.00067566067
                5.433435                   0.00069764955
               5.4345679                   0.00071916077
               5.4357014                   0.00074016087
               5.4368343                   0.00076061965
               5.4379678                   0.00078051444
               5.4391007                   0.00079983345
               5.4402337                   0.00081857457
               5.4413671                   0.00083674118
               5.4425001                   0.00085433648
               5.4436331                   0.00087135786
               5.4447665                   0.00088779366
               5.4458995                   0.00090362318
               5.4470329                   0.00091882027
               5.4481659                    0.0009333581
               5.4492989                   0.00094721571
               5.4504323                   0.00096038112
               5.4515653                   0.00097285269
               5.4526987                   0.00098463602
               5.4538317                   0.00099574018
               5.4549646                    0.0010061712
               5.4560981                    0.0010159285
                5.457231                    0.0010250033
                5.458364                    0.0010333805
               5.4594975                    0.0010410426
               5.4606304                    0.0010479752
               5.4617639                    0.0010541693
               5.4628968                    0.0010596252
               5.4640298                    0.0010643502
               5.4651632                    0.0010683561
               5.4662962                    0.0010716546
               5.4674292                    0.0010742538
               5.4685626                    0.0010761566
               5.4696956                    0.0010773604
                5.470829                    0.0010778606
                5.471962                    0.0010776535
               5.4730949                    0.0010767395
               5.4742284                    0.0010751253
               5.4753613                    0.0010728225
               5.4764943                    0.0010698464
               5.4776278                    0.0010662121
               5.4787607                     0.001061932
               5.4798942                    0.0010570149
               5.4810271                    0.0010514666
               5.4821601                    0.0010452914
               5.4832935                    0.0010384958
               5.4844265                    0.0010310898
               5.4855599                    0.0010230877
               5.4866929                    0.0010145076
               5.4878259                    0.0010053694
               5.4889593                   0.00099569105
               5.4900923                   0.00098548795
               5.4912252                    0.0009747718
               5.4923587                   0.00096355268
               5.4934916                   0.00095184083
               5.4946251                      0.00093965
               5.4957581                   0.00092699815
                5.496891                   0.00091390812
               5.4980245                   0.00090040534
               5.4991574                   0.00088651432
               5.5002904                   0.00087225554
               5.5014238                   0.00085764297
               5.5025568                   0.00084268511
               5.5036902                   0.00082738709
               5.5048232                   0.00081175484
               5.5059562                   0.00079579966
               5.5070896                   0.00077954063
               5.5082226                   0.00076300517
               5.5093555                     0.000746226
                5.510489                    0.0007292364
                5.511622                    0.0007120645
               5.5127554                   0.00069472968
               5.5138884                   0.00067724084
               5.5150213                   0.00065959862
               5.5161548                   0.00064180058
               5.5172877                   0.00062384724
               5.5184212                   0.00060574751
               5.5195541                   0.00058752118
               5.5206871                    0.0005691977
               5.5218205                   0.00055081182
               5.5229535                   0.00053239713
               5.5240865                    0.0005139797
               5.5252199                   0.00049557391
               5.5263529                    0.0004771821
               5.5274863                   0.00045879773
               5.5286193                   0.00044041147
               5.5297523                   0.00042201782
               5.5308857                   0.00040362033
               5.5320187                   0.00038523399
               5.5331516                   0.00036688324
               5.5342851                   0.00034859689
                5.535418                   0.00033040202
               5.5365515                   0.00031231824
               5.5376844                   0.00029435466
               5.5388174                   0.00027651025
               5.5399508                   0.00025877764
               5.5410838                   0.00024114856
               5.5422173                   0.00022361935
               5.5433502                   0.00020619424
               5.5444832                   0.00018888529
               5.5456166                    0.0001717095
               5.5467496                   0.00015468379
               5.5478826                   0.00013782004
                5.549016                   0.00012112159
                5.550149                   0.00010458296
               5.5512824                   8.8192617e-05
               5.5524154                   7.1938135e-05
               5.5535483                   5.5811583e-05
               5.5546818                    3.981348e-05
               5.5558147                   2.3953724e-05
               5.5569477                   8.2491042e-06
               5.5580812                  -7.2817811e-06
               5.5592141                  -2.2624599e-05
               5.5603476                  -3.7774182e-05
               5.5614805                  -5.2736519e-05
               5.5626135                  -6.7526984e-05
               5.5637469                  -8.2165527e-05
               5.5648799                  -9.6670476e-05
               5.5660129                   -0.0001110528
               5.5671463                  -0.00012531274
               5.5682793                  -0.00013944019
               5.5694127                  -0.00015341837
               5.5705457                  -0.00016723009
               5.5716786                  -0.00018086418
               5.5728121                   -0.0001943198
                5.573945                  -0.00020760752
               5.5750785                   -0.0002207465
               5.5762115                  -0.00023375911
               5.5773444                  -0.00024666422
               5.5784779                  -0.00025947191
               5.5796108                  -0.00027218115
               5.5807438                  -0.00028478084
               5.5818772                  -0.00029725436
               5.5830102                  -0.00030958533
               5.5841436                  -0.00032176354
               5.5852766                  -0.00033378831
               5.5864096                  -0.00034566899
                5.587543                  -0.00035742202
                5.588676                  -0.00036906591
               5.5898089                  -0.00038061608
               5.5909424                  -0.00039208058
               5.5920753                  -0.00040345878
               5.5932088                  -0.00041474277
               5.5943418                  -0.00042592097
               5.5954747                  -0.00043698223
               5.5966082                  -0.00044791953
               5.5977411                  -0.00045873201
               5.5988741                  -0.00046942383
               5.6000075                  -0.00048000226
               5.6011405                  -0.00049047417
               5.6022739                  -0.00050084345
               5.6034069                  -0.00051111006
               5.6045399                  -0.00052126998
               5.6056733                  -0.00053131743
               5.6068063                  -0.00054124696
               5.6079397                  -0.00055105548
               5.6090727                  -0.00056074245
               5.6102057                  -0.00057030917
               5.6113391                  -0.00057975616
               5.6124721                  -0.00058908126
                5.613605                  -0.00059827819
               5.6147385                  -0.00060733681
               5.6158714                   -0.0006162455
               5.6170049                  -0.00062499387
               5.6181378                   -0.0006335756
               5.6192708                  -0.00064198999
               5.6204042                  -0.00065024098
               5.6215372                  -0.00065833534
               5.6226702                  -0.00066627847
               5.6238036                  -0.00067407091
               5.6249366                  -0.00068170641
                 5.62607                  -0.00068917172
                5.627203                  -0.00069644896
                5.628336                  -0.00070351956
               5.6294694                  -0.00071036851
               5.6306024                  -0.00071698666
               5.6317353                  -0.00072337146
               5.6328688                    -0.000729525
               5.6340017                  -0.00073545054
               5.6351352                  -0.00074114808
               5.6362681                  -0.00074661197
               5.6374011                  -0.00075183029
               5.6385345                  -0.00075678696
               5.6396675                   -0.0007614654
                5.640801                  -0.00076585257
               5.6419339                  -0.00076994166
               5.6430669                  -0.00077373243
               5.6442003                  -0.00077722897
               5.6453333                  -0.00078043516
               5.6464663                  -0.00078335084
               5.6475997                  -0.00078596803
               5.6487327                  -0.00078827073
               5.6498661                  -0.00079023797
               5.6509991                  -0.00079184864
                5.652132                  -0.00079308654
               5.6532655                   -0.0007939447
               5.6543984                  -0.00079442596
               5.6555314                  -0.00079454028
               5.6566648                  -0.00079429883
               5.6577978                  -0.00079370791
               5.6589313                  -0.00079276366
               5.6600642                   -0.0007914509
               5.6611972                  -0.00078974583
               5.6623306                  -0.00078762218
               5.6634636                  -0.00078505889
               5.6645966                  -0.00078204635
                 5.66573                  -0.00077858934
                5.666863                  -0.00077470462
               5.6679964                  -0.00077041483
               5.6691294                  -0.00076574041
               5.6702623                   -0.0007606913
               5.6713958                  -0.00075526239
               5.6725287                  -0.00074943446
               5.6736622                  -0.00074317958
               5.6747952                  -0.00073646964
               5.6759281                  -0.00072928547
               5.6770616                  -0.00072162319
               5.6781945                  -0.00071349519
               5.6793275                  -0.00070492638
               5.6804609                  -0.00069594587
               5.6815939                  -0.00068657787
               5.6827273                  -0.00067683432
               5.6838603                  -0.00066671195
               5.6849933                  -0.00065619458
               5.6861267                  -0.00064526021
               5.6872597                  -0.00063388998
               5.6883926                  -0.00062207604
               5.6895261                  -0.00060982537
                5.690659                  -0.00059715839
               5.6917925                  -0.00058410282
               5.6929255                  -0.00057068554
               5.6940584                  -0.00055692566
               5.6951919                  -0.00054282969
               5.6963248                  -0.00052839227
               5.6974578                  -0.00051360141
               5.6985912                  -0.00049844605
               5.6997242                  -0.00048292379
               5.7008576                  -0.00046704477
               5.7019906                  -0.00045083152
               5.7031236                  -0.00043431413
                5.704257                   -0.0004175228
                 5.70539                  -0.00040048038
               5.7065234                   -0.0003831978
               5.7076564                  -0.00036567386
               5.7087893                  -0.00034789974
               5.7099228                  -0.00032986637
               5.7110558                  -0.00031157199
               5.7121887                  -0.00029302729
               5.7133222                  -0.00027425558
               5.7144551                  -0.00025528882
               5.7155886                  -0.00023616047
               5.7167215                  -0.00021689796
               5.7178545                  -0.00019751741
               5.7189879                  -0.00017802285
               5.7201209                  -0.00015840982
               5.7212539                  -0.00013867261
               5.7223873                   -0.0001188118
               5.7235203                  -9.8839802e-05
               5.7246537                  -7.8782017e-05
               5.7257867                  -5.8673311e-05
               5.7269197                  -3.8550952e-05
               5.7280531                  -1.8446583e-05
               5.7291861                   1.6198742e-06
                5.730319                   2.1642105e-05
               5.7314525                   4.1624389e-05
               5.7325854                   6.1574843e-05
               5.7337189                   8.1497143e-05
               5.7348518                   0.00010138376
               5.7359848                   0.00012121312
               5.7371182                   0.00014095168
               5.7382512                   0.00016056026
               5.7393847                   0.00018000219
               5.7405176                   0.00019925067
               5.7416506                   0.00021829264
                5.742784                    0.0002371278
                5.743917                   0.00025576321
                 5.74505                   0.00027420561
               5.7461834                   0.00029245383
               5.7473164                   0.00031049468
               5.7484498                   0.00032830276
               5.7495828                   0.00034584478
               5.7507157                   0.00036308626
               5.7518492                   0.00037999838
               5.7529821                   0.00039656233
               5.7541151                   0.00041277023
               5.7552485                   0.00042862212
               5.7563815                   0.00044412038
                5.757515                    0.0004592638
               5.7586479                   0.00047404319
               5.7597809                   0.00048844097
               5.7609143                   0.00050243386
               5.7620473                   0.00051599811
               5.7631803                   0.00052911433
               5.7643137                   0.00054177153
               5.7654467                   0.00055396685
               5.7665801                   0.00056570262
               5.7677131                   0.00057698181
                5.768846                   0.00058780279
               5.7699795                    0.0005981563
               5.7711124                   0.00060802564
               5.7722459                   0.00061738933
               5.7733788                    0.0006262266
               5.7745118                   0.00063452224
               5.7756453                    0.0006422702
               5.7767782                   0.00064947346
               5.7779112                   0.00065614103
               5.7790446                   0.00066228316
               5.7801776                   0.00066790613
                5.781311                   0.00067300868
                5.782444                   0.00067758129
                5.783577                   0.00068160903
               5.7847104                   0.00068507629
               5.7858434                   0.00068797171
               5.7869763                   0.00069029187
               5.7881098                     0.000692042
               5.7892427                   0.00069323368
               5.7903762                   0.00069388049
               5.7915092                   0.00069399294
               5.7926421                   0.00069357472
               5.7937756                   0.00069262239
               5.7949085                   0.00069112697
               5.7960415                   0.00068907841
               5.7971749                    0.0006864703
               5.7983079                   0.00068330351
               5.7994413                   0.00067958777
               5.8005743                   0.00067533937
               5.8017073                   0.00067057769
               5.8028407                   0.00066532032
               5.8039737                   0.00065957941
               5.8051071                   0.00065336033
               5.8062401                   0.00064666284
                5.807373                   0.00063948415
               5.8085065                   0.00063182309
               5.8096395                   0.00062368339
               5.8107724                   0.00061507511
               5.8119059                   0.00060601393
               5.8130388                   0.00059651816
               5.8141723                   0.00058660517
               5.8153052                   0.00057628844
               5.8164382                   0.00056557625
               5.8175716                   0.00055447308
               5.8187046                   0.00054298207
               5.8198376                     0.000531108
                5.820971                   0.00051886047
                5.822104                   0.00050625484
               5.8232374                   0.00049331074
               5.8243704                   0.00048004941
               5.8255033                   0.00046648993
               5.8266368                   0.00045264667
               5.8277698                   0.00043852831
               5.8289027                   0.00042413859
               5.8300362                   0.00040947943
               5.8311691                   0.00039455428
               5.8323026                   0.00037937128
               5.8334355                   0.00036394442
               5.8345685                   0.00034829293
               5.8357019                   0.00033243874
               5.8368349                   0.00031640325
               5.8379683                   0.00030020447
               5.8391013                   0.00028385557
               5.8402343                   0.00026736513
               5.8413677                   0.00025073925
               5.8425007                   0.00023398417
               5.8436337                   0.00021710868
               5.8447671                   0.00020012556
               5.8459001                   0.00018305115
               5.8470335                   0.00016590374
               5.8481665                   0.00014870112
               5.8492994                   0.00013145826
               5.8504329                   0.00011418611
               5.8515658                   9.6891847e-05
               5.8526988                   7.9580794e-05
               5.8538322                   6.2258972e-05
               5.8549652                   4.4935518e-05
               5.8560987                   2.7624086e-05
               5.8572316                   1.0342572e-05
               5.8583646                  -6.8886361e-06
                5.859498                  -2.4049397e-05
                5.860631                  -4.1122592e-05
                5.861764                   -5.809607e-05
               5.8628974                  -7.4963202e-05
               5.8640304                  -9.1721799e-05
               5.8651638                   -0.0001083718
               5.8662968                  -0.00012491255
               5.8674297                  -0.00014134045
               5.8685632                  -0.00015764749
               5.8696961                  -0.00017382097
               5.8708296                   -0.0001898444
               5.8719625                  -0.00020569938
               5.8730955                  -0.00022136777
                5.874229                  -0.00023683329
               5.8753619                  -0.00025208283
               5.8764949                   -0.0002671066
               5.8776283                  -0.00028189801
               5.8787613                  -0.00029645272
               5.8798947                  -0.00031076753
               5.8810277                  -0.00032483911
               5.8821607                  -0.00033866291
               5.8832941                  -0.00035223246
               5.8844271                  -0.00036553908
                 5.88556                  -0.00037857203
               5.8866935                  -0.00039131913
               5.8878264                  -0.00040376771
               5.8889599                  -0.00041590587
               5.8900928                  -0.00042772363
               5.8912258                  -0.00043921371
               5.8923593                  -0.00045037156
               5.8934922                   -0.0004611951
               5.8946252                  -0.00047168363
               5.8957586                  -0.00048183676
               5.8968916                  -0.00049165305
                5.898025                  -0.00050112879
                5.899158                   -0.0005102579
                5.900291                  -0.00051903201
               5.9014244                  -0.00052744156
               5.9025574                  -0.00053547713
               5.9036908                  -0.00054312998
               5.9048238                  -0.00055039331
               5.9059567                  -0.00055726216
               5.9070902                  -0.00056373357
               5.9082232                  -0.00056980591
               5.9093561                  -0.00057547836
               5.9104896                  -0.00058075058
               5.9116225                  -0.00058562256
                5.912756                  -0.00059009477
               5.9138889                  -0.00059416785
               5.9150219                  -0.00059784186
               5.9161553                   -0.0006011161
               5.9172883                  -0.00060398853
               5.9184213                  -0.00060645537
               5.9195547                  -0.00060851203
               5.9206877                  -0.00061015313
               5.9218211                  -0.00061137433
               5.9229541                  -0.00061217335
                5.924087                  -0.00061255059
               5.9252205                  -0.00061250979
               5.9263535                  -0.00061205676
               5.9274864                  -0.00061119819
               5.9286199                   -0.0006099398
               5.9297528                  -0.00060828502
               5.9308863                  -0.00060623494
               5.9320192                  -0.00060378801
               5.9331522                    -0.000600942
               5.9342856                   -0.0005976953
               5.9354186                  -0.00059404835
                5.936552                  -0.00059000443
                5.937685                  -0.00058556901
                5.938818                  -0.00058074837
               5.9399514                  -0.00057554827
               5.9410844                  -0.00056997262
               5.9422174                  -0.00056402269
               5.9433508                   -0.0005576986
               5.9444838                  -0.00055100082
               5.9456172                  -0.00054393226
               5.9467502                  -0.00053649954
               5.9478831                  -0.00052871311
               5.9490166                   -0.0005205854
               5.9501495                  -0.00051212887
               5.9512825                  -0.00050335255
               5.9524159                  -0.00049426081
               5.9535489                  -0.00048485264
               5.9546824                  -0.00047512384
               5.9558153                  -0.00046507022
               5.9569483                  -0.00045469133
               5.9580817                  -0.00044399331
               5.9592147                  -0.00043298962
               5.9603477                  -0.00042169896
               5.9614811                  -0.00041014215
               5.9626141                  -0.00039833732
               5.9637475                  -0.00038629616
               5.9648805                  -0.00037402223
               5.9660134                  -0.00036151192
               5.9671469                  -0.00034875801
               5.9682798                  -0.00033575436
               5.9694133                  -0.00032250059
               5.9705462                  -0.00030900483
               5.9716792                  -0.00029528339
               5.9728127                  -0.00028135808
               5.9739456                   -0.0002672516
               5.9750786                  -0.00025298278
                5.976212                  -0.00023856341
                5.977345                  -0.00022399789
               5.9784784                  -0.00020928535
               5.9796114                  -0.00019442364
               5.9807444                  -0.00017941379
               5.9818778                  -0.00016426276
               5.9830108                  -0.00014898409
               5.9841437                  -0.00013359572
               5.9852772                  -0.00011811641
               5.9864101                  -0.00010256185
               5.9875436                  -8.6942011e-05
               5.9886765                   -7.126086e-05
               5.9898095                  -5.5518791e-05
                5.990943                   -3.971656e-05
               5.9920759                  -2.3859233e-05
               5.9932089                  -7.9584206e-06
               5.9943423                   7.9679903e-06
               5.9954753                    2.389874e-05
               5.9966087                   3.9813684e-05
               5.9977417                   5.5698169e-05
               5.9988747                   7.1545575e-05

