#Parameters = {L=90; W=90; d=0.8; d_antenna=50; gap=50; gap_volt_1=50; height_plate=120; my_die=5; r_aperature=10; t=0.035; t_bone=16; t_fat=10; t_muscle=20; t_plate=1; t_skin=2; voltage_monitor1=40; voltage_monitor2=200; width_plate=120}
#"Time / ns"	"o2,1 [Real / W^(1/2)]"
#-----------------------------------
0.0000000000000	0.0000000000000
0.0013856666628271	0.0000000000000
0.0027713333256543	0.0000000000000
0.0041569997556508	0.0000000000000
0.0055426666513085	0.0000000000000
0.0069283330813050	0.0000000000000
0.0083139995113015	0.0000000000000
0.0096996668726206	0.0000000000000
0.011085333302617	0.0000000000000
0.012470999732614	0.0000000000000
0.013856666162610	0.0000000000000
0.015242333523929	0.0000000000000
0.016627999022603	0.0000000000000
0.018013667315245	0.0000000000000
0.019399333745241	0.0000000000000
0.020785000175238	0.0000000000000
0.022170666605234	0.0000000000000
0.023556333035231	0.0000000000000
0.024941999465227	0.0000000000000
0.026327665895224	0.0000000000000
0.027713332325220	0.0000000000000
0.029098998755217	0.0000000000000
0.030484667047858	0.0000000000000
0.031870331615210	0.0000000000000
0.033255998045206	0.0000000000000
0.034641664475203	0.0000000000000
0.036027334630489	0.0000000000000
0.037413001060486	0.0000000000000
0.038798667490482	0.0000000000000
0.040184333920479	0.0000000000000
0.041570000350475	0.0000000000000
0.042955666780472	0.0000000000000
0.044341333210468	0.0000000000000
0.045726999640465	0.0000000000000
0.047112666070461	0.0000000000000
0.048498332500458	0.0000000000000
0.049883998930454	0.0000000000000
0.051269665360451	0.0000000000000
0.052655331790447	0.0000000000000
0.054040998220444	0.0000000000000
0.055426664650440	0.0000000000000
0.056812331080437	0.0000000000000
0.058197997510433	0.0000000000000
0.059583663940430	0.0000000000000
0.060969334095716	0.0000000000000
0.062355000525713	0.0000000000000
0.063740663230419	0.0000000000000
0.065126329660416	0.0000000000000
0.066511996090412	0.0000000000000
0.067897662520409	0.0000000000000
0.069283328950405	0.0000000000000
0.070668995380402	0.0000000000000
0.072054669260979	0.0000000000000
0.073440335690975	0.0000000000000
0.074826002120972	0.0000000000000
0.076211668550968	0.0000000000000
0.077597334980965	0.0000000000000
0.078983001410961	0.0000000000000
0.080368667840958	0.0000000000000
0.081754334270954	0.0000000000000
0.083140000700951	0.0000000000000
0.084525667130947	0.0000000000000
0.085911333560944	0.0000000000000
0.087296999990940	0.0000000000000
0.088682666420937	0.0000000000000
0.090068332850933	0.0000000000000
0.091453999280930	0.0000000000000
0.092839665710926	0.0000000000000
0.094225332140923	0.0000000000000
0.095610998570919	0.0000000000000
0.096996665000916	0.0000000000000
0.098382331430912	0.0000000000000
0.099767997860909	0.0000000000000
0.10115366429090	0.0000000000000
0.10253933072090	0.0000000000000
0.10392499715090	-3.2871522048882e-38
0.10531066358089	-3.9907339063209e-37
0.10669633001089	-1.8380124805292e-36
0.10808199644089	-6.3480432936083e-36
0.10946766287088	-1.9632552190626e-35
0.11085332930088	-5.7379386231645e-35
0.11223899573088	-1.6052552002773e-34
0.11362466216087	-4.3207237185217e-34
0.11501032859087	-1.1229592123966e-33
0.11639599502087	-2.8245658045611e-33
0.11778166145086	-6.8855544035415e-33
0.11916732788086	-1.6284941679883e-32
0.12055300176144	-3.7401194529004e-32
0.12193866819143	-8.3482979905921e-32
0.12332433462143	-1.8124658223719e-31
0.12471000105143	-3.8303464613635e-31
0.12609566748142	-7.8855621708528e-31
0.12748132646084	-1.5826240920827e-30
0.12886700034142	-3.0987879905190e-30
0.13025265932083	-5.9236316305168e-30
0.13163833320141	-1.1063029853894e-29
0.13302399218082	-2.0200065064191e-29
0.13440966606140	-3.6084581540638e-29
0.13579532504082	-6.3106380745815e-29
0.13718099892139	-1.0811730151315e-28
0.13856665790081	-1.8158085201740e-28
0.13995233178139	-2.9914061489895e-28
0.14133799076080	-4.8370895740902e-28
0.14272366464138	-7.6818243614937e-28
0.14410933852196	-1.1988916792705e-27
0.14549499750137	-1.8398842092969e-27
0.14688067138195	-2.7781248632364e-27
0.14826633036137	-4.1296799054842e-27
0.14965200424194	-6.0469196687764e-27
0.15103766322136	-8.7267622084278e-27
0.15242333710194	-1.2419950892060e-26
0.15380899608135	-1.7441377191510e-26
0.15519466996193	-2.4181487965892e-26
0.15658032894135	-3.3118864480434e-26
0.15796600282192	-4.4834247028335e-26
0.15935166180134	-6.0026386104578e-26
0.16073733568192	-7.9530411155368e-26
0.16212299466133	-1.0433971068304e-25
0.16350866854191	-1.3563268880561e-25
0.16489432752132	-1.7480627643777e-25
0.16628000140190	-2.2351811686042e-25
0.16766566038132	-2.8374059652971e-25
0.16905133426189	-3.5782888433006e-25
0.17043699324131	-4.4860680647934e-25
0.17182266712189	-5.5947287436484e-25
0.17320832610130	-6.9452955912417e-25
0.17459399998188	-8.5873731673697e-25
0.17597965896130	-1.0580940045771e-24
0.17736533284187	-1.2998393442983e-24
0.17875099182129	-1.5926799937116e-24
0.18013666570187	-1.9470313819562e-24
0.18152232468128	-2.3752670881534e-24
0.18290799856186	-2.8919638813250e-24
0.18429365754128	-3.5141292081572e-24
0.18567933142185	-4.2613942667068e-24
0.18706499040127	-5.1561510709838e-24
0.18845066428185	-6.2236175319758e-24
0.18983632326126	-7.4918009728313e-24
0.19122199714184	-8.9913490341486e-24
0.19260767102242	-1.0755267261772e-23
0.19399333000183	-1.2818481683418e-23
0.19537900388241	-1.5217243613127e-23
0.19676466286182	-1.7988385755424e-23
0.19815033674240	-2.1168408704393e-23
0.19953599572182	-2.4792424658925e-23
0.20092166960239	-2.8893008841242e-23
0.20230732858181	-3.3498924697669e-23
0.20369300246239	-3.8633844366249e-23
0.20507866144180	-4.4315034434477e-23
0.20646433532238	-5.0552122160840e-23
0.20784999430180	-5.7345940582454e-23
0.20923566818237	-6.4687509306773e-23
0.21062132716179	-7.2557236184356e-23
0.21200700104237	-8.0924368261673e-23
0.21339266002178	-8.9746635215979e-23
0.21477833390236	-9.8970236733538e-23
0.21616399288177	-1.0853001921447e-22
0.21754966676235	-1.1834998695460e-22
0.21893532574177	-1.2834397109953e-22
0.22032099962234	-1.3841657627773e-22
0.22170665860176	-1.4846417772067e-22
0.22309233248234	-1.5837599411372e-22
0.22447799146175	-1.6803532453000e-22
0.22586366534233	-1.7732064652478e-22
0.22724932432175	-1.8610672685165e-22
0.22863499820232	-1.9426569431329e-22
0.23002065718174	-2.0166803688175e-22
0.23140633106232	-2.0818347260080e-22
0.23279199004173	-2.1368192146261e-22
0.23417766392231	-2.1803441417551e-22
0.23556332290173	-2.2111420288014e-22
0.23694899678230	-2.2279789710915e-22
0.23833465576172	-2.2296707937433e-22
0.23972032964230	-2.2150987026665e-22
0.24110600352287	-2.1832330134989e-22
0.24249166250229	-2.1331561232355e-22
0.24387733638287	-2.0640906567858e-22
0.24526299536228	-1.9754321573698e-22
0.24664866924286	-1.8667802623009e-22
0.24803432822227	-1.7379740439545e-22
0.24942000210285	-1.5891230593330e-22
0.25080567598343	-1.4206372636717e-22
0.25219133496284	-1.2332509918100e-22
0.25357699394226	-1.0280380412121e-22
0.25496265292168	-8.0641943435829e-23
0.25634834170341	-5.7015843314386e-23
0.25773400068283	-3.2134242663291e-23
0.25911965966225	-6.2352204926002e-24
0.26050531864166	2.0418348711656e-23
0.26189100742340	4.7544511073595e-23
0.26327666640282	7.4849110616851e-23
0.26466232538223	1.0203349091359e-22
0.26604798436165	1.2880273473669e-22
0.26743367314339	1.5487419637923e-22
0.26881933212280	1.7998575945053e-22
0.27020499110222	2.0390336576456e-22
0.27159065008163	2.2642774274577e-22
0.27297633886337	2.4739967933083e-22
0.27436199784279	2.6670354744370e-22
0.27574765682220	2.8426901855694e-22
0.27713331580162	3.0007077339096e-22
0.27851900458336	3.1412628048163e-22
0.27990466356277	3.2649147953347e-22
0.28129032254219	3.3725507637754e-22
0.28267598152161	3.4653142429066e-22
0.28406167030334	3.5445229459845e-22
0.28544732928276	3.6115831911220e-22
0.28683298826218	3.6679045780934e-22
0.28821867704391	3.7148171894938e-22
0.28960433602333	3.7534991417535e-22
0.29098999500275	3.7849192822819e-22
0.29237565398216	3.8097904889017e-22
0.29376134276390	3.8285444263003e-22
0.29514700174332	3.8413285168037e-22
0.29653266072273	3.8480183097154e-22
0.29791831970215	3.8482490357530e-22
0.29930400848389	3.8414625600487e-22
0.30068966746330	3.8269699861512e-22
0.30207532644272	3.8040225903982e-22
0.30346098542213	3.7718888147405e-22
0.30484667420387	3.7299307546959e-22
0.30623233318329	3.6776811521729e-22
0.30761799216270	3.6149105433114e-22
0.30900365114212	3.5416860759516e-22
0.31038933992386	3.4584161907159e-22
0.31177499890327	3.3658799035253e-22
0.31316065788269	3.2652389225034e-22
0.31454631686211	3.1580328517016e-22
0.31593200564384	3.0461554621635e-22
0.31731766462326	2.9318155644236e-22
0.31870332360268	2.8174804629580e-22
0.32008898258209	2.7058070412955e-22
0.32147467136383	2.5995642643223e-22
0.32286033034325	2.5015435636831e-22
0.32424598932266	2.4144659415212e-22
0.32563164830208	2.3408868022985e-22
0.32701733708382	2.2830997748740e-22
0.32840299606323	2.2430440686795e-22
0.32978865504265	2.2222135969429e-22
0.33117431402206	2.2215724107991e-22
0.33256000280380	2.2414769491597e-22
0.33394566178322	2.2816030848558e-22
0.33533132076263	2.3408797341048e-22
0.33671700954437	2.4174270098151e-22
0.33810266852379	2.5084946273267e-22
0.33948832750320	2.6103993004099e-22
0.34087398648262	2.7184522922796e-22
0.34225967526436	2.8268720729157e-22
0.34364533424377	2.9286717328352e-22
0.34503099322319	3.0155049974431e-22
0.34641665220261	3.0774556958342e-22
0.34780234098434	3.1027477124153e-22
0.34918799996376	3.0773471485736e-22
0.35057365894318	2.9844236253419e-22
0.35195931792259	2.8036202399621e-22
0.35334500670433	2.5100852233471e-22
0.35473066568375	2.0731929756723e-22
0.35611632466316	1.4548730696518e-22
0.35750198364258	6.0744145102867e-23
0.35888767242432	-5.2918951001106e-23
0.36027333140373	-2.0310887554792e-22
0.36165899038315	-3.9948638205892e-22
0.36304464936256	-6.5434530291759e-22
0.36443033814430	-9.8334609219257e-22
0.36581599712372	-1.4064432199843e-21
0.36720165610313	-1.9490568391284e-21
0.36858731508255	-2.6435492803748e-21
0.36997300386429	-3.5310854009726e-21
0.37135866284370	-4.6639787201107e-21
0.37274432182312	-6.1086411781021e-21
0.37412998080254	-7.9492937361334e-21
0.37551566958427	-1.0292635826979e-20
0.37690132856369	-1.3273707512914e-20
0.37828698754311	-1.7063254543567e-20
0.37967264652252	-2.1876962648073e-20
0.38105833530426	-2.7987035640272e-20
0.38244399428368	-3.5736722778220e-20
0.38382965326309	-4.5558432727127e-20
0.38521534204483	-5.7996476179448e-20
0.38660100102425	-7.3735429102602e-20
0.38798666000366	-9.3635533484250e-20
0.38937231898308	-1.1877689333393e-19
0.39075800776482	-1.5051454681728e-19
0.39214366674423	-1.9054703823633e-19
0.39352932572365	-2.4100173395492e-19
0.39491498470306	-3.0454104402151e-19
0.39630067348480	-3.8449399558541e-19
0.39768633246422	-4.8502014390504e-19
0.39907199144363	-6.1131242546841e-19
0.40045765042305	-7.6984841410425e-19
0.40184333920479	-9.6870190957896e-19
0.40322899818420	-1.2179279126236e-18
0.40461465716362	-1.5300389775691e-18
0.40600031614304	-1.9205930275690e-18
0.40738600492477	-2.4089193089848e-18
0.40877166390419	-3.0190121600376e-18
0.41015732288361	-3.7806331255767e-18
0.41154298186302	-4.7306682570673e-18
0.41292867064476	-5.9147946747298e-18
0.41431432962418	-7.3895319754588e-18
0.41569998860359	-9.2247587230414e-18
0.41708564758301	-1.1506797004662e-17
0.41847133636475	-1.4342198436565e-17
0.41985699534416	-1.7862374721125e-17
0.42124265432358	-2.2229274587391e-17
0.42262831330299	-2.7642311428713e-17
0.42401400208473	-3.4346822051692e-17
0.42539966106415	-4.2644409742555e-17
0.42678532004356	-5.2905545536606e-17
0.42817097902298	-6.5584940542733e-17
0.42955666780472	-8.1240200520581e-17
0.43094232678413	-1.0055460312590e-16
0.43232798576355	-1.2436472574300e-16
0.43371367454529	-1.5369395622573e-16
0.43509933352470	-1.8979328282784e-16
0.43648499250412	-2.3419063387218e-16
0.43787065148354	-2.8875059357346e-16
0.43925634026527	-3.5574682335521e-16
0.44064199924469	-4.3794951800167e-16
0.44202765822411	-5.3873111272254e-16
0.44341331720352	-6.6219384102094e-16
0.44479900598526	-8.1332352411286e-16
0.44618466496468	-9.9817517702175e-16
0.44757032394409	-1.2240961223508e-15
0.44895598292351	-1.4999942350293e-15
0.45034167170525	-1.8366611383218e-15
0.45172733068466	-2.2471595625826e-15
0.45311298966408	-2.7472888957395e-15
0.45449864864349	-3.3561423192147e-15
0.45588433742523	-4.0967726817008e-15
0.45726999640465	-4.9969971804603e-15
0.45865565538406	-6.0903460382268e-15
0.46004131436348	-7.4172091740570e-15
0.46142700314522	-9.0261982323104e-15
0.46281266212463	-1.0975769921292e-14
0.46419832110405	-1.3336162754088e-14
0.46558398008347	-1.6191703942794e-14
0.46696966886520	-1.9643552938236e-14
0.46835532784462	-2.3812955730548e-14
0.46974098682404	-2.8845124260077e-14
0.47112664580345	-3.4913817171557e-14
0.47251233458519	-4.2226787930026e-14
0.47389799356461	-5.1032230741557e-14
0.47528365254402	-6.1626410626046e-14
0.47666931152344	-7.4362662295241e-14
0.47805500030518	-8.9662055991618e-14
0.47944065928459	-1.0802597423358e-13
0.48082631826401	-1.3005087729379e-13
0.48221200704575	-1.5644587405064e-13
0.48359766602516	-1.8805311854161e-13
0.48498332500458	-2.2587205543434e-13
0.48636898398399	-2.7108778546600e-13
0.48775467276573	-3.2510436400249e-13
0.48914033174515	-3.8958398139444e-13
0.49052599072456	-4.6649251302100e-13
0.49191164970398	-5.5815324150749e-13
0.49329733848572	-6.6730963203115e-13
0.49468299746513	-7.9719840754763e-13
0.49606865644455	-9.5163514655244e-13
0.49745431542397	-1.1351140296809e-12
0.49884000420570	-1.3529236324999e-12
0.50022566318512	-1.6112827218306e-12
0.50161135196686	-1.9174971940122e-12
0.50299698114395	-2.2801437387504e-12
0.50438266992569	-2.7092813669610e-12
0.50576829910278	-3.2166977415038e-12
0.50715398788452	-3.8161947560345e-12
0.50853967666626	-4.5239189998270e-12
0.50992530584335	-5.3587429632573e-12
0.51131099462509	-6.3427076091305e-12
0.51269668340683	-7.5015323813821e-12
0.51408231258392	-8.8652037100179e-12
0.51546800136566	-1.0468649384865e-11
0.51685363054276	-1.2352522650583e-11
0.51823931932449	-1.4564098191339e-11
0.51962500810623	-1.7158299087106e-11
0.52101063728333	-2.0198884231881e-11
0.52239632606506	-2.3759804887447e-11
0.52378201484680	-2.7926758128238e-11
0.52516764402390	-3.2798964932912e-11
0.52655333280563	-3.8491199810808e-11
0.52793902158737	-4.5136127474477e-11
0.52932465076447	-5.2886944823527e-11
0.53071033954620	-6.1920399363480e-11
0.53209596872330	-7.2440227427695e-11
0.53348165750504	-8.4681102408002e-11
0.53486734628677	-9.8913030543990e-11
0.53625297546387	-1.1544647876560e-10
0.53763866424561	-1.3463802295277e-10
0.53902435302734	-1.5689692600684e-10
0.54040998220444	-1.8269236123913e-10
0.54179567098618	-2.1256191251595e-10
0.54318130016327	-2.4712079604861e-10
0.54456698894501	-2.8707247690107e-10
0.54595267772675	-3.3322070103203e-10
0.54733830690384	-3.8648292899346e-10
0.54872399568558	-4.4790535169703e-10
0.55010968446732	-5.1867998784871e-10
0.55149531364441	-6.0016352998460e-10
0.55288100242615	-6.9389910484219e-10
0.55426663160324	-8.0163997662197e-10
0.55565232038498	-9.2537622009559e-10
0.55703800916672	-1.0673646411163e-09
0.55842363834381	-1.2301624163769e-09
0.55980932712555	-1.4166643413915e-09
0.56119501590729	-1.6301437977262e-09
0.56258064508438	-1.8742993823651e-09
0.56396633386612	-2.1533059779699e-09
0.56535196304321	-2.4718704860760e-09
0.56673765182495	-2.8352973302503e-09
0.56812334060669	-3.2495555135625e-09
0.56950896978378	-3.7213567782857e-09
0.57089465856552	-4.2582408710246e-09
0.57228034734726	-4.8686690234945e-09
0.57366597652435	-5.5621289796193e-09
0.57505166530609	-6.3492446855662e-09
0.57643735408783	-7.2419048535721e-09
0.57782298326492	-8.2533988532418e-09
0.57920867204666	-9.3985654814333e-09
0.58059430122375	-1.0693960383890e-08
0.58197999000549	-1.2158033690923e-08
0.58336567878723	-1.3811326304847e-08
0.58475130796432	-1.5676679510079e-08
0.58613699674606	-1.7779473893142e-08
0.58752268552780	-2.0147876256260e-08
0.58890831470490	-2.2813116729026e-08
0.59029400348663	-2.5809791637244e-08
0.59167963266373	-2.9176160154520e-08
0.59306532144547	-3.2954520889916e-08
0.59445101022720	-3.7191558277527e-08
0.59583663940430	-4.1938768902128e-08
0.59722232818604	-4.7252882495741e-08
0.59860801696777	-5.3196316684989e-08
0.59999364614487	-5.9837688581865e-08
0.60137933492661	-6.7252315716360e-08
0.60276496410370	-7.5522834208641e-08
0.60415065288544	-8.4739724570682e-08
0.60553634166718	-9.5002029354418e-08
0.60692197084427	-1.0641797132394e-07
0.60830765962601	-1.1910571373619e-07
0.60969334840775	-1.3319407798917e-07
0.61107897758484	-1.4882336074606e-07
0.61246466636658	-1.6614616527022e-07
0.61385029554367	-1.8532828960360e-07
0.61523598432541	-2.0654962895605e-07
0.61662167310715	-2.3000512783256e-07
0.61800730228424	-2.5590574637135e-07
0.61939299106598	-2.8447954036892e-07
0.62077867984772	-3.1597264182892e-07
0.62216430902481	-3.5065053793915e-07
0.62354999780655	-3.8879886687937e-07
0.62493568658829	-4.3072486732854e-07
0.62632131576538	-4.7675820269433e-07
0.62770700454712	-5.2725249588548e-07
0.62909263372421	-5.8258621038476e-07
0.63047832250595	-6.4316384396079e-07
0.63186401128769	-7.0941712237982e-07
0.63324964046478	-7.8180624996094e-07
0.63463532924652	-8.6082081907080e-07
0.63602101802826	-9.4698094699197e-07
0.63740664720535	-1.0408379012006e-06
0.63879233598709	-1.1429755204517e-06
0.64017796516418	-1.2540110674308e-06
0.64156365394592	-1.3745953992839e-06
0.64294934272766	-1.5054142750159e-06
0.64433497190475	-1.6471879007440e-06
0.64572066068649	-1.8006714981311e-06
0.64710634946823	-1.9666561001941e-06
0.64849197864532	-2.1459679828695e-06
0.64987766742706	-2.3394677555189e-06
0.65126329660416	-2.5480508156761e-06
0.65264898538589	-2.7726455300581e-06
0.65403467416763	-3.0142120976961e-06
0.65542030334473	-3.2737420951889e-06
0.65680599212646	-3.5522543839761e-06
0.65819168090820	-3.8507951103384e-06
0.65957731008530	-4.1704329305503e-06
0.66096299886703	-4.5122574192646e-06
0.66234862804413	-4.8773736125440e-06
0.66373431682587	-5.2669006436190e-06
0.66512000560760	-5.6819640121830e-06
0.66650563478470	-6.1236901274242e-06
0.66789132356644	-6.5932026700466e-06
0.66927701234818	-7.0916130425758e-06
0.67066264152527	-7.6200158218853e-06
0.67204833030701	-8.1794778452604e-06
0.67343401908875	-8.7710332081770e-06
0.67481964826584	-9.3956705313758e-06
0.67620533704758	-1.0054323865916e-05
0.67759096622467	-1.0747861779237e-05
0.67897665500641	-1.1477073712740e-05
0.68036234378815	-1.2242662705830e-05
0.68174797296524	-1.3045226296526e-05
0.68313366174698	-1.3885248336010e-05
0.68451935052872	-1.4763078070246e-05
0.68590497970581	-1.5678919226048e-05
0.68729066848755	-1.6632815459161e-05
0.68867629766464	-1.7624626707402e-05
0.69006198644638	-1.8654023733689e-05
0.69144767522812	-1.9720455384231e-05
0.69283330440521	-2.0823144950555e-05
0.69421899318695	-2.1961062884657e-05
0.69560468196869	-2.3132910428103e-05
0.69699031114578	-2.4337103241123e-05
0.69837599992752	-2.5571745936759e-05
0.69976162910461	-2.6834630261874e-05
0.70114731788635	-2.8123196898378e-05
0.70253300666809	-2.9434522730298e-05
0.70391863584518	-3.0765313567827e-05
0.70530432462692	-3.2111867767526e-05
0.70669001340866	-3.3470078051323e-05
0.70807564258575	-3.4835415135603e-05
0.70946133136749	-3.6202905903338e-05
0.71084696054459	-3.7567111576209e-05
0.71223264932632	-3.8922145904507e-05
0.71361833810806	-4.0261635149363e-05
0.71500396728516	-4.1578736272641e-05
0.71638965606689	-4.2866111471085e-05
0.71777534484863	-4.4115939090261e-05
0.71916097402573	-4.5319891796680e-05
0.72054666280746	-4.6469176595565e-05
0.72193235158920	-4.7554509365000e-05
0.72331798076630	-4.8566136683803e-05
0.72470366954803	-4.9493843107484e-05
0.72608929872513	-5.0326972996118e-05
0.72747498750687	-5.1054441428278e-05
0.72886067628860	-5.1664766942849e-05
0.73024630546570	-5.2146089728922e-05
0.73163199424744	-5.2486197091639e-05
0.73301768302917	-5.2672607125714e-05
0.73440331220627	-5.2692532335641e-05
0.73578900098801	-5.2532974223141e-05
0.73717463016510	-5.2180770580890e-05
0.73856031894684	-5.1622628234327e-05
0.73994600772858	-5.0845192163251e-05
0.74133163690567	-4.9835110985441e-05
0.74271732568741	-4.8579084250377e-05
0.74410301446915	-4.7063935198821e-05
0.74548864364624	-4.5276708988240e-05
0.74687433242798	-4.3204723624513e-05
0.74825996160507	-4.0835660911398e-05
0.74964565038681	-3.8157646486070e-05
0.75103133916855	-3.5159326216672e-05
0.75241696834564	-3.1829968065722e-05
0.75380265712738	-2.8159520297777e-05
0.75518834590912	-2.4138740627677e-05
0.75657397508621	-1.9759265342145e-05
0.75795966386795	-1.5013704796729e-05
0.75934529304504	-9.8957298177993e-06
0.76073098182678	-4.4001635615132e-06
0.76211667060852	1.4769315157537e-06
0.76350229978561	7.7381700975820e-06
0.76488798856735	1.4384761016117e-05
0.76627367734909	2.1416424715426e-05
0.76765930652618	2.8831325835199e-05
0.76904499530792	3.6625999200623e-05
0.77043068408966	4.4795295252698e-05
0.77181631326675	5.3332303650677e-05
0.77320200204849	6.2228325987235e-05
0.77458763122559	7.1472823037766e-05
0.77597332000732	8.1053367466666e-05
0.77735900878906	9.0955647465307e-05
0.77874463796616	0.00010116342309630
0.78013032674789	0.00011165854812134
0.78151601552963	0.00012242095544934
0.78290164470673	0.00013342870806810
0.78428733348846	0.00014465796994045
0.78567296266556	0.00015608308603987
0.78705865144730	0.00016767662600614
0.78844434022903	0.00017940944235306
0.78982996940613	0.00019125077233184
0.79121565818787	0.00020316828158684
0.79260134696960	0.00021512819512282
0.79398697614670	0.00022709542827215
0.79537266492844	0.00023903370311018
0.79675829410553	0.00025090560666285
0.79814398288727	0.00026267289649695
0.79952967166901	0.00027429650072008
0.80091530084610	0.00028573666349985
0.80230098962784	0.00029695336706936
0.80368667840958	0.00030790624441579
0.80507230758667	0.00031855498673394
0.80645799636841	0.00032885928521864
0.80784362554550	0.00033877935493365
0.80922931432724	0.00034827578929253
0.81061500310898	0.00035731014213525
0.81200063228607	0.00036584481131285
0.81338632106781	0.00037384344614111
0.81477200984955	0.00038127106381580
0.81615763902664	0.00038809431134723
0.81754332780838	0.00039428164018318
0.81892901659012	0.00039980356814340
0.82031464576721	0.00040463288314641
0.82170033454895	0.00040874461410567
0.82308596372604	0.00041211640927941
0.82447165250778	0.00041472882730886
0.82585734128952	0.00041656507528387
0.82724297046661	0.00041761153261177
0.82862865924835	0.00041785772191361
0.83001434803009	0.00041729639633559
0.83139997720718	0.00041592362686060
0.83278566598892	0.00041373912245035
0.83417129516602	0.00041074596811086
0.83555698394775	0.00040695091593079
0.83694267272949	0.00040236403583549
0.83832830190659	0.00039699909393676
0.83971399068832	0.00039087334880605
0.84109967947006	0.00038400763878599
0.84248530864716	0.00037642623647116
0.84387099742889	0.00036815676139668
0.84525662660599	0.00035923012183048
0.84664231538773	0.00034968042746186
0.84802800416946	0.00033954466925934
0.84941363334656	0.00032886277767830
0.85079932212830	0.00031767721520737
0.85218501091003	0.00030603300547227
0.85357064008713	0.00029397750040516
0.85495632886887	0.00028156008920632
0.85634195804596	0.00026883208192885
0.85772764682770	0.00025584636023268
0.85911333560944	0.00024265702813864
0.86049896478653	0.00022931928106118
0.86188465356827	0.00021588899835479
0.86327034235001	0.00020242268510628
0.86465597152710	0.00018897702102549
0.86604166030884	0.00017560874402989
0.86742734909058	0.00016237430099864
0.86881297826767	0.00014932951307856
0.87019866704941	0.00013652937195729
0.87158429622650	0.00012402763240971
0.87296998500824	0.00011187665222678
0.87435567378998	0.00010012713028118
0.87574130296707	8.8827931904234e-05
0.87712699174881	7.8025826951489e-05
0.87851268053055	6.7765300627798e-05
0.87989830970764	5.8088280638913e-05
0.88128399848938	4.9033995310310e-05
0.88266962766647	4.0638737118570e-05
0.88405531644821	3.2935786293820e-05
0.88544100522995	2.5955258024624e-05
0.88682663440704	1.9724033336388e-05
0.88821232318878	1.4265693607740e-05
0.88959801197052	9.6004350780277e-06
0.89098364114761	5.7450033636997e-06
0.89236932992935	2.7126579880132e-06
0.89375495910645	5.1314975735295e-07
0.89514064788818	-8.4725866145163e-07
0.89652633666992	-1.3657340787177e-06
0.89791196584702	-1.0427809229441e-06
0.89929765462875	1.1784595699282e-07
0.90068334341049	2.1092280348967e-06
0.90206897258759	4.9213836064155e-06
0.90345466136932	8.5413903434528e-06
0.90484029054642	1.2953528312210e-05
0.90622597932816	1.8139433450415e-05
0.90761166810989	2.4078259230009e-05
0.90899729728699	3.0746901757084e-05
0.91038298606873	3.8120211684145e-05
0.91176867485046	4.6171218855307e-05
0.91315430402756	5.4871321481187e-05
0.91453999280930	6.4190498960670e-05
0.91592568159103	7.4097530159634e-05
0.91731131076813	8.4560204413719e-05
0.91869699954987	9.5545583462808e-05
0.92008262872696	0.00010702017607400
0.92146831750870	0.00011895024363184
0.92285400629044	0.00013130197476130
0.92423963546753	0.00014404166722670
0.92562532424927	0.00015713603352197
0.92701101303101	0.00017055233183783
0.92839664220810	0.00018425857706461
0.92978233098984	0.00019822370086331
0.93116796016693	0.00021241779904813
0.93255364894867	0.00022681226255372
0.93393933773041	0.00024137995205820
0.93532496690750	0.00025609525619075
0.93671065568924	0.00027093433891423
0.93809634447098	0.00028587502310984
0.93948197364807	0.00030089702340774
0.94086766242981	0.00031598209170625
0.94225329160690	0.00033111410448328
0.94363898038864	0.00034627894638106
0.94502466917038	0.00036146474303678
0.94641029834747	0.00037666174466722
0.94779598712921	0.00039186238427646
0.94918167591095	0.00040706107392907
0.95056730508804	0.00042225443758070
0.95195299386978	0.00043744107824750
0.95333862304688	0.00045262178173289
0.95472431182861	0.00046779931290075
0.95611000061035	0.00048297835746780
0.95749562978745	0.00049816543469205
0.95888131856918	0.00051336869364604
0.96026700735092	0.00052859808783978
0.96165263652802	0.00054386479314417
0.96303832530975	0.00055918155703694
0.96442401409149	0.00057456234935671
0.96580964326859	0.00059002242051065
0.96719533205032	0.00060557771939784
0.96858096122742	0.00062124524265528
0.96996665000916	0.00063704291824251
0.97135233879089	0.00065298890694976
0.97273796796799	0.00066910224268213
0.97412365674973	0.00068540172651410
0.97550934553146	0.00070190668338910
0.97689497470856	0.00071863614721224
0.97828066349030	0.00073560915188864
0.97966629266739	0.00075284455670044
0.98105198144913	0.00077036063885316
0.98243767023087	0.00078817532630637
0.98382329940796	0.00080630573211238
0.98520898818970	0.00082476827083156
0.98659467697144	0.00084357836749405
0.98798030614853	0.00086275045759976
0.98936599493027	0.00088229781249538
0.99075162410736	0.00090223265578970
0.99213731288910	0.00092256581410766
0.99352300167084	0.00094330683350563
0.99490863084793	0.00096446374664083
0.99629431962967	0.00098604313097894
0.99768000841141	0.0010080500505865
0.99906563758850	0.0010304878233001
1.0004513263702	0.0010533583117649
1.0018370151520	0.0010766612831503
1.0032227039337	0.0011003954568878
1.0046082735062	0.0011245573405176
1.0059939622879	0.0011491421610117
1.0073796510696	0.0011741432826966
1.0087653398514	0.0011995524400845
1.0101510286331	0.0012253596214578
1.0115365982056	0.0012515533016995
1.0129222869873	0.0012781203258783
1.0143079757690	0.0013050457928330
1.0156936645508	0.0013323136372492
1.0170793533325	0.0013599062804133
1.0184650421143	0.0013878047466278
1.0198506116867	0.0014159888960421
1.0212363004684	0.0014444373082370
1.0226219892502	0.0014731275150552
1.0240076780319	0.0015020358841866
1.0253933668137	0.0015311378519982
1.0267789363861	0.0015604074578732
1.0281646251678	0.0015898186247796
1.0295503139496	0.0016193448100239
1.0309360027313	0.0016489585395902
1.0323216915131	0.0016786321066320
1.0337072610855	0.0017083373386413
1.0350929498672	0.0017380458302796
1.0364786386490	0.0017677287105471
1.0378643274307	0.0017973573412746
1.0392500162125	0.0018269026186317
1.0406357049942	0.0018563359044492
1.0420212745667	0.0018856289098039
1.0434069633484	0.0019147539278492
1.0447926521301	0.0019436837173998
1.0461783409119	0.0019723915029317
1.0475640296936	0.0020008503925055
1.0489495992661	0.0020290345419198
1.0503352880478	0.0020569190382957
1.0517209768295	0.0020844792015851
1.0531066656113	0.0021116917487234
1.0544923543930	0.0021385345607996
1.0558780431747	0.0021649859845638
1.0572636127472	0.0021910262294114
1.0586493015289	0.0022166359703988
1.0600349903107	0.0022417972795665
1.0614206790924	0.0022664929274470
1.0628063678741	0.0022907068487257
1.0641919374466	0.0023144241422415
1.0655776262283	0.0023376317694783
1.0669633150101	0.0023603183217347
1.0683490037918	0.0023824723903090
1.0697346925735	0.0024040848948061
1.0711202621460	0.0024251476861537
1.0725059509277	0.0024456542450935
1.0738916397095	0.0024655982851982
1.0752773284912	0.0024849753826857
1.0766630172729	0.0025037820450962
1.0780487060547	0.0025220161769539
1.0794342756271	0.0025396782439202
1.0808199644089	0.0025567687116563
1.0822056531906	0.0025732899084687
1.0835913419724	0.0025892441626638
1.0849770307541	0.0026046354323626
1.0863626003265	0.0026194693055004
1.0877482891083	0.0026337523013353
1.0891339778900	0.0026474918704480
1.0905196666718	0.0026606973260641
1.0919053554535	0.0026733791455626
1.0932909250259	0.0026855482719839
1.0946766138077	0.0026972170453519
1.0960623025894	0.0027083987370133
1.0974479913712	0.0027191077824682
1.0988336801529	0.0027293600142002
1.1002193689346	0.0027391728945076
1.1016049385071	0.0027485643513501
1.1029906272888	0.0027575539425015
1.1043763160706	0.0027661621570587
1.1057620048523	0.0027744106482714
1.1071476936340	0.0027823231648654
1.1085332632065	0.0027899239212275
1.1099189519882	0.0027972385287285
1.1113046407700	0.0028042942285538
1.1126903295517	0.0028111196588725
1.1140760183334	0.0028177446220070
1.1154617071152	0.0028242010157555
1.1168472766876	0.0028305219020694
1.1182329654694	0.0028367419727147
1.1196186542511	0.0028428975492716
1.1210043430328	0.0028490261174738
1.1223900318146	0.0028551670257002
1.1237756013870	0.0028613614849746
1.1251612901688	0.0028676530346274
1.1265469789505	0.0028740863781422
1.1279326677322	0.0028807085473090
1.1293183565140	0.0028875679709017
1.1307039260864	0.0028947147075087
1.1320896148682	0.0029022013768554
1.1334753036499	0.0029100815299898
1.1348609924316	0.0029184115119278
1.1362466812134	0.0029272492974997
1.1376323699951	0.0029366547241807
1.1390179395676	0.0029466894920915
1.1404036283493	0.0029574166983366
1.1417893171310	0.0029689024668187
1.1431750059128	0.0029812143184245
1.1445606946945	0.0029944216366857
1.1459462642670	0.0030085952021182
1.1473319530487	0.0030238078907132
1.1487176418304	0.0030401339754462
1.1501033306122	0.0030576488934457
1.1514890193939	0.0030764301773161
1.1528747081757	0.0030965565238148
1.1542602777481	0.0031181084923446
1.1556459665298	0.0031411678064615
1.1570316553116	0.0031658168882132
1.1584173440933	0.0031921400222927
1.1598030328751	0.0032202214933932
1.1611886024475	0.0032501467503607
1.1625742912292	0.0032820021733642
1.1639599800110	0.0033158739097416
1.1653456687927	0.0033518504351377
1.1667313575745	0.0033900190610439
1.1681169271469	0.0034304675646126
1.1695026159286	0.0034732832573354
1.1708883047104	0.0035185536835343
1.1722739934921	0.0035663659218699
1.1736596822739	0.0036168063525110
1.1750453710556	0.0036699604243040
1.1764309406281	0.0037259131204337
1.1778166294098	0.0037847491912544
1.1792023181915	0.0038465512916446
1.1805880069733	0.0039114002138376
1.1819736957550	0.0039793755859137
1.1833592653275	0.0040505547076464
1.1847449541092	0.0041250134818256
1.1861306428909	0.0042028254829347
1.1875163316727	0.0042840610258281
1.1889020204544	0.0043687885627151
1.1902875900269	0.0044570742174983
1.1916732788086	0.0045489803887904
1.1930589675903	0.0046445652842522
1.1944446563721	0.0047438847832382
1.1958303451538	0.0048469905741513
1.1972160339355	0.0049539301544428
1.1986016035080	0.0050647468306124
1.1999872922897	0.0051794811151922
1.2013729810715	0.0052981679327786
1.2027586698532	0.0054208384826779
1.2041443586349	0.0055475169792771
1.2055299282074	0.0056782234460115
1.2069156169891	0.0058129713870585
1.2083013057709	0.0059517715126276
1.2096869945526	0.0060946270823479
1.2110726833344	0.0062415362335742
1.2124583721161	0.0063924910500646
1.2138439416885	0.0065474761649966
1.2152296304703	0.0067064724862576
1.2166153192520	0.0068694488145411
1.2180010080338	0.0070363730192184
1.2193866968155	0.0072072031907737
1.2207722663879	0.0073818927630782
1.2221579551697	0.0075603872537613
1.2235436439514	0.0077426247298717
1.2249293327332	0.0079285353422165
1.2263150215149	0.0081180417910218
1.2277005910873	0.0083110583946109
1.2290862798691	0.0085074948146939
1.2304719686508	0.0087072513997555
1.2318576574326	0.0089102229103446
1.2332433462143	0.0091162929311395
1.2346290349960	0.0093253394588828
1.2360146045685	0.0095372339710593
1.2374002933502	0.0097518377006054
1.2387859821320	0.0099690072238445
1.2401716709137	0.010188589803874
1.2415573596954	0.010410428047180
1.2429429292679	0.010634353384376
1.2443286180496	0.010860192589462
1.2457143068314	0.011087764054537
1.2470999956131	0.011316878721118
1.2484856843948	0.011547342874110
1.2498713731766	0.011778955347836
1.2512569427490	0.012011508457363
1.2526426315308	0.012244790792465
1.2540283203125	0.012478582561016
1.2554140090942	0.012712659314275
1.2567996978760	0.012946788221598
1.2581852674484	0.013180731795728
1.2595709562302	0.013414250686765
1.2609566450119	0.013647100888193
1.2623423337936	0.013879035599530
1.2637280225754	0.014109802432358
1.2651135921478	0.014339147135615
1.2664992809296	0.014566808938980
1.2678849697113	0.014792527072132
1.2692706584930	0.015016038902104
1.2706563472748	0.015237076207995
1.2720420360565	0.015455369837582
1.2734276056290	0.015670657157898
1.2748132944107	0.015882665291429
1.2761989831924	0.016091128811240
1.2775846719742	0.016295783221722
1.2789703607559	0.016496358439326
1.2803559303284	0.016692586243153
1.2817416191101	0.016884205862880
1.2831273078918	0.017070947214961
1.2845129966736	0.017252553254366
1.2858986854553	0.017428765073419
1.2872842550278	0.017599331215024
1.2886699438095	0.017764002084732
1.2900556325912	0.017922529950738
1.2914413213730	0.018074672669172
1.2928270101547	0.018220189958811
1.2942126989365	0.018358848989010
1.2955982685089	0.018490420654416
1.2969839572906	0.018614681437612
1.2983696460724	0.018731422722340
1.2997553348541	0.018840432167053
1.3011410236359	0.018941508606076
1.3025265932083	0.019034450873733
1.3039122819901	0.019119074568152
1.3052979707718	0.019195189699531
1.3066836595535	0.019262619316578
1.3080693483353	0.019321199506521
1.3094550371170	0.019370768219233
1.3108406066895	0.019411176443100
1.3122262954712	0.019442278891802
1.3136119842529	0.019463935866952
1.3149976730347	0.019476013258100
1.3163833618164	0.019478388130665
1.3177689313889	0.019470945000648
1.3191546201706	0.019453577697277
1.3205403089523	0.019426183775067
1.3219259977341	0.019388673827052
1.3233116865158	0.019340958446264
1.3246972560883	0.019282959401608
1.3260829448700	0.019214602187276
1.3274686336517	0.019135819748044
1.3288543224335	0.019046554341912
1.3302400112152	0.018946753814816
1.3316256999969	0.018836371600628
1.3330112695694	0.018715366721153
1.3343969583511	0.018583703786135
1.3357826471329	0.018441349267960
1.3371683359146	0.018288278952241
1.3385540246964	0.018124470487237
1.3399395942688	0.017949905246496
1.3413252830505	0.017764572054148
1.3427109718323	0.017568467184901
1.3440966606140	0.017361586913466
1.3454823493958	0.017143931239843
1.3468680381775	0.016915502026677
1.3482536077499	0.016676301136613
1.3496392965317	0.016426332294941
1.3510249853134	0.016165604814887
1.3524106740952	0.015894129872322
1.3537963628769	0.015611926093698
1.3551819324493	0.015319010242820
1.3565676212311	0.015015400014818
1.3579533100128	0.014701113104820
1.3593389987946	0.014376164413989
1.3607246875763	0.014040570706129
1.3621102571487	0.013694351539016
1.3634959459305	0.013337520882487
1.3648816347122	0.012970106676221
1.3662673234940	0.012592133134604
1.3676530122757	0.012203621678054
1.3690387010574	0.011804592795670
1.3704242706299	0.011395067907870
1.3718099594116	0.010975064709783
1.3731956481934	0.010544602759182
1.3745813369751	0.010103697888553
1.3759670257568	0.0096523715183139
1.3773525953293	0.0091906422749162
1.3787382841110	0.0087185315787792
1.3801239728928	0.0082360589876771
1.3815096616745	0.0077432426624000
1.3828953504562	0.0072400984354317
1.3842810392380	0.0067266430705786
1.3856666088104	0.0062028933316469
1.3870522975922	0.0056688664481044
1.3884379863739	0.0051245796494186
1.3898236751556	0.0045700520277023
1.3912093639374	0.0040053026750684
1.3925949335098	0.0034303469583392
1.3939806222916	0.0028451997786760
1.3953663110733	0.0022498751059175
1.3967519998550	0.0016443884233013
1.3981376886368	0.0010287573095411
1.3995232582092	0.00040300164255314
1.4009089469910	-0.00023285674978979
1.4022946357727	-0.00087879528291523
1.4036803245544	-0.0015347920125350
1.4050660133362	-0.0022008258383721
1.4064517021179	-0.0028768756892532
1.4078372716904	-0.0035629188641906
1.4092229604721	-0.0042589320801198
1.4106086492538	-0.0049648862332106
1.4119943380356	-0.0056807519868016
1.4133800268173	-0.0064064958132803
1.4147655963898	-0.0071420837193727
1.4161512851715	-0.0078874807804823
1.4175369739532	-0.0086426483467221
1.4189226627350	-0.0094075500965118
1.4203083515167	-0.010182143189013
1.4216939210892	-0.010966382920742
1.4230796098709	-0.011760218068957
1.4244652986526	-0.012563595548272
1.4258509874344	-0.013376459479332
1.4272366762161	-0.014198748394847
1.4286223649979	-0.015030398033559
1.4300079345703	-0.015871342271566
1.4313936233521	-0.016721507534385
1.4327793121338	-0.017580814659595
1.4341650009155	-0.018449179828167
1.4355506896973	-0.019326515495777
1.4369362592697	-0.020212724804878
1.4383219480515	-0.021107699722052
1.4397076368332	-0.022011337801814
1.4410933256149	-0.022923525422812
1.4424790143967	-0.023844137787819
1.4438647031784	-0.024773046374321
1.4452502727509	-0.025710105895996
1.4466359615326	-0.026655171066523
1.4480216503143	-0.027608085423708
1.4494073390961	-0.028568681329489
1.4507930278778	-0.029536781832576
1.4521785974503	-0.030512193217874
1.4535642862320	-0.031494714319706
1.4549499750137	-0.032484132796526
1.4563356637955	-0.033480238169432
1.4577213525772	-0.034482792019844
1.4591069221497	-0.035491541028023
1.4604926109314	-0.036506220698357
1.4618782997131	-0.037526555359364
1.4632639884949	-0.038552250713110
1.4646496772766	-0.039582997560501
1.4660353660583	-0.040618471801281
1.4674209356308	-0.041658330708742
1.4688066244125	-0.042702220380306
1.4701923131943	-0.043749783188105
1.4715780019760	-0.044800609350204
1.4729636907578	-0.045854292809963
1.4743492603302	-0.046910397708416
1.4757349491119	-0.047968473285437
1.4771206378937	-0.049028050154448
1.4785063266754	-0.050088647753000
1.4798920154572	-0.051149763166904
1.4812777042389	-0.052210871130228
1.4826632738113	-0.053271420300007
1.4840489625931	-0.054330833256245
1.4854346513748	-0.055388517677784
1.4868203401566	-0.056443862617016
1.4882060289383	-0.057496231049299
1.4895915985107	-0.058544963598251
1.4909772872925	-0.059589385986328
1.4923629760742	-0.060628797858953
1.4937486648560	-0.061662480235100
1.4951343536377	-0.062689691781998
1.4965199232101	-0.063709676265717
1.4979056119919	-0.064721629023552
1.4992913007736	-0.065724737942219
1.5006769895554	-0.066718161106110
1.5020626783371	-0.067701056599617
1.5034483671188	-0.068672560155392
1.5048339366913	-0.069631792604923
1.5062196254730	-0.070577837526798
1.5076053142548	-0.071509771049023
1.5089910030365	-0.072426624596119
1.5103766918182	-0.073327437043190
1.5117622613907	-0.074211210012436
1.5131479501724	-0.075076952576637
1.5145336389542	-0.075923651456833
1.5159193277359	-0.076750285923481
1.5173050165176	-0.077555790543556
1.5186905860901	-0.078339129686356
1.5200762748718	-0.079099223017693
1.5214619636536	-0.079834975302219
1.5228476524353	-0.080545283854008
1.5242333412170	-0.081229060888290
1.5256190299988	-0.081885196268559
1.5270045995712	-0.082512579858303
1.5283902883530	-0.083110086619854
1.5297759771347	-0.083676591515541
1.5311616659164	-0.084210969507694
1.5325473546982	-0.084712088108063
1.5339329242706	-0.085178837180138
1.5353186130524	-0.085610076785088
1.5367043018341	-0.086004689335823
1.5380899906158	-0.086361572146416
1.5394756793976	-0.086679607629776
1.5408613681793	-0.086957708001137
1.5422469377518	-0.087194792926311
1.5436326265335	-0.087389804422855
1.5450183153152	-0.087541669607162
1.5464040040970	-0.087649352848530
1.5477896928787	-0.087711818516254
1.5491752624512	-0.087728083133698
1.5505609512329	-0.087697163224220
1.5519466400146	-0.087618127465248
1.5533323287964	-0.087490051984787
1.5547180175781	-0.087312079966068
1.5561035871506	-0.087083339691162
1.5574892759323	-0.086802989244461
1.5588749647141	-0.086470238864422
1.5602606534958	-0.086084336042404
1.5616463422775	-0.085644572973251
1.5630320310593	-0.085150301456451
1.5644176006317	-0.084600910544395
1.5658032894135	-0.083995841443539
1.5671889781952	-0.083334594964981
1.5685746669769	-0.082616694271564
1.5699603557587	-0.081841714680195
1.5713459253311	-0.081009298563004
1.5727316141129	-0.080119132995605
1.5741173028946	-0.079170987010002
1.5755029916763	-0.078164696693420
1.5768886804581	-0.077100150287151
1.5782743692398	-0.075977325439453
1.5796599388123	-0.074796237051487
1.5810456275940	-0.073556981980801
1.5824313163757	-0.072259709239006
1.5838170051575	-0.070904642343521
1.5852026939392	-0.069492086768150
1.5865882635117	-0.068022422492504
1.5879739522934	-0.066496104001999
1.5893596410751	-0.064913660287857
1.5907453298569	-0.063275724649429
1.5921310186386	-0.061582975089550
1.5935165882111	-0.059836186468601
1.5949022769928	-0.058036189526320
1.5962879657745	-0.056183896958828
1.5976736545563	-0.054280295968056
1.5990593433380	-0.052326444536448
1.6004450321198	-0.050323501229286
1.6018306016922	-0.048272706568241
1.6032162904739	-0.046175390481949
1.6046019792557	-0.044032942503691
1.6059876680374	-0.041846819221973
1.6073733568192	-0.039618544280529
1.6087589263916	-0.037349708378315
1.6101446151733	-0.035041965544224
1.6115303039551	-0.032697070389986
1.6129159927368	-0.030316833406687
1.6143016815186	-0.027903158217669
1.6156872510910	-0.025458004325628
1.6170729398727	-0.022983383387327
1.6184586286545	-0.020481359213591
1.6198443174362	-0.017954044044018
1.6212300062180	-0.015403607860208
1.6226156949997	-0.012832276523113
1.6240012645721	-0.010242341086268
1.6253869533539	-0.0076361433602870
1.6267726421356	-0.0050160735845566
1.6281583309174	-0.0023845536634326
1.6295440196991	0.00025596446357667
1.6309295892715	0.0029030016157776
1.6323152780533	0.0055540464818478
1.6337009668350	0.0082065528258681
1.6350866556168	0.010857937857509
1.6364723443985	0.013505590148270
1.6378580331802	0.016146877780557
1.6392436027527	0.018779160454869
1.6406292915344	0.021399796009064
1.6420149803162	0.024006146937609
1.6434006690979	0.026595566421747
1.6447863578796	0.029165405780077
1.6461719274521	0.031713001430035
1.6475576162338	0.034235693514347
1.6489433050156	0.036730825901031
1.6503289937973	0.039195764809847
1.6517146825790	0.041627898812294
1.6531002521515	0.044024646282196
1.6544859409332	0.046383451670408
1.6558716297150	0.048701792955399
1.6572573184967	0.050977144390345
1.6586430072784	0.053207024931908
1.6600286960602	0.055388983339071
1.6614142656326	0.057520598173141
1.6627999544144	0.059599518775940
1.6641856431961	0.061623454093933
1.6655713319778	0.063590139150620
1.6669570207596	0.065497390925884
1.6683425903320	0.067343063652515
1.6697282791138	0.069125048816204
1.6711139678955	0.070841290056705
1.6724996566772	0.072489812970161
1.6738853454590	0.074068695306778
1.6752710342407	0.075576126575470
1.6766566038132	0.077010348439217
1.6780422925949	0.078369714319706
1.6794279813766	0.079652607440948
1.6808136701584	0.080857500433922
1.6821993589401	0.081982918083668
1.6835849285126	0.083027474582195
1.6849706172943	0.083989873528481
1.6863563060760	0.084868937730789
1.6877419948578	0.085663586854935
1.6891276836395	0.086372815072536
1.6905132532120	0.086995720863342
1.6918989419937	0.087531484663486
1.6932846307755	0.087979353964329
1.6946703195572	0.088338658213615
1.6960560083389	0.088608875870705
1.6974416971207	0.088789582252502
1.6988272666931	0.088880464434624
1.7002129554749	0.088881283998489
1.7015986442566	0.088791929185390
1.7029843330383	0.088612385094166
1.7043700218201	0.088342733681202
1.7057555913925	0.087983138859272
1.7071412801743	0.087533883750439
1.7085269689560	0.086995370686054
1.7099126577377	0.086368106305599
1.7112983465195	0.085652738809586
1.7126839160919	0.084849998354912
1.7140696048737	0.083960719406605
1.7154552936554	0.082985825836658
1.7168409824371	0.081926360726357
1.7182266712189	0.080783471465111
1.7196123600006	0.079558409750462
1.7209979295731	0.078252539038658
1.7223836183548	0.076867364346981
1.7237693071365	0.075404450297356
1.7251549959183	0.073865503072739
1.7265406847000	0.072252325713634
1.7279262542725	0.070566810667515
1.7293119430542	0.068810962140560
1.7306976318359	0.066986858844757
1.7320833206177	0.065096721053123
1.7334690093994	0.063142850995064
1.7348546981812	0.061127647757530
1.7362402677536	0.059053651988506
1.7376259565353	0.056923463940620
1.7390116453171	0.054739773273468
1.7403973340988	0.052505381405354
1.7417830228806	0.050223190337420
1.7431685924530	0.047896184027195
1.7445542812347	0.045527458190918
1.7459399700165	0.043120190501213
1.7473256587982	0.040677651762962
1.7487113475800	0.038203179836273
1.7500969171524	0.035700213164091
1.7514826059341	0.033172268420458
1.7528682947159	0.030622951686382
1.7542539834976	0.028055947273970
1.7556396722794	0.025475032627583
1.7570253610611	0.022884063422680
1.7584109306335	0.020286971703172
1.7597966194153	0.017687756568193
1.7611823081970	0.015090484172106
1.7625679969788	0.012499282136559
1.7639536857605	0.0099183423444629
1.7653392553329	0.0073519204743207
1.7667249441147	0.0048043373972178
1.7681106328964	0.0022799747530371
1.7694963216782	-0.00021672807633877
1.7708820104599	-0.0026812790893018
1.7722676992416	-0.0051091397181153
1.7736532688141	-0.0074957315810025
1.7750389575958	-0.0098364418372512
1.7764246463776	-0.012126626446843
1.7778103351593	-0.014361616224051
1.7791960239410	-0.016536720097065
1.7805815935135	-0.018647227436304
1.7819672822952	-0.020688416436315
1.7833529710770	-0.022655561566353
1.7847386598587	-0.024543939158320
1.7861243486404	-0.026348832994699
1.7875099182129	-0.028065545484424
1.7888956069946	-0.029689412564039
1.7902812957764	-0.031215796247125
1.7916669845581	-0.032640110701323
1.7930526733398	-0.033957809209824
1.7944383621216	-0.035164415836334
1.7958239316940	-0.036255523562431
1.7972096204758	-0.037226814776659
1.7985953092575	-0.038074064999819
1.7999809980392	-0.038793161511421
1.8013666868210	-0.039380103349686
1.8027522563934	-0.039831034839153
1.8041379451752	-0.040142223238945
1.8055236339569	-0.040310107171535
1.8069093227386	-0.040331292897463
1.8082950115204	-0.040202572941780
1.8096805810928	-0.039920933544636
1.8110662698746	-0.039483584463596
1.8124519586563	-0.038887958973646
1.8138376474380	-0.038131736218929
1.8152233362198	-0.037212863564491
1.8166090250015	-0.036129549145699
1.8179945945740	-0.034880291670561
1.8193802833557	-0.033463880419731
1.8207659721375	-0.031879421323538
1.8221516609192	-0.030126364901662
1.8235373497009	-0.028204496949911
1.8249229192734	-0.026113970205188
1.8263086080551	-0.023855306208134
1.8276942968369	-0.021429402753711
1.8290799856186	-0.018837552517653
1.8304656744003	-0.016081448644400
1.8318513631821	-0.013163199648261
1.8332369327545	-0.010085348039865
1.8346226215363	-0.0068508745171130
1.8360083103180	-0.0034632075112313
1.8373939990997	7.3777162469923e-05
1.8387796878815	0.0037557547912002
1.8401652574539	0.0075779524631798
1.8415509462357	0.011535145342350
1.8429366350174	0.015621656551957
1.8443223237991	0.019831353798509
1.8457080125809	0.024157648906112
1.8470935821533	0.028593497350812
1.8484792709351	0.033131413161755
1.8498649597168	0.037763468921185
1.8512506484985	0.042481329292059
1.8526363372803	0.047276243567467
1.8540220260620	0.052139051258564
1.8554075956345	0.057060226798058
1.8567932844162	0.062029875814915
1.8581789731979	0.067037731409073
1.8595646619797	0.072073206305504
1.8609503507614	0.077125430107117
1.8623359203339	0.082183226943016
1.8637216091156	0.087235182523727
1.8651072978973	0.092269644141197
1.8664929866791	0.097274810075760
1.8678786754608	0.10223868489265
1.8692643642426	0.10714915394783
1.8706499338150	0.11199397593737
1.8720356225967	0.11676088720560
1.8734213113785	0.12143759429455
1.8748070001602	0.12601180374622
1.8761926889420	0.13047128915787
1.8775782585144	0.13480389118195
1.8789639472961	0.13899764418602
1.8803496360779	0.14304067194462
1.8817353248596	0.14692135155201
1.8831210136414	0.15062831342220
1.8845065832138	0.15415045619011
1.8858922719955	0.15747699141502
1.8872779607773	0.16059756278992
1.8886636495590	0.16350214183331
1.8900493383408	0.16618123650551
1.8914350271225	0.16862580180168
1.8928205966949	0.17082728445530
1.8942062854767	0.17277771234512
1.8955919742584	0.17446966469288
1.8969776630402	0.17589633166790
1.8983633518219	0.17705155909061
1.8997489213943	0.17792986333370
1.9011346101761	0.17852641642094
1.9025202989578	0.17883713543415
1.9039059877396	0.17885866761208
1.9052916765213	0.17858836054802
1.9066772460938	0.17802438139915
1.9080629348755	0.17716562747955
1.9094486236572	0.17601181566715
1.9108343124390	0.17456340789795
1.9122200012207	0.17282162606716
1.9136056900024	0.17078848183155
1.9149912595749	0.16846677660942
1.9163769483566	0.16586008667946
1.9177626371384	0.16297273337841
1.9191483259201	0.15980981290340
1.9205340147018	0.15637713670731
1.9219195842743	0.15268121659756
1.9233052730560	0.14872924983501
1.9246909618378	0.14452908933163
1.9260766506195	0.14008919894695
1.9274623394012	0.13541868329048
1.9288480281830	0.13052725791931
1.9302335977554	0.12542513012886
1.9316192865372	0.12012301385403
1.9330049753189	0.11463211476803
1.9343906641006	0.10896403342485
1.9357763528824	0.10313077270985
1.9371619224548	0.097144678235054
1.9385476112366	0.091018415987492
1.9399333000183	0.084764882922173
1.9413189888000	0.078397244215012
1.9427046775818	0.071928806602955
1.9440902471542	0.065373003482819
1.9454759359360	0.058743365108967
1.9468616247177	0.052053436636925
1.9482473134995	0.045316774398088
1.9496330022812	0.038546882569790
1.9510186910629	0.031757220625877
1.9524042606354	0.024961099028587
1.9537899494171	0.018171675503254
1.9551756381989	0.011401894502342
1.9565613269806	0.0046644657850266
1.9579470157623	-0.0020281830802560
1.9593325853348	-0.0086639253422618
1.9607182741165	-0.015230962075293
1.9621039628983	-0.021717846393585
1.9634896516800	-0.028113516047597
1.9648753404617	-0.034407317638397
1.9662610292435	-0.040589049458504
1.9676465988159	-0.046648956835270
1.9690322875977	-0.052577778697014
1.9704179763794	-0.058366741985083
1.9718036651611	-0.064007565379143
1.9731893539429	-0.069492451846600
1.9745749235153	-0.074814125895500
1.9759606122971	-0.079965822398663
1.9773463010788	-0.084941320121288
1.9787319898605	-0.089734911918640
1.9801176786423	-0.094341456890106
1.9815032482147	-0.098756328225136
1.9828889369965	-0.10297539830208
1.9842746257782	-0.10699503868818
1.9856603145599	-0.11081214249134
1.9870460033417	-0.11442407965660
1.9884316921234	-0.11782874166965
1.9898172616959	-0.12102447450161
1.9912029504776	-0.12401009351015
1.9925886392593	-0.12678492069244
1.9939743280411	-0.12934863567352
1.9953600168228	-0.13170140981674
1.9967455863953	-0.13384374976158
1.9981312751770	-0.13577654957771
1.9995169639587	-0.13750107586384
2.0009026527405	-0.13901895284653
2.0022883415222	-0.14033216238022
2.0036740303040	-0.14144298434258
2.0050597190857	-0.14235405623913
2.0064454078674	-0.14306834340096
2.0078308582306	-0.14358898997307
2.0092165470123	-0.14391937851906
2.0106022357941	-0.14406314492226
2.0119879245758	-0.14402410387993
2.0133736133575	-0.14380630850792
2.0147593021393	-0.14341402053833
2.0161449909210	-0.14285171031952
2.0175306797028	-0.14212401211262
2.0189163684845	-0.14123570919037
2.0203020572662	-0.14019167423248
2.0216877460480	-0.13899692893028
2.0230731964111	-0.13765655457973
2.0244588851929	-0.13617576658726
2.0258445739746	-0.13455988466740
2.0272302627563	-0.13281431794167
2.0286159515381	-0.13094453513622
2.0300016403198	-0.12895609438419
2.0313873291016	-0.12685462832451
2.0327730178833	-0.12464572489262
2.0341587066650	-0.12233504652977
2.0355443954468	-0.11992825567722
2.0369300842285	-0.11743106693029
2.0383155345917	-0.11484920233488
2.0397012233734	-0.11218839138746
2.0410869121552	-0.10945441573858
2.0424726009369	-0.10665296763182
2.0438582897186	-0.10378980636597
2.0452439785004	-0.10087061673403
2.0466296672821	-0.097901061177254
2.0480153560638	-0.094886749982834
2.0494010448456	-0.091833271086216
2.0507867336273	-0.088746167719364
2.0521724224091	-0.085630938410759
2.0535578727722	-0.082492999732494
2.0549435615540	-0.079337701201439
2.0563292503357	-0.076170347630978
2.0577149391174	-0.072996146976948
2.0591006278992	-0.069820210337639
2.0604863166809	-0.066647551953793
2.0618720054626	-0.063483119010925
2.0632576942444	-0.060331739485264
2.0646433830261	-0.057198122143745
2.0660290718079	-0.054086875170469
2.0674145221710	-0.051002454012632
2.0688002109528	-0.047949209809303
2.0701858997345	-0.044931340962648
2.0715715885162	-0.041952926665545
2.0729572772980	-0.039017889648676
2.0743429660797	-0.036130014806986
2.0757286548615	-0.033292923122644
2.0771143436432	-0.030510075390339
2.0785000324249	-0.027784777805209
2.0798857212067	-0.025120161473751
2.0812714099884	-0.022519193589687
2.0826568603516	-0.019984664395452
2.0840425491333	-0.017519190907478
2.0854282379150	-0.015125211328268
2.0868139266968	-0.012804983183742
2.0881996154785	-0.010560587979853
2.0895853042603	-0.0083939386531711
2.0909709930420	-0.0063067749142647
2.0923566818237	-0.0043006571941078
2.0937423706055	-0.0023769629187882
2.0951280593872	-0.00053688307525590
2.0965137481689	0.0012185801751912
2.0978991985321	0.0028886089567095
2.0992848873138	0.0044725611805916
2.1006705760956	0.0059699597768486
2.1020562648773	0.0073804883286357
2.1034419536591	0.0087039833888412
2.1048276424408	0.0099404416978359
2.1062133312225	0.011090019717813
2.1075990200043	0.012153036892414
2.1089847087860	0.013129976578057
2.1103703975677	0.014021476730704
2.1117560863495	0.014828311279416
2.1131415367126	0.015551385469735
2.1145272254944	0.016191726550460
2.1159129142761	0.016750488430262
2.1172986030579	0.017228942364454
2.1186842918396	0.017628489062190
2.1200699806213	0.017950642853975
2.1214556694031	0.018197039142251
2.1228413581848	0.018369412049651
2.1242270469666	0.018469590693712
2.1256127357483	0.018499486148357
2.1269981861115	0.018461087718606
2.1283838748932	0.018356466665864
2.1297695636749	0.018187768757343
2.1311552524567	0.017957219853997
2.1325409412384	0.017667103558779
2.1339266300201	0.017319768667221
2.1353123188019	0.016917606815696
2.1366980075836	0.016463052481413
2.1380836963654	0.015958584845066
2.1394693851471	0.015406727790833
2.1408550739288	0.014810047112405
2.1422405242920	0.014171149581671
2.1436262130737	0.013492664322257
2.1450119018555	0.012777229771018
2.1463975906372	0.012027483433485
2.1477832794189	0.011246058158576
2.1491689682007	0.010435589589179
2.1505546569824	0.0095987208187580
2.1519403457642	0.0087381098419428
2.1533260345459	0.0078564239665866
2.1547117233276	0.0069563244469464
2.1560974121094	0.0060404455289245
2.1574828624725	0.0051113800145686
2.1588685512543	0.0041716676205397
2.1602542400360	0.0032237998675555
2.1616399288177	0.0022702356800437
2.1630256175995	0.0013134144246578
2.1644113063812	0.00035576082882471
2.1657969951630	-0.00060032575856894
2.1671826839447	-0.0015524931950495
2.1685683727264	-0.0024984604679048
2.1699540615082	-0.0034360331483185
2.1713397502899	-0.0043631033040583
2.1727252006531	-0.0052776392549276
2.1741108894348	-0.0061776642687619
2.1754965782166	-0.0070612481795251
2.1768822669983	-0.0079265069216490
2.1782679557800	-0.0087716225534678
2.1796536445618	-0.0095948688685894
2.1810393333435	-0.010394630953670
2.1824250221252	-0.011169410310686
2.1838107109070	-0.011917814612389
2.1851963996887	-0.012638533487916
2.1865818500519	-0.013330321758986
2.1879675388336	-0.013991990126669
2.1893532276154	-0.014622421003878
2.1907389163971	-0.015220589004457
2.1921246051788	-0.015785584226251
2.1935102939606	-0.016316629946232
2.1948959827423	-0.016813073307276
2.1962816715240	-0.017274359241128
2.1976673603058	-0.017700005322695
2.1990530490875	-0.018089583143592
2.2004387378693	-0.018442727625370
2.2018241882324	-0.018759144470096
2.2032098770142	-0.019038658589125
2.2045955657959	-0.019281219691038
2.2059812545776	-0.019486898556352
2.2073669433594	-0.019655873999000
2.2087526321411	-0.019788382574916
2.2101383209229	-0.019884699955583
2.2115240097046	-0.019945127889514
2.2129096984863	-0.019969997927547
2.2142953872681	-0.019959716126323
2.2156810760498	-0.019914777949452
2.2170665264130	-0.019835788756609
2.2184522151947	-0.019723448902369
2.2198379039764	-0.019578520208597
2.2212235927582	-0.019401794299483
2.2226092815399	-0.019194055348635
2.2239949703217	-0.018956091254950
2.2253806591034	-0.018688693642616
2.2267663478851	-0.018392698839307
2.2281520366669	-0.018068997189403
2.2295377254486	-0.017718538641930
2.2309234142303	-0.017342321574688
2.2323088645935	-0.016941338777542
2.2336945533752	-0.016516571864486
2.2350802421570	-0.016068978235126
2.2364659309387	-0.015599491074681
2.2378516197205	-0.015109044499695
2.2392373085022	-0.014598592184484
2.2406229972839	-0.014069115743041
2.2420086860657	-0.013521611690521
2.2433943748474	-0.012957062572241
2.2447800636292	-0.012376420199871
2.2461657524109	-0.011780588887632
2.2475512027740	-0.011170430108905
2.2489368915558	-0.010546781122684
2.2503225803375	-0.0099104773253202
2.2517082691193	-0.0092623690143228
2.2530939579010	-0.0086033158004284
2.2544796466827	-0.0079341698437929
2.2558653354645	-0.0072557530365884
2.2572510242462	-0.0065688393078744
2.2586367130280	-0.0058741541579366
2.2600224018097	-0.0051723914220929
2.2614078521729	-0.0044642398133874
2.2627935409546	-0.0037503982894123
2.2641792297363	-0.0030315858311951
2.2655649185181	-0.0023085274733603
2.2669506072998	-0.0015819350956008
2.2683362960815	-0.00085249147377908
2.2697219848633	-0.00012084674381185
2.2711076736450	0.00061236962210387
2.2724933624268	0.0013465273659676
2.2738790512085	0.0020809744019061
2.2752647399902	0.0028150270227343
2.2766501903534	0.0035479741636664
2.2780358791351	0.0042790947481990
2.2794215679169	0.0050076735205948
2.2808072566986	0.0057330061681569
2.2821929454803	0.0064543946646154
2.2835786342621	0.0071711298078299
2.2849643230438	0.0078824684023857
2.2863500118256	0.0085876230150461
2.2877357006073	0.0092857647687197
2.2891213893890	0.0099760405719280
2.2905070781708	0.010657592676580
2.2918925285339	0.011329563334584
2.2932782173157	0.011991094797850
2.2946639060974	0.012641322799027
2.2960495948792	0.013279348611832
2.2974352836609	0.013904235325754
2.2988209724426	0.014515001326799
2.3002066612244	0.015110645443201
2.3015923500061	0.015690153464675
2.3029780387878	0.016252530738711
2.3043637275696	0.016796790063381
2.3057494163513	0.017321959137917
2.3071348667145	0.017827048897743
2.3085205554962	0.018311059102416
2.3099062442780	0.018772965297103
2.3112919330597	0.019211748614907
2.3126776218414	0.019626401364803
2.3140633106232	0.020015951246023
2.3154489994049	0.020379478111863
2.3168346881866	0.020716093480587
2.3182203769684	0.021024940535426
2.3196060657501	0.021305166184902
2.3209915161133	0.021555937826633
2.3223772048950	0.021776445209980
2.3237628936768	0.021965930238366
2.3251485824585	0.022123711183667
2.3265342712402	0.022249195724726
2.3279199600220	0.022341886535287
2.3293056488037	0.022401349619031
2.3306913375854	0.022427214309573
2.3320770263672	0.022419150918722
2.3334627151489	0.022376878187060
2.3348484039307	0.022300176322460
2.3362338542938	0.022188907489181
2.3376195430756	0.022043053060770
2.3390052318573	0.021862706169486
2.3403909206390	0.021648079156876
2.3417766094208	0.021399471908808
2.3431622982025	0.021117262542248
2.3445479869843	0.020801899954677
2.3459336757660	0.020453905686736
2.3473193645477	0.020073881372809
2.3487050533295	0.019662529230118
2.3500907421112	0.019220665097237
2.3514761924744	0.018749209120870
2.3528618812561	0.018249182030559
2.3542475700378	0.017721671611071
2.3556332588196	0.017167838290334
2.3570189476013	0.016588898375630
2.3584046363831	0.015986140817404
2.3597903251648	0.015360928140581
2.3611760139465	0.014714707620442
2.3625617027283	0.014049001038074
2.3639473915100	0.013365391641855
2.3653330802917	0.012665506452322
2.3667185306549	0.011951002292335
2.3681042194366	0.011223563924432
2.3694899082184	0.010484901256859
2.3708755970001	0.0097367549315095
2.3722612857819	0.0089809074997902
2.3736469745636	0.0082191638648510
2.3750326633453	0.0074533503502607
2.3764183521271	0.0066852848976851
2.3778040409088	0.0059167696163058
2.3791897296906	0.0051495796069503
2.3805751800537	0.0043854680843651
2.3819608688354	0.0036261680070311
2.3833465576172	0.0028733946382999
2.3847322463989	0.0021288429852575
2.3861179351807	0.0013941752258688
2.3875036239624	0.00067100289743394
2.3888893127441	-3.9127626223490e-05
2.3902750015259	-0.00073474040254951
2.3916606903076	-0.0014144285814837
2.3930463790894	-0.0020768467802554
2.3944320678711	-0.0027207056991756
2.3958175182343	-0.0033447742462158
2.3972032070160	-0.0039478871040046
2.3985888957977	-0.0045289620757103
2.3999745845795	-0.0050870138220489
2.4013602733612	-0.0056211552582681
2.4027459621429	-0.0061305975541472
2.4041316509247	-0.0066146380268037
2.4055173397064	-0.0070726512931287
2.4069030284882	-0.0075040832161903
2.4082887172699	-0.0079084597527981
2.4096744060516	-0.0082853995263577
2.4110598564148	-0.0086346175521612
2.4124455451965	-0.0089559433981776
2.4138312339783	-0.0092492997646332
2.4152169227600	-0.0095146978273988
2.4166026115417	-0.0097522195428610
2.4179883003235	-0.0099620074033737
2.4193739891052	-0.010144271887839
2.4207596778870	-0.010299293324351
2.4221453666687	-0.010427443310618
2.4235310554504	-0.010529181919992
2.4249167442322	-0.010605061426759
2.4263021945953	-0.010655706748366
2.4276878833771	-0.010681794956326
2.4290735721588	-0.010684043169022
2.4304592609406	-0.010663194581866
2.4318449497223	-0.010620032437146
2.4332306385040	-0.010555384680629
2.4346163272858	-0.010470131412148
2.4360020160675	-0.010365211404860
2.4373877048492	-0.010241612792015
2.4387733936310	-0.010100351646543
2.4401590824127	-0.0099424580112100
2.4415445327759	-0.0097689628601074
2.4429302215576	-0.0095808943733573
2.4443159103394	-0.0093792816624045
2.4457015991211	-0.0091651668772101
2.4470872879028	-0.0089396098628640
2.4484729766846	-0.0087036807090044
2.4498586654663	-0.0084584541618824
2.4512443542480	-0.0082049844786525
2.4526300430298	-0.0079443017020822
2.4540157318115	-0.0076774028129876
2.4554011821747	-0.0074052526615560
2.4567868709564	-0.0071287918835878
2.4581725597382	-0.0068489424884319
2.4595582485199	-0.0065666064620018
2.4609439373016	-0.0062826601788402
2.4623296260834	-0.0059979464858770
2.4637153148651	-0.0057132607325912
2.4651010036469	-0.0054293479770422
2.4664866924286	-0.0051468987949193
2.4678723812103	-0.0048665585927665
2.4692580699921	-0.0045889276079834
2.4706435203552	-0.0043145706877112
2.4720292091370	-0.0040440093725920
2.4734148979187	-0.0037777209654450
2.4748005867004	-0.0035161320120096
2.4761862754822	-0.0032596127130091
2.4775719642639	-0.0030084750615060
2.4789576530457	-0.0027629786636680
2.4803433418274	-0.0025233330670744
2.4817290306091	-0.0022897017188370
2.4831147193909	-0.0020622031297535
2.4845004081726	-0.0018409093609080
2.4858858585358	-0.0016258461400867
2.4872715473175	-0.0014169913483784
2.4886572360992	-0.0012142779305577
2.4900429248810	-0.0010175986681134
2.4914286136627	-0.00082681112689897
2.4928143024445	-0.00064174039289355
2.4941999912262	-0.00046218064380810
2.4955856800079	-0.00028789337375201
2.4969713687897	-0.00011860574159073
2.4983570575714	4.5989258069312e-05
2.4997427463531	0.00020622926240321
2.5011281967163	0.00036247610114515
2.5025138854980	0.00051510811317712
2.5038995742798	0.00066451320890337
2.5052852630615	0.00081108463928103
2.5066709518433	0.00095521955518052
2.5080566406250	0.0010973194148391
2.5094423294067	0.0012377906823531
2.5108280181885	0.0013770441291854
2.5122137069702	0.0015154913999140
2.5135993957520	0.0016535407630727
2.5149848461151	0.0017915919888765
2.5163705348969	0.0019300328567624
2.5177562236786	0.0020692357793450
2.5191419124603	0.0022095555905253
2.5205276012421	0.0023513282649219
2.5219132900238	0.0024948669597507
2.5232989788055	0.0026404580567032
2.5246846675873	0.0027883572038263
2.5260703563690	0.0029387867543846
2.5274560451508	0.0030919373966753
2.5288417339325	0.0032479697838426
2.5302271842957	0.0034070191904902
2.5316128730774	0.0035691936500371
2.5329985618591	0.0037345713935792
2.5343842506409	0.0039031971246004
2.5357699394226	0.0040750727057457
2.5371556282043	0.0042501520365477
2.5385413169861	0.0044283396564424
2.5399270057678	0.0046094977296889
2.5413126945496	0.0047934530302882
2.5426983833313	0.0049800071865320
2.5440840721130	0.0051689399406314
2.5454695224762	0.0053600068204105
2.5468552112579	0.0055529358796775
2.5482409000397	0.0057474141940475
2.5496265888214	0.0059430836699903
2.5510122776031	0.0061395415104926
2.5523979663849	0.0063363476656377
2.5537836551666	0.0065330392681062
2.5551693439484	0.0067291446030140
2.5565550327301	0.0069241877645254
2.5579407215118	0.0071176909841597
2.5593264102936	0.0073091648519039
2.5607118606567	0.0074980971403420
2.5620975494385	0.0076839467510581
2.5634832382202	0.0078661432489753
2.5648689270020	0.0080440985038877
2.5662546157837	0.0082172229886055
2.5676403045654	0.0083849439397454
2.5690259933472	0.0085467118769884
2.5704116821289	0.0087019996717572
2.5717973709106	0.0088502904400229
2.5731830596924	0.0089910728856921
2.5745685100555	0.0091238263994455
2.5759541988373	0.0092480219900608
2.5773398876190	0.0093631381168962
2.5787255764008	0.0094686783850193
2.5801112651825	0.0095641817897558
2.5814969539642	0.0096492413431406
2.5828826427460	0.0097234947606921
2.5842683315277	0.0097866132855415
2.5856540203094	0.0098382849246264
2.5870397090912	0.0098782069981098
2.5884253978729	0.0099060880020261
2.5898108482361	0.0099216615781188
2.5911965370178	0.0099247051402926
2.5925822257996	0.0099150491878390
2.5939679145813	0.0098925884813070
2.5953536033630	0.0098572680726647
2.5967392921448	0.0098090702667832
2.5981249809265	0.0097480062395334
2.5995106697083	0.0096741039305925
2.6008963584900	0.0095874164253473
2.6022820472717	0.0094880321994424
2.6036677360535	0.0093760862946510
2.6050531864166	0.0092517761513591
2.6064388751984	0.0091153532266617
2.6078245639801	0.0089671127498150
2.6092102527618	0.0088073853403330
2.6105959415436	0.0086365193128586
2.6119816303253	0.0084548825398088
2.6133673191071	0.0082628661766648
2.6147530078888	0.0080609004944563
2.6161386966705	0.0078494548797607
2.6175243854523	0.0076290434226394
2.6189100742340	0.0074002193287015
2.6202955245972	0.0071635572239757
2.6216812133789	0.0069196447730064
2.6230669021606	0.0066690756939352
2.6244525909424	0.0064124567434192
2.6258382797241	0.0061504133045673
2.6272239685059	0.0058836024254560
2.6286096572876	0.0056127076968551
2.6299953460693	0.0053384345956147
2.6313810348511	0.0050614979118109
2.6327667236328	0.0047826087102294
2.6341524124146	0.0045024636201560
2.6355378627777	0.0042217522859573
2.6369235515594	0.0039411629550159
2.6383092403412	0.0036613917909563
2.6396949291229	0.0033831505570561
2.6410806179047	0.0031071598641574
2.6424663066864	0.0028341358993202
2.6438519954681	0.0025647790171206
2.6452376842499	0.0022997618652880
2.6466233730316	0.0020397289190441
2.6480090618134	0.0017853014869615
2.6493945121765	0.0015370873734355
2.6507802009583	0.0012956899590790
2.6521658897400	0.0010617075022310
2.6535515785217	0.00083572539733723
2.6549372673035	0.00061830482445657
2.6563229560852	0.00040997355245054
2.6577086448669	0.00021122276666574
2.6590943336487	2.2510583221447e-05
2.6604800224304	-0.00015573081327602
2.6618657112122	-0.00032308889785782
2.6632513999939	-0.00047916974290274
2.6646368503571	-0.00062360370066017
2.6660225391388	-0.00075605418533087
2.6674082279205	-0.00087622506543994
2.6687939167023	-0.00098386220633984
2.6701796054840	-0.0010787476785481
2.6715652942657	-0.0011606917250901
2.6729509830475	-0.0012295253109187
2.6743366718292	-0.0012850988423452
2.6757223606110	-0.0013272876385599
2.6771080493927	-0.0013560011284426
2.6784937381744	-0.0013711906503886
2.6798791885376	-0.0013728498015553
2.6812648773193	-0.0013610101304948
2.6826505661011	-0.0013357298448682
2.6840362548828	-0.0012970843818039
2.6854219436646	-0.0012451632646844
2.6868076324463	-0.0011800740612671
2.6881933212280	-0.0011019535595551
2.6895790100098	-0.0010109771974385
2.6909646987915	-0.00090736278798431
2.6923503875732	-0.00079136475687847
2.6937360763550	-0.00066326215164736
2.6951215267181	-0.00052334612701088
2.6965072154999	-0.00037191293085925
2.6978929042816	-0.00020926629076712
2.6992785930634	-3.5727989597945e-05
2.7006642818451	0.00014834973262623
2.7020499706268	0.00034257696825080
2.7034356594086	0.00054652837570757
2.7048213481903	0.00075975467916578
2.7062070369720	0.00098179723136127
2.7075927257538	0.0012121989857405
2.7089781761169	0.0014505070867017
2.7103638648987	0.0016962636727840
2.7117495536804	0.0019489917904139
2.7131352424622	0.0022081830538809
2.7145209312439	0.0024732952006161
2.7159066200256	0.0027437589596957
2.7172923088074	0.0030189929530025
2.7186779975891	0.0032984181307256
2.7200636863708	0.0035814673174173
2.7214493751526	0.0038675810210407
2.7228350639343	0.0041561946272850
2.7242205142975	0.0044467272236943
2.7256062030792	0.0047385729849339
2.7269918918610	0.0050311014056206
2.7283775806427	0.0053236680105329
2.7297632694244	0.0056156301870942
2.7311489582062	0.0059063564985991
2.7325346469879	0.0061952313408256
2.7339203357697	0.0064816428348422
2.7353060245514	0.0067649739794433
2.7366917133331	0.0070445956662297
2.7380774021149	0.0073198624886572
2.7394628524780	0.0075901225209236
2.7408485412598	0.0078547289595008
2.7422342300415	0.0081130508333445
2.7436199188232	0.0083644799888134
2.7450056076050	0.0086084203794599
2.7463912963867	0.0088442815467715
2.7477769851685	0.0090714665129781
2.7491626739502	0.0092893727123737
2.7505483627319	0.0094973985105753
2.7519340515137	0.0096949581056833
2.7533197402954	0.0098814973607659
2.7547051906586	0.010056490078568
2.7560908794403	0.010219445452094
2.7574765682220	0.010369885712862
2.7588622570038	0.010507341474295
2.7602479457855	0.010631341487169
2.7616336345673	0.010741418227553
2.7630193233490	0.010837124660611
2.7644050121307	0.010918049141765
2.7657907009125	0.010983820073307
2.7671763896942	0.011034116148949
2.7685620784760	0.011068649590015
2.7699475288391	0.011087152175605
2.7713332176208	0.011089367792010
2.7727189064026	0.011075050570071
2.7741045951843	0.011043973267078
2.7754902839661	0.010995945893228
2.7768759727478	0.010930826887488
2.7782616615295	0.010848527774215
2.7796473503113	0.010749001055956
2.7810330390930	0.010632229968905
2.7824187278748	0.010498210787773
2.7838041782379	0.010346950031817
2.7851898670197	0.010178470984101
2.7865755558014	0.0099928295239806
2.7879612445831	0.0097901355475187
2.7893469333649	0.0095705566927791
2.7907326221466	0.0093343164771795
2.7921183109283	0.0090816728770733
2.7935039997101	0.0088129015639424
2.7948896884918	0.0085282763466239
2.7962753772736	0.0082280738279223
2.7976610660553	0.0079125864431262
2.7990465164185	0.0075821410864592
2.8004322052002	0.0072371186688542
2.8018178939819	0.0068779531866312
2.8032035827637	0.0065051214769483
2.8045892715454	0.0061191199347377
2.8059749603271	0.0057204430922866
2.8073606491089	0.0053095743060112
2.8087463378906	0.0048869941383600
2.8101320266724	0.0044532017782331
2.8115177154541	0.0040087336674333
2.8129034042358	0.0035541797988117
2.8142888545990	0.0030901764985174
2.8156745433807	0.0026173845399171
2.8170602321625	0.0021364632993937
2.8184459209442	0.0016480502672493
2.8198316097260	0.0011527568567544
2.8212172985077	0.00065118464408442
2.8226029872894	0.00014395023754332
2.8239886760712	-0.00036829186137766
2.8253743648529	-0.00088484084699303
2.8267600536346	-0.0014049605233595
2.8281457424164	-0.0019279033876956
2.8295311927795	-0.0024529383517802
2.8309168815613	-0.0029793663416058
2.8323025703430	-0.0035065172705799
2.8336882591248	-0.0040337340906262
2.8350739479065	-0.0045603448525071
2.8364596366882	-0.0050856475718319
2.8378453254700	-0.0056089027784765
2.8392310142517	-0.0061293519102037
2.8406167030334	-0.0066462364047766
2.8420023918152	-0.0071588242426515
2.8433878421783	-0.0076664146035910
2.8447735309601	-0.0081683322787285
2.8461592197418	-0.0086639113724232
2.8475449085236	-0.0091524692252278
2.8489305973053	-0.0096332989633083
2.8503162860870	-0.010105677880347
2.8517019748688	-0.010568876750767
2.8530876636505	-0.011022187769413
2.8544733524323	-0.011464931070805
2.8558590412140	-0.011896463111043
2.8572447299957	-0.012316156178713
2.8586301803589	-0.012723388150334
2.8600158691406	-0.013117523863912
2.8614015579224	-0.013497916981578
2.8627872467041	-0.013863923028111
2.8641729354858	-0.014214913360775
2.8655586242676	-0.014550289139152
2.8669443130493	-0.014869498088956
2.8683300018311	-0.015172021463513
2.8697156906128	-0.015457361936569
2.8711013793945	-0.015725035220385
2.8724870681763	-0.015974547713995
2.8738725185394	-0.016205411404371
2.8752582073212	-0.016417153179646
2.8766438961029	-0.016609333455563
2.8780295848846	-0.016781568527222
2.8794152736664	-0.016933517530560
2.8808009624481	-0.017064891755581
2.8821866512299	-0.017175434157252
2.8835723400116	-0.017264902591705
2.8849580287933	-0.017333071678877
2.8863437175751	-0.017379736527801
2.8877294063568	-0.017404722049832
2.8891148567200	-0.017407905310392
2.8905005455017	-0.017389219254255
2.8918862342834	-0.017348660156131
2.8932719230652	-0.017286267131567
2.8946576118469	-0.017202118411660
2.8960433006287	-0.017096325755119
2.8974289894104	-0.016969032585621
2.8988146781921	-0.016820413991809
2.9002003669739	-0.016650691628456
2.9015860557556	-0.016460146754980
2.9029715061188	-0.016249123960733
2.9043571949005	-0.016018023714423
2.9057428836823	-0.015767289325595
2.9071285724640	-0.015497392974794
2.9085142612457	-0.015208831056952
2.9098999500275	-0.014902132563293
2.9112856388092	-0.014577860012650
2.9126713275909	-0.014236627146602
2.9140570163727	-0.013879107311368
2.9154427051544	-0.013506030663848
2.9168283939362	-0.013118170201778
2.9182138442993	-0.012716325931251
2.9195995330811	-0.012301320210099
2.9209852218628	-0.011873978190124
2.9223709106445	-0.011435135267675
2.9237565994263	-0.010985646396875
2.9251422882080	-0.010526398196816
2.9265279769897	-0.010058318264782
2.9279136657715	-0.0095823714509606
2.9292993545532	-0.0090995412319899
2.9306850433350	-0.0086108110845089
2.9320707321167	-0.0081171542406082
2.9334561824799	-0.0076195220462978
2.9348418712616	-0.0071188481524587
2.9362275600433	-0.0066160648129880
2.9376132488251	-0.0061121121980250
2.9389989376068	-0.0056079486384988
2.9403846263885	-0.0051045431755483
2.9417703151703	-0.0046028587967157
2.9431560039520	-0.0041038277558982
2.9445416927338	-0.0036083364393562
2.9459273815155	-0.0031172167509794
2.9473130702972	-0.0026312542613596
2.9486985206604	-0.0021512045059353
2.9500842094421	-0.0016778081189841
2.9514698982239	-0.0012117974692956
2.9528555870056	-0.00075388862751424
2.9542412757874	-0.00030476463143714
2.9556269645691	0.00013494462473318
2.9570126533508	0.00056467426475137
2.9583983421326	0.00098392425570637
2.9597840309143	0.0013922469224781
2.9611697196960	0.0017892308533192
2.9625554084778	0.0021744882687926
2.9639408588409	0.0025476566515863
2.9653265476227	0.0029084116686136
2.9667122364044	0.0032564864959568
2.9680979251862	0.0035916853230447
2.9694836139679	0.0039138840511441
2.9708693027496	0.0042230188846588
2.9722549915314	0.0045190649107099
2.9736406803131	0.0048020170070231
2.9750263690948	0.0050718849524856
2.9764120578766	0.0053287013433874
2.9777975082397	0.0055725416168571
2.9791831970215	0.0058035440742970
2.9805688858032	0.0060219177976251
2.9819545745850	0.0062279351986945
2.9833402633667	0.0064219078049064
2.9847259521484	0.0066041564568877
2.9861116409302	0.0067749964073300
2.9874973297119	0.0069347321987152
2.9888830184937	0.0070836795493960
2.9902687072754	0.0072221877053380
2.9916543960571	0.0073506557382643
2.9930398464203	0.0074695399962366
2.9944255352020	0.0075793340802193
2.9958112239838	0.0076805381104350
2.9971969127655	0.0077736349776387
2.9985826015472	0.0078590754419565
2.9999682903290	0.0079372916370630
3.0013539791107	0.0080087073147297
3.0027396678925	0.0080737695097923
3.0041253566742	0.0081329504027963
3.0055110454559	0.0081867482513189
3.0068967342377	0.0082356585189700
3.0082821846008	0.0082801515236497
3.0096678733826	0.0083206528797746
3.0110535621643	0.0083575453609228
3.0124392509460	0.0083911828696728
3.0138249397278	0.0084219109266996
3.0152106285095	0.0084500871598721
3.0165963172913	0.0084760822355747
3.0179820060730	0.0085002630949020
3.0193676948547	0.0085229650139809
3.0207533836365	0.0085444711148739
3.0221390724182	0.0085650067776442
3.0235245227814	0.0085847433656454
3.0249102115631	0.0086038243025541
3.0262959003448	0.0086223818361759
3.0276815891266	0.0086405603215098
3.0290672779083	0.0086584994569421
3.0304529666901	0.0086763259023428
3.0318386554718	0.0086941262707114
3.0332243442535	0.0087119331583381
3.0346100330353	0.0087297176942229
3.0359957218170	0.0087474044412374
3.0373811721802	0.0087648937478662
3.0387668609619	0.0087820785120130
3.0401525497437	0.0087988507002592
3.0415382385254	0.0088150985538960
3.0429239273071	0.0088306898251176
3.0443096160889	0.0088454559445381
3.0456953048706	0.0088591892272234
3.0470809936523	0.0088716400787234
3.0484666824341	0.0088825263082981
3.0498523712158	0.0088915564119816
3.0512380599976	0.0088984332978725
3.0526235103607	0.0089028542861342
3.0540091991425	0.0089045222848654
3.0553948879242	0.0089031234383583
3.0567805767059	0.0088983289897442
3.0581662654877	0.0088897952809930
3.0595519542694	0.0088771600276232
3.0609376430511	0.0088600479066372
3.0623233318329	0.0088380817323923
3.0637090206146	0.0088108852505684
3.0650947093964	0.0087780896574259
3.0664803981781	0.0087393373250961
3.0678658485413	0.0086942780762911
3.0692515373230	0.0086425738409162
3.0706372261047	0.0085838958621025
3.0720229148865	0.0085179181769490
3.0734086036682	0.0084443213418126
3.0747942924500	0.0083627887070179
3.0761799812317	0.0082730166614056
3.0775656700134	0.0081747146323323
3.0789513587952	0.0080676171928644
3.0803370475769	0.0079514896497130
3.0817227363586	0.0078261299058795
3.0831081867218	0.0076913647353649
3.0844938755035	0.0075470469892025
3.0858795642853	0.0073930514045060
3.0872652530670	0.0072292676195502
3.0886509418488	0.0070556057617068
3.0900366306305	0.0068720029667020
3.0914223194122	0.0066784303635359
3.0928080081940	0.0064749019220471
3.0941936969757	0.0062614721246064
3.0955793857574	0.0060382313095033
3.0969648361206	0.0058052963577211
3.0983505249023	0.0055628083646297
3.0997362136841	0.0053109303116798
3.1011219024658	0.0050498512573540
3.1025075912476	0.0047797956503928
3.1038932800293	0.0045010303147137
3.1052789688110	0.0042138593271375
3.1066646575928	0.0039186212234199
3.1080503463745	0.0036156806163490
3.1094360351562	0.0033054179511964
3.1108217239380	0.0029882322996855
3.1122071743011	0.0026645432226360
3.1135928630829	0.0023347986862063
3.1149785518646	0.0019994801841676
3.1163642406464	0.0016590995946899
3.1177499294281	0.0013141918461770
3.1191356182098	0.00096530129667372
3.1205213069916	0.00061297265347093
3.1219069957733	0.00025774864479899
3.1232926845551	-9.9825505458284e-05
3.1246783733368	-0.00045919229160063
3.1260640621185	-0.00081977382069454
3.1274495124817	-0.0011809708084911
3.1288352012634	-0.0015421700663865
3.1302208900452	-0.0019027593079954
3.1316065788269	-0.0022621413227171
3.1329922676086	-0.0026197407860309
3.1343779563904	-0.0029750042594969
3.1357636451721	-0.0033273901790380
3.1371493339539	-0.0036763600073755
3.1385350227356	-0.0040213721804321
3.1399207115173	-0.0043618879280984
3.1413064002991	-0.0046973773278296
3.1426918506622	-0.0050273369997740
3.1440775394440	-0.0053512952290475
3.1454632282257	-0.0056688147597015
3.1468489170074	-0.0059794839471579
3.1482346057892	-0.0062829060479999
3.1496202945709	-0.0065786973573267
3.1510059833527	-0.0068664839491248
3.1523916721344	-0.0071459142491221
3.1537773609161	-0.0074166678823531
3.1551630496979	-0.0076784668490291
3.1565487384796	-0.0079310741275549
3.1579341888428	-0.0081742880865932
3.1593198776245	-0.0084079271182418
3.1607055664062	-0.0086318235844374
3.1620912551880	-0.0088458210229874
3.1634769439697	-0.0090497815981507
3.1648626327515	-0.0092435935512185
3.1662483215332	-0.0094271842390299
3.1676340103149	-0.0096005201339722
3.1690196990967	-0.0097636021673679
3.1704053878784	-0.0099164536222816
3.1717908382416	-0.010059107095003
3.1731765270233	-0.010191599838436
3.1745622158051	-0.010313978418708
3.1759479045868	-0.010426305234432
3.1773335933685	-0.010528671555221
3.1787192821503	-0.010621194727719
3.1801049709320	-0.010704020969570
3.1814906597137	-0.010777308605611
3.1828763484955	-0.010841224342585
3.1842620372772	-0.010895927436650
3.1856477260590	-0.010941573418677
3.1870331764221	-0.010978320613503
3.1884188652039	-0.011006337590516
3.1898045539856	-0.011025810614228
3.1911902427673	-0.011036941781640
3.1925759315491	-0.011039938777685
3.1939616203308	-0.011035009287298
3.1953473091125	-0.011022349819541
3.1967329978943	-0.011002140119672
3.1981186866760	-0.010974553413689
3.1995043754578	-0.010939761996269
3.2008900642395	-0.010897941887379
3.2022755146027	-0.010849278420210
3.2036612033844	-0.010793961584568
3.2050468921661	-0.010732175782323
3.2064325809479	-0.010664090514183
3.2078182697296	-0.010589860379696
3.2092039585114	-0.010509622283280
3.2105896472931	-0.010423505678773
3.2119753360748	-0.010331636294723
3.2133610248566	-0.010234147310257
3.2147467136383	-0.010131170973182
3.2161324024200	-0.010022846050560
3.2175178527832	-0.0099092954769731
3.2189035415649	-0.0097906338050961
3.2202892303467	-0.0096669588238001
3.2216749191284	-0.0095383552834392
3.2230606079102	-0.0094049051403999
3.2244462966919	-0.0092666931450367
3.2258319854736	-0.0091238096356392
3.2272176742554	-0.0089763579890132
3.2286033630371	-0.0088244425132871
3.2299890518188	-0.0086681637912989
3.2313745021820	-0.0085076168179512
3.2327601909637	-0.0083428835496306
3.2341458797455	-0.0081740440800786
3.2355315685272	-0.0080011785030365
3.2369172573090	-0.0078243743628263
3.2383029460907	-0.0076437359675765
3.2396886348724	-0.0074593806639314
3.2410743236542	-0.0072714388370514
3.2424600124359	-0.0070800422690809
3.2438457012177	-0.0068853213451803
3.2452313899994	-0.0066873962059617
3.2466168403625	-0.0064863795414567
3.2480025291443	-0.0062823854386806
3.2493882179260	-0.0060755405575037
3.2507739067078	-0.0058659939095378
3.2521595954895	-0.0056539205834270
3.2535452842712	-0.0054395152255893
3.2549309730530	-0.0052229836583138
3.2563166618347	-0.0050045256502926
3.2577023506165	-0.0047843270003796
3.2590880393982	-0.0045625595375896
3.2604737281799	-0.0043393885716796
3.2618591785431	-0.0041149887256324
3.2632448673248	-0.0038895572070032
3.2646305561066	-0.0036633163690567
3.2660162448883	-0.0034365064930171
3.2674019336700	-0.0032093734480441
3.2687876224518	-0.0029821512289345
3.2701733112335	-0.0027550524100661
3.2715590000153	-0.0025282702408731
3.2729446887970	-0.0023019898217171
3.2743303775787	-0.0020764055661857
3.2757160663605	-0.0018517298158258
3.2771015167236	-0.0016281944699585
3.2784872055054	-0.0014060395769775
3.2798728942871	-0.0011854949407279
3.2812585830688	-0.00096676353132352
3.2826442718506	-0.00075001682853326
3.2840299606323	-0.00053540064254776
3.2854156494141	-0.00032305211061612
3.2868013381958	-0.00011311639536871
3.2881870269775	9.4245056970976e-05
3.2895727157593	0.00029885803814977
3.2909584045410	0.00050055014435202
3.2923438549042	0.00069916894426569
3.2937295436859	0.00089459493756294
3.2951152324677	0.0010867421515286
3.2965009212494	0.0012755474308506
3.2978866100311	0.0014609536156058
3.2992722988129	0.0016428956296295
3.3006579875946	0.0018212974537164
3.3020436763763	0.0019960799254477
3.3034293651581	0.0021671766880900
3.3048150539398	0.0023345458321273
3.3062005043030	0.0024981773458421
3.3075861930847	0.0026580845005810
3.3089718818665	0.0028142884839326
3.3103575706482	0.0029668044298887
3.3117432594299	0.0031156346667558
3.3131289482117	0.0032607715111226
3.3145146369934	0.0034022100735456
3.3159003257751	0.0035399622283876
3.3172860145569	0.0036740635987371
3.3186717033386	0.0038045688997954
3.3200573921204	0.0039315409958363
3.3214428424835	0.0040550329722464
3.3228285312653	0.0041750790551305
3.3242142200470	0.0042916955426335
3.3255999088287	0.0044048931449652
3.3269855976105	0.0045146918855608
3.3283712863922	0.0046211308799684
3.3297569751740	0.0047242674045265
3.3311426639557	0.0048241661861539
3.3325283527374	0.0049208821728826
3.3339140415192	0.0050144460983574
3.3352997303009	0.0051048570312560
3.3366851806641	0.0051920935511589
3.3380708694458	0.0052761281840503
3.3394565582275	0.0053569427691400
3.3408422470093	0.0054345335811377
3.3422279357910	0.0055089090019464
3.3436136245728	0.0055800764821470
3.3449993133545	0.0056480253115296
3.3463850021362	0.0057127168402076
3.3477706909180	0.0057740840129554
3.3491563796997	0.0058320472016931
3.3505420684814	0.0058865267783403
3.3519275188446	0.0059374561533332
3.3533132076263	0.0059847859665751
3.3546988964081	0.0060284761711955
3.3560845851898	0.0060684848576784
3.3574702739716	0.0061047491617501
3.3588559627533	0.0061371815390885
3.3602416515350	0.0061656744219363
3.3616273403168	0.0061901099979877
3.3630130290985	0.0062103765085340
3.3643987178802	0.0062263756990433
3.3657841682434	0.0062380288727582
3.3671698570251	0.0062452675774693
3.3685555458069	0.0062480252236128
3.3699412345886	0.0062462259083986
3.3713269233704	0.0062397848814726
3.3727126121521	0.0062286108732224
3.3740983009338	0.0062126130796969
3.3754839897156	0.0061917118728161
3.3768696784973	0.0061658425256610
3.3782553672791	0.0061349561437964
3.3796410560608	0.0060990145429969
3.3810265064240	0.0060579851269722
3.3824121952057	0.0060118366964161
3.3837978839874	0.0059605422429740
3.3851835727692	0.0059040850028396
3.3865692615509	0.0058424593880773
3.3879549503326	0.0057756789028645
3.3893406391144	0.0057037714868784
3.3907263278961	0.0056267771869898
3.3921120166779	0.0055447435006499
3.3934977054596	0.0054577179253101
3.3948833942413	0.0053657544776797
3.3962688446045	0.0052689160220325
3.3976545333862	0.0051672803238034
3.3990402221680	0.0050609447062016
3.4004259109497	0.0049500265158713
3.4018115997314	0.0048346612602472
3.4031972885132	0.0047149970196187
3.4045829772949	0.0045911855995655
3.4059686660767	0.0044633820652962
3.4073543548584	0.0043317438103259
3.4087400436401	0.0041964352130890
3.4101257324219	0.0040576313622296
3.4115111827850	0.0039155222475529
3.4128968715668	0.0037703134585172
3.4142825603485	0.0036222203634679
3.4156682491302	0.0034714650828391
3.4170539379120	0.0033182692714036
3.4184396266937	0.0031628524884582
3.4198253154755	0.0030054366216063
3.4212110042572	0.0028462498448789
3.4225966930389	0.0026855315081775
3.4239823818207	0.0025235346984118
3.4253678321838	0.0023605220485479
3.4267535209656	0.0021967580541968
3.4281392097473	0.0020325009245425
3.4295248985291	0.0018679972272366
3.4309105873108	0.0017034810734913
3.4322962760925	0.0015391786582768
3.4336819648743	0.0013753161765635
3.4350676536560	0.0012121275067329
3.4364533424377	0.0010498571209610
3.4378390312195	0.00088875641813502
3.4392247200012	0.00072907638968900
3.4406101703644	0.00057105883024633
3.4419958591461	0.00041492929449305
3.4433815479279	0.00026089570019394
3.4447672367096	0.00010915146413026
3.4461529254913	-4.0118477045326e-05
3.4475386142731	-0.00018673161685001
3.4489243030548	-0.00033050580532290
3.4503099918365	-0.00047126159188338
3.4516956806183	-0.00060882692923769
3.4530813694000	-0.00074304139707237
3.4544670581818	-0.00087375863222405
3.4558525085449	-0.0010008458048105
3.4572381973267	-0.0011241813190281
3.4586238861084	-0.0012436511460692
3.4600095748901	-0.0013591479510069
3.4613952636719	-0.0014705730136484
3.4627809524536	-0.0015778383240104
3.4641666412354	-0.0016808698419482
3.4655523300171	-0.0017796072643250
3.4669380187988	-0.0018740026280284
3.4683237075806	-0.0019640151876956
3.4697093963623	-0.0020496102515608
3.4710948467255	-0.0021307591814548
3.4724805355072	-0.0022074414882809
3.4738662242889	-0.0022796515841037
3.4752519130707	-0.0023474018089473
3.4766376018524	-0.0024107212666422
3.4780232906342	-0.0024696514010429
3.4794089794159	-0.0025242385454476
3.4807946681976	-0.0025745274033397
3.4821803569794	-0.0026205577887595
3.4835660457611	-0.0026623685844243
3.4849517345428	-0.0027000063564628
3.4863371849060	-0.0027335337363183
3.4877228736877	-0.0027630343101919
3.4891085624695	-0.0027886105235666
3.4904942512512	-0.0028103762306273
3.4918799400330	-0.0028284443542361
3.4932656288147	-0.0028429194353521
3.4946513175964	-0.0028538918122649
3.4960370063782	-0.0028614446055144
3.4974226951599	-0.0028656630311161
3.4988083839417	-0.0028666448779404
3.5001938343048	-0.0028645070269704
3.5015795230865	-0.0028593828901649
3.5029652118683	-0.0028514151927084
3.5043509006500	-0.0028407436329871
3.5057365894318	-0.0028274953365326
3.5071222782135	-0.0028117822948843
3.5085079669952	-0.0027937048580498
3.5098936557770	-0.0027733612805605
3.5112793445587	-0.0027508561033756
3.5126650333405	-0.0027263048104942
3.5140507221222	-0.0026998331304640
3.5154361724854	-0.0026715686544776
3.5168218612671	-0.0026416340842843
3.5182075500488	-0.0026101402472705
3.5195932388306	-0.0025771851651371
3.5209789276123	-0.0025428580120206
3.5223646163940	-0.0025072465650737
3.5237503051758	-0.0024704411625862
3.5251359939575	-0.0024325391277671
3.5265216827393	-0.0023936401121318
3.5279073715210	-0.0023538395762444
3.5292930603027	-0.0023132211063057
3.5306785106659	-0.0022718529216945
3.5320641994476	-0.0022297906689346
3.5334498882294	-0.0021870834752917
3.5348355770111	-0.0021437820978463
3.5362212657928	-0.0020999452099204
3.5376069545746	-0.0020556403324008
3.5389926433563	-0.0020109380129725
3.5403783321381	-0.0019659008830786
3.5417640209198	-0.0019205781864002
3.5431497097015	-0.0018749999580905
3.5445353984833	-0.0018291795859113
3.5459208488464	-0.0017831227742136
3.5473065376282	-0.0017368375556543
3.5486922264099	-0.0016903420910239
3.5500779151917	-0.0016436652513221
3.5514636039734	-0.0015968387015164
3.5528492927551	-0.0015498886350542
3.5542349815369	-0.0015028256457299
3.5556206703186	-0.0014556412352249
3.5570063591003	-0.0014083113055676
3.5583920478821	-0.0013608065200970
3.5597774982452	-0.0013131038285792
3.5611631870270	-0.0012651938013732
3.5625488758087	-0.0012170800473541
3.5639345645905	-0.0011687697842717
3.5653202533722	-0.0011202608002350
3.5667059421539	-0.0010715324897319
3.5680916309357	-0.0010225439909846
3.5694773197174	-0.00097324082162231
3.5708630084991	-0.00092356908135116
3.5722486972809	-0.00087348790839314
3.5736343860626	-0.00082297663902864
3.5750198364258	-0.00077203102409840
3.5764055252075	-0.00072065147105604
3.5777912139893	-0.00066882686223835
3.5791769027710	-0.00061652349540964
3.5805625915527	-0.00056368426885456
3.5819482803345	-0.00051023851847276
3.5833339691162	-0.00045611924724653
3.5847196578979	-0.00040127924876288
3.5861053466797	-0.00034569800482132
3.5874910354614	-0.00028937764000148
3.5888767242432	-0.00023232918465510
3.5902621746063	-0.00017455645138398
3.5916478633881	-0.00011604443716351
3.5930335521698	-5.6757693528198e-05
3.5944192409515	3.3512615118525e-06
3.5958049297333	6.4328138250858e-05
3.5971906185150	0.00012620413326658
3.5985763072968	0.00018898994312622
3.5999619960785	0.00025267823366448
3.6013476848602	0.00031725241569802
3.6027333736420	0.00038269691867754
3.6041190624237	0.00044900248758495
3.6055045127869	0.00051616522250697
3.6068902015686	0.00058418069966137
3.6082758903503	0.00065303716110066
3.6096615791321	0.00072271144017577
3.6110472679138	0.00079317018389702
3.6124329566956	0.00086437474237755
3.6138186454773	0.00093628693139181
3.6152043342590	0.0010088708950207
3.6165900230408	0.0010820908937603
3.6179757118225	0.0011559051927179
3.6193611621857	0.0012302596587688
3.6207468509674	0.0013050866546109
3.6221325397491	0.0013803075999022
3.6235182285309	0.0014558396069333
3.6249039173126	0.0015316023491323
3.6262896060944	0.0016075223684311
3.6276752948761	0.0016835301648825
3.6290609836578	0.0017595537938178
3.6304466724396	0.0018355122301728
3.6318323612213	0.0019113109447062
3.6332180500031	0.0019868439994752
3.6346035003662	0.0020619975402951
3.6359891891479	0.0021366591099650
3.6373748779297	0.0022107209078968
3.6387605667114	0.0022840795572847
3.6401462554932	0.0023566323798150
3.6415319442749	0.0024282715748996
3.6429176330566	0.0024988832883537
3.6443033218384	0.0025683469139040
3.6456890106201	0.0026365392841399
3.6470746994019	0.0027033390942961
3.6484603881836	0.0027686315588653
3.6498458385468	0.0028323060832918
3.6512315273285	0.0028942527715117
3.6526172161102	0.0029543566051871
3.6540029048920	0.0030124988406897
3.6553885936737	0.0030685577075928
3.6567742824554	0.0031224130652845
3.6581599712372	0.0031739533878863
3.6595456600189	0.0032230759970844
3.6609313488007	0.0032696882262826
3.6623170375824	0.0033137006685138
3.6637027263641	0.0033550239168108
3.6650881767273	0.0033935636747628
3.6664738655090	0.0034292237833142
3.6678595542908	0.0034619094803929
3.6692452430725	0.0034915364813060
3.6706309318542	0.0035180305130780
3.6720166206360	0.0035413275472820
3.6734023094177	0.0035613700747490
3.6747879981995	0.0035780989564955
3.6761736869812	0.0035914573818445
3.6775593757629	0.0036013894714415
3.6789450645447	0.0036078488919884
3.6803305149078	0.0036108016502112
3.6817162036896	0.0036102284211665
3.6831018924713	0.0036061208229512
3.6844875812531	0.0035984741989523
3.6858732700348	0.0035872790031135
3.6872589588165	0.0035725198686123
3.6886446475983	0.0035541788674891
3.6900303363800	0.0035322455223650
3.6914160251617	0.0035067272838205
3.6928017139435	0.0034776530228555
3.6941871643066	0.0034450718667358
3.6955728530884	0.0034090445842594
3.6969585418701	0.0033696307800710
3.6983442306519	0.0033268791157752
3.6997299194336	0.0032808273099363
3.7011156082153	0.0032315100543201
3.7025012969971	0.0031789690256119
3.7038869857788	0.0031232645269483
3.7052726745605	0.0030644785147160
3.7066583633423	0.0030027104075998
3.7080440521240	0.0029380659107119
3.7094295024872	0.0028706470038742
3.7108151912689	0.0028005447238684
3.7122008800507	0.0027278417255729
3.7135865688324	0.0026526194997132
3.7149722576141	0.0025749681517482
3.7163579463959	0.0024949950166047
3.7177436351776	0.0024128225632012
3.7191293239594	0.0023285842034966
3.7205150127411	0.0022424133494496
3.7219007015228	0.0021544368937612
3.7232863903046	0.0020647712517530
3.7246718406677	0.0019735244568437
3.7260575294495	0.0018808040767908
3.7274432182312	0.0017867243150249
3.7288289070129	0.0016914099687710
3.7302145957947	0.0015949977096170
3.7316002845764	0.0014976324746385
3.7329859733582	0.0013994602486491
3.7343716621399	0.0013006231747568
3.7357573509216	0.0012012551305816
3.7371430397034	0.0011014807969332
3.7385287284851	0.0010014174040407
3.7399141788483	0.00090117793297395
3.7412998676300	0.00080087693640962
3.7426855564117	0.00070063426392153
3.7440712451935	0.00060057762311772
3.7454569339752	0.00050084188114852
3.7468426227570	0.00040156501927413
3.7482283115387	0.00030288108973764
3.7496140003204	0.00020491358009167
3.7509996891022	0.00010777031275211
3.7523853778839	1.1544489098014e-05
3.7537708282471	-8.3678445662372e-05
3.7551565170288	-0.00017781060887501
3.7565422058105	-0.00027075278921984
3.7579278945923	-0.00036239135079086
3.7593135833740	-0.00045260335900821
3.7606992721558	-0.00054126890609041
3.7620849609375	-0.00062828458612785
3.7634706497192	-0.00071357178967446
3.7648563385010	-0.00079707498662174
3.7662420272827	-0.00087875081226230
3.7676277160645	-0.00095855176914483
3.7690131664276	-0.0010364141780883
3.7703988552094	-0.0011122545693070
3.7717845439911	-0.0011859789956361
3.7731702327728	-0.0012575004948303
3.7745559215546	-0.0013267552712932
3.7759416103363	-0.0013937111943960
3.7773272991180	-0.0014583615120500
3.7787129878998	-0.0015207070391625
3.7800986766815	-0.0015807368326932
3.7814843654633	-0.0016384155023843
3.7828700542450	-0.0016936857718974
3.7842555046082	-0.0017464830307290
3.7856411933899	-0.0017967582680285
3.7870268821716	-0.0018444936722517
3.7884125709534	-0.0018897050758824
3.7897982597351	-0.0019324299646541
3.7911839485168	-0.0019727046601474
3.7925696372986	-0.0020105459261686
3.7939553260803	-0.0020459429360926
3.7953410148621	-0.0020788665860891
3.7967267036438	-0.0021092907991260
3.7981123924255	-0.0021372125484049
3.7994978427887	-0.0021626618690789
3.8008835315704	-0.0021856967359781
3.8022692203522	-0.0022063828073442
3.8036549091339	-0.0022247696761042
3.8050405979156	-0.0022408780641854
3.8064262866974	-0.0022547007538378
3.8078119754791	-0.0022662212140858
3.8091976642609	-0.0022754368837923
3.8105833530426	-0.0022823768667877
3.8119690418243	-0.0022871051914990
3.8133544921875	-0.0022897054441273
3.8147401809692	-0.0022902560885996
3.8161258697510	-0.0022888109087944
3.8175115585327	-0.0022853908594698
3.8188972473145	-0.0022799919825047
3.8202829360962	-0.0022726086899638
3.8216686248779	-0.0022632537875324
3.8230543136597	-0.0022519710473716
3.8244400024414	-0.0022388298530132
3.8258256912231	-0.0022239058744162
3.8272113800049	-0.0022072610445321
3.8285968303680	-0.0021889274939895
3.8299825191498	-0.0021689098794013
3.8313682079315	-0.0021472002845258
3.8327538967133	-0.0021237987093627
3.8341395854950	-0.0020987284369767
3.8355252742767	-0.0020720388274640
3.8369109630585	-0.0020437950734049
3.8382966518402	-0.0020140577107668
3.8396823406219	-0.0019828665535897
3.8410680294037	-0.0019502345239744
3.8424537181854	-0.0019161545205861
3.8438391685486	-0.0018806157168001
3.8452248573303	-0.0018436200916767
3.8466105461121	-0.0018051905790344
3.8479962348938	-0.0017653678078204
3.8493819236755	-0.0017241996247321
3.8507676124573	-0.0016817252617329
3.8521533012390	-0.0016379663720727
3.8535389900208	-0.0015929276123643
3.8549246788025	-0.0015466038603336
3.8563103675842	-0.0014989918563515
3.8576960563660	-0.0014500995166600
3.8590815067291	-0.0013999481452629
3.8604671955109	-0.0013485663803294
3.8618528842926	-0.0012959839077666
3.8632385730743	-0.0012422236613929
3.8646242618561	-0.0011873007752001
3.8660099506378	-0.0011312250280753
3.8673956394196	-0.0010740057332441
3.8687813282013	-0.0010156556963921
3.8701670169830	-0.00095619302010164
3.8715527057648	-0.00089563848450780
3.8729383945465	-0.00083401240408421
3.8743238449097	-0.00077133532613516
3.8757095336914	-0.00070762902032584
3.8770952224731	-0.00064291991293430
3.8784809112549	-0.00057724106591195
3.8798666000366	-0.00051063118735328
3.8812522888184	-0.00044313061516732
3.8826379776001	-0.00037477508885786
3.8840236663818	-0.00030559158767574
3.8854093551636	-0.00023559904366266
3.8867950439453	-0.00016481400234625
3.8881804943085	-9.3259208370000e-05
3.8895661830902	-2.0970030163880e-05
3.8909518718719	5.2004161261721e-05
3.8923375606537	0.00012560452159960
3.8937232494354	0.00019977102056146
3.8951089382172	0.00027445031446405
3.8964946269989	0.00034959916956723
3.8978803157806	0.00042518190457486
3.8992660045624	0.00050116318743676
3.9006516933441	0.00057750032283366
3.9020373821259	0.00065413943957537
3.9034228324890	0.00073101691668853
3.9048085212708	0.00080806465120986
3.9061942100525	0.00088521622819826
3.9075798988342	0.00096241151914001
3.9089655876160	0.0010395956924185
3.9103512763977	0.0011167145567015
3.9117369651794	0.0011937089730054
3.9131226539612	0.0012705117696896
3.9145083427429	0.0013470486737788
3.9158940315247	0.0014232429675758
3.9172797203064	0.0014990194467828
3.9186651706696	0.0015743089606985
3.9200508594513	0.0016490479465574
3.9214365482330	0.0017231735400856
3.9228222370148	0.0017966196173802
3.9242079257965	0.0018693141173571
3.9255936145782	0.0019411799730733
3.9269793033600	0.0020121380221099
3.9283649921417	0.0020821110811085
3.9297506809235	0.0021510233636945
3.9311363697052	0.0022187994327396
3.9325220584869	0.0022853598929942
3.9339075088501	0.0023506188299507
3.9352931976318	0.0024144849739969
3.9366788864136	0.0024768665898591
3.9380645751953	0.0025376770645380
3.9394502639771	0.0025968400295824
3.9408359527588	0.0026542893610895
3.9422216415405	0.0027099617291242
3.9436073303223	0.0027637900784612
3.9449930191040	0.0028156959451735
3.9463787078857	0.0028655880596489
3.9477641582489	0.0029133679345250
3.9491498470306	0.0029589389450848
3.9505355358124	0.0030022137798369
3.9519212245941	0.0030431190971285
3.9533069133759	0.0030815913341939
3.9546926021576	0.0031175678595901
3.9560782909393	0.0031509790569544
3.9574639797211	0.0031817429699004
3.9588496685028	0.0032097701914608
3.9602353572845	0.0032349708490074
3.9616210460663	0.0032572660129517
3.9630064964294	0.0032765921205282
3.9643921852112	0.0032928991131485
3.9657778739929	0.0033061425201595
3.9671635627747	0.0033162715844810
3.9685492515564	0.0033232232090086
3.9699349403381	0.0033269235864282
3.9713206291199	0.0033272961154580
3.9727063179016	0.0033242735080421
3.9740920066833	0.0033178050071001
3.9754776954651	0.0033078596461564
3.9768633842468	0.0032944141421467
3.9782488346100	0.0032774473074824
3.9796345233917	0.0032569270115346
3.9810202121735	0.0032328106462955
3.9824059009552	0.0032050521112978
3.9837915897369	0.0031736164819449
3.9851772785187	0.0031384888570756
3.9865629673004	0.0030996773857623
3.9879486560822	0.0030572062823921
3.9893343448639	0.0030111020896584
3.9907200336456	0.0029613794758916
3.9921057224274	0.0029080379754305
3.9934911727905	0.0028510661795735
3.9948768615723	0.0027904568705708
3.9962625503540	0.0027262226212770
3.9976482391357	0.0026584048755467
3.9990339279175	0.0025870709214360
4.0004196166992	0.0025123020168394
4.0018053054810	0.0024341796524823
4.0031909942627	0.0023527711164206
4.0045766830444	0.0022681294940412
4.0059623718262	0.0021803013514727
4.0073480606079	0.0020893423352391
4.0087337493896	0.0019953295122832
4.0101194381714	0.0018983642803505
4.0115051269531	0.0017985681770369
4.0128908157349	0.0016960687935352
4.0142765045166	0.0015909891808406
4.0156617164612	0.0014834428438917
4.0170474052429	0.0013735375832766
4.0184330940247	0.0012613849248737
4.0198187828064	0.0011471097823232
4.0212044715881	0.0010308549972251
4.0225901603699	0.00091277644969523
4.0239758491516	0.00079303368693218
4.0253615379333	0.00067177892196923
4.0267472267151	0.00054915453074500
4.0281329154968	0.00042529683560133
4.0295186042786	0.00030034757219255
4.0309042930603	0.00017446459969506
4.0322899818420	4.7826124500716e-05
4.0336756706238	-7.9375749919564e-05
4.0350613594055	-0.00020694837439805
4.0364470481873	-0.00033471247297712
4.0378327369690	-0.00046250896411948
4.0392184257507	-0.00059019518084824
4.0406041145325	-0.00071763177402318
4.0419898033142	-0.00084466708358377
4.0433754920959	-0.00097112730145454
4.0447607040405	-0.0010968178976327
4.0461463928223	-0.0012215366587043
4.0475320816040	-0.0013450924307108
4.0489177703857	-0.0014673194382340
4.0503034591675	-0.0015880813589320
4.0516891479492	-0.0017072602640837
4.0530748367310	-0.0018247391562909
4.0544605255127	-0.0019403840415180
4.0558462142944	-0.0020540361292660
4.0572319030762	-0.0021655193995684
4.0586175918579	-0.0022746564354748
4.0600032806396	-0.0023812886793166
4.0613889694214	-0.0024852904025465
4.0627746582031	-0.0025865652132779
4.0641603469849	-0.0026850346475840
4.0655460357666	-0.0027806174475700
4.0669317245483	-0.0028732160571963
4.0683174133301	-0.0029627108015120
4.0697031021118	-0.0030489736236632
4.0710887908936	-0.0031318836845458
4.0724744796753	-0.0032113443594426
4.0738601684570	-0.0032872906886041
4.0752453804016	-0.0033596830908209
4.0766310691833	-0.0034284924622625
4.0780167579651	-0.0034936810843647
4.0794024467468	-0.0035551933106035
4.0807881355286	-0.0036129583604634
4.0821738243103	-0.0036669049877673
4.0835595130920	-0.0037169782444835
4.0849452018738	-0.0037631529849023
4.0863308906555	-0.0038054340984672
4.0877165794373	-0.0038438460323960
4.0891022682190	-0.0038784139323980
4.0904879570007	-0.0039091487415135
4.0918736457825	-0.0039360411465168
4.0932593345642	-0.0039590704254806
4.0946450233459	-0.0039782184176147
4.0960307121277	-0.0039934879168868
4.0974164009094	-0.0040049091912806
4.0988020896912	-0.0040125390514731
4.1001877784729	-0.0040164468809962
4.1015734672546	-0.0040166974067688
4.1029591560364	-0.0040133404545486
4.1043448448181	-0.0040064090862870
4.1057300567627	-0.0039959317073226
4.1071157455444	-0.0039819478988647
4.1085014343262	-0.0039645186625421
4.1098871231079	-0.0039437301456928
4.1112728118896	-0.0039196847938001
4.1126585006714	-0.0038924838881940
4.1140441894531	-0.0038622161373496
4.1154298782349	-0.0038289497606456
4.1168155670166	-0.0037927378434688
4.1182012557983	-0.0037536341696978
4.1195869445801	-0.0037117078900337
4.1209726333618	-0.0036670546978712
4.1223583221436	-0.0036197947338223
4.1237440109253	-0.0035700586158782
4.1251296997070	-0.0035179706756026
4.1265153884888	-0.0034636368509382
4.1279010772705	-0.0034071386326104
4.1292867660522	-0.0033485440071672
4.1306724548340	-0.0032879214268178
4.1320581436157	-0.0032253579702228
4.1334438323975	-0.0031609633006155
4.1348290443420	-0.0030948657076806
4.1362147331238	-0.0030271962750703
4.1376004219055	-0.0029580746777356
4.1389861106873	-0.0028875987045467
4.1403717994690	-0.0028158447239548
4.1417574882507	-0.0027428802568465
4.1431431770325	-0.0026687807403505
4.1445288658142	-0.0025936416350305
4.1459145545959	-0.0025175795890391
4.1473002433777	-0.0024407219607383
4.1486859321594	-0.0023631900548935
4.1500716209412	-0.0022850835230201
4.1514573097229	-0.0022064743097872
4.1528429985046	-0.0021274124737829
4.1542286872864	-0.0020479422528297
4.1556143760681	-0.0019681195262820
4.1570000648499	-0.0018880243878812
4.1583857536316	-0.0018077580025420
4.1597714424133	-0.0017274303827435
4.1611571311951	-0.0016471426934004
4.1625428199768	-0.0015669725835323
4.1639285087585	-0.0014869705773890
4.1653137207031	-0.0014071685727686
4.1666994094849	-0.0013275949750096
4.1680850982666	-0.0012482887832448
4.1694707870483	-0.0011693078558892
4.1708564758301	-0.0010907249525189
4.1722421646118	-0.0010126155102625
4.1736278533936	-0.00093504367396235
4.1750135421753	-0.00085805292474106
4.1763992309570	-0.00078166631283239
4.1777849197388	-0.00070589722599834
4.1791706085205	-0.00063076138030738
4.1805562973022	-0.00055628607515246
4.1819419860840	-0.00048251127009280
4.1833276748657	-0.00040948312380351
4.1847133636475	-0.00033724342938513
4.1860990524292	-0.00026582035934553
4.1874847412109	-0.00019522674847394
4.1888704299927	-0.00012546619109344
4.1902561187744	-5.6543176469859e-05
4.1916418075562	1.1528467439348e-05
4.1930274963379	7.8723343904130e-05
4.1944127082825	0.00014500942779705
4.1957983970642	0.00021035758254584
4.1971840858459	0.00027474970556796
4.1985697746277	0.00033818080555648
4.1999554634094	0.00040065369103104
4.2013411521912	0.00046217025374062
4.2027268409729	0.00052272353786975
4.2041125297546	0.00058229506248608
4.2054982185364	0.00064085901249200
4.2068839073181	0.00069839082425460
4.2082695960999	0.00075487536378205
4.2096552848816	0.00081030896399170
4.2110409736633	0.00086469383677468
4.2124266624451	0.00091802974930033
4.2138123512268	0.00097030500182882
4.2151980400085	0.0010214948561043
4.2165837287903	0.0010715663665906
4.2179694175720	0.0011204889742658
4.2193551063538	0.0011682434706017
4.2207407951355	0.0012148251989856
4.2221264839172	0.0012602381175384
4.2235121726990	0.0013044836232439
4.2248973846436	0.0013475500745699
4.2262830734253	0.0013894074363634
4.2276687622070	0.0014300117036328
4.2290544509888	0.0014693172415718
4.2304401397705	0.0015072894748300
4.2318258285522	0.0015439119888470
4.2332115173340	0.0015791845507920
4.2345972061157	0.0016131100710481
4.2359828948975	0.0016456812154502
4.2373685836792	0.0016768722562119
4.2387542724609	0.0017066398868337
4.2401399612427	0.0017349340487272
4.2415256500244	0.0017617109697312
4.2429113388062	0.0017869455041364
4.2442970275879	0.0018106303177774
4.2456827163696	0.0018327662255615
4.2470684051514	0.0018533477559686
4.2484540939331	0.0018723501125351
4.2498397827148	0.0018897280097008
4.2512254714966	0.0019054261501878
4.2526111602783	0.0019193951738998
4.2539963722229	0.0019316072575748
4.2553820610046	0.0019420618191361
4.2567677497864	0.0019507759716362
4.2581534385681	0.0019577671773732
4.2595391273499	0.0019630340393633
4.2609248161316	0.0019665465224534
4.2623105049133	0.0019682520069182
4.2636961936951	0.0019680906552821
4.2650818824768	0.0019660182297230
4.2664675712585	0.0019620205275714
4.2678532600403	0.0019561154767871
4.2692389488220	0.0019483391661197
4.2706246376038	0.0019387251231819
4.2720103263855	0.0019272835925221
4.2733960151672	0.0019139945507050
4.2747817039490	0.0018988150404766
4.2761673927307	0.0018816972151399
4.2775530815125	0.0018626092933118
4.2789387702942	0.0018415497615933
4.2803244590759	0.0018185485387221
4.2817101478577	0.0017936526564881
4.2830958366394	0.0017669090302661
4.2844810485840	0.0017383466474712
4.2858667373657	0.0017079710960388
4.2872524261475	0.0016757693374529
4.2886381149292	0.0016417236765847
4.2900238037109	0.0016058280598372
4.2914094924927	0.0015680971555412
4.2927951812744	0.0015285675181076
4.2941808700562	0.0014872894389555
4.2955665588379	0.0014443141408265
4.2969522476196	0.0013996839988977
4.2983379364014	0.0013534286990762
4.2997236251831	0.0013055683812127
4.3011093139648	0.0012561202747747
4.3024950027466	0.0012051084777340
4.3038806915283	0.0011525676818565
4.3052663803101	0.0010985450353473
4.3066520690918	0.0010430949041620
4.3080377578735	0.00098627351690084
4.3094234466553	0.00092813436640427
4.3108091354370	0.00086872675456107
4.3121948242188	0.00080809742212296
4.3135800361633	0.00074629427399486
4.3149657249451	0.00068336958065629
4.3163514137268	0.00061938149156049
4.3177371025085	0.00055439409334213
4.3191227912903	0.00048847420839593
4.3205084800720	0.00042168796062469
4.3218941688538	0.00035409888369031
4.3232798576355	0.00028576853219420
4.3246655464172	0.00021675950847566
4.3260512351990	0.00014713943528477
4.3274369239807	7.6983720646240e-05
4.3288226127625	6.3752413552720e-06
4.3302083015442	-6.4599626057316e-05
4.3315939903259	-0.00013585694250651
4.3329796791077	-0.00020732062694151
4.3343653678894	-0.00027892444632016
4.3357510566711	-0.00035060918889940
4.3371367454529	-0.00042231485713273
4.3385224342346	-0.00049397151451558
4.3399081230164	-0.00056549278087914
4.3412938117981	-0.00063677621074021
4.3426795005798	-0.00070771027822047
4.3440647125244	-0.00077818671707064
4.3454504013062	-0.00084811227861792
4.3468360900879	-0.00091741542564705
4.3482217788696	-0.00098604254890233
4.3496074676514	-0.0010539464419708
4.3509931564331	-0.0011210719821975
4.3523788452148	-0.0011873444309458
4.3537645339966	-0.0012526684440672
4.3551502227783	-0.0013169359881431
4.3565359115601	-0.0013800422893837
4.3579216003418	-0.0014418994542211
4.3593072891235	-0.0015024426393211
4.3606929779053	-0.0015616243472323
4.3620786666870	-0.0016194017371163
4.3634643554688	-0.0016757220728323
4.3648500442505	-0.0017305139917880
4.3662357330322	-0.0017836915794760
4.3676214218140	-0.0018351674079895
4.3690071105957	-0.0018848686013371
4.3703927993774	-0.0019327467307448
4.3717784881592	-0.0019787766505033
4.3731637001038	-0.0020229434594512
4.3745493888855	-0.0020652252715081
4.3759350776672	-0.0021055811084807
4.3773207664490	-0.0021439478732646
4.3787064552307	-0.0021802529226989
4.3800921440125	-0.0022144333925098
4.3814778327942	-0.0022464531939477
4.3828635215759	-0.0022763076703995
4.3842492103577	-0.0023040152154863
4.3856348991394	-0.0023295988794416
4.3870205879211	-0.0023530654143542
4.3884062767029	-0.0023743964266032
4.3897919654846	-0.0023935539647937
4.3911776542664	-0.0024104972835630
4.3925633430481	-0.0024252033326775
4.3939490318298	-0.0024376807268709
4.3953347206116	-0.0024479664862156
4.3967204093933	-0.0024561118334532
4.3981060981750	-0.0024621633347124
4.3994917869568	-0.0024661470670253
4.4008774757385	-0.0024680662900209
4.4022631645203	-0.0024679135531187
4.4036483764648	-0.0024656893219799
4.4050340652466	-0.0024614150170237
4.4064197540283	-0.0024551386013627
4.4078054428101	-0.0024469248019159
4.4091911315918	-0.0024368385784328
4.4105768203735	-0.0024249304551631
4.4119625091553	-0.0024112318642437
4.4133481979370	-0.0023957628291100
4.4147338867188	-0.0023785466328263
4.4161195755005	-0.0023596244864166
4.4175052642822	-0.0023390590213239
4.4188909530640	-0.0023169263731688
4.4202766418457	-0.0022933010477573
4.4216623306274	-0.0022682400885969
4.4230480194092	-0.0022417793516070
4.4244337081909	-0.0022139400243759
4.4258193969727	-0.0021847458556294
4.4272050857544	-0.0021542389877141
4.4285907745361	-0.0021224864758551
4.4299764633179	-0.0020895735360682
4.4313621520996	-0.0020555849187076
4.4327473640442	-0.0020205872133374
4.4341330528259	-0.0019846183713526
4.4355187416077	-0.0019476939924061
4.4369044303894	-0.0019098222255707
4.4382901191711	-0.0018710255390033
4.4396758079529	-0.0018313516629860
4.4410614967346	-0.0017908720765263
4.4424471855164	-0.0017496673390269
4.4438328742981	-0.0017078063683584
4.4452185630798	-0.0016653318889439
4.4466042518616	-0.0016222605481744
4.4479899406433	-0.0015785944415256
4.4493756294250	-0.0015343413688242
4.4507613182068	-0.0014895296189934
4.4521470069885	-0.0014442102983594
4.4535326957703	-0.0013984459219500
4.4549183845520	-0.0013522921362892
4.4563040733337	-0.0013057808391750
4.4576897621155	-0.0012589170364663
4.4590754508972	-0.0012116895522922
4.4604611396790	-0.0011640902375802
4.4618468284607	-0.0011161321308464
4.4632320404053	-0.0010678549297154
4.4646177291870	-0.0010193175403401
4.4660034179688	-0.00097057735547423
4.4673891067505	-0.00092167028924450
4.4687747955322	-0.00087260146392509
4.4701604843140	-0.00082335033221170
4.4715461730957	-0.00077388907084242
4.4729318618774	-0.00072420330252498
4.4743175506592	-0.00067430600756779
4.4757032394409	-0.00062423659255728
4.4770889282227	-0.00057404657127336
4.4784746170044	-0.00052377919200808
4.4798603057861	-0.00047345404163934
4.4812459945679	-0.00042306486284360
4.4826316833496	-0.00037259014789015
4.4840173721313	-0.00032201124122366
4.4854030609131	-0.00027132782270201
4.4867887496948	-0.00022056346642785
4.4881744384766	-0.00016975858306978
4.4895601272583	-0.00011895474744961
4.4909458160400	-6.8178676883690e-05
4.4923315048218	-1.7434895198676e-05
4.4937167167664	3.3289903512923e-05
4.4951024055481	8.4013103332836e-05
4.4964880943298	0.00013474070874508
4.4978737831116	0.00018545784405433
4.4992594718933	0.00023612982477061
4.5006451606750	0.00028671268955804
4.5020308494568	0.00033716729376465
4.5034165382385	0.00038746962673031
4.5048022270203	0.00043761270353571
4.5061879158020	0.00048759960918687
4.5075736045837	0.00053743243915960
4.5089592933655	0.00058710260782391
4.5103449821472	0.00063658697763458
4.5117306709290	0.00068585126427934
4.5131163597107	0.00073485745815560
4.5145020484924	0.00078357185702771
4.5158877372742	0.00083196908235550
4.5172734260559	0.00088003173004836
4.5186591148376	0.00092774559743702
4.5200448036194	0.00097509426996112
4.5214304924011	0.0010220558615401
4.5228157043457	0.0010686023160815
4.5242013931274	0.0011147018522024
4.5255870819092	0.0011603210587054
4.5269727706909	0.0012054278049618
4.5283584594727	0.0012499912409112
4.5297441482544	0.0012939824955538
4.5311298370361	0.0013373732799664
4.5325155258179	0.0013801372842863
4.5339012145996	0.0014222485478967
4.5352869033813	0.0014636814594269
4.5366725921631	0.0015044084284455
4.5380582809448	0.0015443970914930
4.5394439697266	0.0015836091479287
4.5408296585083	0.0016220017569140
4.5422153472900	0.0016595309134573
4.5436010360718	0.0016961570363492
4.5449867248535	0.0017318493919447
4.5463724136353	0.0017665852792561
4.5477581024170	0.0018003482837230
4.5491437911987	0.0018331190804020
4.5505294799805	0.0018648705445230
4.5519151687622	0.0018955658888444
4.5533003807068	0.0019251597113907
4.5546860694885	0.0019536060281098
4.5560717582703	0.0019808632787317
4.5574574470520	0.0020069011952728
4.5588431358337	0.0020316974259913
4.5602288246155	0.0020552328787744
4.5616145133972	0.0020774845033884
4.5630002021790	0.0020984220318496
4.5643858909607	0.0021180084440857
4.5657715797424	0.0021362069528550
4.5671572685242	0.0021529861260206
4.5685429573059	0.0021683268714696
4.5699286460876	0.0021822189446539
4.5713143348694	0.0021946541965008
4.5727000236511	0.0022056181915104
4.5740857124329	0.0022150836884975
4.5754714012146	0.0022230125032365
4.5768570899963	0.0022293634247035
4.5782427787781	0.0022341052535921
4.5796284675598	0.0022372226230800
4.5810141563416	0.0022387190256268
4.5823993682861	0.0022386088967323
4.5837850570679	0.0022369038779289
4.5851707458496	0.0022336011752486
4.5865564346313	0.0022286798339337
4.5879421234131	0.0022221060935408
4.5893278121948	0.0022138466592878
4.5907135009766	0.0022038826718926
4.5920991897583	0.0021922176238149
4.5934848785400	0.0021788754966110
4.5948705673218	0.0021638898178935
4.5962562561035	0.0021472880616784
4.5976419448853	0.0021290825679898
4.5990276336670	0.0021092661190778
4.6004133224487	0.0020878221839666
4.6017990112305	0.0020647384226322
4.6031847000122	0.0020400190260261
4.6045703887939	0.0020136893726885
4.6059560775757	0.0019857930019498
4.6073417663574	0.0019563785754144
4.6087274551392	0.0019254870712757
4.6101131439209	0.0018931451486424
4.6114988327026	0.0018593657296151
4.6128840446472	0.0018241566140205
4.6142697334290	0.0017875327030197
4.6156554222107	0.0017495231004432
4.6170411109924	0.0017101725097746
4.6184267997742	0.0016695342492312
4.6198124885559	0.0016276617534459
4.6211981773376	0.0015845999587327
4.6225838661194	0.0015403843717650
4.6239695549011	0.0014950463082641
4.6253552436829	0.0014486204599962
4.6267409324646	0.0014011521125212
4.6281266212463	0.0013526976108551
4.6295123100281	0.0013033199356869
4.6308979988098	0.0012530810199678
4.6322836875916	0.0012020356953144
4.6336693763733	0.0011502284323797
4.6350550651550	0.0010976991616189
4.6364407539368	0.0010444904910401
4.6378264427185	0.00099065515678376
4.6392121315002	0.00093625782756135
4.6405978202820	0.00088137149577960
4.6419830322266	0.00082606868818402
4.6433687210083	0.00077041354961693
4.6447544097900	0.00071445776848122
4.6461400985718	0.00065824436023831
4.6475257873535	0.00060181564185768
4.6489114761353	0.00054522213758901
4.6502971649170	0.00048852770123631
4.6516828536987	0.00043180721695535
4.6530685424805	0.00037513839197345
4.6544542312622	0.00031859125010669
4.6558399200439	0.00026222175802104
4.6572256088257	0.00020607259648386
4.6586112976074	0.00015018031990621
4.6599969863892	9.4585870101582e-05
4.6613826751709	3.9342703530565e-05
4.6627683639526	-1.5481982700294e-05
4.6641540527344	-6.9813781010453e-05
4.6655397415161	-0.00012358211097308
4.6669254302979	-0.00017673014372122
4.6683111190796	-0.00022921836352907
4.6696968078613	-0.00028101942734793
4.6710824966431	-0.00033210683614016
4.6724677085876	-0.00038244333700277
4.6738533973694	-0.00043197543709539
4.6752390861511	-0.00048063648864627
4.6766247749329	-0.00052835734095424
4.6780104637146	-0.00057507952442393
4.6793961524963	-0.00062076444737613
4.6807818412781	-0.00066539354156703
4.6821675300598	-0.00070895912358537
4.6835532188416	-0.00075145036680624
4.6849389076233	-0.00079284148523584
4.6863245964050	-0.00083308696048334
4.6877102851868	-0.00087212742073461
4.6890959739685	-0.00090990262106061
4.6904816627502	-0.00094636500580236
4.6918673515320	-0.00098148826509714
4.6932530403137	-0.0010152676841244
4.6946387290955	-0.0010477100731805
4.6960244178772	-0.0010788211366162
4.6974101066589	-0.0011085933074355
4.6987957954407	-0.0011370026040822
4.7001814842224	-0.0011640122393146
4.7015666961670	-0.0011895828647539
4.7029523849487	-0.0012136826990172
4.7043380737305	-0.0012362945126370
4.7057237625122	-0.0012574156280607
4.7071094512939	-0.0012770522153005
4.7084951400757	-0.0012952123070136
4.7098808288574	-0.0013118991628289
4.7112665176392	-0.0013271097559482
4.7126522064209	-0.0013408359372988
4.7140378952026	-0.0013530683936551
4.7154235839844	-0.0013638011878356
4.7168092727661	-0.0013730330392718
4.7181949615479	-0.0013807666255161
4.7195806503296	-0.0013870080001652
4.7209663391113	-0.0013917647302151
4.7223520278931	-0.0013950458960608
4.7237377166748	-0.0013968612765893
4.7251234054565	-0.0013972208835185
4.7265090942383	-0.0013961328659207
4.7278947830200	-0.0013936038594693
4.7292804718018	-0.0013896385207772
4.7306661605835	-0.0013842427870259
4.7320513725281	-0.0013774272520095
4.7334370613098	-0.0013692105421796
4.7348227500916	-0.0013596200151369
4.7362084388733	-0.0013486880343407
4.7375941276550	-0.0013364441692829
4.7389798164368	-0.0013229091418907
4.7403655052185	-0.0013080908684060
4.7417511940002	-0.0012919871369377
4.7431368827820	-0.0012745938729495
4.7445225715637	-0.0012559160823002
4.7459082603455	-0.0012359758839011
4.7472939491272	-0.0012148125097156
4.7486796379089	-0.0011924753198400
4.7500653266907	-0.0011690104147419
4.7514510154724	-0.0011444494593889
4.7528367042542	-0.0011188061907887
4.7542223930359	-0.0010920801432803
4.7556080818176	-0.0010642693378031
4.7569937705994	-0.0010353833204135
4.7583794593811	-0.0010054501472041
4.7597651481628	-0.00097451405599713
4.7611503601074	-0.00094262394122779
4.7625360488892	-0.00090982002438977
4.7639217376709	-0.00087612459901720
4.7653074264526	-0.00084154395153746
4.7666931152344	-0.00080607831478119
4.7680788040161	-0.00076973607065156
4.7694644927979	-0.00073254416929558
4.7708501815796	-0.00069454847835004
4.7722358703613	-0.00065580336377025
4.7736215591431	-0.00061635678866878
4.7750072479248	-0.00057623878819868
4.7763929367065	-0.00053545931586996
4.7777786254883	-0.00049401749856770
4.7791643142700	-0.00045191694516689
4.7805500030518	-0.00040917904698290
4.7819356918335	-0.00036584687768482
4.7833213806152	-0.00032197684049606
4.7847070693970	-0.00027762277750298
4.7860927581787	-0.00023282141773961
4.7874784469604	-0.00018758731312118
4.7888641357422	-0.00014192046364769
4.7902498245239	-9.5823044830468e-05
4.7916350364685	-4.9316164222546e-05
4.7930207252502	-2.4465643946314e-06
4.7944064140320	4.4720778532792e-05
4.7957921028137	9.2120273620822e-05
4.7971777915955	0.00013970433792565
4.7985634803772	0.00018745275156107
4.7999491691589	0.00023536737717222
4.8013348579407	0.00028345454484224
4.8027205467224	0.00033170421374962
4.8041062355042	0.00038007725379430
4.8054919242859	0.00042850783211179
4.8068776130676	0.00047691972577013
4.8082633018494	0.00052524800412357
4.8096489906311	0.00057345512323081
4.8110346794128	0.00062153162434697
4.8124203681946	0.00066948181483895
4.8138060569763	0.00071730179479346
4.8151917457581	0.00076496193651110
4.8165774345398	0.00081240327563137
4.8179631233215	0.00085954903624952
4.8193488121033	0.00090632616775110
4.8207345008850	0.00095268385484815
4.8221197128296	0.00099859863985330
4.8235054016113	0.0010440647602081
4.8248910903931	0.0010890747653320
4.8262767791748	0.0011336002498865
4.8276624679565	0.0011775859165937
4.8290481567383	0.0012209572596475
4.8304338455200	0.0012636394239962
4.8318195343018	0.0013055766467005
4.8332052230835	0.0013467399403453
4.8345909118652	0.0013871213886887
4.8359766006470	0.0014267142396420
4.8373622894287	0.0014654943952337
4.8387479782104	0.0015034108655527
4.8401336669922	0.0015403925208375
4.8415193557739	0.0015763661358505
4.8429050445557	0.0016112753655761
4.8442907333374	0.0016450919210911
4.8456764221191	0.0016778097487986
4.8470621109009	0.0017094281502068
4.8484477996826	0.0017399298958480
4.8498334884644	0.0017692709807307
4.8512187004089	0.0017973838839680
4.8526043891907	0.0018241965444759
4.8539900779724	0.0018496527336538
4.8553757667542	0.0018737259088084
4.8567614555359	0.0018964165356010
4.8581471443176	0.0019177335780114
4.8595328330994	0.0019376738928258
4.8609185218811	0.0019562067463994
4.8623042106628	0.0019732760265470
4.8636898994446	0.0019888170063496
4.8650755882263	0.0020027782302350
4.8664612770081	0.0020151394419372
4.8678469657898	0.0020259115844965
4.8692326545715	0.0020351198036224
4.8706183433533	0.0020427801646292
4.8720040321350	0.0020488800946623
4.8733897209167	0.0020533765200526
4.8747754096985	0.0020562112331390
4.8761610984802	0.0020573362708092
4.8775467872620	0.0020567351020873
4.8789324760437	0.0020544279832393
4.8803181648254	0.0020504584535956
4.8817033767700	0.0020448695868254
4.8830890655518	0.0020376800093800
4.8844747543335	0.0020288748200983
4.8858604431152	0.0020184153690934
4.8872461318970	0.0020062620751560
4.8886318206787	0.0019923986401409
4.8900175094604	0.0019768434576690
4.8914031982422	0.0019596442580223
4.8927888870239	0.0019408575026318
4.8941745758057	0.0019205252174288
4.8955602645874	0.0018986617214978
4.8969459533691	0.0018752573523670
4.8983316421509	0.0018502962775528
4.8997173309326	0.0018237790791318
4.9011030197144	0.0017957370728254
4.9024887084961	0.0017662281170487
4.9038743972778	0.0017353214789182
4.9052600860596	0.0017030745511875
4.9066457748413	0.0016695186495781
4.9080314636230	0.0016346606425941
4.9094171524048	0.0015984971541911
4.9108023643494	0.0015610358677804
4.9121880531311	0.0015223112422973
4.9135737419128	0.0014823856763542
4.9149594306946	0.0014413353055716
4.9163451194763	0.0013992316089571
4.9177308082581	0.0013561244122684
4.9191164970398	0.0013120407238603
4.9205021858215	0.0012669950956479
4.9218878746033	0.0012210084823892
4.9232735633850	0.0011741234920919
4.9246592521667	0.0011264074128121
4.9260449409485	0.0010779416188598
4.9274306297302	0.0010288037592545
4.9288163185120	0.00097905308939517
4.9302020072937	0.00092872569803149
4.9315876960754	0.00087784539209679
4.9329733848572	0.00082643941277638
4.9343590736389	0.00077455322025344
4.9357447624207	0.00072225352050737
4.9371304512024	0.00066961970878765
4.9385161399841	0.00061672762967646
4.9399018287659	0.00056363572366536
4.9412870407104	0.00051038071978837
4.9426727294922	0.00045698648318648
4.9440584182739	0.00040348060429096
4.9454441070557	0.00034990947460756
4.9468297958374	0.00029634335078299
4.9482154846191	0.00024286772531923
4.9496011734009	0.00018956622807309
4.9509868621826	0.00013650374603458
4.9523725509644	8.3719074609689e-05
4.9537582397461	3.1231254979502e-05
4.9551439285278	-2.0944364223396e-05
4.9565296173096	-7.2779090260155e-05
4.9579153060913	-0.00012422172585502
4.9593009948730	-0.00017520210531075
4.9606866836548	-0.00022564473329112
4.9620723724365	-0.00027548545040190
4.9634580612183	-0.00032468125573359
4.9648437500000	-0.00037320808041841
4.9662294387817	-0.00042104881140403
4.9676151275635	-0.00046817859401926
4.9690008163452	-0.00051455525681376
4.9703860282898	-0.00056012097047642
4.9717717170715	-0.00060481339460239
4.9731574058533	-0.00064858107361943
4.9745430946350	-0.00069139304105192
4.9759287834167	-0.00073323852848262
4.9773144721985	-0.00077411608071998
4.9787001609802	-0.00081401795614511
4.9800858497620	-0.00085291912546381
4.9814715385437	-0.00089077447773889
4.9828572273254	-0.00092752691125497
4.9842429161072	-0.00096312206005678
4.9856286048889	-0.00099752133246511
4.9870142936707	-0.0010307073825970
4.9883999824524	-0.0010626813163981
4.9897856712341	-0.0010934515157714
4.9911713600159	-0.0011230226373300
4.9925570487976	-0.0011513882782310
4.9939427375793	-0.0011785295791924
4.9953284263611	-0.0012044202303514
4.9967141151428	-0.0012290342710912
4.9980998039246	-0.0012523507466540
4.9994854927063	-0.0012743572006002
5.0008707046509	-0.0012950481614098
5.0022563934326	-0.0013144230470061
5.0036420822144	-0.0013324848841876
5.0050277709961	-0.0013492392608896
5.0064134597778	-0.0013646930456161
5.0077991485596	-0.0013788529904559
5.0091848373413	-0.0013917228206992
5.0105705261230	-0.0014033017214388
5.0119562149048	-0.0014135836390778
5.0133419036865	-0.0014225619379431
5.0147275924683	-0.0014302348718047
5.0161132812500	-0.0014366109389812
5.0174989700317	-0.0014417098136619
5.0188846588135	-0.0014455575728789
5.0202703475952	-0.0014481778489426
5.0216560363770	-0.0014495842624456
5.0230417251587	-0.0014497773954645
5.0244274139404	-0.0014487494481727
5.0258131027222	-0.0014464948326349
5.0271987915039	-0.0014430218143389
5.0285844802856	-0.0014383582165465
5.0299696922302	-0.0014325488591567
5.0313553810120	-0.0014256424037740
5.0327410697937	-0.0014176763361320
5.0341267585754	-0.0014086674200371
5.0355124473572	-0.0013986119301990
5.0368981361389	-0.0013874975265935
5.0382838249207	-0.0013753203675151
5.0396695137024	-0.0013620975660160
5.0410552024841	-0.0013478702167049
5.0424408912659	-0.0013326932676136
5.0438265800476	-0.0013166184071451
5.0452122688293	-0.0012996790464967
5.0465979576111	-0.0012818840332329
5.0479836463928	-0.0012632249854505
5.0493693351746	-0.0012436937540770
5.0507550239563	-0.0012232981389388
5.0521407127380	-0.0012020720168948
5.0535264015198	-0.0011800699867308
5.0549120903015	-0.0011573513038456
5.0562977790833	-0.0011339609045535
5.0576834678650	-0.0011099189287052
5.0590691566467	-0.0010852222330868
5.0604543685913	-0.0010598595254123
5.0618400573730	-0.0010338296415284
5.0632257461548	-0.0010071552824229
5.0646114349365	-0.00097988417837769
5.0659971237183	-0.00095207744743675
5.0673828125000	-0.00092379079433158
5.0687685012817	-0.00089505931828171
5.0701541900635	-0.00086589227430522
5.0715398788452	-0.00083628227002919
5.0729255676270	-0.00080622162204236
5.0743112564087	-0.00077571795554832
5.0756969451904	-0.00074480113107711
5.0770826339722	-0.00071351829683408
5.0784683227539	-0.00068192032631487
5.0798540115356	-0.00065004650969058
5.0812397003174	-0.00061791704501957
5.0826253890991	-0.00058553594863042
5.0840110778809	-0.00055290281306952
5.0853967666626	-0.00052002625307068
5.0867824554443	-0.00048693086137064
5.0881681442261	-0.00045365607365966
5.0895533561707	-0.00042024673894048
5.0909390449524	-0.00038674098323099
5.0923247337341	-0.00035316191497259
5.0937104225159	-0.00031951806158759
5.0950961112976	-0.00028581157675944
5.0964818000793	-0.00025204909616150
5.0978674888611	-0.00021824988652952
5.0992531776428	-0.00018444680608809
5.1006388664246	-0.00015068026550580
5.1020245552063	-0.00011698891466949
5.1034102439880	-8.3402017480694e-05
5.1047959327698	-4.9937265430344e-05
5.1061816215515	-1.6605055861874e-05
5.1075673103333	1.6584486729698e-05
5.1089529991150	4.9615427997196e-05
5.1103386878967	8.2463913713582e-05
5.1117243766785	0.00011510067270137
5.1131100654602	0.00014749585534446
5.1144957542419	0.00017962294805329
5.1158814430237	0.00021145935170352
5.1172671318054	0.00024298464995809
5.1186528205872	0.00027417798992246
5.1200380325317	0.00030501640867442
5.1214237213135	0.00033547537168488
5.1228094100952	0.00036553078098223
5.1241950988770	0.00039516098331660
5.1255807876587	0.00042434685747139
5.1269664764404	0.00045306928222999
5.1283521652222	0.00048130552750081
5.1297378540039	0.00050902774091810
5.1311235427856	0.00053620460676029
5.1325092315674	0.00056280556600541
5.1338949203491	0.00058880617143586
5.1352806091309	0.00061418989207596
5.1366662979126	0.00063894601771608
5.1380519866943	0.00066306383814663
5.1394376754761	0.00068652589106932
5.1408233642578	0.00070930505171418
5.1422090530396	0.00073136668652296
5.1435947418213	0.00075267622014508
5.1449804306030	0.00077320705167949
5.1463661193848	0.00079294544411823
5.1477518081665	0.00081188889453188
5.1491370201111	0.00083003705367446
5.1505227088928	0.00084738200530410
5.1519083976746	0.00086390110664070
5.1532940864563	0.00087955751223490
5.1546797752380	0.00089430890511721
5.1560654640198	0.00090811983682215
5.1574511528015	0.00092097051674500
5.1588368415833	0.00093285902403295
5.1602225303650	0.00094379403162748
5.1616082191467	0.00095378310652450
5.1629939079285	0.00096282066078857
5.1643795967102	0.00097088457550853
5.1657652854919	0.00097794202156365
5.1671509742737	0.00098396127577871
5.1685366630554	0.00098892324604094
5.1699223518372	0.00099282769951969
5.1713080406189	0.00099568790756166
5.1726937294006	0.00099752051755786
5.1740794181824	0.00099833204876631
5.1754651069641	0.00099811179097742
5.1768507957458	0.00099683494772762
5.1782364845276	0.00099447218235582
5.1796216964722	0.00099100416991860
5.1810073852539	0.00098643032833934
5.1823930740356	0.00098076846916229
5.1837787628174	0.00097404600819573
5.1851644515991	0.00096628669416532
5.1865501403809	0.00095749902538955
5.1879358291626	0.00094767427071929
5.1893215179443	0.00093679362908006
5.1907072067261	0.00092484120978042
5.1920928955078	0.00091181561583653
5.1934785842896	0.00089773448416963
5.1948642730713	0.00088263023644686
5.1962499618530	0.00086653867037967
5.1976356506348	0.00084948755102232
5.1990213394165	0.00083149014972150
5.2004070281982	0.00081254594260827
5.2017927169800	0.00079264992382377
5.2031784057617	0.00077180308289826
5.2045640945435	0.00075001979712397
5.2059497833252	0.00072732823900878
5.2073354721069	0.00070376496296376
5.2087211608887	0.00067936640698463
5.2101063728333	0.00065416237339377
5.2114920616150	0.00062817364232615
5.2128777503967	0.00060141610447317
5.2142634391785	0.00057390681467950
5.2156491279602	0.00054566969629377
5.2170348167419	0.00051673757843673
5.2184205055237	0.00048714905278757
5.2198061943054	0.00045694317668676
5.2211918830872	0.00042615417623892
5.2225775718689	0.00039480917621404
5.2239632606506	0.00036292991717346
5.2253489494324	0.00033053744118661
5.2267346382141	0.00029765773797408
5.2281203269958	0.00026432459708303
5.2295060157776	0.00023057904036250
5.2308917045593	0.00019646630971693
5.2322773933411	0.00016203154518735
5.2336630821228	0.00012731589959003
5.2350487709045	9.2354282969609e-05
5.2364344596863	5.7175580877811e-05
5.2378201484680	2.1805530195707e-05
5.2392053604126	-1.3728982594330e-05
5.2405910491943	-4.9396461690776e-05
5.2419767379761	-8.5158921137918e-05
5.2433624267578	-0.00012097169383196
5.2447481155396	-0.00015678566705901
5.2461338043213	-0.00019255175720900
5.2475194931030	-0.00022822615574114
5.2489051818848	-0.00026377427275293
5.2502908706665	-0.00029917163192295
5.2516765594482	-0.00033440097467974
5.2530622482300	-0.00036944553721696
5.2544479370117	-0.00040428119245917
5.2558336257935	-0.00043887106585316
5.2572193145752	-0.00047316556447186
5.2586050033569	-0.00050710816867650
5.2599906921387	-0.00054064532741904
5.2613763809204	-0.00057373574236408
5.2627620697021	-0.00060635519912466
5.2641477584839	-0.00063849426805973
5.2655334472656	-0.00067014916567132
5.2669191360474	-0.00070131057873368
5.2683048248291	-0.00073195435106754
5.2696900367737	-0.00076203967910260
5.2710757255554	-0.00079151598038152
5.2724614143372	-0.00082033453509212
5.2738471031189	-0.00084846006939188
5.2752327919006	-0.00087587640155107
5.2766184806824	-0.00090258271666244
5.2780041694641	-0.00092858436983079
5.2793898582458	-0.00095387955661863
5.2807755470276	-0.00097845098935068
5.2821612358093	-0.0010022651404142
5.2835469245911	-0.0010252802167088
5.2849326133728	-0.0010474574519321
5.2863183021545	-0.0010687719332054
5.2877039909363	-0.0010892155114561
5.2890896797180	-0.0011087928432971
5.2904753684998	-0.0011275117285550
5.2918610572815	-0.0011453740298748
5.2932467460632	-0.0011623702012002
5.2946324348450	-0.0011784808011726
5.2960181236267	-0.0011936834780499
5.2974038124084	-0.0012079610023648
5.2987890243530	-0.0012213070876896
5.3001747131348	-0.0012337259249762
5.3015604019165	-0.0012452271766961
5.3029460906982	-0.0012558178277686
5.3043317794800	-0.0012654965976253
5.3057174682617	-0.0012742539402097
5.3071031570435	-0.0012820764677599
5.3084888458252	-0.0012889547506347
5.3098745346069	-0.0012948886724189
5.3112602233887	-0.0012998881284148
5.3126459121704	-0.0013039710465819
5.3140316009521	-0.0013071557041258
5.3154172897339	-0.0013094550231472
5.3168029785156	-0.0013108738930896
5.3181886672974	-0.0013114094035700
5.3195743560791	-0.0013110556174070
5.3209600448608	-0.0013098086928949
5.3223457336426	-0.0013076706090942
5.3237314224243	-0.0013046509120613
5.3251171112061	-0.0013007654342800
5.3265027999878	-0.0012960328022018
5.3278884887695	-0.0012904726900160
5.3292737007141	-0.0012841031420976
5.3306593894958	-0.0012769404565915
5.3320450782776	-0.0012689984869212
5.3334307670593	-0.0012602886417881
5.3348164558411	-0.0012508200015873
5.3362021446228	-0.0012406003661454
5.3375878334045	-0.0012296378845349
5.3389735221863	-0.0012179418699816
5.3403592109680	-0.0012055254774168
5.3417448997498	-0.0011924060527235
5.3431305885315	-0.0011786051327363
5.3445162773132	-0.0011641462333500
5.3459019660950	-0.0011490525212139
5.3472876548767	-0.0011333443690091
5.3486733436584	-0.0011170393554494
5.3500590324402	-0.0011001524981111
5.3514447212219	-0.0010826970683411
5.3528304100037	-0.0010646866867319
5.3542160987854	-0.0010461355559528
5.3556017875671	-0.0010270579950884
5.3569874763489	-0.0010074685560539
5.3583726882935	-0.00098738179076463
5.3597583770752	-0.00096681417198852
5.3611440658569	-0.00094578514108434
5.3625297546387	-0.00092431809753180
5.3639154434204	-0.00090243894373998
5.3653011322021	-0.00088017375674099
5.3666868209839	-0.00085754471365362
5.3680725097656	-0.00083456782158464
5.3694581985474	-0.00081125349970534
5.3708438873291	-0.00078760914038867
5.3722295761108	-0.00076364481355995
5.3736152648926	-0.00073937623528764
5.3750009536743	-0.00071482581552118
5.3763866424561	-0.00069002015516162
5.3777723312378	-0.00066498509841040
5.3791580200195	-0.00063974078511819
5.3805437088013	-0.00061429996276274
5.3819293975830	-0.00058867037296295
5.3833150863647	-0.00056285934988409
5.3847007751465	-0.00053687911713496
5.3860864639282	-0.00051074911607429
5.3874721527100	-0.00048449437599629
5.3888573646545	-0.00045814079931006
5.3902430534363	-0.00043170948629268
5.3916287422180	-0.00040521332994103
5.3930144309998	-0.00037865899503231
5.3944001197815	-0.00035205227322876
5.3957858085632	-0.00032540471875109
5.3971714973450	-0.00029873644234613
5.3985571861267	-0.00027207419043407
5.3999428749084	-0.00024544534971938
5.4013285636902	-0.00021887038019486
5.4027142524719	-0.00019235778017901
5.4040999412537	-0.00016590501763858
5.4054856300354	-0.00013950574793853
5.4068713188171	-0.00011315976007609
5.4082570075989	-8.6880536400713e-05
5.4096426963806	-6.0697206208715e-05
5.4110283851624	-3.4648968721740e-05
5.4124140739441	-8.7745493146940e-06
5.4137997627258	1.6898604371818e-05
5.4151854515076	4.2359795770608e-05
5.4165711402893	6.7612971179187e-05
5.4179563522339	9.2668233264703e-05
5.4193420410156	0.00011753133003367
5.4207277297974	0.00014219600416254
5.4221134185791	0.00016664202848915
5.4234991073608	0.00019083963707089
5.4248847961426	0.00021475789253600
5.4262704849243	0.00023837279877625
5.4276561737061	0.00026167041505687
5.4290418624878	0.00028464480419643
5.4304275512695	0.00030729165882803
5.4318132400513	0.00032960285898298
5.4331989288330	0.00035156376543455
5.4345846176147	0.00037315464578569
5.4359703063965	0.00039435515645891
5.4373559951782	0.00041514882468618
5.4387416839600	0.00043552499846555
5.4401273727417	0.00045547715853900
5.4415130615234	0.00047499843640253
5.4428987503052	0.00049407721962780
5.4442844390869	0.00051269505638629
5.4456701278687	0.00053082878002897
5.4470558166504	0.00054845516569912
5.4484410285950	0.00056555558694527
5.4498267173767	0.00058211886789650
5.4512124061584	0.00059813953703269
5.4525980949402	0.00061361398547888
5.4539837837219	0.00062853528652340
5.4553694725037	0.00064289016881958
5.4567551612854	0.00065665988950059
5.4581408500671	0.00066982349380851
5.4595265388489	0.00068236235529184
5.4609122276306	0.00069426401751116
5.4622979164124	0.00070552312536165
5.4636836051941	0.00071613915497437
5.4650692939758	0.00072611123323441
5.4664549827576	0.00073543417965993
5.4678406715393	0.00074409565422684
5.4692263603210	0.00075207737972960
5.4706120491028	0.00075935851782560
5.4719977378845	0.00076592067489401
5.4733834266663	0.00077175209298730
5.4747691154480	0.00077684922143817
5.4761548042297	0.00078121485421434
5.4775400161743	0.00078485498670489
5.4789257049561	0.00078777305316180
5.4803113937378	0.00078996649244800
5.4816970825195	0.00079142546746880
5.4830827713013	0.00079213501885533
5.4844684600830	0.00079207977978513
5.4858541488647	0.00079125014599413
5.4872398376465	0.00078964617569000
5.4886255264282	0.00078727834625170
5.4900112152100	0.00078416441101581
5.4913969039917	0.00078032218152657
5.4927825927734	0.00077576213516295
5.4941682815552	0.00077048264211044
5.4955539703369	0.00076447054743767
5.4969396591187	0.00075770728290081
5.4983253479004	0.00075017911149189
5.4997110366821	0.00074188585858792
5.5010967254639	0.00073284492827952
5.5024824142456	0.00072308757808059
5.5038681030273	0.00071264908183366
5.5052537918091	0.00070155679713935
5.5066394805908	0.00068982166703790
5.5080246925354	0.00067743728868663
5.5094103813171	0.00066438672365621
5.5107960700989	0.00065065542003140
5.5121817588806	0.00063624430913478
5.5135674476624	0.00062117527704686
5.5149531364441	0.00060548784676939
5.5163388252258	0.00058922771131620
5.5177245140076	0.00057243235642090
5.5191102027893	0.00055512099061161
5.5204958915710	0.00053729349747300
5.5218815803528	0.00051893922500312
5.5232672691345	0.00050005072262138
5.5246529579163	0.00048063564463519
5.5260386466980	0.00046072195982561
5.5274243354797	0.00044035245082341
5.5288100242615	0.00041957304347306
5.5301957130432	0.00039841953548603
5.5315814018250	0.00037691128090955
5.5329670906067	0.00035505363484845
5.5343527793884	0.00033284752862528
5.5357384681702	0.00031030131503940
5.5371241569519	0.00028743827715516
5.5385093688965	0.00026429689023644
5.5398950576782	0.00024092203238979
5.5412807464600	0.00021735331392847
5.5426664352417	0.00019361649174243
5.5440521240234	0.00016972201410681
5.5454378128052	0.00014567158359569
5.5468235015869	0.00012146906374255
5.5482091903687	9.7130185167771e-05
5.5495948791504	7.2685841587372e-05
5.5509805679321	4.8177560529439e-05
5.5523662567139	2.3647971829632e-05
5.5537519454956	-8.6838008428458e-07
5.5551376342773	-2.5349276256748e-05
5.5565233230591	-4.9782232963480e-05
5.5579090118408	-7.4156952905469e-05
5.5592947006226	-9.8457043350209e-05
5.5606803894043	-0.00012265591067262
5.5620660781860	-0.00014671936514787
5.5634517669678	-0.00017061308608390
5.5648374557495	-0.00019431042892393
5.5662231445312	-0.00021779588132631
5.5676083564758	-0.00024106215278152
5.5689940452576	-0.00026410230202600
5.5703797340393	-0.00028690116596408
5.5717654228210	-0.00030943148885854
5.5731511116028	-0.00033165674540214
5.5745368003845	-0.00035353918792680
5.5759224891663	-0.00037504907231778
5.5773081779480	-0.00039616972208023
5.5786938667297	-0.00041689589852467
5.5800795555115	-0.00043722655391321
5.5814652442932	-0.00045715592568740
5.5828509330750	-0.00047666725004092
5.5842366218567	-0.00049573276191950
5.5856223106384	-0.00051432062173262
5.5870079994202	-0.00053240370471030
5.5883936882019	-0.00054996600374579
5.5897793769836	-0.00056700361892581
5.5911650657654	-0.00058351858751848
5.5925507545471	-0.00059951050207019
5.5939364433289	-0.00061496964190155
5.5953221321106	-0.00062987551791593
5.5967078208923	-0.00064420123817399
5.5980930328369	-0.00065792183158919
5.5994787216187	-0.00067102198954672
5.6008644104004	-0.00068349880166352
5.6022500991821	-0.00069535808870569
5.6036357879639	-0.00070660654455423
5.6050214767456	-0.00071724381996319
5.6064071655273	-0.00072725943755358
5.6077928543091	-0.00073663546936586
5.6091785430908	-0.00074535323074088
5.6105642318726	-0.00075339991599321
5.6119499206543	-0.00076077220728621
5.6133356094360	-0.00076747464481741
5.6147212982178	-0.00077351398067549
5.6161069869995	-0.00077889300882816
5.6174926757812	-0.00078360730549321
5.6188783645630	-0.00078764767386019
5.6202640533447	-0.00079100509174168
5.6216497421265	-0.00079367682337761
5.6230354309082	-0.00079566781641915
5.6244211196899	-0.00079698907211423
5.6258068084717	-0.00079765141708776
5.6271920204163	-0.00079765991540626
5.6285777091980	-0.00079701130744070
5.6299633979797	-0.00079569692024961
5.6313490867615	-0.00079370848834515
5.6327347755432	-0.00079104461474344
5.6341204643250	-0.00078771373955533
5.6355061531067	-0.00078373239375651
5.6368918418884	-0.00077911914559081
5.6382775306702	-0.00077388796489686
5.6396632194519	-0.00076804368291050
5.6410489082336	-0.00076158292358741
5.6424345970154	-0.00075449957512319
5.6438202857971	-0.00074679160024971
5.6452059745789	-0.00073846534360200
5.6465916633606	-0.00072953558992594
5.6479773521423	-0.00072002102388069
5.6493630409241	-0.00070993765257299
5.6507487297058	-0.00069929473102093
5.6521344184875	-0.00068809458753094
5.6535201072693	-0.00067633664002642
5.6549057960510	-0.00066402374068275
5.6562914848328	-0.00065116636687890
5.6576766967773	-0.00063778215553612
5.6590623855591	-0.00062389241065830
5.6604480743408	-0.00060951657360420
5.6618337631226	-0.00059466692619026
5.6632194519043	-0.00057934812502936
5.6646051406860	-0.00056356110144407
5.6659908294678	-0.00054730882402509
5.6673765182495	-0.00053060112986714
5.6687622070312	-0.00051345489919186
5.6701478958130	-0.00049589067930356
5.6715335845947	-0.00047792764962651
5.6729192733765	-0.00045957934344187
5.6743049621582	-0.00044085289118811
5.6756906509399	-0.00042175219277851
5.6770763397217	-0.00040228312718682
5.6784620285034	-0.00038245768519118
5.6798477172852	-0.00036229487159289
5.6812334060669	-0.00034181788214482
5.6826190948486	-0.00032104918500409
5.6840047836304	-0.00030000641709194
5.6853904724121	-0.00027870145277120
5.6867756843567	-0.00025714313960634
5.6881613731384	-0.00023534192587249
5.6895470619202	-0.00021331323659979
5.6909327507019	-0.00019107728439849
5.6923184394836	-0.00016865543148015
5.6937041282654	-0.00014606508193538
5.6950898170471	-0.00012331646576058
5.6964755058289	-0.00010041316272691
5.6978611946106	-7.7357297413982e-05
5.6992468833923	-5.4156695114216e-05
5.7006325721741	-3.0830062314635e-05
5.7020182609558	-7.4068611866096e-06
5.7034039497375	1.6078725820989e-05
5.7047896385193	3.9596499846084e-05
5.7061753273010	6.3127132307272e-05
5.7075610160828	8.6663880210835e-05
5.7089467048645	0.00011020820238627
5.7103323936462	0.00013376126298681
5.7117180824280	0.00015731506573502
5.7131037712097	0.00018084816110786
5.7144894599915	0.00020432841847651
5.7158751487732	0.00022772095690016
5.7172603607178	0.00025099719641730
5.7186460494995	0.00027414032956585
5.7200317382812	0.00029714428819716
5.7214174270630	0.00032000790815800
5.7228031158447	0.00034272737684660
5.7241888046265	0.00036529020871967
5.7255744934082	0.00038767457590438
5.7269601821899	0.00040985309169628
5.7283458709717	0.00043179930071346
5.7297315597534	0.00045349218999036
5.7311172485352	0.00047491607256234
5.7325029373169	0.00049605761887506
5.7338886260986	0.00051690102554858
5.7352743148804	0.00053742533782497
5.7366600036621	0.00055760605027899
5.7380456924438	0.00057742116041481
5.7394313812256	0.00059685669839382
5.7408170700073	0.00061590934637934
5.7422027587891	0.00063458352815360
5.7435884475708	0.00065288296900690
5.7449741363525	0.00067080114968121
5.7463593482971	0.00068831583485007
5.7477450370789	0.00070539081934839
5.7491307258606	0.00072198442649096
5.7505164146423	0.00073806126601994
5.7519021034241	0.00075360143091530
5.7532877922058	0.00076860352419317
5.7546734809875	0.00078307912917808
5.7560591697693	0.00079704163363203
5.7574448585510	0.00081049511209130
5.7588305473328	0.00082342838868499
5.7602162361145	0.00083581585204229
5.7616019248962	0.00084762554615736
5.7629876136780	0.00085882958956063
5.7643733024597	0.00086941116023809
5.7657589912415	0.00087936501950026
5.7671446800232	0.00088869326282293
5.7685303688049	0.00089739769464359
5.7699160575867	0.00090547383297235
5.7713017463684	0.00091290986165404
5.7726874351501	0.00091969023924321
5.7740731239319	0.00092580268392339
5.7754588127136	0.00093124184058979
5.7768440246582	0.00093600904801860
5.7782297134399	0.00094010954489931
5.7796154022217	0.00094354612519965
5.7810010910034	0.00094631518004462
5.7823867797852	0.00094840588280931
5.7837724685669	0.00094980397261679
5.7851581573486	0.00095049815718085
5.7865438461304	0.00095048540970311
5.7879295349121	0.00094977108528838
5.7893152236938	0.00094836542848498
5.7907009124756	0.00094627763610333
5.7920866012573	0.00094351090956479
5.7934722900391	0.00094006175640970
5.7948579788208	0.00093592377379537
5.7962436676025	0.00093109277077019
5.7976293563843	0.00092557200696319
5.7990150451660	0.00091937388060614
5.8004007339478	0.00091251614503562
5.8017864227295	0.00090501556405798
5.8031721115112	0.00089688238222152
5.8045578002930	0.00088811735622585
5.8059430122375	0.00087871402502060
5.8073287010193	0.00086866470519453
5.8087143898010	0.00085796730127186
5.8101000785828	0.00084663031157106
5.8114857673645	0.00083467282820493
5.8128714561462	0.00082212028792128
5.8142571449280	0.00080899812746793
5.8156428337097	0.00079532794188708
5.8170285224915	0.00078112498158589
5.8184142112732	0.00076639902545139
5.8197999000549	0.00075115711661056
5.8211855888367	0.00073540519224480
5.8225712776184	0.00071915052831173
5.8239569664001	0.00070240313652903
5.8253426551819	0.00068517611362040
5.8267283439636	0.00066748645622283
5.8281140327454	0.00064935535192490
5.8294997215271	0.00063080800464377
5.8308854103088	0.00061187194660306
5.8322710990906	0.00059257331304252
5.8336567878723	0.00057293247664347
5.8350424766541	0.00055296224309132
5.8364276885986	0.00053266907343641
5.8378133773804	0.00051205843919888
5.8391990661621	0.00049114169087261
5.8405847549438	0.00046994074364193
5.8419704437256	0.00044848848483525
5.8433561325073	0.00042682382627390
5.8447418212891	0.00040498294401914
5.8461275100708	0.00038299080915749
5.8475131988525	0.00036085795727558
5.8488988876343	0.00033858398091979
5.8502845764160	0.00031616695923731
5.8516702651978	0.00029361477936618
5.8530559539795	0.00027095203404315
5.8544416427612	0.00024821955594234
5.8558273315430	0.00022546571562998
5.8572130203247	0.00020273377595004
5.8585987091064	0.00018005153106060
5.8599843978882	0.00015742848336231
5.8613700866699	0.00013486182433553
5.8627557754517	0.00011234807607252
5.8641414642334	8.9894849224947e-05
5.8655271530151	6.7526561906561e-05
5.8669123649597	4.5281361963134e-05
5.8682980537415	2.3200591385830e-05
5.8696837425232	1.3163949006412e-06
5.8710694313049	-2.0356128516141e-05
5.8724551200867	-4.1817824239843e-05
5.8738408088684	-6.3075887737796e-05
5.8752264976501	-8.4130508184899e-05
5.8766121864319	-0.00010496479080757
5.8779978752136	-0.00012554328714032
5.8793835639954	-0.00014581979485229
5.8807692527771	-0.00016575019981246
5.8821549415588	-0.00018530432134867
5.8835406303406	-0.00020447153656278
5.8849263191223	-0.00022325782629196
5.8863120079041	-0.00024167573428713
5.8876976966858	-0.00025973282754421
5.8890833854675	-0.00027742356178351
5.8904690742493	-0.00029472849564627
5.8918547630310	-0.00031162018422037
5.8932404518127	-0.00032807159004733
5.8946261405945	-0.00034406298073009
5.8960113525391	-0.00035958408261649
5.8973970413208	-0.00037463044282049
5.8987827301025	-0.00038919725921005
5.9001684188843	-0.00040327507304028
5.9015541076660	-0.00041684976895340
5.9029397964478	-0.00042990589281544
5.9043254852295	-0.00044243157026358
5.9057111740112	-0.00045442127157003
5.9070968627930	-0.00046587586984970
5.9084825515747	-0.00047679847921245
5.9098682403564	-0.00048718915786594
5.9112539291382	-0.00049704167759046
5.9126396179199	-0.00050634407671168
5.9140253067017	-0.00051508238539100
5.9154109954834	-0.00052324571879581
5.9167966842651	-0.00053082988597453
5.9181823730469	-0.00053783680777997
5.9195680618286	-0.00054427137365565
5.9209537506104	-0.00055013678502291
5.9223394393921	-0.00055543176131323
5.9237251281738	-0.00056015077279881
5.9251108169556	-0.00056428747484460
5.9264960289001	-0.00056783843319863
5.9278817176819	-0.00057080510305241
5.9292674064636	-0.00057319266488776
5.9306530952454	-0.00057500676484779
5.9320387840271	-0.00057625008048490
5.9334244728088	-0.00057692115660757
5.9348101615906	-0.00057701655896381
5.9361958503723	-0.00057653523981571
5.9375815391541	-0.00057548226322979
5.9389672279358	-0.00057386851403862
5.9403529167175	-0.00057170662330464
5.9417386054993	-0.00056900468189269
5.9431242942810	-0.00056576239876449
5.9445099830627	-0.00056197104277089
5.9458956718445	-0.00055761984549463
5.9472813606262	-0.00055270403390750
5.9486670494080	-0.00054723222274333
5.9500527381897	-0.00054122728761286
5.9514384269714	-0.00053471996216103
5.9528241157532	-0.00052773760398850
5.9542098045349	-0.00052029406651855
5.9555950164795	-0.00051238585729152
5.9569807052612	-0.00050399720203131
5.9583663940430	-0.00049511110410094
5.9597520828247	-0.00048572212108411
5.9611377716064	-0.00047584334970452
5.9625234603882	-0.00046550360275432
5.9639091491699	-0.00045473661157303
5.9652948379517	-0.00044356792932376
5.9666805267334	-0.00043200654909015
5.9680662155151	-0.00042004609713331
5.9694519042969	-0.00040767469909042
5.9708375930786	-0.00039488903712481
5.9722232818604	-0.00038170372135937
5.9736089706421	-0.00036815056228079
5.9749946594238	-0.00035426768590696
5.9763803482056	-0.00034008367219940
5.9777660369873	-0.00032560588442720
5.9791517257690	-0.00031081933411770
5.9805374145508	-0.00029569846810773
5.9819231033325	-0.00028022672631778
5.9833087921143	-0.00026441298541613
5.9846944808960	-0.00024829644826241
5.9860796928406	-0.00023193644301500
5.9874653816223	-0.00021539107547142
5.9888510704041	-0.00019869535753969
5.9902367591858	-0.00018184965301771
5.9916224479675	-0.00016482453793287
5.9930081367493	-0.00014758056204300
5.9943938255310	-0.00013009303074796
5.9957795143127	-0.00011237020953558
5.9971652030945	-9.4456067017745e-05
5.9985508918762	-7.6415708463173e-05
