#Parameters = {L=90; W=90; d=0.8; d_antenna=50; gap=50; gap_volt_1=50; height_plate=120; my_die=5; r_aperature=10; t=0.035; t_bone=16; t_fat=10; t_muscle=20; t_plate=1; t_skin=2; voltage_monitor1=40; voltage_monitor2=200; width_plate=120}
#"Time / ns"	"o1,1 [Real / W^(1/2)]"
#-----------------------------------
0.0000000000000	0.0000000000000
0.0013856666628271	9.2487819576539e-22
0.0027713333256543	9.9561300296215e-21
0.0041569997556508	2.8212872103371e-20
0.0055426666513085	4.3410176821667e-20
0.0069283330813050	4.2652663557502e-20
0.0083139995113015	2.4875288804599e-20
0.0096996668726206	7.5670062383696e-22
0.011085333302617	-1.4923793894464e-20
0.012470999732614	-1.1555713965159e-20
0.013856666162610	1.1040051671557e-20
0.015242333523929	4.1827495966518e-20
0.016627999022603	6.5279310334489e-20
0.018013667315245	7.0980730254693e-20
0.019399333745241	5.9155666410365e-20
0.020785000175238	3.9647791041910e-20
0.022170666605234	2.6276975433138e-20
0.023556333035231	2.9519426499118e-20
0.024941999465227	5.0389532627129e-20
0.026327665895224	7.8924623890832e-20
0.027713332325220	9.9469735279815e-20
0.029098998755217	1.0032556994577e-19
0.030484667047858	8.1193580311065e-20
0.031870331615210	5.3483146112812e-20
0.033255998045206	3.3973639001351e-20
0.034641664475203	3.5607540430994e-20
0.036027334630489	6.0013071427019e-20
0.037413001060486	9.5964673756395e-20
0.038798667490482	1.2526441917939e-19
0.040184333920479	1.3281394153380e-19
0.041570000350475	1.1493288162982e-19
0.042955666780472	8.1405965395686e-20
0.044341333210468	5.0355359728073e-20
0.045726999640465	3.8633092461900e-20
0.047112666070461	5.2771942038252e-20
0.048498332500458	8.5493924294666e-20
0.049883998930454	1.1978605368124e-19
0.051269665360451	1.3815102716827e-19
0.052655331790447	1.3183157408351e-19
0.054040998220444	1.0517153647858e-19
0.055426664650440	7.3029443374485e-20
0.056812331080437	5.2758451885684e-20
0.058197997510433	5.5045140990299e-20
0.059583663940430	7.8465629123744e-20
0.060969334095716	1.1061806198550e-19
0.062355000525713	1.3506135248402e-19
0.063740663230419	1.4010064017327e-19
0.065126329660416	1.2466971509306e-19
0.066511996090412	9.8384500165539e-20
0.067897662520409	7.6005148079963e-20
0.069283328950405	6.9456973093491e-20
0.070668995380402	8.1743978535839e-20
0.072054669260979	1.0591281955440e-19
0.073440335690975	1.2929272413904e-19
0.074826002120972	1.4040974722842e-19
0.076211668550968	1.3483570019785e-19
0.077597334980965	1.1703403670798e-19
0.078983001410961	9.7446755231891e-20
0.080368667840958	8.6590332809559e-20
0.081754334270954	8.9494286059246e-20
0.083140000700951	1.0344802166180e-19
0.084525667130947	1.2004498706237e-19
0.085911333560944	1.3017190080791e-19
0.087296999990940	1.2904450533179e-19
0.088682666420937	1.1851139420669e-19
0.090068332850933	1.0558534650471e-19
0.091453999280930	9.8303255519750e-20
0.092839665710926	1.0133510510930e-19
0.094225332140923	1.1372372452003e-19
0.095610998570919	1.2981981913500e-19
0.096996665000916	1.4264679257158e-19
0.098382331430912	1.4766922645585e-19
0.099767997860909	1.4488410933339e-19
0.10115366429090	1.3820298445049e-19
0.10253933072090	1.3270653730114e-19
0.10392499715090	1.3156196490261e-19
0.10531066358089	1.3443570667289e-19
0.10669633001089	1.3817939687834e-19
0.10808199644089	1.3915346667310e-19
0.10946766287088	1.3570081479631e-19
0.11085332930088	1.2931200778707e-19
0.11223899573088	1.2382300526323e-19
0.11362466216087	1.2315813299650e-19
0.11501032859087	1.2897893834355e-19
0.11639599502087	1.3962940571805e-19
0.11778166145086	1.5097346403618e-19
0.11916732788086	1.5859823397694e-19
0.12055300176144	1.6009832601780e-19
0.12193866819143	1.5617049765318e-19
0.12332433462143	1.4997180001317e-19
0.12471000105143	1.4519568500568e-19
0.12609566748142	1.4404066945192e-19
0.12748132646084	1.4625964606858e-19
0.12886700034142	1.4975712079482e-19
0.13025265932083	1.5222792220921e-19
0.13163833320141	1.5272934875678e-19
0.13302399218082	1.5220800525102e-19
0.13440966606140	1.5271524791228e-19
0.13579532504082	1.5584449801896e-19
0.13718099892139	1.6140178171743e-19
0.13856665790081	1.6721652538155e-19
0.13995233178139	1.7031258486615e-19
0.14133799076080	1.6877450714060e-19
0.14272366464138	1.6313733588953e-19
0.14410933852196	1.5639145827431e-19
0.14549499750137	1.5251793948679e-19
0.14688067138195	1.5433044730526e-19
0.14826633036137	1.6184060103238e-19
0.14965200424194	1.7210367646157e-19
0.15103766322136	1.8070110740512e-19
0.15242333710194	1.8408312581242e-19
0.15380899608135	1.8146238498730e-19
0.15519466996193	1.7522982464096e-19
0.15658032894135	1.6970326294743e-19
0.15796600282192	1.6890641659890e-19
0.15935166180134	1.7456113958859e-19
0.16073733568192	1.8532286275548e-19
0.16212299466133	1.9768334510068e-19
0.16350866854191	2.0806588350490e-19
0.16489432752132	2.1490158776476e-19
0.16628000140190	2.1953962823344e-19
0.16766566038132	2.2560544706287e-19
0.16905133426189	2.3732173665664e-19
0.17043699324131	2.5775588952127e-19
0.17182266712189	2.8791282670342e-19
0.17320832610130	3.2719752099934e-19
0.17459399998188	3.7501727165073e-19
0.17597965896130	4.3261251353430e-19
0.17736533284187	5.0414032036662e-19
0.17875099182129	5.9661430486274e-19
0.18013666570187	7.1902343873927e-19
0.18152232468128	8.8137272999898e-19
0.18290799856186	1.0944222991463e-18
0.18429365754128	1.3706010518728e-18
0.18567933142185	1.7259859671664e-18
0.18706499040127	2.1827096064845e-18
0.18845066428185	2.7710138998172e-18
0.18983632326126	3.5306914045070e-18
0.19122199714184	4.5123914234365e-18
0.19260767102242	5.7796213685198e-18
0.19399333000183	7.4121892796172e-18
0.19537900388241	9.5115157716339e-18
0.19676466286182	1.2207918600584e-17
0.19815033674240	1.5669422964296e-17
0.19953599572182	2.0111665749475e-17
0.20092166960239	2.5809510801867e-17
0.20230732858181	3.3111715665698e-17
0.20369300246239	4.2460080814853e-17
0.20507866144180	5.4414597597866e-17
0.20646433532238	6.9686697589812e-17
0.20784999430180	8.9180624857833e-17
0.20923566818237	1.1404308665022e-16
0.21062132716179	1.4572553347910e-16
0.21200700104237	1.8606279090946e-16
0.21339266002178	2.3737243372921e-16
0.21477833390236	3.0258033873129e-16
0.21616399288177	3.8537952986107e-16
0.21754966676235	4.9042688838344e-16
0.21893532574177	6.2358126178520e-16
0.22032099962234	7.9220365754558e-16
0.22170665860176	1.0055383285531e-15
0.22309233248234	1.2751930672565e-15
0.22447799146175	1.6157342992498e-15
0.22586366534233	2.0454443836664e-15
0.22724932432175	2.5872360911251e-15
0.22863499820232	3.2697394528806e-15
0.23002065718174	4.1286766011756e-15
0.23140633106232	5.2086097276070e-15
0.23279199004173	6.5651296045030e-15
0.23417766392231	8.2675735018928e-15
0.23556332290173	1.0402396378637e-14
0.23694899678230	1.3077236640574e-14
0.23833465576172	1.6425742534252e-14
0.23972032964230	2.0613585233827e-14
0.24110600352287	2.5846099078238e-14
0.24249166250229	3.2377790363082e-14
0.24387733638287	4.0523967102975e-14
0.24526299536228	5.0675348655825e-14
0.24664866924286	6.3315319783971e-14
0.24803432822227	7.9040025663824e-14
0.24942000210285	9.8583569421978e-14
0.25080567598343	1.2284989106721e-13
0.25219133496284	1.5295215452255e-13
0.25357699394226	1.9026092008302e-13
0.25496265292168	2.3646330119670e-13
0.25634834170341	2.9363254991539e-13
0.25773400068283	3.6430911455956e-13
0.25911965966225	4.5160121302235e-13
0.26050531864166	5.5931127784792e-13
0.26189100742340	6.9209151213820e-13
0.26327666640282	8.5563164626407e-13
0.26466232538223	1.0568905776595e-12
0.26604798436165	1.3043650361200e-12
0.26743367314339	1.6083987440518e-12
0.26881933212280	1.9815631340653e-12
0.27020499110222	2.4391356989728e-12
0.27159065008163	2.9996847020208e-12
0.27297633886337	3.6857773777488e-12
0.27436199784279	4.5248362348649e-12
0.27574765682220	5.5501172234462e-12
0.27713331580162	6.8018364378364e-12
0.27851900458336	8.3285479207662e-12
0.27990466356277	1.0188882723638e-11
0.28129032254219	1.2453626671571e-11
0.28267598152161	1.5208253059673e-11
0.28406167030334	1.8555941505571e-11
0.28544732928276	2.2621028314407e-11
0.28683298826218	2.7552840217715e-11
0.28821867704391	3.3530463128262e-11
0.28960433602333	4.0768704384631e-11
0.29098999500275	4.9525262363348e-11
0.29237565398216	6.0109250910045e-11
0.29376134276390	7.2891415126008e-11
0.29514700174332	8.8315410540218e-11
0.29653266072273	1.0691056373524e-10
0.29791831970215	1.2930762016694e-10
0.29930400848389	1.5625803428954e-10
0.30068966746330	1.8865720097239e-10
0.30207532644272	2.2757193351985e-10
0.30346098542213	2.7427354831744e-10
0.30484667420387	3.3027397483565e-10
0.30623233318329	3.9736489099162e-10
0.30761799216270	4.7766596233956e-10
0.30900365114212	5.7368576555916e-10
0.31038933992386	6.8839378641883e-10
0.31177499890327	8.2530532408143e-10
0.31316065788269	9.8858132790980e-10
0.31454631686211	1.1831353674552e-09
0.31593200564384	1.4147514271201e-09
0.31731766462326	1.6902284016851e-09
0.31870332360268	2.0175581205706e-09
0.32008898258209	2.4061379555462e-09
0.32147467136383	2.8670177343315e-09
0.32286033034325	3.4131908410728e-09
0.32424598932266	4.0598941986048e-09
0.32563164830208	4.8249417794466e-09
0.32701733708382	5.7291336119647e-09
0.32840299606323	6.7967516059753e-09
0.32978865504265	8.0561530779732e-09
0.33117431402206	9.5404626421214e-09
0.33256000280380	1.1288373791274e-08
0.33394566178322	1.3344957139338e-08
0.33533132076263	1.5762537941555e-08
0.33671700954437	1.8601770790383e-08
0.33810266852379	2.1933008298447e-08
0.33948832750320	2.5837845640808e-08
0.34087398648262	3.0410966189720e-08
0.34225967526436	3.5762191430422e-08
0.34364533424377	4.2018584167636e-08
0.34503099322319	4.9326651208048e-08
0.34641665220261	5.7855036317278e-08
0.34780234098434	6.7797905956013e-08
0.34918799996376	7.9378963846466e-08
0.35057365894318	9.2856055289303e-08
0.35195931792259	1.0852637188918e-07
0.35334500670433	1.2673119442752e-07
0.35473066568375	1.4786121482757e-07
0.35611632466316	1.7236305893675e-07
0.35750198364258	2.0074756434951e-07
0.35888767242432	2.3359903877918e-07
0.36027333140373	2.7158617399436e-07
0.36165899038315	3.1547412504551e-07
0.36304464936256	3.6613604947888e-07
0.36443033814430	4.2456426285753e-07
0.36581599712372	4.9188503226105e-07
0.36720165610313	5.6937699355331e-07
0.36858731508255	6.5849218344738e-07
0.36997300386429	7.6088088007964e-07
0.37135866284370	8.7841851836856e-07
0.37274432182312	1.0132310990230e-06
0.37412998080254	1.1677168458846e-06
0.37551566958427	1.3445771855913e-06
0.37690132856369	1.5468572200916e-06
0.37828698754311	1.7779901781978e-06
0.37967264652252	2.0418522126420e-06
0.38105833530426	2.3428167423845e-06
0.38244399428368	2.6858010642172e-06
0.38382965326309	3.0763098948228e-06
0.38521534204483	3.5205005133321e-06
0.38660100102425	4.0252639337268e-06
0.38798666000366	4.5983188101673e-06
0.38937231898308	5.2483096624201e-06
0.39075800776482	5.9849207900697e-06
0.39214366674423	6.8189592639101e-06
0.39352932572365	7.7624417826883e-06
0.39491498470306	8.8286979007535e-06
0.39630067348480	1.0032537829829e-05
0.39768633246422	1.1390423424018e-05
0.39907199144363	1.2920650988235e-05
0.40045765042305	1.4643570466433e-05
0.40184333920479	1.6581710951868e-05
0.40322899818420	1.8759921658784e-05
0.40461465716362	2.1205571101746e-05
0.40600031614304	2.3948819944053e-05
0.40738600492477	2.7022922949982e-05
0.40877166390419	3.0464572773781e-05
0.41015732288361	3.4314285585424e-05
0.41154298186302	3.8616606616415e-05
0.41292867064476	4.3420252040960e-05
0.41431432962418	4.8778416385176e-05
0.41569998860359	5.4749245464336e-05
0.41708564758301	6.1396342061926e-05
0.41847133636475	6.8789340730291e-05
0.41985699534416	7.7004500781186e-05
0.42124265432358	8.6124942754395e-05
0.42262831330299	9.6240786660928e-05
0.42401400208473	0.00010744960309239
0.42539966106415	0.00011985716992058
0.42678532004356	0.00013357849093154
0.42817097902298	0.00014873841428198
0.42955666780472	0.00016547238919884
0.43094232678413	0.00018392686615698
0.43232798576355	0.00020425903494470
0.43371367454529	0.00022663746494800
0.43509933352470	0.00025124335661530
0.43648499250412	0.00027827182202600
0.43787065148354	0.00030793325277045
0.43925634026527	0.00034045393113047
0.44064199924469	0.00037607614649460
0.44202765822411	0.00041505764238536
0.44341331720352	0.00045767216943204
0.44479900598526	0.00050421082414687
0.44618466496468	0.00055498385336250
0.44757032394409	0.00061032251687720
0.44895598292351	0.00067058048443869
0.45034167170525	0.00073613249696791
0.45172733068466	0.00080737355165184
0.45311298966408	0.00088471837807447
0.45449864864349	0.00096860341727734
0.45588433742523	0.0010594893246889
0.45726999640465	0.0011578617850319
0.45865565538406	0.0012642329093069
0.46004131436348	0.0013791397213936
0.46142700314522	0.0015031418297440
0.46281266212463	0.0016368213109672
0.46419832110405	0.0017807827098295
0.46558398008347	0.0019356567645445
0.46696966886520	0.0021021007560194
0.46835532784462	0.0022807992063463
0.46974098682404	0.0024724600370973
0.47112664580345	0.0026778103783727
0.47251233458519	0.0028975941240788
0.47389799356461	0.0031325740274042
0.47528365254402	0.0033835293725133
0.47666931152344	0.0036512627266347
0.47805500030518	0.0039365976117551
0.47944065928459	0.0042403740808368
0.48082631826401	0.0045634415000677
0.48221200704575	0.0049066524952650
0.48359766602516	0.0052708629518747
0.48498332500458	0.0056569278240204
0.48636898398399	0.0060657039284706
0.48775467276573	0.0064980499446392
0.48914033174515	0.0069548189640045
0.49052599072456	0.0074368510395288
0.49191164970398	0.0079449713230133
0.49329733848572	0.0084799826145172
0.49468299746513	0.0090426616370678
0.49606865644455	0.0096337618306279
0.49745431542397	0.010253995656967
0.49884000420570	0.010904032737017
0.50022566318512	0.011584492400289
0.50161135196686	0.012295937165618
0.50299698114395	0.013038875535131
0.50438266992569	0.013813757337630
0.50576829910278	0.014620962552726
0.50715398788452	0.015460808761418
0.50853967666626	0.016333520412445
0.50992530584335	0.017239226028323
0.51131099462509	0.018177954480052
0.51269668340683	0.019149633124471
0.51408231258392	0.020154081285000
0.51546800136566	0.021191012114286
0.51685363054276	0.022260021418333
0.51823931932449	0.023360565304756
0.51962500810623	0.024491976946592
0.52101063728333	0.025653447955847
0.52239632606506	0.026844043284655
0.52378201484680	0.028062684461474
0.52516764402390	0.029308145865798
0.52655333280563	0.030579064041376
0.52793902158737	0.031873911619186
0.52932465076447	0.033190995454788
0.53071033954620	0.034528460353613
0.53209596872330	0.035884287208319
0.53348165750504	0.037256322801113
0.53486734628677	0.038642257452011
0.53625297546387	0.040039632469416
0.53763866424561	0.041445855051279
0.53902435302734	0.042858175933361
0.54040998220444	0.044273719191551
0.54179567098618	0.045689471065998
0.54318130016327	0.047102294862270
0.54456698894501	0.048508901149035
0.54595267772675	0.049905847758055
0.54733830690384	0.051289584487677
0.54872399568558	0.052656501531601
0.55010968446732	0.054002940654755
0.55149531364441	0.055325180292130
0.55288100242615	0.056619457900524
0.55426663160324	0.057881951332092
0.55565232038498	0.059108793735504
0.55703800916672	0.060296058654785
0.55842363834381	0.061439782381058
0.55980932712555	0.062536060810089
0.56119501590729	0.063581041991711
0.56258064508438	0.064570955932140
0.56396633386612	0.065502092242241
0.56535196304321	0.066370822489262
0.56673765182495	0.067173600196838
0.56812334060669	0.067906990647316
0.56950896978378	0.068567685782909
0.57089465856552	0.069152489304543
0.57228034734726	0.069658391177654
0.57366597652435	0.070082567632198
0.57505166530609	0.070422425866127
0.57643735408783	0.070675589144230
0.57782298326492	0.070839926600456
0.57920867204666	0.070913575589657
0.58059430122375	0.070894926786423
0.58197999000549	0.070782601833344
0.58336567878723	0.070575520396233
0.58475130796432	0.070272825658321
0.58613699674606	0.069873996078968
0.58752268552780	0.069378808140755
0.58890831470490	0.068787366151810
0.59029400348663	0.068100117146969
0.59167963266373	0.067317776381969
0.59306532144547	0.066441379487514
0.59445101022720	0.065472245216370
0.59583663940430	0.064412012696266
0.59722232818604	0.063262648880482
0.59860801696777	0.062026467174292
0.59999364614487	0.060706090182066
0.60137933492661	0.059304405003786
0.60276496410370	0.057824574410915
0.60415065288544	0.056269958615303
0.60553634166718	0.054644182324409
0.60692197084427	0.052951097488403
0.60830765962601	0.051194839179516
0.60969334840775	0.049379765987396
0.61107897758484	0.047510456293821
0.61246466636658	0.045591659843922
0.61385029554367	0.043628253042698
0.61523598432541	0.041625201702118
0.61662167310715	0.039587516337633
0.61800730228424	0.037520274519920
0.61939299106598	0.035428639501333
0.62077867984772	0.033317841589451
0.62216430902481	0.031193148344755
0.62354999780655	0.029059855267406
0.62493568658829	0.026923220604658
0.62632131576538	0.024788428097963
0.62770700454712	0.022660586982965
0.62909263372421	0.020544722676277
0.63047832250595	0.018445774912834
0.63186401128769	0.016368597745895
0.63324964046478	0.014317886903882
0.63463532924652	0.012298115529120
0.63602101802826	0.010313500650227
0.63740664720535	0.0083679817616940
0.63879233598709	0.0064652715809643
0.64017796516418	0.0046089212410152
0.64156365394592	0.0028023547492921
0.64294934272766	0.0010488390689716
0.64433497190475	-0.00064859254052863
0.64572066068649	-0.0022872490808368
0.64710634946823	-0.0038648196496069
0.64849197864532	-0.0053793755359948
0.64987766742706	-0.0068292766809464
0.65126329660416	-0.0082131214439869
0.65264898538589	-0.0095296967774630
0.65403467416763	-0.010777976363897
0.65542030334473	-0.011957146227360
0.65680599212646	-0.013066674582660
0.65819168090820	-0.014106381684542
0.65957731008530	-0.015076425857842
0.66096299886703	-0.015977278351784
0.66234862804413	-0.016809636726975
0.66373431682587	-0.017574369907379
0.66512000560760	-0.018272507935762
0.66650563478470	-0.018905259668827
0.66789132356644	-0.019474014639854
0.66927701234818	-0.019980374723673
0.67066264152527	-0.020426137372851
0.67204833030701	-0.020813275128603
0.67343401908875	-0.021143866702914
0.67481964826584	-0.021420110017061
0.67620533704758	-0.021644292399287
0.67759096622467	-0.021818779408932
0.67897665500641	-0.021946011111140
0.68036234378815	-0.022028505802155
0.68174797296524	-0.022068854421377
0.68313366174698	-0.022069672122598
0.68451935052872	-0.022033581510186
0.68590497970581	-0.021963184699416
0.68729066848755	-0.021861046552658
0.68867629766464	-0.021729733794928
0.69006198644638	-0.021571805700660
0.69144767522812	-0.021389801055193
0.69283330440521	-0.021186213940382
0.69421899318695	-0.020963503047824
0.69560468196869	-0.020724045112729
0.69699031114578	-0.020470123738050
0.69837599992752	-0.020203912630677
0.69976162910461	-0.019927473738790
0.70114731788635	-0.019642774015665
0.70253300666809	-0.019351687282324
0.70391863584518	-0.019055992364883
0.70530432462692	-0.018757393583655
0.70669001340866	-0.018457502126694
0.70807564258575	-0.018157815560699
0.70946133136749	-0.017859717831016
0.71084696054459	-0.017564462497830
0.71223264932632	-0.017273163422942
0.71361833810806	-0.016986794769764
0.71500396728516	-0.016706220805645
0.71638965606689	-0.016432218253613
0.71777534484863	-0.016165474429727
0.71916097402573	-0.015906618908048
0.72054666280746	-0.015656206756830
0.72193235158920	-0.015414698049426
0.72331798076630	-0.015182444825768
0.72470366954803	-0.014959675259888
0.72608929872513	-0.014746504835784
0.72747498750687	-0.014542958699167
0.72886067628860	-0.014348985627294
0.73024630546570	-0.014164481312037
0.73163199424744	-0.013989294879138
0.73301768302917	-0.013823214918375
0.73440331220627	-0.013665969483554
0.73578900098801	-0.013517216779292
0.73717463016510	-0.013376547023654
0.73856031894684	-0.013243495486677
0.73994600772858	-0.013117574155331
0.74133163690567	-0.012998279184103
0.74271732568741	-0.012885103002191
0.74410301446915	-0.012777514755726
0.74548864364624	-0.012674949131906
0.74687433242798	-0.012576782144606
0.74825996160507	-0.012482326477766
0.74964565038681	-0.012390833348036
0.75103133916855	-0.012301523238420
0.75241696834564	-0.012213615700603
0.75380265712738	-0.012126369401813
0.75518834590912	-0.012039094232023
0.75657397508621	-0.011951121501625
0.75795966386795	-0.011861770413816
0.75934529304504	-0.011770293116570
0.76073098182678	-0.011675858870149
0.76211667060852	-0.011577561497688
0.76350229978561	-0.011474470607936
0.76488798856735	-0.011365694925189
0.76627367734909	-0.011250427924097
0.76765930652618	-0.011127952486277
0.76904499530792	-0.010997611097991
0.77043068408966	-0.010858731344342
0.77181631326675	-0.010710572823882
0.77320200204849	-0.010552284307778
0.77458763122559	-0.010382937267423
0.77597332000732	-0.010201582685113
0.77735900878906	-0.010007319971919
0.77874463796616	-0.0097993426024914
0.78013032674789	-0.0095769455656409
0.78151601552963	-0.0093394732102752
0.78290164470673	-0.0090862587094307
0.78428733348846	-0.0088165709748864
0.78567296266556	-0.0085296034812927
0.78705865144730	-0.0082245049998164
0.78844434022903	-0.0079004457220435
0.78982996940613	-0.0075566773302853
0.79121565818787	-0.0071925488300622
0.79260134696960	-0.0068074809387326
0.79398697614670	-0.0064009074121714
0.79537266492844	-0.0059722196310759
0.79675829410553	-0.0055207377299666
0.79814398288727	-0.0050457362085581
0.79952967166901	-0.0045465030707419
0.80091530084610	-0.0040224129334092
0.80230098962784	-0.0034729670733213
0.80368667840958	-0.0028977936599404
0.80507230758667	-0.0022965911775827
0.80645799636841	-0.0016690590418875
0.80784362554550	-0.0010148440487683
0.80922931432724	-0.00033353708568029
0.81061500310898	0.00037528102984652
0.81200063228607	0.0011119663249701
0.81338632106781	0.0018767508445308
0.81477200984955	0.0026697264984250
0.81615763902664	0.0034908787347376
0.81754332780838	0.0043401541188359
0.81892901659012	0.0052175181917846
0.82031464576721	0.0061229672282934
0.82170033454895	0.0070564909838140
0.82308596372604	0.0080179981887341
0.82447165250778	0.0090072499588132
0.82585734128952	0.010023828595877
0.82724297046661	0.011067181825638
0.82862865924835	0.012136699631810
0.83001434803009	0.013231794349849
0.83139997720718	0.014351950027049
0.83278566598892	0.015496695414186
0.83417129516602	0.016665518283844
0.83555698394775	0.017857754603028
0.83694267272949	0.019072519615293
0.83832830190659	0.020308701321483
0.83971399068832	0.021565033122897
0.84109967947006	0.022840224206448
0.84248530864716	0.024133056402206
0.84387099742889	0.025442413985729
0.84525662660599	0.026767233386636
0.84664231538773	0.028106393292546
0.84802800416946	0.029458608478308
0.84941363334656	0.030822344124317
0.85079932212830	0.032195866107941
0.85218501091003	0.033577345311642
0.85357064008713	0.034964971244335
0.85495632886887	0.036357052624226
0.85634195804596	0.037752009928226
0.85772764682770	0.039148304611444
0.85911333560944	0.040544304996729
0.86049896478653	0.041938193142414
0.86188465356827	0.043327938765287
0.86327034235001	0.044711321592331
0.86465597152710	0.046086102724075
0.86604166030884	0.047450117766857
0.86742734909058	0.048801362514496
0.86881297826767	0.050137959420681
0.87019866704941	0.051458075642586
0.87158429622650	0.052759792655706
0.87296998500824	0.054041013121605
0.87435567378998	0.055299490690231
0.87574130296707	0.056532856076956
0.87712699174881	0.057738777250051
0.87851268053055	0.058915041387081
0.87989830970764	0.060059577226639
0.88128399848938	0.061170443892479
0.88266962766647	0.062245685607195
0.88405531644821	0.063283264636993
0.88544100522995	0.064280986785889
0.88682663440704	0.065236575901508
0.88821232318878	0.066147722303867
0.88959801197052	0.067012183368206
0.89098364114761	0.067827835679054
0.89236932992935	0.068592704832554
0.89375495910645	0.069304868578911
0.89514064788818	0.069962374866009
0.89652633666992	0.070563204586506
0.89791196584702	0.071105264127254
0.89929765462875	0.071586400270462
0.90068334341049	0.072004504501820
0.90206897258759	0.072357542812824
0.90345466136932	0.072643615305424
0.90484029054642	0.072860889136791
0.90622597932816	0.073007531464100
0.90761166810989	0.073081679642200
0.90899729728699	0.073081418871880
0.91038298606873	0.073004774749279
0.91176867485046	0.072849825024605
0.91315430402756	0.072614744305611
0.91453999280930	0.072297811508179
0.91592568159103	0.071897424757481
0.91731131076813	0.071412011981010
0.91869699954987	0.070839986205101
0.92008262872696	0.070179723203182
0.92146831750870	0.069429591298103
0.92285400629044	0.068588040769100
0.92423963546753	0.067653618752956
0.92562532424927	0.066625073552132
0.92701101303101	0.065501295030117
0.92839664220810	0.064281292259693
0.92978233098984	0.062964148819447
0.93116796016693	0.061548955738544
0.93255364894867	0.060034833848476
0.93393933773041	0.058421015739441
0.93532496690750	0.056706942617893
0.93671065568924	0.054892290383577
0.93809634447098	0.052976980805397
0.93948197364807	0.050961188971996
0.94086766242981	0.048845246434212
0.94225329160690	0.046629607677460
0.94363898038864	0.044314850121737
0.94502466917038	0.041901730000973
0.94641029834747	0.039391268044710
0.94779598712921	0.036784790456295
0.94918167591095	0.034083992242813
0.95056730508804	0.031290885061026
0.95195299386978	0.028407767415047
0.95333862304688	0.025437176227570
0.95472431182861	0.022381858900189
0.95611000061035	0.019244834780693
0.95749562978745	0.016029445454478
0.95888131856918	0.012739430181682
0.96026700735092	0.0093789435923100
0.96165263652802	0.0059525454416871
0.96303832530975	0.0024651342537254
0.96442401409149	-0.0010781134478748
0.96580964326859	-0.0046717841178179
0.96719533205032	-0.0083102127537131
0.96858096122742	-0.011987431906164
0.96996665000916	-0.015697102993727
0.97135233879089	-0.019432481378317
0.97273796796799	-0.023186428472400
0.97412365674973	-0.026951452717185
0.97550934553146	-0.030719801783562
0.97689497470856	-0.034483503550291
0.97828066349030	-0.038234420120716
0.97966629266739	-0.041964218020439
0.98105198144913	-0.045664343982935
0.98243767023087	-0.049326002597809
0.98382329940796	-0.052940167486668
0.98520898818970	-0.056497618556023
0.98659467697144	-0.059989020228386
0.98798030614853	-0.063404962420464
0.98936599493027	-0.066736042499542
0.99075162410736	-0.069972805678844
0.99213731288910	-0.073105797171593
0.99352300167084	-0.076125524938107
0.99490863084793	-0.079022496938705
0.99629431962967	-0.081787325441837
0.99768000841141	-0.084410734474659
0.99906563758850	-0.086883671581745
1.0004513263702	-0.089197307825089
1.0018370151520	-0.091343075037003
1.0032227039337	-0.093312606215477
1.0046082735062	-0.095097795128822
1.0059939622879	-0.096690788865089
1.0073796510696	-0.098084092140198
1.0087653398514	-0.099270597100258
1.0101510286331	-0.10024371743202
1.0115365982056	-0.10099735856056
1.0129222869873	-0.10152594000101
1.0143079757690	-0.10182438790798
1.0156936645508	-0.10188807547092
1.0170793533325	-0.10171286016703
1.0184650421143	-0.10129514336586
1.0198506116867	-0.10063196718693
1.0212363004684	-0.099721103906631
1.0226219892502	-0.098561063408852
1.0240076780319	-0.097151070833206
1.0253933668137	-0.095491006970406
1.0267789363861	-0.093581408262253
1.0281646251678	-0.091423384845257
1.0295503139496	-0.089018709957600
1.0309360027313	-0.086369857192039
1.0323216915131	-0.083480067551136
1.0337072610855	-0.080353416502476
1.0350929498672	-0.076994813978672
1.0364786386490	-0.073409870266914
1.0378643274307	-0.069604918360710
1.0392500162125	-0.065586887300014
1.0406357049942	-0.061363305896521
1.0420212745667	-0.056942351162434
1.0434069633484	-0.052332848310471
1.0447926521301	-0.047544360160828
1.0461783409119	-0.042587161064148
1.0475640296936	-0.037472166121006
1.0489495992661	-0.032210864126682
1.0503352880478	-0.026815218850970
1.0517209768295	-0.021297611296177
1.0531066656113	-0.015670837834477
1.0544923543930	-0.0099481418728828
1.0558780431747	-0.0041432296857238
1.0572636127472	0.0017297242302448
1.0586493015289	0.0076561402529478
1.0600349903107	0.013621126301587
1.0614206790924	0.019609585404396
1.0628063678741	0.025606295093894
1.0641919374466	0.031595945358276
1.0655776262283	0.037563137710094
1.0669633150101	0.043492399156094
1.0683490037918	0.049368172883987
1.0697346925735	0.055174887180328
1.0711202621460	0.060897022485733
1.0725059509277	0.066519223153591
1.0738916397095	0.072026357054710
1.0752773284912	0.077403590083122
1.0766630172729	0.082636401057243
1.0780487060547	0.087710581719875
1.0794342756271	0.092612251639366
1.0808199644089	0.097327917814255
1.0822056531906	0.10184453427792
1.0835913419724	0.10614961385727
1.0849770307541	0.11023130267859
1.0863626003265	0.11407843232155
1.0877482891083	0.11768055707216
1.0891339778900	0.12102785706520
1.0905196666718	0.12411125004292
1.0919053554535	0.12692229449749
1.0932909250259	0.12945330142975
1.0946766138077	0.13169744610786
1.0960623025894	0.13364882767200
1.0974479913712	0.13530243933201
1.0988336801529	0.13665430247784
1.1002193689346	0.13770134747028
1.1016049385071	0.13844142854214
1.1029906272888	0.13887324929237
1.1043763160706	0.13899640738964
1.1057620048523	0.13881142437458
1.1071476936340	0.13831984996796
1.1085332632065	0.13752420246601
1.1099189519882	0.13642802834511
1.1113046407700	0.13503579795361
1.1126903295517	0.13335289061069
1.1140760183334	0.13138552010059
1.1154617071152	0.12914067506790
1.1168472766876	0.12662620842457
1.1182329654694	0.12385077029467
1.1196186542511	0.12082384526730
1.1210043430328	0.11755573749542
1.1223900318146	0.11405743658543
1.1237756013870	0.11034060269594
1.1251612901688	0.10641741752625
1.1265469789505	0.10230049490929
1.1279326677322	0.098002970218658
1.1293183565140	0.093538418412209
1.1307039260864	0.088920854032040
1.1320896148682	0.084164679050446
1.1334753036499	0.079284638166428
1.1348609924316	0.074295684695244
1.1362466812134	0.069212891161442
1.1376323699951	0.064051330089569
1.1390179395676	0.058826062828302
1.1404036283493	0.053552087396383
1.1417893171310	0.048244297504425
1.1431750059128	0.042917512357235
1.1445606946945	0.037586383521557
1.1459462642670	0.032265316694975
1.1473319530487	0.026968408375978
1.1487176418304	0.021709332242608
1.1501033306122	0.016501277685165
1.1514890193939	0.011356921866536
1.1528747081757	0.0062884087674320
1.1542602777481	0.0013073445297778
1.1556459665298	-0.0035752188414335
1.1570316553116	-0.0083488225936890
1.1584173440933	-0.013003650121391
1.1598030328751	-0.017530586570501
1.1611886024475	-0.021921262145042
1.1625742912292	-0.026168074458838
1.1639599800110	-0.030264202505350
1.1653456687927	-0.034203588962555
1.1667313575745	-0.037980925291777
1.1681169271469	-0.041591662913561
1.1695026159286	-0.045031979680061
1.1708883047104	-0.048298809677362
1.1722739934921	-0.051389828324318
1.1736596822739	-0.054303467273712
1.1750453710556	-0.057038880884647
1.1764309406281	-0.059595927596092
1.1778166294098	-0.061975169926882
1.1792023181915	-0.064177811145782
1.1805880069733	-0.066205650568008
1.1819736957550	-0.068061091005802
1.1833592653275	-0.069747045636177
1.1847449541092	-0.071266964077950
1.1861306428909	-0.072624757885933
1.1875163316727	-0.073824740946293
1.1889020204544	-0.074871681630611
1.1902875900269	-0.075770668685436
1.1916732788086	-0.076527118682861
1.1930589675903	-0.077146708965302
1.1944446563721	-0.077635325491428
1.1958303451538	-0.077999010682106
1.1972160339355	-0.078243926167488
1.1986016035080	-0.078376352787018
1.1999872922897	-0.078402593731880
1.2013729810715	-0.078329011797905
1.2027586698532	-0.078161977231503
1.2041443586349	-0.077907785773277
1.2055299282074	-0.077572673559189
1.2069156169891	-0.077162705361843
1.2083013057709	-0.076683744788170
1.2096869945526	-0.076141454279423
1.2110726833344	-0.075541272759438
1.2124583721161	-0.074888437986374
1.2138439416885	-0.074187979102135
1.2152296304703	-0.073444709181786
1.2166153192520	-0.072663202881813
1.2180010080338	-0.071847721934319
1.2193866968155	-0.071002185344696
1.2207722663879	-0.070130169391632
1.2221579551697	-0.069234929978848
1.2235436439514	-0.068319402635098
1.2249293327332	-0.067386269569397
1.2263150215149	-0.066437959671021
1.2277005910873	-0.065476678311825
1.2290862798691	-0.064504340291023
1.2304719686508	-0.063522577285767
1.2318576574326	-0.062532715499401
1.2332433462143	-0.061535783112049
1.2346290349960	-0.060532514005899
1.2360146045685	-0.059523444622755
1.2374002933502	-0.058508951216936
1.2387859821320	-0.057489268481731
1.2401716709137	-0.056464545428753
1.2415573596954	-0.055434774607420
1.2429429292679	-0.054399836808443
1.2443286180496	-0.053359419107437
1.2457143068314	-0.052313074469566
1.2470999956131	-0.051260255277157
1.2484856843948	-0.050200380384922
1.2498713731766	-0.049132887274027
1.2512569427490	-0.048057250678539
1.2526426315308	-0.046972971409559
1.2540283203125	-0.045879550278187
1.2554140090942	-0.044776439666748
1.2567996978760	-0.043663065880537
1.2581852674484	-0.042538829147816
1.2595709562302	-0.041403178125620
1.2609566450119	-0.040255658328533
1.2623423337936	-0.039095960557461
1.2637280225754	-0.037923935800791
1.2651135921478	-0.036739543080330
1.2664992809296	-0.035542797297239
1.2678849697113	-0.034333728253841
1.2692706584930	-0.033112362027168
1.2706563472748	-0.031878739595413
1.2720420360565	-0.030632968991995
1.2734276056290	-0.029375286772847
1.2748132944107	-0.028106085956097
1.2761989831924	-0.026825904846191
1.2775846719742	-0.025535376742482
1.2789703607559	-0.024235175922513
1.2803559303284	-0.022925946861506
1.2817416191101	-0.021608309820294
1.2831273078918	-0.020282868295908
1.2845129966736	-0.018950261175632
1.2858986854553	-0.017611227929592
1.2872842550278	-0.016266614198685
1.2886699438095	-0.014917355962098
1.2900556325912	-0.013564414344728
1.2914413213730	-0.012208701111376
1.2928270101547	-0.010851031169295
1.2942126989365	-0.0094921141862869
1.2955982685089	-0.0081325881183147
1.2969839572906	-0.0067730830051005
1.2983696460724	-0.0054142777808011
1.2997553348541	-0.0040569249540567
1.3011410236359	-0.0027018270920962
1.3025265932083	-0.0013497758191079
1.3039122819901	-1.4817051123828e-06
1.3052979707718	0.0013424770440906
1.3066836595535	0.0026816595345736
1.3080693483353	0.0040157241746783
1.3094550371170	0.0053443680517375
1.3108406066895	0.0066672703251243
1.3122262954712	0.0079840756952763
1.3136119842529	0.0092944102361798
1.3149976730347	0.010597923770547
1.3163833618164	0.011894346214831
1.3177689313889	0.013183513656259
1.3191546201706	0.014465357176960
1.3205403089523	0.015739880502224
1.3219259977341	0.017007110640407
1.3233116865158	0.018267059698701
1.3246972560883	0.019519735127687
1.3260829448700	0.020765136927366
1.3274686336517	0.022003298625350
1.3288543224335	0.023234307765961
1.3302400112152	0.024458302184939
1.3316256999969	0.025675451382995
1.3330112695694	0.026885937899351
1.3343969583511	0.028089934960008
1.3357826471329	0.029287613928318
1.3371683359146	0.030479159206152
1.3385540246964	0.031664807349443
1.3399395942688	0.032844837754965
1.3413252830505	0.034019563347101
1.3427109718323	0.035189323127270
1.3440966606140	0.036354396492243
1.3454823493958	0.037515033036470
1.3468680381775	0.038671448826790
1.3482536077499	0.039823859930038
1.3496392965317	0.040972553193569
1.3510249853134	0.042117893695831
1.3524106740952	0.043260339647532
1.3537963628769	0.044400390237570
1.3551819324493	0.045538533478975
1.3565676212311	0.046675190329552
1.3579533100128	0.047810696065426
1.3593389987946	0.048945315182209
1.3607246875763	0.050079327076674
1.3621102571487	0.051213055849075
1.3634959459305	0.052346963435411
1.3648816347122	0.053481597453356
1.3662673234940	0.054617568850517
1.3676530122757	0.055755458772182
1.3690387010574	0.056895758956671
1.3704242706299	0.058038864284754
1.3718099594116	0.059185113757849
1.3731956481934	0.060334820300341
1.3745813369751	0.061488360166550
1.3759670257568	0.062646187841892
1.3773525953293	0.063808821141720
1.3787382841110	0.064976766705513
1.3801239728928	0.066150464117527
1.3815096616745	0.067330256104469
1.3828953504562	0.068516388535500
1.3842810392380	0.069709077477455
1.3856666088104	0.070908509194851
1.3870522975922	0.072114892303944
1.3884379863739	0.073328487575054
1.3898236751556	0.074549511075020
1.3912093639374	0.075778119266033
1.3925949335098	0.077014327049255
1.3939806222916	0.078258052468300
1.3953663110733	0.079509086906910
1.3967519998550	0.080767177045345
1.3981376886368	0.082032084465027
1.3995232582092	0.083303540945053
1.4009089469910	0.084581270813942
1.4022946357727	0.085864901542664
1.4036803245544	0.087153919041157
1.4050660133362	0.088447675108910
1.4064517021179	0.089745432138443
1.4078372716904	0.091046370565891
1.4092229604721	0.092349648475647
1.4106086492538	0.093654416501522
1.4119943380356	0.094959780573845
1.4133800268173	0.096264757215977
1.4147655963898	0.097568243741989
1.4161512851715	0.098868936300278
1.4175369739532	0.10016543418169
1.4189226627350	0.10145625472069
1.4203083515167	0.10273991525173
1.4216939210892	0.10401497781277
1.4230796098709	0.10527999699116
1.4244652986526	0.10653351247311
1.4258509874344	0.10777398943901
1.4272366762161	0.10899972170591
1.4286223649979	0.11020888388157
1.4300079345703	0.11139954626560
1.4313936233521	0.11256977170706
1.4327793121338	0.11371763795614
1.4341650009155	0.11484128981829
1.4355506896973	0.11593888700008
1.4369362592697	0.11700855195522
1.4383219480515	0.11804836243391
1.4397076368332	0.11905628442764
1.4410933256149	0.12003023922443
1.4424790143967	0.12096814066172
1.4438647031784	0.12186797708273
1.4452502727509	0.12272782623768
1.4466359615326	0.12354584038258
1.4480216503143	0.12432017177343
1.4494073390961	0.12504899501801
1.4507930278778	0.12573044002056
1.4521785974503	0.12636262178421
1.4535642862320	0.12694355845451
1.4549499750137	0.12747146189213
1.4563356637955	0.12794454395771
1.4577213525772	0.12836118042469
1.4591069221497	0.12871985137463
1.4604926109314	0.12901906669140
1.4618782997131	0.12925733625889
1.4632639884949	0.12943321466446
1.4646496772766	0.12954531610012
1.4660353660583	0.12959234416485
1.4674209356308	0.12957315146923
1.4688066244125	0.12948670983315
1.4701923131943	0.12933208048344
1.4715780019760	0.12910841405392
1.4729636907578	0.12881490588188
1.4743492603302	0.12845076620579
1.4757349491119	0.12801532447338
1.4771206378937	0.12750796973705
1.4785063266754	0.12692835927010
1.4798920154572	0.12627620995045
1.4812777042389	0.12555143237114
1.4826632738113	0.12475403398275
1.4840489625931	0.12388405203819
1.4854346513748	0.12294160574675
1.4868203401566	0.12192688137293
1.4882060289383	0.12084013968706
1.4895915985107	0.11968179047108
1.4909772872925	0.11845234781504
1.4923629760742	0.11715245246887
1.4937486648560	0.11578285694122
1.4951343536377	0.11434441804886
1.4965199232101	0.11283802241087
1.4979056119919	0.11126471310854
1.4992913007736	0.10962554067373
1.5006769895554	0.10792163759470
1.5020626783371	0.10615423321724
1.5034483671188	0.10432456433773
1.5048339366913	0.10243394225836
1.5062196254730	0.10048367083073
1.5076053142548	0.098475083708763
1.5089910030365	0.096409574151039
1.5103766918182	0.094288542866707
1.5117622613907	0.092113435268402
1.5131479501724	0.089885704219341
1.5145336389542	0.087606824934483
1.5159193277359	0.085278272628784
1.5173050165176	0.082901462912560
1.5186905860901	0.080477789044380
1.5200762748718	0.078008599579334
1.5214619636536	0.075495213270187
1.5228476524353	0.072938904166222
1.5242333412170	0.070340909063816
1.5256190299988	0.067702375352383
1.5270045995712	0.065024398267269
1.5283902883530	0.062307998538017
1.5297759771347	0.059554100036621
1.5311616659164	0.056763615459204
1.5325473546982	0.053937375545502
1.5339329242706	0.051076196134090
1.5353186130524	0.048180826008320
1.5367043018341	0.045251920819283
1.5380899906158	0.042290039360523
1.5394756793976	0.039295636117458
1.5408613681793	0.036269079893827
1.5422469377518	0.033210698515177
1.5436326265335	0.030120819807053
1.5450183153152	0.026999754831195
1.5464040040970	0.023847799748182
1.5477896928787	0.020665198564529
1.5491752624512	0.017452124506235
1.5505609512329	0.014208681881428
1.5519466400146	0.010934947989881
1.5533323287964	0.0076310234144330
1.5547180175781	0.0042970883660018
1.5561035871506	0.00093342422042042
1.5574892759323	-0.0024596028961241
1.5588749647141	-0.0058815800584853
1.5602606534958	-0.0093320887535810
1.5616463422775	-0.012810714542866
1.5630320310593	-0.016317015513778
1.5644176006317	-0.019850449636579
1.5658032894135	-0.023410301655531
1.5671889781952	-0.026995642110705
1.5685746669769	-0.030605323612690
1.5699603557587	-0.034238025546074
1.5713459253311	-0.037892319262028
1.5727316141129	-0.041566707193851
1.5741173028946	-0.045259617269039
1.5755029916763	-0.048969343304634
1.5768886804581	-0.052693963050842
1.5782743692398	-0.056431252509356
1.5796599388123	-0.060178700834513
1.5810456275940	-0.063933536410332
1.5824313163757	-0.067692801356316
1.5838170051575	-0.071453437209129
1.5852026939392	-0.075212307274342
1.5865882635117	-0.078966155648232
1.5879739522934	-0.082711532711983
1.5893596410751	-0.086444735527039
1.5907453298569	-0.090161785483360
1.5921310186386	-0.093858413398266
1.5935165882111	-0.097530193626881
1.5949022769928	-0.10117266327143
1.5962879657745	-0.10478133708239
1.5976736545563	-0.10835170000792
1.5990593433380	-0.11187922209501
1.6004450321198	-0.11535918712616
1.6018306016922	-0.11878675222397
1.6032162904739	-0.12215686589479
1.6046019792557	-0.12546440958977
1.6059876680374	-0.12870429456234
1.6073733568192	-0.13187161087990
1.6087589263916	-0.13496164977551
1.6101446151733	-0.13796983659267
1.6115303039551	-0.14089170098305
1.6129159927368	-0.14372275769711
1.6143016815186	-0.14645843207836
1.6156872510910	-0.14909423887730
1.6170729398727	-0.15162581205368
1.6184586286545	-0.15404908359051
1.6198443174362	-0.15636035799980
1.6212300062180	-0.15855634212494
1.6226156949997	-0.16063405573368
1.6240012645721	-0.16259081661701
1.6253869533539	-0.16442407667637
1.6267726421356	-0.16613152623177
1.6281583309174	-0.16771106421947
1.6295440196991	-0.16916093230247
1.6309295892715	-0.17047978937626
1.6323152780533	-0.17166674137115
1.6337009668350	-0.17272137105465
1.6350866556168	-0.17364361882210
1.6364723443985	-0.17443375289440
1.6378580331802	-0.17509235441685
1.6392436027527	-0.17562037706375
1.6406292915344	-0.17601911723614
1.6420149803162	-0.17629033327103
1.6434006690979	-0.17643624544144
1.6447863578796	-0.17645947635174
1.6461719274521	-0.17636305093765
1.6475576162338	-0.17615032196045
1.6489433050156	-0.17582480609417
1.6503289937973	-0.17539033293724
1.6517146825790	-0.17485100030899
1.6531002521515	-0.17421123385429
1.6544859409332	-0.17347589135170
1.6558716297150	-0.17265017330647
1.6572573184967	-0.17173957824707
1.6586430072784	-0.17074975371361
1.6600286960602	-0.16968645155430
1.6614142656326	-0.16855549812317
1.6627999544144	-0.16736279428005
1.6641856431961	-0.16611438989639
1.6655713319778	-0.16481652855873
1.6669570207596	-0.16347564756870
1.6683425903320	-0.16209834814072
1.6697282791138	-0.16069124639034
1.6711139678955	-0.15926088392735
1.6724996566772	-0.15781366825104
1.6738853454590	-0.15635581314564
1.6752710342407	-0.15489342808723
1.6766566038132	-0.15343256294727
1.6780422925949	-0.15197929739952
1.6794279813766	-0.15053968131542
1.6808136701584	-0.14911966025829
1.6821993589401	-0.14772506058216
1.6835849285126	-0.14636136591434
1.6849706172943	-0.14503373205662
1.6863563060760	-0.14374695718288
1.6877419948578	-0.14250558614731
1.6891276836395	-0.14131394028664
1.6905132532120	-0.14017616212368
1.6918989419937	-0.13909618556499
1.6932846307755	-0.13807779550552
1.6946703195572	-0.13712446391582
1.6960560083389	-0.13623921573162
1.6974416971207	-0.13542471826077
1.6988272666931	-0.13468320667744
1.7002129554749	-0.13401658833027
1.7015986442566	-0.13342651724815
1.7029843330383	-0.13291439414024
1.7043700218201	-0.13248141109943
1.7057555913925	-0.13212846219540
1.7071412801743	-0.13185608386993
1.7085269689560	-0.13166448473930
1.7099126577377	-0.13155341148376
1.7112983465195	-0.13152231276035
1.7126839160919	-0.13157030940056
1.7140696048737	-0.13169635832310
1.7154552936554	-0.13189916312695
1.7168409824371	-0.13217730820179
1.7182266712189	-0.13252910971642
1.7196123600006	-0.13295263051987
1.7209979295731	-0.13344562053680
1.7223836183548	-0.13400548696518
1.7237693071365	-0.13462939858437
1.7251549959183	-0.13531431555748
1.7265406847000	-0.13605703413486
1.7279262542725	-0.13685432076454
1.7293119430542	-0.13770276308060
1.7306976318359	-0.13859882950783
1.7320833206177	-0.13953873515129
1.7334690093994	-0.14051851630211
1.7348546981812	-0.14153389632702
1.7362402677536	-0.14258049428463
1.7376259565353	-0.14365381002426
1.7390116453171	-0.14474938809872
1.7403973340988	-0.14586271345615
1.7417830228806	-0.14698925614357
1.7431685924530	-0.14812433719635
1.7445542812347	-0.14926318824291
1.7459399700165	-0.15040075778961
1.7473256587982	-0.15153183043003
1.7487113475800	-0.15265107154846
1.7500969171524	-0.15375313162804
1.7514826059341	-0.15483275055885
1.7528682947159	-0.15588463842869
1.7542539834976	-0.15690355002880
1.7556396722794	-0.15788419544697
1.7570253610611	-0.15882107615471
1.7584109306335	-0.15970863401890
1.7597966194153	-0.16054116189480
1.7611823081970	-0.16131295263767
1.7625679969788	-0.16201829910278
1.7639536857605	-0.16265159845352
1.7653392553329	-0.16320733726025
1.7667249441147	-0.16367998719215
1.7681106328964	-0.16406403481960
1.7694963216782	-0.16435387730598
1.7708820104599	-0.16454389691353
1.7722676992416	-0.16462844610214
1.7736532688141	-0.16460204124451
1.7750389575958	-0.16445925831795
1.7764246463776	-0.16419494152069
1.7778103351593	-0.16380408406258
1.7791960239410	-0.16328170895576
1.7805815935135	-0.16262298822403
1.7819672822952	-0.16182306408882
1.7833529710770	-0.16087724268436
1.7847386598587	-0.15978100895882
1.7861243486404	-0.15853008627892
1.7875099182129	-0.15712057054043
1.7888956069946	-0.15554890036583
1.7902812957764	-0.15381182730198
1.7916669845581	-0.15190637111664
1.7930526733398	-0.14982974529266
1.7944383621216	-0.14757941663265
1.7958239316940	-0.14515316486359
1.7972096204758	-0.14254912734032
1.7985953092575	-0.13976591825485
1.7999809980392	-0.13680264353752
1.8013666868210	-0.13365891575813
1.8027522563934	-0.13033485412598
1.8041379451752	-0.12683096528053
1.8055236339569	-0.12314825505018
1.8069093227386	-0.11928813904524
1.8082950115204	-0.11525256931782
1.8096805810928	-0.11104399710894
1.8110662698746	-0.10666549205780
1.8124519586563	-0.10212069749832
1.8138376474380	-0.097413800656796
1.8152233362198	-0.092549532651901
1.8166090250015	-0.087533146142960
1.8179945945740	-0.082370422780514
1.8193802833557	-0.077067747712135
1.8207659721375	-0.071632087230682
1.8221516609192	-0.066071003675461
1.8235373497009	-0.060392636805773
1.8249229192734	-0.054605651646852
1.8263086080551	-0.048719182610512
1.8276942968369	-0.042742803692818
1.8290799856186	-0.036686494946480
1.8304656744003	-0.030560679733753
1.8318513631821	-0.024376224726439
1.8332369327545	-0.018144471570849
1.8346226215363	-0.011877209879458
1.8360083103180	-0.0055866362527013
1.8373939990997	0.00071473594289273
1.8387796878815	0.0070141558535397
1.8401652574539	0.013298710808158
1.8415509462357	0.019555371254683
1.8429366350174	0.025771006941795
1.8443223237991	0.031932380050421
1.8457080125809	0.038026161491871
1.8470935821533	0.044038917869329
1.8484792709351	0.049957178533077
1.8498649597168	0.055767495185137
1.8512506484985	0.061456546187401
1.8526363372803	0.067011184990406
1.8540220260620	0.072418548166752
1.8554075956345	0.077666103839874
1.8567932844162	0.082741670310497
1.8581789731979	0.087633378803730
1.8595646619797	0.092329747974873
1.8609503507614	0.096819646656513
1.8623359203339	0.10109238326550
1.8637216091156	0.10513778030872
1.8651072978973	0.10894625633955
1.8664929866791	0.11250886321068
1.8678786754608	0.11581737548113
1.8692643642426	0.11886423826218
1.8706499338150	0.12164259701967
1.8720356225967	0.12414626777172
1.8734213113785	0.12636975944042
1.8748070001602	0.12830823659897
1.8761926889420	0.12995769083500
1.8775782585144	0.13131488859653
1.8789639472961	0.13237750530243
1.8803496360779	0.13314406573772
1.8817353248596	0.13361400365829
1.8831210136414	0.13378757238388
1.8845065832138	0.13366575539112
1.8858922719955	0.13325034081936
1.8872779607773	0.13254375755787
1.8886636495590	0.13154926896095
1.8900493383408	0.13027092814445
1.8914350271225	0.12871354818344
1.8928205966949	0.12688276171684
1.8942062854767	0.12478493154049
1.8955919742584	0.12242706865072
1.8969776630402	0.11981678009033
1.8983633518219	0.11696221679449
1.8997489213943	0.11387210339308
1.9011346101761	0.11055567860603
1.9025202989578	0.10702273994684
1.9039059877396	0.10328359156847
1.9052916765213	0.099348939955235
1.9066772460938	0.095229879021645
1.9080629348755	0.090937793254852
1.9094486236572	0.086484283208847
1.9108343124390	0.081881158053875
1.9122200012207	0.077140405774117
1.9136056900024	0.072274208068848
1.9149912595749	0.067294880747795
1.9163769483566	0.062214873731136
1.9177626371384	0.057046644389629
1.9191483259201	0.051802601665258
1.9205340147018	0.046495053917170
1.9219195842743	0.041136167943478
1.9233052730560	0.035737942904234
1.9246909618378	0.030312214046717
1.9260766506195	0.024870630353689
1.9274623394012	0.019424658268690
1.9288480281830	0.013985499739647
1.9302335977554	0.0085640540346503
1.9316192865372	0.0031708811875433
1.9330049753189	-0.0021838247776031
1.9343906641006	-0.0074902386404574
1.9357763528824	-0.012738898396492
1.9371619224548	-0.017920704558492
1.9385476112366	-0.023026928305626
1.9399333000183	-0.028049243614078
1.9413189888000	-0.032979764044285
1.9427046775818	-0.037811055779457
1.9440902471542	-0.042536135762930
1.9454759359360	-0.047148462384939
1.9468616247177	-0.051641907542944
1.9482473134995	-0.056010734289885
1.9496330022812	-0.060249585658312
1.9510186910629	-0.064353510737419
1.9524042606354	-0.068317979574203
1.9537899494171	-0.072138890624046
1.9551756381989	-0.075812533497810
1.9565613269806	-0.079335600137711
1.9579470157623	-0.082705140113831
1.9593325853348	-0.085918538272381
1.9607182741165	-0.088973484933376
1.9621039628983	-0.091868050396442
1.9634896516800	-0.094600617885590
1.9648753404617	-0.097169943153858
1.9662610292435	-0.099575057625771
1.9676465988159	-0.10181528329849
1.9690322875977	-0.10389012098312
1.9704179763794	-0.10579930990934
1.9718036651611	-0.10754276812077
1.9731893539429	-0.10912068933249
1.9745749235153	-0.11053353548050
1.9759606122971	-0.11178211122751
1.9773463010788	-0.11286745965481
1.9787319898605	-0.11379083991051
1.9801176786423	-0.11455361545086
1.9815032482147	-0.11515724658966
1.9828889369965	-0.11560329794884
1.9842746257782	-0.11589346081018
1.9856603145599	-0.11602963507175
1.9870460033417	-0.11601392924786
1.9884316921234	-0.11584874987602
1.9898172616959	-0.11553670465946
1.9912029504776	-0.11508052796125
1.9925886392593	-0.11448304355145
1.9939743280411	-0.11374706029892
1.9953600168228	-0.11287549138069
1.9967455863953	-0.11187133193016
1.9981312751770	-0.11073777079582
1.9995169639587	-0.10947823524475
2.0009026527405	-0.10809635370970
2.0022883415222	-0.10659595578909
2.0036740303040	-0.10498095303774
2.0050597190857	-0.10325528681278
2.0064454078674	-0.10142286121845
2.0078308582306	-0.099487632513046
2.0092165470123	-0.097453653812408
2.0106022357941	-0.095325142145157
2.0119879245758	-0.093106508255005
2.0133736133575	-0.090802334249020
2.0147593021393	-0.088417269289494
2.0161449909210	-0.085955999791622
2.0175306797028	-0.083423212170601
2.0189163684845	-0.080823525786400
2.0203020572662	-0.078161582350731
2.0216877460480	-0.075442060828209
2.0230731964111	-0.072669744491577
2.0244588851929	-0.069849476218224
2.0258445739746	-0.066986173391342
2.0272302627563	-0.064084716141224
2.0286159515381	-0.061149943619967
2.0300016403198	-0.058186616748571
2.0313873291016	-0.055199429392815
2.0327730178833	-0.052193056792021
2.0341587066650	-0.049172170460224
2.0355443954468	-0.046141397207975
2.0369300842285	-0.043105345219374
2.0383155345917	-0.040068522095680
2.0397012233734	-0.037035297602415
2.0410869121552	-0.034009896218777
2.0424726009369	-0.030996400862932
2.0438582897186	-0.027998773381114
2.0452439785004	-0.025020901113749
2.0466296672821	-0.022066585719585
2.0480153560638	-0.019139524549246
2.0494010448456	-0.016243292018771
2.0507867336273	-0.013381300494075
2.0521724224091	-0.010556785389781
2.0535578727722	-0.0077728163450956
2.0549435615540	-0.0050323130562901
2.0563292503357	-0.0023380592465401
2.0577149391174	0.00030729343416169
2.0591006278992	0.0029012402519584
2.0604863166809	0.0054414486512542
2.0618720054626	0.0079257758334279
2.0632576942444	0.010352270677686
2.0646433830261	0.012719151563942
2.0660290718079	0.015024784021080
2.0674145221710	0.017267644405365
2.0688002109528	0.019446326419711
2.0701858997345	0.021559542044997
2.0715715885162	0.023606164380908
2.0729572772980	0.025585234165192
2.0743429660797	0.027495974674821
2.0757286548615	0.029337763786316
2.0771143436432	0.031110107898712
2.0785000324249	0.032812602818012
2.0798857212067	0.034444909542799
2.0812714099884	0.036006785929203
2.0826568603516	0.037498094141483
2.0840425491333	0.038918852806091
2.0854282379150	0.040269240736961
2.0868139266968	0.041549582034349
2.0881996154785	0.042760305106640
2.0895853042603	0.043901890516281
2.0909709930420	0.044974848628044
2.0923566818237	0.045979712158442
2.0937423706055	0.046917073428631
2.0951280593872	0.047787606716156
2.0965137481689	0.048592135310173
2.0978991985321	0.049331594258547
2.0992848873138	0.050007026642561
2.1006705760956	0.050619542598724
2.1020562648773	0.051170274615288
2.1034419536591	0.051660347729921
2.1048276424408	0.052090913057327
2.1062133312225	0.052463158965111
2.1075990200043	0.052778344601393
2.1089847087860	0.053037822246552
2.1103703975677	0.053243026137352
2.1117560863495	0.053395431488752
2.1131415367126	0.053496528416872
2.1145272254944	0.053547840565443
2.1159129142761	0.053550869226456
2.1172986030579	0.053507152944803
2.1186842918396	0.053418278694153
2.1200699806213	0.053285885602236
2.1214556694031	0.053111702203751
2.1228413581848	0.052897475659847
2.1242270469666	0.052644956856966
2.1256127357483	0.052355896681547
2.1269981861115	0.052032016217709
2.1283838748932	0.051675044000149
2.1297695636749	0.051286734640598
2.1311552524567	0.050868876278400
2.1325409412384	0.050423298031092
2.1339266300201	0.049951836466789
2.1353123188019	0.049456335604191
2.1366980075836	0.048938613384962
2.1380836963654	0.048400457948446
2.1394693851471	0.047843664884567
2.1408550739288	0.047270018607378
2.1422405242920	0.046681325882673
2.1436262130737	0.046079397201538
2.1450119018555	0.045466035604477
2.1463975906372	0.044843003153801
2.1477832794189	0.044212006032467
2.1491689682007	0.043574716895819
2.1505546569824	0.042932767421007
2.1519403457642	0.042287774384022
2.1533260345459	0.041641358286142
2.1547117233276	0.040995128452778
2.1560974121094	0.040350653231144
2.1574828624725	0.039709463715553
2.1588685512543	0.039072997868061
2.1602542400360	0.038442622870207
2.1616399288177	0.037819646298885
2.1630256175995	0.037205323576927
2.1644113063812	0.036600887775421
2.1657969951630	0.036007542163134
2.1671826839447	0.035426482558250
2.1685683727264	0.034858815371990
2.1699540615082	0.034305587410927
2.1713397502899	0.033767737448215
2.1727252006531	0.033246140927076
2.1741108894348	0.032741583883762
2.1754965782166	0.032254811376333
2.1768822669983	0.031786538660526
2.1782679557800	0.031337447464466
2.1796536445618	0.030908148735762
2.1810393333435	0.030499184504151
2.1824250221252	0.030110999941826
2.1838107109070	0.029743950814009
2.1851963996887	0.029398320242763
2.1865818500519	0.029074344784021
2.1879675388336	0.028772231191397
2.1893532276154	0.028492148965597
2.1907389163971	0.028234235942364
2.1921246051788	0.027998581528664
2.1935102939606	0.027785193175077
2.1948959827423	0.027594026178122
2.1962816715240	0.027424970641732
2.1976673603058	0.027277888730168
2.1990530490875	0.027152610942721
2.2004387378693	0.027048941701651
2.2018241882324	0.026966642588377
2.2032098770142	0.026905428618193
2.2045955657959	0.026864947751164
2.2059812545776	0.026844797655940
2.2073669433594	0.026844542473555
2.2087526321411	0.026863742619753
2.2101383209229	0.026901990175247
2.2115240097046	0.026958893984556
2.2129096984863	0.027034064754844
2.2142953872681	0.027127098292112
2.2156810760498	0.027237545698881
2.2170665264130	0.027364905923605
2.2184522151947	0.027508646249771
2.2198379039764	0.027668226510286
2.2212235927582	0.027843127027154
2.2226092815399	0.028032865375280
2.2239949703217	0.028236979618669
2.2253806591034	0.028455011546612
2.2267663478851	0.028686458244920
2.2281520366669	0.028930788859725
2.2295377254486	0.029187433421612
2.2309234142303	0.029455838724971
2.2323088645935	0.029735481366515
2.2336945533752	0.030025903135538
2.2350802421570	0.030326701700687
2.2364659309387	0.030637502670288
2.2378516197205	0.030957926064730
2.2392373085022	0.031287536025047
2.2406229972839	0.031625844538212
2.2420086860657	0.031972315162420
2.2433943748474	0.032326407730579
2.2447800636292	0.032687600702047
2.2461657524109	0.033055439591408
2.2475512027740	0.033429525792599
2.2489368915558	0.033809494227171
2.2503225803375	0.034194979816675
2.2517082691193	0.034585550427437
2.2530939579010	0.034980744123459
2.2544796466827	0.035380024462938
2.2558653354645	0.035782832652330
2.2572510242462	0.036188624799252
2.2586367130280	0.036596886813641
2.2600224018097	0.037007145583630
2.2614078521729	0.037418950349092
2.2627935409546	0.037831850349903
2.2641792297363	0.038245357573032
2.2655649185181	0.038658950477839
2.2669506072998	0.039072047919035
2.2683362960815	0.039484038949013
2.2697219848633	0.039894320070744
2.2711076736450	0.040302291512489
2.2724933624268	0.040707379579544
2.2738790512085	0.041109032928944
2.2752647399902	0.041506703943014
2.2766501903534	0.041899815201759
2.2780358791351	0.042287752032280
2.2794215679169	0.042669862508774
2.2808072566986	0.043045457452536
2.2821929454803	0.043413843959570
2.2835786342621	0.043774362653494
2.2849643230438	0.044126380234957
2.2863500118256	0.044469304382801
2.2877357006073	0.044802576303482
2.2891213893890	0.045125644654036
2.2905070781708	0.045437939465046
2.2918925285339	0.045738853514194
2.2932782173157	0.046027749776840
2.2946639060974	0.046303994953632
2.2960495948792	0.046566985547543
2.2974352836609	0.046816188842058
2.2988209724426	0.047051131725311
2.3002066612244	0.047271393239498
2.3015923500061	0.047476585954428
2.3029780387878	0.047666311264038
2.3043637275696	0.047840148210526
2.3057494163513	0.047997679561377
2.3071348667145	0.048138499259949
2.3085205554962	0.048262234777212
2.3099062442780	0.048368602991104
2.3112919330597	0.048457372933626
2.3126776218414	0.048528376966715
2.3140633106232	0.048581458628178
2.3154489994049	0.048616472631693
2.3168346881866	0.048633258789778
2.3182203769684	0.048631682991982
2.3196060657501	0.048611659556627
2.3209915161133	0.048573188483715
2.3223772048950	0.048516355454922
2.3237628936768	0.048441290855408
2.3251485824585	0.048348158597946
2.3265342712402	0.048237077891827
2.3279199600220	0.048108138144016
2.3293056488037	0.047961398959160
2.3306913375854	0.047796927392483
2.3320770263672	0.047614865005016
2.3334627151489	0.047415461391211
2.3348484039307	0.047199077904224
2.3362338542938	0.046966131776571
2.3376195430756	0.046717032790184
2.3390052318573	0.046452138572931
2.3403909206390	0.046171702444553
2.3417766094208	0.045875914394855
2.3431622982025	0.045564964413643
2.3445479869843	0.045239102095366
2.3459336757660	0.044898699969053
2.3473193645477	0.044544216245413
2.3487050533295	0.044176183640957
2.3500907421112	0.043795108795166
2.3514761924744	0.043401397764683
2.3528618812561	0.042995378375053
2.3542475700378	0.042577259242535
2.3556332588196	0.042147241532803
2.3570189476013	0.041705586016178
2.3584046363831	0.041252635419369
2.3597903251648	0.040788844227791
2.3611760139465	0.040314715355635
2.3625617027283	0.039830725640059
2.3639473915100	0.039337299764156
2.3653330802917	0.038834735751152
2.3667185306549	0.038323272019625
2.3681042194366	0.037803098559380
2.3694899082184	0.037274461239576
2.3708755970001	0.036737665534019
2.3722612857819	0.036193098872900
2.3736469745636	0.035641200840473
2.3750326633453	0.035082407295704
2.3764183521271	0.034517101943493
2.3778040409088	0.033945601433516
2.3791897296906	0.033368173986673
2.3805751800537	0.032785065472126
2.3819608688354	0.032196551561356
2.3833465576172	0.031602952629328
2.3847322463989	0.031004648655653
2.3861179351807	0.030402064323425
2.3875036239624	0.029795633628964
2.3888893127441	0.029185794293880
2.3902750015259	0.028572946786880
2.3916606903076	0.027957474812865
2.3930463790894	0.027339735999703
2.3944320678711	0.026720110327005
2.3958175182343	0.026098990812898
2.3972032070160	0.025476800277829
2.3985888957977	0.024853983893991
2.3999745845795	0.024230996146798
2.4013602733612	0.023608289659023
2.4027459621429	0.022986322641373
2.4041316509247	0.022365543991327
2.4055173397064	0.021746404469013
2.4069030284882	0.021129364147782
2.4082887172699	0.020514901727438
2.4096744060516	0.019903508946300
2.4110598564148	0.019295684993267
2.4124455451965	0.018691940233111
2.4138312339783	0.018092766404152
2.4152169227600	0.017498632892966
2.4166026115417	0.016909994184971
2.4179883003235	0.016327284276485
2.4193739891052	0.015750925987959
2.4207596778870	0.015181341208518
2.4221453666687	0.014618951827288
2.4235310554504	0.014064175076783
2.4249167442322	0.013517421670258
2.4263021945953	0.012979090213776
2.4276878833771	0.012449556961656
2.4290735721588	0.011929182335734
2.4304592609406	0.011418307200074
2.4318449497223	0.010917261242867
2.4332306385040	0.010426356457174
2.4346163272858	0.0099458843469620
2.4360020160675	0.0094761056825519
2.4373877048492	0.0090172449126840
2.4387733936310	0.0085694864392281
2.4401590824127	0.0081329829990864
2.4415445327759	0.0077078687027097
2.4429302215576	0.0072942757979035
2.4443159103394	0.0068923360668123
2.4457015991211	0.0065021789632738
2.4470872879028	0.0061239139176905
2.4484729766846	0.0057576107792556
2.4498586654663	0.0054032891057432
2.4512443542480	0.0050609139725566
2.4526300430298	0.0047304104082286
2.4540157318115	0.0044116936624050
2.4554011821747	0.0041046924889088
2.4567868709564	0.0038093617185950
2.4581725597382	0.0035256789997220
2.4595582485199	0.0032536184880883
2.4609439373016	0.0029931170865893
2.4623296260834	0.0027440499980003
2.4637153148651	0.0025062265340239
2.4651010036469	0.0022794092074037
2.4664866924286	0.0020633493550122
2.4678723812103	0.0018578252056614
2.4692580699921	0.0016626652795821
2.4706435203552	0.0014777466421947
2.4720292091370	0.0013029691763222
2.4734148979187	0.0011382166994736
2.4748005867004	0.00098332436755300
2.4761862754822	0.00083806610200554
2.4775719642639	0.00070217106258497
2.4789576530457	0.00057535787345842
2.4803433418274	0.00045737437903881
2.4817290306091	0.00034802145091817
2.4831147193909	0.00024715435574763
2.4845004081726	0.00015465929755010
2.4858858585358	7.0417700044345e-05
2.4872715473175	-5.7251272664871e-06
2.4886572360992	-7.3972769314423e-05
2.4900429248810	-0.00013456566375680
2.4914286136627	-0.00018774971249513
2.4928143024445	-0.00023374037118629
2.4941999912262	-0.00027269759448245
2.4955856800079	-0.00030472245998681
2.4969713687897	-0.00032987672602758
2.4983570575714	-0.00034821586450562
2.4997427463531	-0.00035981979453936
2.5011281967163	-0.00036480923881754
2.5025138854980	-0.00036334208562039
2.5038995742798	-0.00035559234675020
2.5052852630615	-0.00034172279993072
2.5066709518433	-0.00032186380121857
2.5080566406250	-0.00029610694036819
2.5094423294067	-0.00026451380108483
2.5108280181885	-0.00022713447106071
2.5122137069702	-0.00018402586283628
2.5135993957520	-0.00013526195834856
2.5149848461151	-8.0932964920066e-05
2.5163705348969	-2.1136329451110e-05
2.5177562236786	4.4035237806384e-05
2.5191419124603	0.00011450250167400
2.5205276012421	0.00019019996398129
2.5219132900238	0.00027106734341942
2.5232989788055	0.00035703735193238
2.5246846675873	0.00044802762567997
2.5260703563690	0.00054394098697230
2.5274560451508	0.00064467283664271
2.5288417339325	0.00075012270826846
2.5302271842957	0.00086020270828158
2.5316128730774	0.00097483885474503
2.5329985618591	0.0010939643252641
2.5343842506409	0.0012175050796941
2.5357699394226	0.0013453662395477
2.5371556282043	0.0014774228911847
2.5385413169861	0.0016135198529810
2.5399270057678	0.0017534783110023
2.5413126945496	0.0018971087411046
2.5426983833313	0.0020442230161279
2.5440840721130	0.0021946411579847
2.5454695224762	0.0023481899406761
2.5468552112579	0.0025046961382031
2.5482409000397	0.0026639762800187
2.5496265888214	0.0028258292004466
2.5510122776031	0.0029900330118835
2.5523979663849	0.0031563490629196
2.5537836551666	0.0033245282247663
2.5551693439484	0.0034943129867315
2.5565550327301	0.0036654397845268
2.5579407215118	0.0038376320153475
2.5593264102936	0.0040105949155986
2.5607118606567	0.0041840123012662
2.5620975494385	0.0043575456365943
2.5634832382202	0.0045308335684240
2.5648689270020	0.0047035026364028
2.5662546157837	0.0048751742579043
2.5676403045654	0.0050454731099308
2.5690259933472	0.0052140336483717
2.5704116821289	0.0053804987110198
2.5717973709106	0.0055445148609579
2.5731830596924	0.0057057249359787
2.5745685100555	0.0058637578040361
2.5759541988373	0.0060182213783264
2.5773398876190	0.0061686979606748
2.5787255764008	0.0063147484324872
2.5801112651825	0.0064559206366539
2.5814969539642	0.0065917642787099
2.5828826427460	0.0067218458279967
2.5842683315277	0.0068457620218396
2.5856540203094	0.0069631389342248
2.5870397090912	0.0070736277848482
2.5884253978729	0.0071768909692764
2.5898108482361	0.0072725852951407
2.5911965370178	0.0073603545315564
2.5925822257996	0.0074398298747838
2.5939679145813	0.0075106411240995
2.5953536033630	0.0075724385678768
2.5967392921448	0.0076249078847468
2.5981249809265	0.0076677845790982
2.5995106697083	0.0077008493244648
2.6008963584900	0.0077239079400897
2.6022820472717	0.0077367681078613
2.6036677360535	0.0077392337843776
2.6050531864166	0.0077310996130109
2.6064388751984	0.0077121686190367
2.6078245639801	0.0076822829432786
2.6092102527618	0.0076413457281888
2.6105959415436	0.0075893299654126
2.6119816303253	0.0075262719765306
2.6133673191071	0.0074522458016872
2.6147530078888	0.0073673361912370
2.6161386966705	0.0072716223075986
2.6175243854523	0.0071651786565781
2.6189100742340	0.0070480941794813
2.6202955245972	0.0069205020554364
2.6216812133789	0.0067826011218131
2.6230669021606	0.0066346605308354
2.6244525909424	0.0064770053140819
2.6258382797241	0.0063099833205342
2.6272239685059	0.0061339428648353
2.6286096572876	0.0059492178261280
2.6299953460693	0.0057561406865716
2.6313810348511	0.0055550718680024
2.6327667236328	0.0053464318625629
2.6341524124146	0.0051307184621692
2.6355378627777	0.0049084951169789
2.6369235515594	0.0046803597360849
2.6383092403412	0.0044469079002738
2.6396949291229	0.0042087044566870
2.6410806179047	0.0039662830531597
2.6424663066864	0.0037201687227935
2.6438519954681	0.0034709153696895
2.6452376842499	0.0032191388309002
2.6466233730316	0.0029655164107680
2.6480090618134	0.0027107649948448
2.6493945121765	0.0024555963464081
2.6507802009583	0.0022006784565747
2.6521658897400	0.0019466208759695
2.6535515785217	0.0016939927591011
2.6549372673035	0.0014433653559536
2.6563229560852	0.0011953552020714
2.6577086448669	0.00095064361812547
2.6590943336487	0.00070996046997607
2.6604800224304	0.00047403489588760
2.6618657112122	0.00024353616754524
2.6632513999939	1.9031795090996e-05
2.6646368503571	-0.00019901426276192
2.6660225391388	-0.00041020259959623
2.6674082279205	-0.00061413692310452
2.6687939167023	-0.00081037275958806
2.6701796054840	-0.00099840178154409
2.6715652942657	-0.0011776824248955
2.6729509830475	-0.0013477026950568
2.6743366718292	-0.0015080422163010
2.6757223606110	-0.0016584045952186
2.6771080493927	-0.0017986011225730
2.6784937381744	-0.0019284971058369
2.6798791885376	-0.0020479487720877
2.6812648773193	-0.0021567663643509
2.6826505661011	-0.0022547228727490
2.6840362548828	-0.0023416045587510
2.6854219436646	-0.0024172791745514
2.6868076324463	-0.0024817460216582
2.6881933212280	-0.0025351413059980
2.6895790100098	-0.0025776936672628
2.6909646987915	-0.0026096473447978
2.6923503875732	-0.0026312000118196
2.6937360763550	-0.0026424771640450
2.6951215267181	-0.0026435637846589
2.6965072154999	-0.0026345741935074
2.6978929042816	-0.0026157249230891
2.6992785930634	-0.0025873749982566
2.7006642818451	-0.0025500105693936
2.7020499706268	-0.0025041801854968
2.7034356594086	-0.0024504177272320
2.7048213481903	-0.0023891860619187
2.7062070369720	-0.0023208730854094
2.7075927257538	-0.0022458357270807
2.7089781761169	-0.0021644681692123
2.7103638648987	-0.0020772588904947
2.7117495536804	-0.0019848025403917
2.7131352424622	-0.0018877652473748
2.7145209312439	-0.0017868184950203
2.7159066200256	-0.0016825778875500
2.7172923088074	-0.0015755749773234
2.7186779975891	-0.0014662736793980
2.7200636863708	-0.0013551242882386
2.7214493751526	-0.0012426178436726
2.7228350639343	-0.0011293150018901
2.7242205142975	-0.0010158282238990
2.7256062030792	-0.00090277107665315
2.7269918918610	-0.00079069775529206
2.7283775806427	-0.00068006705259904
2.7297632694244	-0.00057124847080559
2.7311489582062	-0.00046456413110718
2.7325346469879	-0.00036034235381521
2.7339203357697	-0.00025895415456034
2.7353060245514	-0.00016081375360955
2.7366917133331	-6.6343694925308e-05
2.7380774021149	2.4074377506622e-05
2.7394628524780	0.00011013711628038
2.7408485412598	0.00019162503303960
2.7422342300415	0.00026837599580176
2.7436199188232	0.00034024441265501
2.7450056076050	0.00040706834988669
2.7463912963867	0.00046866436605342
2.7477769851685	0.00052485120249912
2.7491626739502	0.00057548558106646
2.7505483627319	0.00062048784457147
2.7519340515137	0.00065983959939331
2.7533197402954	0.00069355592131615
2.7547051906586	0.00072164559969679
2.7560908794403	0.00074408308137208
2.7574765682220	0.00076080847065896
2.7588622570038	0.00077175657497719
2.7602479457855	0.00077689695172012
2.7616336345673	0.00077625870471820
2.7630193233490	0.00076992466347292
2.7644050121307	0.00075799261685461
2.7657907009125	0.00074052368290722
2.7671763896942	0.00071750517236069
2.7685620784760	0.00068884983193129
2.7699475288391	0.00065443303901702
2.7713332176208	0.00061414635274559
2.7727189064026	0.00056793837575242
2.7741045951843	0.00051581917796284
2.7754902839661	0.00045782313100062
2.7768759727478	0.00039394866325893
2.7782616615295	0.00032410654239357
2.7796473503113	0.00024810430477373
2.7810330390930	0.00016567565035075
2.7824187278748	7.6539334258996e-05
2.7838041782379	-1.9543904272723e-05
2.7851898670197	-0.00012274686014280
2.7865755558014	-0.00023319844331127
2.7879612445831	-0.00035104106063955
2.7893469333649	-0.00047649155021645
2.7907326221466	-0.00060987100005150
2.7921183109283	-0.00075158430263400
2.7935039997101	-0.00090206088498235
2.7948896884918	-0.0010616879444569
2.7962753772736	-0.0012307699071243
2.7976610660553	-0.0014095370424911
2.7990465164185	-0.0015981963369995
2.8004322052002	-0.0017969973850995
2.8018178939819	-0.0020062755793333
2.8032035827637	-0.0022264486178756
2.8045892715454	-0.0024579626042396
2.8059749603271	-0.0027012180071324
2.8073606491089	-0.0029565067961812
2.8087463378906	-0.0032239959109575
2.8101320266724	-0.0035037603229284
2.8115177154541	-0.0037958479952067
2.8129034042358	-0.0041003366932273
2.8142888545990	-0.0044173584319651
2.8156745433807	-0.0047470768913627
2.8170602321625	-0.0050896294414997
2.8184459209442	-0.0054450677707791
2.8198316097260	-0.0058133220300078
2.8212172985077	-0.0061942073516548
2.8226029872894	-0.0065874634310603
2.8239886760712	-0.0069928010925651
2.8253743648529	-0.0074099297635257
2.8267600536346	-0.0078385509550571
2.8281457424164	-0.0082783252000809
2.8295311927795	-0.0087288320064545
2.8309168815613	-0.0091895479708910
2.8323025703430	-0.0096598453819752
2.8336882591248	-0.010139022022486
2.8350739479065	-0.010626331903040
2.8364596366882	-0.011121002025902
2.8378453254700	-0.011622226797044
2.8392310142517	-0.012129150331020
2.8406167030334	-0.012640846893191
2.8420023918152	-0.013156319037080
2.8433878421783	-0.013674529269338
2.8447735309601	-0.014194423332810
2.8461592197418	-0.014714962802827
2.8475449085236	-0.015235112980008
2.8489305973053	-0.015753814950585
2.8503162860870	-0.016269933432341
2.8517019748688	-0.016782233491540
2.8530876636505	-0.017289400100708
2.8544733524323	-0.017790086567402
2.8558590412140	-0.018282983452082
2.8572447299957	-0.018766876310110
2.8586301803589	-0.019240669906139
2.8600158691406	-0.019703330472112
2.8614015579224	-0.020153809338808
2.8627872467041	-0.020590983331203
2.8641729354858	-0.021013624966145
2.8655586242676	-0.021420445293188
2.8669443130493	-0.021810187026858
2.8683300018311	-0.022181717678905
2.8697156906128	-0.022534092888236
2.8711013793945	-0.022866552695632
2.8724870681763	-0.023178447037935
2.8738725185394	-0.023469133302569
2.8752582073212	-0.023737912997603
2.8766438961029	-0.023984007537365
2.8780295848846	-0.024206621572375
2.8794152736664	-0.024405036121607
2.8808009624481	-0.024578696116805
2.8821866512299	-0.024727256968617
2.8835723400116	-0.024850541725755
2.8849580287933	-0.024948487058282
2.8863437175751	-0.025021035224199
2.8877294063568	-0.025068104267120
2.8891148567200	-0.025089602917433
2.8905005455017	-0.025085479021072
2.8918862342834	-0.025055795907974
2.8932719230652	-0.025000788271427
2.8946576118469	-0.024920850992203
2.8960433006287	-0.024816485121846
2.8974289894104	-0.024688238278031
2.8988146781921	-0.024536654353142
2.9002003669739	-0.024362266063690
2.9015860557556	-0.024165641516447
2.9029715061188	-0.023947423323989
2.9043571949005	-0.023708384484053
2.9057428836823	-0.023449419066310
2.9071285724640	-0.023171503096819
2.9085142612457	-0.022875644266605
2.9098999500275	-0.022562827914953
2.9112856388092	-0.022234017029405
2.9126713275909	-0.021890172734857
2.9140570163727	-0.021532308310270
2.9154427051544	-0.021161511540413
2.9168283939362	-0.020778961479664
2.9182138442993	-0.020385874435306
2.9195995330811	-0.019983462989330
2.9209852218628	-0.019572883844376
2.9223709106445	-0.019155211746693
2.9237565994263	-0.018731476739049
2.9251422882080	-0.018302699550986
2.9265279769897	-0.017869953066111
2.9279136657715	-0.017434371635318
2.9292993545532	-0.016997141763568
2.9306850433350	-0.016559435054660
2.9320707321167	-0.016122359782457
2.9334561824799	-0.015686921775341
2.9348418712616	-0.015254024416208
2.9362275600433	-0.014824490994215
2.9376132488251	-0.014399109408259
2.9389989376068	-0.013978671282530
2.9403846263885	-0.013563975691795
2.9417703151703	-0.013155823573470
2.9431560039520	-0.012754971161485
2.9445416927338	-0.012362102046609
2.9459273815155	-0.011977813206613
2.9473130702972	-0.011602622456849
2.9486985206604	-0.011236989870667
2.9500842094421	-0.010881342925131
2.9514698982239	-0.010536083020270
2.9528555870056	-0.010201574303210
2.9542412757874	-0.0098781213164330
2.9556269645691	-0.0095659550279379
2.9570126533508	-0.0092652272433043
2.9583983421326	-0.0089760087430477
2.9597840309143	-0.0086983144283295
2.9611697196960	-0.0084321219474077
2.9625554084778	-0.0081773838028312
2.9639408588409	-0.0079340310767293
2.9653265476227	-0.0077019655145705
2.9667122364044	-0.0074810488149524
2.9680979251862	-0.0072710961103439
2.9694836139679	-0.0070718703791499
2.9708693027496	-0.0068830852396786
2.9722549915314	-0.0067044082097709
2.9736406803131	-0.0065354723483324
2.9750263690948	-0.0063758790493011
2.9764120578766	-0.0062252031639218
2.9777975082397	-0.0060830013826489
2.9791831970215	-0.0059488192200661
2.9805688858032	-0.0058221938088536
2.9819545745850	-0.0057026585564017
2.9833402633667	-0.0055897361598909
2.9847259521484	-0.0054829381406307
2.9861116409302	-0.0053817564621568
2.9874973297119	-0.0052856663241982
2.9888830184937	-0.0051941322162747
2.9902687072754	-0.0051066153682768
2.9916543960571	-0.0050225849263370
2.9930398464203	-0.0049415202811360
2.9944255352020	-0.0048629138618708
2.9958112239838	-0.0047862706705928
2.9971969127655	-0.0047111087478697
2.9985826015472	-0.0046369610354304
2.9999682903290	-0.0045633804984391
3.0013539791107	-0.0044899424538016
3.0027396678925	-0.0044162487611175
3.0041253566742	-0.0043419259600341
3.0055110454559	-0.0042666187509894
3.0068967342377	-0.0041899858042598
3.0082821846008	-0.0041117072105408
3.0096678733826	-0.0040314933285117
3.0110535621643	-0.0039490982890129
3.0124392509460	-0.0038643307052553
3.0138249397278	-0.0037770492490381
3.0152106285095	-0.0036871482152492
3.0165963172913	-0.0035945351701230
3.0179820060730	-0.0034991181455553
3.0193676948547	-0.0034008040092885
3.0207533836365	-0.0032995187211782
3.0221390724182	-0.0031952385324985
3.0235245227814	-0.0030880155973136
3.0249102115631	-0.0029779882170260
3.0262959003448	-0.0028653626795858
3.0276815891266	-0.0027503748424351
3.0290672779083	-0.0026332484558225
3.0304529666901	-0.0025141683872789
3.0318386554718	-0.0023932892363518
3.0332243442535	-0.0022707716561854
3.0346100330353	-0.0021468331106007
3.0359957218170	-0.0020217867568135
3.0373811721802	-0.0018960455199704
3.0387668609619	-0.0017700872849673
3.0401525497437	-0.0016444011125714
3.0415382385254	-0.0015194332227111
3.0429239273071	-0.0013955612666905
3.0443096160889	-0.0012731096940115
3.0456953048706	-0.0011523966677487
3.0470809936523	-0.0010337887797505
3.0484666824341	-0.00091773585882038
3.0498523712158	-0.00080476806033403
3.0512380599976	-0.00069545733276755
3.0526235103607	-0.00059036002494395
3.0540091991425	-0.00048996985424310
3.0553948879242	-0.00039470125921071
3.0567805767059	-0.00030490930657834
3.0581662654877	-0.00022093267762102
3.0595519542694	-0.00014313569408841
3.0609376430511	-7.1927075623535e-05
3.0623233318329	-7.7472850534832e-06
3.0637090206146	4.8967758630170e-05
3.0650947093964	9.7826923592947e-05
3.0664803981781	0.00013850735558663
3.0678658485413	0.00017075013602152
3.0692515373230	0.00019433270790614
3.0706372261047	0.00020903491531499
3.0720229148865	0.00021461749565788
3.0734086036682	0.00021082515013404
3.0747942924500	0.00019741145661101
3.0761799812317	0.00017417246999685
3.0775656700134	0.00014097099483479
3.0789513587952	9.7740427008830e-05
3.0803370475769	4.4467742554843e-05
3.0817227363586	-1.8835235096049e-05
3.0831081867218	-9.2156886239536e-05
3.0844938755035	-0.00017549452604726
3.0858795642853	-0.00026884375256486
3.0872652530670	-0.00037217614590190
3.0886509418488	-0.00048541818978265
3.0900366306305	-0.00060844176914543
3.0914223194122	-0.00074106967076659
3.0928080081940	-0.00088309415150434
3.0941936969757	-0.0010342960013077
3.0955793857574	-0.0011944572906941
3.0969648361206	-0.0013633638154715
3.0983505249023	-0.0015407952014357
3.0997362136841	-0.0017265097703785
3.1011219024658	-0.0019202316179872
3.1025075912476	-0.0021216473542154
3.1038932800293	-0.0023304114583880
3.1052789688110	-0.0025461609475315
3.1066646575928	-0.0027685298118740
3.1080503463745	-0.0029971618205309
3.1094360351562	-0.0032317149452865
3.1108217239380	-0.0034718592651188
3.1122071743011	-0.0037172674201429
3.1135928630829	-0.0039676050655544
3.1149785518646	-0.0042225159704685
3.1163642406464	-0.0044816173613071
3.1177499294281	-0.0047444994561374
3.1191356182098	-0.0050107426941395
3.1205213069916	-0.0052799335680902
3.1219069957733	-0.0055516818538308
3.1232926845551	-0.0058256303891540
3.1246783733368	-0.0061014508828521
3.1260640621185	-0.0063788257539272
3.1274495124817	-0.0066574243828654
3.1288352012634	-0.0069368882104754
3.1302208900452	-0.0072168204933405
3.1316065788269	-0.0074968091212213
3.1329922676086	-0.0077764503657818
3.1343779563904	-0.0080553740262985
3.1357636451721	-0.0083332601934671
3.1371493339539	-0.0086098313331604
3.1385350227356	-0.0088848248124123
3.1399207115173	-0.0091579547151923
3.1413064002991	-0.0094288941472769
3.1426918506622	-0.0096972687169909
3.1440775394440	-0.0099626807495952
3.1454632282257	-0.010224744677544
3.1468489170074	-0.010483117774129
3.1482346057892	-0.010737512260675
3.1496202945709	-0.010987684130669
3.1510059833527	-0.011233394034207
3.1523916721344	-0.011474370956421
3.1537773609161	-0.011710293591022
3.1551630496979	-0.011940794065595
3.1565487384796	-0.012165492400527
3.1579341888428	-0.012384027242661
3.1593198776245	-0.012596083804965
3.1607055664062	-0.012801389209926
3.1620912551880	-0.012999690137804
3.1634769439697	-0.013190716505051
3.1648626327515	-0.013374157249928
3.1662483215332	-0.013549660332501
3.1676340103149	-0.013716863468289
3.1690196990967	-0.013875419273973
3.1704053878784	-0.014025032520294
3.1717908382416	-0.014165465719998
3.1731765270233	-0.014296508394182
3.1745622158051	-0.014417950063944
3.1759479045868	-0.014529533684254
3.1773335933685	-0.014630958437920
3.1787192821503	-0.014721892774105
3.1801049709320	-0.014802020974457
3.1814906597137	-0.014871079474688
3.1828763484955	-0.014928877353668
3.1842620372772	-0.014975288882852
3.1856477260590	-0.015010215342045
3.1870331764221	-0.015033541247249
3.1884188652039	-0.015045117586851
3.1898045539856	-0.015044746920466
3.1911902427673	-0.015032234601676
3.1925759315491	-0.015007416717708
3.1939616203308	-0.014970211312175
3.1953473091125	-0.014920611865819
3.1967329978943	-0.014858673326671
3.1981186866760	-0.014784471131861
3.1995043754578	-0.014698063954711
3.2008900642395	-0.014599488116801
3.2022755146027	-0.014488765969872
3.2036612033844	-0.014365945011377
3.2050468921661	-0.014231129549444
3.2064325809479	-0.014084506779909
3.2078182697296	-0.013926340267062
3.2092039585114	-0.013756925240159
3.2105896472931	-0.013576568104327
3.2119753360748	-0.013385550118983
3.2133610248566	-0.013184120878577
3.2147467136383	-0.012972524389625
3.2161324024200	-0.012751031666994
3.2175178527832	-0.012519968673587
3.2189035415649	-0.012279725633562
3.2202892303467	-0.012030750513077
3.2216749191284	-0.011773525737226
3.2230606079102	-0.011508541181684
3.2244462966919	-0.011236276477575
3.2258319854736	-0.010957205668092
3.2272176742554	-0.010671801865101
3.2286033630371	-0.010380554012954
3.2299890518188	-0.010083977133036
3.2313745021820	-0.0097826067358255
3.2327601909637	-0.0094769839197397
3.2341458797455	-0.0091676451265812
3.2355315685272	-0.0088551081717014
3.2369172573090	-0.0085398750379682
3.2383029460907	-0.0082224430516362
3.2396886348724	-0.0079033160582185
3.2410743236542	-0.0075830132700503
3.2424600124359	-0.0072620632126927
3.2438457012177	-0.0069409864954650
3.2452313899994	-0.0066202841699123
3.2466168403625	-0.0063004260882735
3.2480025291443	-0.0059818523004651
3.2493882179260	-0.0056649856269360
3.2507739067078	-0.0053502451628447
3.2521595954895	-0.0050380504690111
3.2535452842712	-0.0047288127243519
3.2549309730530	-0.0044229109771550
3.2563166618347	-0.0041206721216440
3.2577023506165	-0.0038223545998335
3.2590880393982	-0.0035281579475850
3.2604737281799	-0.0032382500357926
3.2618591785431	-0.0029528017621487
3.2632448673248	-0.0026720147579908
3.2646305561066	-0.0023961272090673
3.2660162448883	-0.0021253887098283
3.2674019336700	-0.0018600171897560
3.2687876224518	-0.0016001530457288
3.2701733112335	-0.0013458342291415
3.2715590000153	-0.0010970075381920
3.2729446887970	-0.00085356994532049
3.2743303775787	-0.00061542610637844
3.2757160663605	-0.00038253370439634
3.2771015167236	-0.00015491343219765
3.2784872055054	6.7381581175141e-05
3.2798728942871	0.00028432108229026
3.2812585830688	0.00049595197197050
3.2826442718506	0.00070242496440187
3.2840299606323	0.00090398034080863
3.2854156494141	0.0011008996516466
3.2868013381958	0.0012934431433678
3.2881870269775	0.0014818054623902
3.2895727157593	0.0016661086119711
3.2909584045410	0.0018464345484972
3.2923438549042	0.0020228817593306
3.2937295436859	0.0021956090349704
3.2951152324677	0.0023648513015360
3.2965009212494	0.0025308902841061
3.2978866100311	0.0026940044481307
3.2992722988129	0.0028544152155519
3.3006579875946	0.0030122692696750
3.3020436763763	0.0031676583457738
3.3034293651581	0.0033206695225090
3.3048150539398	0.0034714385401458
3.3062005043030	0.0036201740149409
3.3075861930847	0.0037671376485378
3.3089718818665	0.0039125885814428
3.3103575706482	0.0040567219257355
3.3117432594299	0.0041996296495199
3.3131289482117	0.0043413136154413
3.3145146369934	0.0044817305170000
3.3159003257751	0.0046208635903895
3.3172860145569	0.0047587682493031
3.3186717033386	0.0048955730162561
3.3200573921204	0.0050314352847636
3.3214428424835	0.0051664775237441
3.3228285312653	0.0053007276728749
3.3242142200470	0.0054341144859791
3.3255999088287	0.0055665001273155
3.3269855976105	0.0056977467611432
3.3283712863922	0.0058277696371078
3.3297569751740	0.0059565538540483
3.3311426639557	0.0060841287486255
3.3325283527374	0.0062105013057590
3.3339140415192	0.0063356058672071
3.3352997303009	0.0064592799171805
3.3366851806641	0.0065812980756164
3.3380708694458	0.0067014368250966
3.3394565582275	0.0068195336498320
3.3408422470093	0.0069355145096779
3.3422279357910	0.0070493603125215
3.3436136245728	0.0071610435843468
3.3449993133545	0.0072704553604126
3.3463850021362	0.0073773739859462
3.3477706909180	0.0074814902618527
3.3491563796997	0.0075824800878763
3.3505420684814	0.0076800892129540
3.3519275188446	0.0077741821296513
3.3533132076263	0.0078647304326296
3.3546988964081	0.0079517448320985
3.3560845851898	0.0080351950600743
3.3574702739716	0.0081149376928806
3.3588559627533	0.0081907277926803
3.3602416515350	0.0082622691988945
3.3616273403168	0.0083293002098799
3.3630130290985	0.0083916634321213
3.3643987178802	0.0084493160247803
3.3657841682434	0.0085022784769535
3.3671698570251	0.0085505563765764
3.3685555458069	0.0085940714925528
3.3699412345886	0.0086326431483030
3.3713269233704	0.0086660403758287
3.3727126121521	0.0086940564215183
3.3740983009338	0.0087165944278240
3.3754839897156	0.0087336879223585
3.3768696784973	0.0087454589083791
3.3782553672791	0.0087520321831107
3.3796410560608	0.0087534552440047
3.3810265064240	0.0087496610358357
3.3824121952057	0.0087404996156693
3.3837978839874	0.0087258210405707
3.3851835727692	0.0087055610492826
3.3865692615509	0.0086797876283526
3.3879549503326	0.0086486805230379
3.3893406391144	0.0086124530062079
3.3907263278961	0.0085712652653456
3.3921120166779	0.0085251750424504
3.3934977054596	0.0084741450846195
3.3948833942413	0.0084181139245629
3.3962688446045	0.0083570834249258
3.3976545333862	0.0082911700010300
3.3990402221680	0.0082206018269062
3.4004259109497	0.0081456582993269
3.4018115997314	0.0080665815621614
3.4031972885132	0.0079835196956992
3.4045829772949	0.0078965295106173
3.4059686660767	0.0078056314960122
3.4073543548584	0.0077108913101256
3.4087400436401	0.0076124793849885
3.4101257324219	0.0075106741860509
3.4115111827850	0.0074058049358428
3.4128968715668	0.0072981636039913
3.4142825603485	0.0071879425086081
3.4156682491302	0.0070752268657088
3.4170539379120	0.0069600488059223
3.4184396266937	0.0068424767814577
3.4198253154755	0.0067226886749268
3.4212110042572	0.0066009825095534
3.4225966930389	0.0064777275547385
3.4239823818207	0.0063532665371895
3.4253678321838	0.0062278392724693
3.4267535209656	0.0061015542596579
3.4281392097473	0.0059744361788034
3.4295248985291	0.0058465152978897
3.4309105873108	0.0057179164141417
3.4322962760925	0.0055888993665576
3.4336819648743	0.0054598227143288
3.4350676536560	0.0053310589864850
3.4364533424377	0.0052028973586857
3.4378390312195	0.0050754956901073
3.4392247200012	0.0049488940276206
3.4406101703644	0.0048230933025479
3.4419958591461	0.0046981363557279
3.4433815479279	0.0045741684734821
3.4447672367096	0.0044514294713736
3.4461529254913	0.0043301973491907
3.4475386142731	0.0042107119224966
3.4489243030548	0.0040931231342256
3.4503099918365	0.0039774966426194
3.4516956806183	0.0038638671394438
3.4530813694000	0.0037523072678596
3.4544670581818	0.0036429681349546
3.4558525085449	0.0035360653419048
3.4572381973267	0.0034318165853620
3.4586238861084	0.0033303659874946
3.4600095748901	0.0032317447476089
3.4613952636719	0.0031358851119876
3.4627809524536	0.0030426930170506
3.4641666412354	0.0029521351680160
3.4655523300171	0.0028642974793911
3.4669380187988	0.0027793790213764
3.4683237075806	0.0026976231019944
3.4697093963623	0.0026192222721875
3.4710948467255	0.0025442452169955
3.4724805355072	0.0024726244155318
3.4738662242889	0.0024042155127972
3.4752519130707	0.0023388904519379
3.4766376018524	0.0022766157053411
3.4780232906342	0.0022174736950547
3.4794089794159	0.0021616164594889
3.4807946681976	0.0021091802045703
3.4821803569794	0.0020602049771696
3.4835660457611	0.0020146085880697
3.4849517345428	0.0019722238648683
3.4863371849060	0.0019328841008246
3.4877228736877	0.0018965065246448
3.4891085624695	0.0018631292041391
3.4904942512512	0.0018328771693632
3.4918799400330	0.0018058780115098
3.4932656288147	0.0017821706132963
3.4946513175964	0.0017616562545300
3.4960370063782	0.0017441213130951
3.4974226951599	0.0017293164273724
3.4988083839417	0.0017170533537865
3.5001938343048	0.0017072670161724
3.5015795230865	0.0017000134103000
3.5029652118683	0.0016954027814791
3.5043509006500	0.0016935071907938
3.5057365894318	0.0016942902002484
3.5071222782135	0.0016975930193439
3.5085079669952	0.0017031816532835
3.5098936557770	0.0017108288593590
3.5112793445587	0.0017203900497407
3.5126650333405	0.0017318311147392
3.5140507221222	0.0017451965250075
3.5154361724854	0.0017605393659323
3.5168218612671	0.0017778520705178
3.5182075500488	0.0017970300978050
3.5195932388306	0.0018178893951699
3.5209789276123	0.0018402207642794
3.5223646163940	0.0018638517940417
3.5237503051758	0.0018886862089857
3.5251359939575	0.0019146995618939
3.5265216827393	0.0019418987212703
3.5279073715210	0.0019702720455825
3.5292930603027	0.0019997551571578
3.5306785106659	0.0020302310585976
3.5320641994476	0.0020615588873625
3.5334498882294	0.0020936140790582
3.5348355770111	0.0021263146772981
3.5362212657928	0.0021596208680421
3.5376069545746	0.0021935137920082
3.5389926433563	0.0022279678378254
3.5403783321381	0.0022629348095506
3.5417640209198	0.0022983450908214
3.5431497097015	0.0023341281339526
3.5445353984833	0.0023702301550657
3.5459208488464	0.0024066218174994
3.5473065376282	0.0024432896170765
3.5486922264099	0.0024802132975310
3.5500779151917	0.0025173518806696
3.5514636039734	0.0025546448305249
3.5528492927551	0.0025920341722667
3.5542349815369	0.0026294910348952
3.5556206703186	0.0026670312508941
3.5570063591003	0.0027047102339566
3.5583920478821	0.0027425927110016
3.5597774982452	0.0027807164005935
3.5611631870270	0.0028190689627081
3.5625488758087	0.0028575896285474
3.5639345645905	0.0028962036594748
3.5653202533722	0.0029348663520068
3.5667059421539	0.0029735963325948
3.5680916309357	0.0030124788172543
3.5694773197174	0.0030516372062266
3.5708630084991	0.0030911834910512
3.5722486972809	0.0031311782076955
3.5736343860626	0.0031716208904982
3.5750198364258	0.0032124759163707
3.5764055252075	0.0032537190709263
3.5777912139893	0.0032953785266727
3.5791769027710	0.0033375441562384
3.5805625915527	0.0033803458791226
3.5819482803345	0.0034239017404616
3.5833339691162	0.0034682697150856
3.5847196578979	0.0035134297795594
3.5861053466797	0.0035593085922301
3.5874910354614	0.0036058314144611
3.5888767242432	0.0036529856733978
3.5902621746063	0.0037008509971201
3.5916478633881	0.0037495861761272
3.5930335521698	0.0037993751466274
3.5944192409515	0.0038503599353135
3.5958049297333	0.0039025889709592
3.5971906185150	0.0039560096338391
3.5985763072968	0.0040105045773089
3.5999619960785	0.0040659550577402
3.6013476848602	0.0041222982108593
3.6027333736420	0.0041795559227467
3.6041190624237	0.0042378189973533
3.6055045127869	0.0042972015216947
3.6068902015686	0.0043577891774476
3.6082758903503	0.0044196066446602
3.6096615791321	0.0044826134108007
3.6110472679138	0.0045467293821275
3.6124329566956	0.0046118702739477
3.6138186454773	0.0046779713593423
3.6152043342590	0.0047449916601181
3.6165900230408	0.0048128967173398
3.6179757118225	0.0048816418275237
3.6193611621857	0.0049511580727994
3.6207468509674	0.0050213579088449
3.6221325397491	0.0050921528600156
3.6235182285309	0.0051634702831507
3.6249039173126	0.0052352566272020
3.6262896060944	0.0053074685856700
3.6276752948761	0.0053800451569259
3.6290609836578	0.0054528908804059
3.6304466724396	0.0055258707143366
3.6318323612213	0.0055988281965256
3.6332180500031	0.0056716105900705
3.6346035003662	0.0057440935634077
3.6359891891479	0.0058161825872958
3.6373748779297	0.0058878026902676
3.6387605667114	0.0059588649310172
3.6401462554932	0.0060292473062873
3.6415319442749	0.0060987859033048
3.6429176330566	0.0061672870069742
3.6443033218384	0.0062345592305064
3.6456890106201	0.0063004437834024
3.6470746994019	0.0063648279756308
3.6484603881836	0.0064276307821274
3.6498458385468	0.0064887744374573
3.6512315273285	0.0065481513738632
3.6526172161102	0.0066056065261364
3.6540029048920	0.0066609424538910
3.6553885936737	0.0067139491438866
3.6567742824554	0.0067644333466887
3.6581599712372	0.0068122432567179
3.6595456600189	0.0068572713062167
3.6609313488007	0.0068994364701211
3.6623170375824	0.0069386553950608
3.6637027263641	0.0069748237729073
3.6650881767273	0.0070078177377582
3.6664738655090	0.0070374975912273
3.6678595542908	0.0070637380704284
3.6692452430725	0.0070864353328943
3.6706309318542	0.0071055088192225
3.6720166206360	0.0071208868175745
3.6734023094177	0.0071324873715639
3.6747879981995	0.0071402164176106
3.6761736869812	0.0071439733728766
3.6775593757629	0.0071436688303947
3.6789450645447	0.0071392403915524
3.6803305149078	0.0071306596510112
3.6817162036896	0.0071179224178195
3.6831018924713	0.0071010175161064
3.6844875812531	0.0070799142122269
3.6858732700348	0.0070545524358749
3.6872589588165	0.0070248651318252
3.6886446475983	0.0069908136501908
3.6900303363800	0.0069524119608104
3.6914160251617	0.0069097327068448
3.6928017139435	0.0068628871813416
3.6941871643066	0.0068119787611067
3.6955728530884	0.0067570684477687
3.6969585418701	0.0066981548443437
3.6983442306519	0.0066351993009448
3.6997299194336	0.0065681706182659
3.7011156082153	0.0064971013925970
3.7025012969971	0.0064221080392599
3.7038869857788	0.0063433758914471
3.7052726745605	0.0062611061148345
3.7066583633423	0.0061754537746310
3.7080440521240	0.0060864896513522
3.7094295024872	0.0059942067600787
3.7108151912689	0.0058985785581172
3.7122008800507	0.0057996278628707
3.7135865688324	0.0056974859908223
3.7149722576141	0.0055924002081156
3.7163579463959	0.0054846787825227
3.7177436351776	0.0053746104240417
3.7191293239594	0.0052623860538006
3.7205150127411	0.0051480727270246
3.7219007015228	0.0050316490232944
3.7232863903046	0.0049130870029330
3.7246718406677	0.0047924411483109
3.7260575294495	0.0046698958612978
3.7274432182312	0.0045457477681339
3.7288289070129	0.0044203316792846
3.7302145957947	0.0042939307168126
3.7316002845764	0.0041667106561363
3.7329859733582	0.0040387208573520
3.7343716621399	0.0039099548012018
3.7357573509216	0.0037804378662258
3.7371430397034	0.0036502964794636
3.7385287284851	0.0035197727847844
3.7399141788483	0.0033891685307026
3.7412998676300	0.0032587572932243
3.7426855564117	0.0031287083402276
3.7440712451935	0.0029990640468895
3.7454569339752	0.0028697832021862
3.7468426227570	0.0027408343739808
3.7482283115387	0.0026122811250389
3.7496140003204	0.0024843211285770
3.7509996891022	0.0023572538048029
3.7523853778839	0.0022313885856420
3.7537708282471	0.0021069461945444
3.7551565170288	0.0019839985761791
3.7565422058105	0.0018624857766554
3.7579278945923	0.0017422973178327
3.7593135833740	0.0016233760397881
3.7606992721558	0.0015057921409607
3.7620849609375	0.0013897479511797
3.7634706497192	0.0012755121570081
3.7648563385010	0.0011633189860731
3.7662420272827	0.0010532820597291
3.7676277160645	0.00094537250697613
3.7690131664276	0.00083946814993396
3.7703988552094	0.00073545059422031
3.7717845439911	0.00063329609110951
3.7731702327728	0.00053311168449000
3.7745559215546	0.00043509859824553
3.7759416103363	0.00033946242183447
3.7773272991180	0.00024631916312501
3.7787129878998	0.00015564699424431
3.7800986766815	6.7310429585632e-05
3.7814843654633	-1.8857199393096e-05
3.7828700542450	-0.00010295576794306
3.7842555046082	-0.00018495660333429
3.7856411933899	-0.00026470929151401
3.7870268821716	-0.00034201491507702
3.7884125709534	-0.00041672654333524
3.7897982597351	-0.00048882287228480
3.7911839485168	-0.00055841740686446
3.7925696372986	-0.00062569894362241
3.7939553260803	-0.00069083384005353
3.7953410148621	-0.00075388222467154
3.7967267036438	-0.00081477098865435
3.7981123924255	-0.00087333680130541
3.7994978427887	-0.00092941639013588
3.8008835315704	-0.00098293647170067
3.8022692203522	-0.0010339568834752
3.8036549091339	-0.0010826436337084
3.8050405979156	-0.0011291865957901
3.8064262866974	-0.0011737049790099
3.8078119754791	-0.0012161899358034
3.8091976642609	-0.0012565143406391
3.8105833530426	-0.0012945000780746
3.8119690418243	-0.0013300098944455
3.8133544921875	-0.0013630173634738
3.8147401809692	-0.0013936208561063
3.8161258697510	-0.0014219962758943
3.8175115585327	-0.0014483169652522
3.8188972473145	-0.0014726809458807
3.8202829360962	-0.0014950803015381
3.8216686248779	-0.0015154241118580
3.8230543136597	-0.0015336002688855
3.8244400024414	-0.0015495417173952
3.8258256912231	-0.0015632614959031
3.8272113800049	-0.0015748415607959
3.8285968303680	-0.0015843862202018
3.8299825191498	-0.0015919678844512
3.8313682079315	-0.0015975966816768
3.8327538967133	-0.0016012273263186
3.8341395854950	-0.0016027978854254
3.8355252742767	-0.0016022765776142
3.8369109630585	-0.0015996922738850
3.8382966518402	-0.0015951305394992
3.8396823406219	-0.0015886990586296
3.8410680294037	-0.0015804809518158
3.8424537181854	-0.0015705022960901
3.8438391685486	-0.0015587294474244
3.8452248573303	-0.0015450983773917
3.8466105461121	-0.0015295587945729
3.8479962348938	-0.0015121079050004
3.8493819236755	-0.0014927999582142
3.8507676124573	-0.0014717262238264
3.8521533012390	-0.0014489787863567
3.8535389900208	-0.0014246191130951
3.8549246788025	-0.0013986654812470
3.8563103675842	-0.0013711035717279
3.8576960563660	-0.0013419145252556
3.8590815067291	-0.0013111017178744
3.8604671955109	-0.0012787035666406
3.8618528842926	-0.0012447852641344
3.8632385730743	-0.0012094199191779
3.8646242618561	-0.0011726666707546
3.8660099506378	-0.0011345588136464
3.8673956394196	-0.0010951107833534
3.8687813282013	-0.0010543346870691
3.8701670169830	-0.0010122561361641
3.8715527057648	-0.00096891837893054
3.8729383945465	-0.00092437269631773
3.8743238449097	-0.00087866419926286
3.8757095336914	-0.00083182123489678
3.8770952224731	-0.00078385847155005
3.8784809112549	-0.00073479238199070
3.8798666000366	-0.00068466120865196
3.8812522888184	-0.00063353695441037
3.8826379776001	-0.00058151996927336
3.8840236663818	-0.00052871438674629
3.8854093551636	-0.00047519625513814
3.8867950439453	-0.00042098888661712
3.8881804943085	-0.00036606148933060
3.8895661830902	-0.00031035713618621
3.8909518718719	-0.00025383697357029
3.8923375606537	-0.00019652192713693
3.8937232494354	-0.00013851119729225
3.8951089382172	-7.9964069300331e-05
3.8964946269989	-2.1051677322248e-05
3.8978803157806	3.8101065001683e-05
3.8992660045624	9.7455304057803e-05
3.9006516933441	0.00015705922851339
3.9020373821259	0.00021700834622607
3.9034228324890	0.00027738019707613
3.9048085212708	0.00033817242365330
3.9061942100525	0.00039927434409037
3.9075798988342	0.00046048560761847
3.9089655876160	0.00052157731261104
3.9103512763977	0.00058237015036866
3.9117369651794	0.00064279360231012
3.9131226539612	0.00070289889117703
3.9145083427429	0.00076281669316813
3.9158940315247	0.00082267669495195
3.9172797203064	0.00088252418208867
3.9186651706696	0.00094227009685710
3.9200508594513	0.0010016993619502
3.9214365482330	0.0010605349671096
3.9228222370148	0.0011185279581696
3.9242079257965	0.0011755367740989
3.9255936145782	0.0012315580388531
3.9269793033600	0.0012866980396211
3.9283649921417	0.0013410970568657
3.9297506809235	0.0013948390260339
3.9311363697052	0.0014478864613920
3.9325220584869	0.0015000707935542
3.9339075088501	0.0015511362580582
3.9352931976318	0.0016008175443858
3.9366788864136	0.0016489146510139
3.9380645751953	0.0016953330487013
3.9394502639771	0.0017400740180165
3.9408359527588	0.0017831844743341
3.9422216415405	0.0018246934050694
3.9436073303223	0.0018645678646863
3.9449930191040	0.0019027051748708
3.9463787078857	0.0019389591179788
3.9477641582489	0.0019731849897653
3.9491498470306	0.0020052758045495
3.9505355358124	0.0020351719576865
3.9519212245941	0.0020628431811929
3.9533069133759	0.0020882522221655
3.9546926021576	0.0021113208495080
3.9560782909393	0.0021319238003343
3.9574639797211	0.0021499062422663
3.9588496685028	0.0021651214919984
3.9602353572845	0.0021774638444185
3.9616210460663	0.0021868837065995
3.9630064964294	0.0021933743264526
3.9643921852112	0.0021969412919134
3.9657778739929	0.0021975708659738
3.9671635627747	0.0021952111274004
3.9685492515564	0.0021897775586694
3.9699349403381	0.0021811712067574
3.9713206291199	0.0021693052258343
3.9727063179016	0.0021541193127632
3.9740920066833	0.0021355773787946
3.9754776954651	0.0021136533468962
3.9768633842468	0.0020883146207780
3.9782488346100	0.0020595150999725
3.9796345233917	0.0020272023975849
3.9810202121735	0.0019913325086236
3.9824059009552	0.0019518840126693
3.9837915897369	0.0019088620319963
3.9851772785187	0.0018622867064551
3.9865629673004	0.0018121778266504
3.9879486560822	0.0017585449386388
3.9893343448639	0.0017013883916661
3.9907200336456	0.0016407121438533
3.9921057224274	0.0015765390126035
3.9934911727905	0.0015089180087671
3.9948768615723	0.0014379146741703
3.9962625503540	0.0013635910581797
3.9976482391357	0.0012859840644524
3.9990339279175	0.0012050986988470
4.0004196166992	0.0011209243675694
4.0018053054810	0.0010334673570469
4.0031909942627	0.00094278319738805
4.0045766830444	0.00084898801287636
4.0059623718262	0.00075224100146443
4.0073480606079	0.00065270415507257
4.0087337493896	0.00055049930233508
4.0101194381714	0.00044568709563464
4.0115051269531	0.00033828138839453
4.0128908157349	0.00022829447698314
4.0142765045166	0.00011579079728108
4.0156617164612	9.1925357992295e-07
4.0170474052429	-0.00011609616194619
4.0184330940247	-0.00023500611132476
4.0198187828064	-0.00035560264950618
4.0212044715881	-0.00047776632709429
4.0225901603699	-0.00060146709438413
4.0239758491516	-0.00072671478847042
4.0253615379333	-0.00085348251741379
4.0267472267151	-0.00098164216615260
4.0281329154968	-0.0011109486222267
4.0295186042786	-0.0012410819763318
4.0309042930603	-0.0013717317488045
4.0322899818420	-0.0015026775654405
4.0336756706238	-0.0016338264103979
4.0350613594055	-0.0017651848029345
4.0364470481873	-0.0018967785872519
4.0378327369690	-0.0020285616628826
4.0392184257507	-0.0021603596396744
4.0406041145325	-0.0022918749600649
4.0419898033142	-0.0024227537214756
4.0433754920959	-0.0025526764802635
4.0447607040405	-0.0026814336888492
4.0461463928223	-0.0028089424595237
4.0475320816040	-0.0029352027922869
4.0489177703857	-0.0030602149199694
4.0503034591675	-0.0031839073635638
4.0516891479492	-0.0033061041031033
4.0530748367310	-0.0034265490248799
4.0544605255127	-0.0035449711140245
4.0558462142944	-0.0036611459217966
4.0572319030762	-0.0037749269977212
4.0586175918579	-0.0038862293586135
4.0600032806396	-0.0039949850179255
4.0613889694214	-0.0041010929271579
4.0627746582031	-0.0042044008150697
4.0641603469849	-0.0043047247454524
4.0655460357666	-0.0044018975459039
4.0669317245483	-0.0044958079233766
4.0683174133301	-0.0045864162966609
4.0697031021118	-0.0046737189404666
4.0710887908936	-0.0047576986253262
4.0724744796753	-0.0048382729291916
4.0738601684570	-0.0049152825959027
4.0752453804016	-0.0049885273911059
4.0766310691833	-0.0050578285008669
4.0780167579651	-0.0051230862736702
4.0794024467468	-0.0051843007095158
4.0807881355286	-0.0052415407262743
4.0821738243103	-0.0052948789671063
4.0835595130920	-0.0053443284705281
4.0849452018738	-0.0053898124024272
4.0863308906555	-0.0054311910644174
4.0877165794373	-0.0054683275520802
4.0891022682190	-0.0055011543445289
4.0904879570007	-0.0055297086946666
4.0918736457825	-0.0055541135370731
4.0932593345642	-0.0055745183490217
4.0946450233459	-0.0055910274386406
4.0960307121277	-0.0056036585010588
4.0974164009094	-0.0056123510003090
4.0988020896912	-0.0056170211173594
4.1001877784729	-0.0056176283396780
4.1015734672546	-0.0056142206303775
4.1029591560364	-0.0056069297716022
4.1043448448181	-0.0055959224700928
4.1057300567627	-0.0055813323706388
4.1071157455444	-0.0055632246658206
4.1085014343262	-0.0055415933020413
4.1098871231079	-0.0055164163932204
4.1112728118896	-0.0054877148941159
4.1126585006714	-0.0054555959068239
4.1140441894531	-0.0054202461615205
4.1154298782349	-0.0053818770684302
4.1168155670166	-0.0053406544029713
4.1182012557983	-0.0052966536022723
4.1195869445801	-0.0052498662844300
4.1209726333618	-0.0052002593874931
4.1223583221436	-0.0051478524692357
4.1237440109253	-0.0050927754491568
4.1251296997070	-0.0050352653488517
4.1265153884888	-0.0049756085500121
4.1279010772705	-0.0049140471965075
4.1292867660522	-0.0048507121391594
4.1306724548340	-0.0047856015153229
4.1320581436157	-0.0047186366282403
4.1334438323975	-0.0046497508883476
4.1348290443420	-0.0045789759606123
4.1362147331238	-0.0045064757578075
4.1376004219055	-0.0044325152412057
4.1389861106873	-0.0043573724105954
4.1403717994690	-0.0042812502942979
4.1417574882507	-0.0042042261920869
4.1431431770325	-0.0041262703016400
4.1445288658142	-0.0040473174303770
4.1459145545959	-0.0039673545397818
4.1473002433777	-0.0038864756934345
4.1486859321594	-0.0038048753049225
4.1500716209412	-0.0037227869033813
4.1514573097229	-0.0036404011771083
4.1528429985046	-0.0035578049719334
4.1542286872864	-0.0034749787300825
4.1556143760681	-0.0033918481785804
4.1570000648499	-0.0033083662856370
4.1583857536316	-0.0032245796173811
4.1597714424133	-0.0031406385824084
4.1611571311951	-0.0030567557550967
4.1625428199768	-0.0029731260146946
4.1639285087585	-0.0028898546006531
4.1653137207031	-0.0028069315012544
4.1666994094849	-0.0027242628857493
4.1680850982666	-0.0026417470071465
4.1694707870483	-0.0025593501050025
4.1708564758301	-0.0024771504104137
4.1722421646118	-0.0023953230120242
4.1736278533936	-0.0023140781559050
4.1750135421753	-0.0022335832472891
4.1763992309570	-0.0021539046429098
4.1777849197388	-0.0020749985706061
4.1791706085205	-0.0019967521075159
4.1805562973022	-0.0019190520979464
4.1819419860840	-0.0018418485997245
4.1833276748657	-0.0017651823582128
4.1847133636475	-0.0016891716513783
4.1860990524292	-0.0016139657236636
4.1874847412109	-0.0015396906528622
4.1888704299927	-0.0014664130285382
4.1902561187744	-0.0013941327342764
4.1916418075562	-0.0013228071620688
4.1930274963379	-0.0012523860204965
4.1944127082825	-0.0011828426504508
4.1957983970642	-0.0011141849681735
4.1971840858459	-0.0010464494116604
4.1985697746277	-0.00097968149930239
4.1999554634094	-0.00091391796013340
4.2013411521912	-0.00084917759522796
4.2027268409729	-0.00078546511940658
4.2041125297546	-0.00072278361767530
4.2054982185364	-0.00066114659421146
4.2068839073181	-0.00060058280359954
4.2082695960999	-0.00054113229271024
4.2096552848816	-0.00048283461364917
4.2110409736633	-0.00042571540689096
4.2124266624451	-0.00036977767013013
4.2138123512268	-0.00031500228215009
4.2151980400085	-0.00026135719963349
4.2165837287903	-0.00020881384261884
4.2179694175720	-0.00015736409113742
4.2193551063538	-0.00010703068255680
4.2207407951355	-5.7866127463058e-05
4.2221264839172	-9.9387580121402e-06
4.2235121726990	3.6688736145152e-05
4.2248973846436	8.1979997048620e-05
4.2262830734253	0.00012593629071489
4.2276687622070	0.00016859231982380
4.2290544509888	0.00020999697153457
4.2304401397705	0.00025018682936206
4.2318258285522	0.00028916550218128
4.2332115173340	0.00032689882209525
4.2345972061157	0.00036332770832814
4.2359828948975	0.00039839246892370
4.2373685836792	0.00043205590918660
4.2387542724609	0.00046431535156444
4.2401399612427	0.00049519533058628
4.2415256500244	0.00052472564857453
4.2429113388062	0.00055291631724685
4.2442970275879	0.00057974457740784
4.2456827163696	0.00060516200028360
4.2470684051514	0.00062911608256400
4.2484540939331	0.00065157510107383
4.2498397827148	0.00067254080204293
4.2512254714966	0.00069204054307193
4.2526111602783	0.00071010034298524
4.2539963722229	0.00072671478847042
4.2553820610046	0.00074183440301567
4.2567677497864	0.00075537816155702
4.2581534385681	0.00076726835686713
4.2595391273499	0.00077746942406520
4.2609248161316	0.00078600557753816
4.2623105049133	0.00079294614261016
4.2636961936951	0.00079836195800453
4.2650818824768	0.00080227525904775
4.2664675712585	0.00080463069025427
4.2678532600403	0.00080530578270555
4.2692389488220	0.00080416054697707
4.2706246376038	0.00080110260751098
4.2720103263855	0.00079613202251494
4.2733960151672	0.00078934122575447
4.2747817039490	0.00078086392022669
4.2761673927307	0.00077079841867089
4.2775530815125	0.00075914559420198
4.2789387702942	0.00074579624924809
4.2803244590759	0.00073057808913291
4.2817101478577	0.00071333930827677
4.2830958366394	0.00069402693770826
4.2844810485840	0.00067271705484018
4.2858667373657	0.00064958003349602
4.2872524261475	0.00062479497864842
4.2886381149292	0.00059845740906894
4.2900238037109	0.00057052751071751
4.2914094924927	0.00054084800649434
4.2927951812744	0.00050922489026561
4.2941808700562	0.00047552844625898
4.2955665588379	0.00043976432061754
4.2969522476196	0.00040207678102888
4.2983379364014	0.00036268279654905
4.2997236251831	0.00032177093089558
4.3011093139648	0.00027941912412643
4.3024950027466	0.00023557392705698
4.3038806915283	0.00019009935203940
4.3052663803101	0.00014286853547674
4.3066520690918	9.3848517281003e-05
4.3080377578735	4.3133550207131e-05
4.3094234466553	-9.0898747657775e-06
4.3108091354370	-6.2624516431242e-05
4.3121948242188	-0.00011734331201296
4.3135800361633	-0.00017322521307506
4.3149657249451	-0.00023032816534396
4.3163514137268	-0.00028871704125777
4.3177371025085	-0.00034838798455894
4.3191227912903	-0.00040923347114585
4.3205084800720	-0.00047106781858020
4.3218941688538	-0.00053369987290353
4.3232798576355	-0.00059700873680413
4.3246655464172	-0.00066097866510972
4.3260512351990	-0.00072567159077153
4.3274369239807	-0.00079115055268630
4.3288226127625	-0.00085739733185619
4.3302083015442	-0.00092427048366517
4.3315939903259	-0.00099153071641922
4.3329796791077	-0.0010589212179184
4.3343653678894	-0.0011262570042163
4.3357510566711	-0.0011934776557609
4.3371367454529	-0.0012606335803866
4.3385224342346	-0.0013278111582622
4.3399081230164	-0.0013950407737866
4.3412938117981	-0.0014622346498072
4.3426795005798	-0.0015291908057407
4.3440647125244	-0.0015956598799676
4.3454504013062	-0.0016614360501990
4.3468360900879	-0.0017264216439798
4.3482217788696	-0.0017906296998262
4.3496074676514	-0.0018541238969192
4.3509931564331	-0.0019169297302142
4.3523788452148	-0.0019789659418166
4.3537645339966	-0.0020400362554938
4.3551502227783	-0.0020998911932111
4.3565359115601	-0.0021583200432360
4.3579216003418	-0.0022152282763273
4.3593072891235	-0.0022706529125571
4.3606929779053	-0.0023247124627233
4.3620786666870	-0.0023775096051395
4.3634643554688	-0.0024290459696203
4.3648500442505	-0.0024791909381747
4.3662357330322	-0.0025277221575379
4.3676214218140	-0.0025744116865098
4.3690071105957	-0.0026191128417850
4.3703927993774	-0.0026617976836860
4.3717784881592	-0.0027025321032852
4.3731637001038	-0.0027414006181061
4.3745493888855	-0.0027784276753664
4.3759350776672	-0.0028135399334133
4.3773207664490	-0.0028465923387557
4.3787064552307	-0.0028774405363947
4.3800921440125	-0.0029060167726129
4.3814778327942	-0.0029323666822165
4.3828635215759	-0.0029566199518740
4.3842492103577	-0.0029789125546813
4.3856348991394	-0.0029993029311299
4.3870205879211	-0.0030177268199623
4.3884062767029	-0.0030340203084052
4.3897919654846	-0.0030479975976050
4.3911776542664	-0.0030595397111028
4.3925633430481	-0.0030686510726810
4.3939490318298	-0.0030754506587982
4.3953347206116	-0.0030801061075181
4.3967204093933	-0.0030827440787107
4.3981060981750	-0.0030833913479000
4.3994917869568	-0.0030819717794657
4.4008774757385	-0.0030783629044890
4.4022631645203	-0.0030724799726158
4.4036483764648	-0.0030643339268863
4.4050340652466	-0.0030540388543159
4.4064197540283	-0.0030417614616454
4.4078054428101	-0.0030276419129223
4.4091911315918	-0.0030117339920253
4.4105768203735	-0.0029939925298095
4.4119625091553	-0.0029743204358965
4.4133481979370	-0.0029526422731578
4.4147338867188	-0.0029289659578353
4.4161195755005	-0.0029033971950412
4.4175052642822	-0.0028761001303792
4.4188909530640	-0.0028472270350903
4.4202766418457	-0.0028168547432870
4.4216623306274	-0.0027849697507918
4.4230480194092	-0.0027515019755810
4.4244337081909	-0.0027163913473487
4.4258193969727	-0.0026796478778124
4.4272050857544	-0.0026413691230118
4.4285907745361	-0.0026017087511718
4.4299764633179	-0.0025608143769205
4.4313621520996	-0.0025187691207975
4.4327473640442	-0.0024755727499723
4.4341330528259	-0.0024311738088727
4.4355187416077	-0.0023855301551521
4.4369044303894	-0.0023386641405523
4.4382901191711	-0.0022906828671694
4.4396758079529	-0.0022417467553169
4.4410614967346	-0.0021920090075582
4.4424471855164	-0.0021415555384010
4.4438328742981	-0.0020903781987727
4.4452185630798	-0.0020384029485285
4.4466042518616	-0.0019855522550642
4.4479899406433	-0.0019318114500493
4.4493756294250	-0.0018772595794871
4.4507613182068	-0.0018220508936793
4.4521470069885	-0.0017663555918261
4.4535326957703	-0.0017102955607697
4.4549183845520	-0.0016539066564292
4.4563040733337	-0.0015971492975950
4.4576897621155	-0.0015399570111185
4.4590754508972	-0.0014822945231572
4.4604611396790	-0.0014241914032027
4.4618468284607	-0.0013657370582223
4.4632320404053	-0.0013070396380499
4.4646177291870	-0.0012481769081205
4.4660034179688	-0.0011891694739461
4.4673891067505	-0.0011299904435873
4.4687747955322	-0.0010706045432016
4.4701604843140	-0.0010110124712810
4.4715461730957	-0.00095127098029479
4.4729318618774	-0.00089147471589968
4.4743175506592	-0.00083170953439549
4.4757032394409	-0.00077200517989695
4.4770889282227	-0.00071231921901926
4.4784746170044	-0.00065256393281743
4.4798603057861	-0.00059266539756209
4.4812459945679	-0.00053262087749317
4.4826316833496	-0.00047252062358893
4.4840173721313	-0.00041251815855503
4.4854030609131	-0.00035276141716167
4.4867887496948	-0.00029331989935599
4.4881744384766	-0.00023414820316248
4.4895601272583	-0.00017510814359412
4.4909458160400	-0.00011604151222855
4.4923315048218	-5.6857021263568e-05
4.4937167167664	2.4145228962880e-06
4.4951024055481	6.1626444221474e-05
4.4964880943298	0.00012058315041941
4.4978737831116	0.00017913381452672
4.4992594718933	0.00023724394850433
4.5006451606750	0.00029500873642974
4.5020308494568	0.00035260018194094
4.5034165382385	0.00041017483454198
4.5048022270203	0.00046778970863670
4.5061879158020	0.00052536965813488
4.5075736045837	0.00058274215552956
4.5089592933655	0.00063971884083003
4.5103449821472	0.00069618195993826
4.5117306709290	0.00075213075615466
4.5131163597107	0.00080766773317009
4.5145020484924	0.00086293264757842
4.5158877372742	0.00091802229871973
4.5172734260559	0.00097293779253960
4.5186591148376	0.0010275839595124
4.5200448036194	0.0010818169685081
4.5214304924011	0.0011355133028701
4.5228157043457	0.0011886219726875
4.5242013931274	0.0012411710340530
4.5255870819092	0.0012932309182361
4.5269727706909	0.0013448584359139
4.5283584594727	0.0013960516080260
4.5297441482544	0.0014467414002866
4.5311298370361	0.0014968205941841
4.5325155258179	0.0015461912844330
4.5339012145996	0.0015948017826304
4.5352869033813	0.0016426532529294
4.5366725921631	0.0016897735185921
4.5380582809448	0.0017361767822877
4.5394439697266	0.0017818327760324
4.5408296585083	0.0018266640836373
4.5422153472900	0.0018705741968006
4.5436010360718	0.0019134876783937
4.5449867248535	0.0019553804304451
4.5463724136353	0.0019962769001722
4.5477581024170	0.0020362173672765
4.5491437911987	0.0020752158015966
4.5505294799805	0.0021132284309715
4.5519151687622	0.0021501546725631
4.5533003807068	0.0021858699619770
4.5546860694885	0.0022202732507139
4.5560717582703	0.0022533209994435
4.5574574470520	0.0022850313689560
4.5588431358337	0.0023154506925493
4.5602288246155	0.0023446101695299
4.5616145133972	0.0023724883794785
4.5630002021790	0.0023990047629923
4.5643858909607	0.0024240491911769
4.5657715797424	0.0024475266691297
4.5671572685242	0.0024693952873349
4.5685429573059	0.0024896715767682
4.5699286460876	0.0025084046646953
4.5713143348694	0.0025256325025111
4.5727000236511	0.0025413439143449
4.5740857124329	0.0025554699823260
4.5754714012146	0.0025679133832455
4.5768570899963	0.0025785923935473
4.5782427787781	0.0025874818675220
4.5796284675598	0.0025946213863790
4.5810141563416	0.0026000887155533
4.5823993682861	0.0026039513759315
4.5837850570679	0.0026062224060297
4.5851707458496	0.0026068456936628
4.5865564346313	0.0026057208888233
4.5879421234131	0.0026027515996248
4.5893278121948	0.0025978963822126
4.5907135009766	0.0025911880657077
4.5920991897583	0.0025827167555690
4.5934848785400	0.0025725816376507
4.5948705673218	0.0025608374271542
4.5962562561035	0.0025474687572569
4.5976419448853	0.0025324011221528
4.5990276336670	0.0025155469775200
4.6004133224487	0.0024968592915684
4.6017990112305	0.0024763632100075
4.6031847000122	0.0024541518650949
4.6045703887939	0.0024303458631039
4.6059560775757	0.0024050406645983
4.6073417663574	0.0023782677017152
4.6087274551392	0.0023499941453338
4.6101131439209	0.0023201561998576
4.6114988327026	0.0022887110244483
4.6128840446472	0.0022556772455573
4.6142697334290	0.0022211398463696
4.6156554222107	0.0021852210629731
4.6170411109924	0.0021480310242623
4.6184267997742	0.0021096270065755
4.6198124885559	0.0020700041204691
4.6211981773376	0.0020291197579354
4.6225838661194	0.0019869392272085
4.6239695549011	0.0019434777786955
4.6253552436829	0.0018988144584000
4.6267409324646	0.0018530744127929
4.6281266212463	0.0018063895404339
4.6295123100281	0.0017588565824553
4.6308979988098	0.0017105154693127
4.6322836875916	0.0016613592160866
4.6336693763733	0.0016113673336804
4.6350550651550	0.0015605443622917
4.6364407539368	0.0015089410590008
4.6378264427185	0.0014566485770047
4.6392121315002	0.0014037713408470
4.6405978202820	0.0013503986410797
4.6419830322266	0.0012965893838555
4.6433687210083	0.0012423787266016
4.6447544097900	0.0011878014774993
4.6461400985718	0.0011329143308103
4.6475257873535	0.0010778035502881
4.6489114761353	0.0010225708829239
4.6502971649170	0.00096730713266879
4.6516828536987	0.00091206841170788
4.6530685424805	0.00085687043610960
4.6544542312622	0.00080170884029940
4.6558399200439	0.00074659386882558
4.6572256088257	0.00069157895632088
4.6586112976074	0.00063676567515358
4.6599969863892	0.00058228202397004
4.6613826751709	0.00052824255544692
4.6627683639526	0.00047471272409894
4.6641540527344	0.00042169890366495
4.6655397415161	0.00036917021498084
4.6669254302979	0.00031710256007500
4.6683111190796	0.00026552315102890
4.6696968078613	0.00021452963119373
4.6710824966431	0.00016427211812697
4.6724677085876	0.00011490595352370
4.6738533973694	6.6538719693199e-05
4.6752390861511	1.9199920643587e-05
4.6766247749329	-2.7151068934472e-05
4.6780104637146	-7.2582995926496e-05
4.6793961524963	-0.00011713746062014
4.6807818412781	-0.00016078911721706
4.6821675300598	-0.00020344227959868
4.6835532188416	-0.00024496391415596
4.6849389076233	-0.00028523529181257
4.6863245964050	-0.00032419472699985
4.6877102851868	-0.00036184815689921
4.6890959739685	-0.00039824485429563
4.6904816627502	-0.00043343240395188
4.6918673515320	-0.00046741665573791
4.6932530403137	-0.00050014833686873
4.6946387290955	-0.00053154147462919
4.6960244178772	-0.00056151283206418
4.6974101066589	-0.00059002009220421
4.6987957954407	-0.00061707582790405
4.7001814842224	-0.00064273038879037
4.7015666961670	-0.00066703406628221
4.7029523849487	-0.00069000059738755
4.7043380737305	-0.00071159290382639
4.7057237625122	-0.00073174020508304
4.7071094512939	-0.00075037544593215
4.7084951400757	-0.00076747208368033
4.7098808288574	-0.00078305788338184
4.7112665176392	-0.00079719728091732
4.7126522064209	-0.00080995279131457
4.7140378952026	-0.00082134682452306
4.7154235839844	-0.00083134608576074
4.7168092727661	-0.00083987828111276
4.7181949615479	-0.00084687385242432
4.7195806503296	-0.00085231009870768
4.7209663391113	-0.00085623248014599
4.7223520278931	-0.00085874024080113
4.7237377166748	-0.00085994135588408
4.7251234054565	-0.00085989927174523
4.7265090942383	-0.00085860112449154
4.7278947830200	-0.00085596548160538
4.7292804718018	-0.00085188652155921
4.7306661605835	-0.00084629433695227
4.7320513725281	-0.00083919940516353
4.7334370613098	-0.00083069910760969
4.7348227500916	-0.00082093989476562
4.7362084388733	-0.00081005541142076
4.7375941276550	-0.00079810933675617
4.7389798164368	-0.00078507239231840
4.7403655052185	-0.00077084416989237
4.7417511940002	-0.00075531000038609
4.7431368827820	-0.00073840445838869
4.7445225715637	-0.00072015146724880
4.7459082603455	-0.00070066191256046
4.7472939491272	-0.00068008987000212
4.7486796379089	-0.00065856875153258
4.7500653266907	-0.00063615723047405
4.7514510154724	-0.00061282084789127
4.7528367042542	-0.00058845605235547
4.7542223930359	-0.00056294596288353
4.7556080818176	-0.00053622125415131
4.7569937705994	-0.00050829933024943
4.7583794593811	-0.00047928557614796
4.7597651481628	-0.00044933689059690
4.7611503601074	-0.00041860400233418
4.7625360488892	-0.00038717652205378
4.7639217376709	-0.00035505491541699
4.7653074264526	-0.00032216028193943
4.7666931152344	-0.00028837591526099
4.7680788040161	-0.00025360254221596
4.7694644927979	-0.00021780592214782
4.7708501815796	-0.00018103852926288
4.7722358703613	-0.00014342772192322
4.7736215591431	-0.00010513423330849
4.7750072479248	-6.6297841840424e-05
4.7763929367065	-2.6992351195076e-05
4.7777786254883	1.2792370398529e-05
4.7791643142700	5.3134939662414e-05
4.7805500030518	9.4139490101952e-05
4.7819356918335	0.00013588138972409
4.7833213806152	0.00017836420738604
4.7847070693970	0.00022150803124532
4.7860927581787	0.00026517466176301
4.7874784469604	0.00030921836150810
4.7888641357422	0.00035354075953364
4.7902498245239	0.00039812395698391
4.7916350364685	0.00044302621972747
4.7930207252502	0.00048834102926776
4.7944064140320	0.00053413771092892
4.7957921028137	0.00058041204465553
4.7971777915955	0.00062706973403692
4.7985634803772	0.00067395262885839
4.7999491691589	0.00072089687455446
4.8013348579407	0.00076779583469033
4.8027205467224	0.00081463681999594
4.8041062355042	0.00086149328853935
4.8054919242859	0.00090847670799121
4.8068776130676	0.00095566938398406
4.8082633018494	0.0010030709672719
4.8096489906311	0.0010505818063393
4.8110346794128	0.0010980338556692
4.8124203681946	0.0011452508624643
4.8138060569763	0.0011921093100682
4.8151917457581	0.0012385714799166
4.8165774345398	0.0012846768368036
4.8179631233215	0.0013304993044585
4.8193488121033	0.0013760920846835
4.8207345008850	0.0014214485418051
4.8221197128296	0.0014664963819087
4.8235054016113	0.0015111247776076
4.8248910903931	0.0015552246477455
4.8262767791748	0.0015987213701010
4.8276624679565	0.0016415817663074
4.8290481567383	0.0016837960574776
4.8304338455200	0.0017253488767892
4.8318195343018	0.0017661978490651
4.8332052230835	0.0018062734743580
4.8345909118652	0.0018455024110153
4.8359766006470	0.0018838343676180
4.8373622894287	0.0019212573533878
4.8387479782104	0.0019577883649617
4.8401336669922	0.0019934412557632
4.8415193557739	0.0020281921606511
4.8429050445557	0.0020619633141905
4.8442907333374	0.0020946352742612
4.8456764221191	0.0021260869689286
4.8470621109009	0.0021562434267253
4.8484477996826	0.0021851032506675
4.8498334884644	0.0022127297706902
4.8512187004089	0.0022392061073333
4.8526043891907	0.0022645748686045
4.8539900779724	0.0022887948434800
4.8553757667542	0.0023117382079363
4.8567614555359	0.0023332305718213
4.8581471443176	0.0023531187325716
4.8595328330994	0.0023713302798569
4.8609185218811	0.0023878980427980
4.8623042106628	0.0024029337801039
4.8636898994446	0.0024165669456124
4.8650755882263	0.0024288755375892
4.8664612770081	0.0024398416280746
4.8678469657898	0.0024493546225131
4.8692326545715	0.0024572582915425
4.8706183433533	0.0024634150322527
4.8720040321350	0.0024677608162165
4.8733897209167	0.0024703200906515
4.8747754096985	0.0024711801670492
4.8761610984802	0.0024704348761588
4.8775467872620	0.0024681354407221
4.8789324760437	0.0024642664939165
4.8803181648254	0.0024587607476860
4.8817033767700	0.0024515374097973
4.8830890655518	0.0024425480514765
4.8844747543335	0.0024317996576428
4.8858604431152	0.0024193546269089
4.8872461318970	0.0024052979424596
4.8886318206787	0.0023897010833025
4.8900175094604	0.0023725922219455
4.8914031982422	0.0023539527319372
4.8927888870239	0.0023337369784713
4.8941745758057	0.0023119004908949
4.8955602645874	0.0022884248755872
4.8969459533691	0.0022633250337094
4.8983316421509	0.0022366454359144
4.8997173309326	0.0022084414958954
4.9011030197144	0.0021787639707327
4.9024887084961	0.0021476494148374
4.9038743972778	0.0021151232067496
4.9052600860596	0.0020812083967030
4.9066457748413	0.0020459352526814
4.9080314636230	0.0020093440543860
4.9094171524048	0.0019714832305908
4.9108023643494	0.0019324019085616
4.9121880531311	0.0018921468872577
4.9135737419128	0.0018507589120418
4.9149594306946	0.0018082736060023
4.9163451194763	0.0017647235654294
4.9177308082581	0.0017201406881213
4.9191164970398	0.0016745568718761
4.9205021858215	0.0016280048293993
4.9218878746033	0.0015805207658559
4.9232735633850	0.0015321498503909
4.9246592521667	0.0014829484280199
4.9260449409485	0.0014329836703837
4.9274306297302	0.0013823276385665
4.9288163185120	0.0013310485519469
4.9302020072937	0.0012792018242180
4.9315876960754	0.0012268276186660
4.9329733848572	0.0011739571345970
4.9343590736389	0.0011206249473616
4.9357447624207	0.0010668811155483
4.9371304512024	0.0010127957211807
4.9385161399841	0.00095845398027450
4.9399018287659	0.00090394180733711
4.9412870407104	0.00084932887693867
4.9426727294922	0.00079465983435512
4.9440584182739	0.00073995743878186
4.9454441070557	0.00068523653317243
4.9468297958374	0.00063052232144400
4.9482154846191	0.00057586038019508
4.9496011734009	0.00052131613483652
4.9509868621826	0.00046696251956746
4.9523725509644	0.00041286635678262
4.9537582397461	0.00035908009158447
4.9551439285278	0.00030564412008971
4.9565296173096	0.00025259808171540
4.9579153060913	0.00019999248615932
4.9593009948730	0.00014789256965742
4.9606866836548	9.6371026302222e-05
4.9620723724365	4.5491000491893e-05
4.9634580612183	-4.7097364586079e-06
4.9648437500000	-5.4222724429565e-05
4.9662294387817	-0.00010305561590940
4.9676151275635	-0.00015120730677154
4.9690008163452	-0.00019864542991854
4.9703860282898	-0.00024529878282920
4.9717717170715	-0.00029107049340382
4.9731574058533	-0.00033586751669645
4.9745430946350	-0.00037963059730828
4.9759287834167	-0.00042234759894200
4.9773144721985	-0.00046404195018113
4.9787001609802	-0.00050474354065955
4.9800858497620	-0.00054445612477139
4.9814715385437	-0.00058314023772255
4.9828572273254	-0.00062072346918285
4.9842429161072	-0.00065713346702978
4.9856286048889	-0.00069233408430591
4.9870142936707	-0.00072634324897081
4.9883999824524	-0.00075922074029222
4.9897856712341	-0.00079102942254394
4.9911713600159	-0.00082178937736899
4.9925570487976	-0.00085144955664873
4.9939427375793	-0.00087989587336779
4.9953284263611	-0.00090699404245242
4.9967141151428	-0.00093264831230044
4.9980998039246	-0.00095684448024258
4.9994854927063	-0.00097965647000819
5.0008707046509	-0.0010012108832598
5.0022563934326	-0.0010216259397566
5.0036420822144	-0.0010409558890387
5.0050277709961	-0.0010591703467071
5.0064134597778	-0.0010761739686131
5.0077991485596	-0.0010918569751084
5.0091848373413	-0.0011061505647376
5.0105705261230	-0.0011190553195775
5.0119562149048	-0.0011306331725791
5.0133419036865	-0.0011409677099437
5.0147275924683	-0.0011501199332997
5.0161132812500	-0.0011581005528569
5.0174989700317	-0.0011648770887405
5.0188846588135	-0.0011704076314345
5.0202703475952	-0.0011746797244996
5.0216560363770	-0.0011777280597016
5.0230417251587	-0.0011796224862337
5.0244274139404	-0.0011804314563051
5.0258131027222	-0.0011801860528067
5.0271987915039	-0.0011788655538112
5.0285844802856	-0.0011764162918553
5.0299696922302	-0.0011727943783626
5.0313553810120	-0.0011680067982525
5.0327410697937	-0.0011621251469478
5.0341267585754	-0.0011552603682503
5.0355124473572	-0.0011475093197078
5.0368981361389	-0.0011389030842111
5.0382838249207	-0.0011293878778815
5.0396695137024	-0.0011188541539013
5.0410552024841	-0.0011072019115090
5.0424408912659	-0.0010944077512249
5.0438265800476	-0.0010805582860485
5.0452122688293	-0.0010658281389624
5.0465979576111	-0.0010504103265703
5.0479836463928	-0.0010344330221415
5.0493693351746	-0.0010179053060710
5.0507550239563	-0.0010007207747549
5.0521407127380	-0.00098272017203271
5.0535264015198	-0.00096377916634083
5.0549120903015	-0.00094387930585071
5.0562977790833	-0.00092312227934599
5.0576834678650	-0.00090168160386384
5.0590691566467	-0.00087972043547779
5.0604543685913	-0.00085731776198372
5.0618400573730	-0.00083444250049070
5.0632257461548	-0.00081098778173327
5.0646114349365	-0.00078684621257707
5.0659971237183	-0.00076198572060093
5.0673828125000	-0.00073648331454024
5.0687685012817	-0.00071049737744033
5.0701541900635	-0.00068419385934249
5.0715398788452	-0.00065766600891948
5.0729255676270	-0.00063089263858274
5.0743112564087	-0.00060375942848623
5.0756969451904	-0.00057613011449575
5.0770826339722	-0.00054793222807348
5.0784683227539	-0.00051920884288847
5.0798540115356	-0.00049011042574421
5.0812397003174	-0.00046082976041362
5.0826253890991	-0.00043151446152478
5.0840110778809	-0.00040220262599178
5.0853967666626	-0.00037281477125362
5.0867824554443	-0.00034320456325077
5.0881681442261	-0.00031324208248407
5.0895533561707	-0.00028288498288020
5.0909390449524	-0.00025220325915143
5.0923247337341	-0.00022134551545605
5.0937104225159	-0.00019046814122703
5.0950961112976	-0.00015966636419762
5.0964818000793	-0.00012894418614451
5.0978674888611	-9.8236312624067e-05
5.0992531776428	-6.7466040491126e-05
5.1006388664246	-3.6605997593142e-05
5.1020245552063	-5.7072720665019e-06
5.1034102439880	2.5118766643573e-05
5.1047959327698	5.5753960623406e-05
5.1061816215515	8.6131585703697e-05
5.1075673103333	0.00011626517516561
5.1089529991150	0.00014623149763793
5.1103386878967	0.00017611744988244
5.1117243766785	0.00020595906244125
5.1131100654602	0.00023570729536004
5.1144957542419	0.00026523930137046
5.1158814430237	0.00029440980870277
5.1172671318054	0.00032311427639797
5.1186528205872	0.00035133052733727
5.1200380325317	0.00037911738036200
5.1214237213135	0.00040657015051693
5.1228094100952	0.00043375618406571
5.1241950988770	0.00046066439244896
5.1255807876587	0.00048719625920057
5.1269664764404	0.00051320396596566
5.1283521652222	0.00053855491569266
5.1297378540039	0.00056318938732147
5.1311235427856	0.00058714399347082
5.1325092315674	0.00061052752425894
5.1338949203491	0.00063346268143505
5.1352806091309	0.00065602135146037
5.1366662979126	0.00067818228853866
5.1380519866943	0.00069983222056180
5.1394376754761	0.00072080706013367
5.1408233642578	0.00074095209129155
5.1422090530396	0.00076017400715500
5.1435947418213	0.00077846099156886
5.1449804306030	0.00079586770152673
5.1463661193848	0.00081247522030026
5.1477518081665	0.00082834518980235
5.1491370201111	0.00084348965901881
5.1505227088928	0.00085786916315556
5.1519083976746	0.00087141303811222
5.1532940864563	0.00088405038695782
5.1546797752380	0.00089573638979346
5.1560654640198	0.00090646219905466
5.1574511528015	0.00091624690685421
5.1588368415833	0.00092511682305485
5.1602225303650	0.00093308335635811
5.1616082191467	0.00094013055786490
5.1629939079285	0.00094621488824487
5.1643795967102	0.00095127878012136
5.1657652854919	0.00095527031226084
5.1671509742737	0.00095816142857075
5.1685366630554	0.00095995614537969
5.1699223518372	0.00096068484708667
5.1713080406189	0.00096038891933858
5.1726937294006	0.00095909880474210
5.1740794181824	0.00095681723905727
5.1754651069641	0.00095351296477020
5.1768507957458	0.00094913097564131
5.1782364845276	0.00094361463561654
5.1796216964722	0.00093693361850455
5.1810073852539	0.00092910183593631
5.1823930740356	0.00092017831047997
5.1837787628174	0.00091024569701403
5.1851644515991	0.00089937541633844
5.1865501403809	0.00088759418576956
5.1879358291626	0.00087486847769469
5.1893215179443	0.00086111517157406
5.1907072067261	0.00084623706061393
5.1920928955078	0.00083016825374216
5.1934785842896	0.00081291113747284
5.1948642730713	0.00079454371007159
5.1962499618530	0.00077519385376945
5.1976356506348	0.00075498968362808
5.1990213394165	0.00073400785913691
5.2004070281982	0.00071224418934435
5.2017927169800	0.00068962213117629
5.2031784057617	0.00066603574668989
5.2045640945435	0.00064140709582716
5.2059497833252	0.00061573286075145
5.2073354721069	0.00058909691870213
5.2087211608887	0.00056164409033954
5.2101063728333	0.00053352536633611
5.2114920616150	0.00050484068924561
5.2128777503967	0.00047560539678670
5.2142634391785	0.00044575578067452
5.2156491279602	0.00041519131627865
5.2170348167419	0.00038383135688491
5.2184205055237	0.00035166082670912
5.2198061943054	0.00031874451087788
5.2211918830872	0.00028520438354462
5.2225775718689	0.00025117339100689
5.2239632606506	0.00021674885647371
5.2253489494324	0.00018196714518126
5.2267346382141	0.00014681031461805
5.2281203269958	0.00011123812873848
5.2295060157776	7.5228112109471e-05
5.2308917045593	3.8804311770946e-05
5.2322773933411	2.0397387743287e-06
5.2336630821228	-3.4966811654158e-05
5.2350487709045	-7.2125803853851e-05
5.2364344596863	-0.00010938562627416
5.2378201484680	-0.00014674093108624
5.2392053604126	-0.00018421790446155
5.2405910491943	-0.00022184380213730
5.2419767379761	-0.00025961664505303
5.2433624267578	-0.00029748975066468
5.2447481155396	-0.00033537906710990
5.2461338043213	-0.00037318788236007
5.2475194931030	-0.00041083703399636
5.2489051818848	-0.00044828341924585
5.2502908706665	-0.00048551909276284
5.2516765594482	-0.00052255339687690
5.2530622482300	-0.00055938964942470
5.2544479370117	-0.00059600675012916
5.2558336257935	-0.00063235615380108
5.2572193145752	-0.00066837470512837
5.2586050033569	-0.00070400629192591
5.2599906921387	-0.00073921814328060
5.2613763809204	-0.00077400408918038
5.2627620697021	-0.00080837082350627
5.2641477584839	-0.00084231427172199
5.2655334472656	-0.00087579857790843
5.2669191360474	-0.00090875144815072
5.2683048248291	-0.00094107969198376
5.2696900367737	-0.00097269815159962
5.2710757255554	-0.0010035582818091
5.2724614143372	-0.0010336625855416
5.2738471031189	-0.0010630580363795
5.2752327919006	-0.0010918099433184
5.2766184806824	-0.0011199654545635
5.2780041694641	-0.0011475246865302
5.2793898582458	-0.0011744325747713
5.2807755470276	-0.0012005933094770
5.2821612358093	-0.0012259042123333
5.2835469245911	-0.0012502897297964
5.2849326133728	-0.0012737234355882
5.2863183021545	-0.0012962257023901
5.2877039909363	-0.0013178411172703
5.2890896797180	-0.0013386083301157
5.2904753684998	-0.0013585386332124
5.2918610572815	-0.0013776114210486
5.2932467460632	-0.0013957886258140
5.2946324348450	-0.0014130361378193
5.2960181236267	-0.0014293408021331
5.2974038124084	-0.0014447101857513
5.2987890243530	-0.0014591569779441
5.3001747131348	-0.0014726793160662
5.3015604019165	-0.0014852469321340
5.3029460906982	-0.0014968068571761
5.3043317794800	-0.0015073063550517
5.3057174682617	-0.0015167249366641
5.3071031570435	-0.0015250957803801
5.3084888458252	-0.0015325021231547
5.3098745346069	-0.0015390468761325
5.3112602233887	-0.0015448071062565
5.3126459121704	-0.0015497948043048
5.3140316009521	-0.0015539451269433
5.3154172897339	-0.0015571417752653
5.3168029785156	-0.0015592686831951
5.3181886672974	-0.0015602650819346
5.3195743560791	-0.0015601599588990
5.3209600448608	-0.0015590642578900
5.3223457336426	-0.0015571265248582
5.3237314224243	-0.0015544701600447
5.3251171112061	-0.0015511433593929
5.3265027999878	-0.0015471039805561
5.3278884887695	-0.0015422466676682
5.3292737007141	-0.0015364600112662
5.3306593894958	-0.0015296833589673
5.3320450782776	-0.0015219387132674
5.3334307670593	-0.0015133209526539
5.3348164558411	-0.0015039548743516
5.3362021446228	-0.0014939398970455
5.3375878334045	-0.0014833097811788
5.3389735221863	-0.0014720276230946
5.3403592109680	-0.0014600164722651
5.3417448997498	-0.0014472072944045
5.3431305885315	-0.0014335808809847
5.3445162773132	-0.0014191817026585
5.3459019660950	-0.0014041005633771
5.3472876548767	-0.0013884362997487
5.3486733436584	-0.0013722564326599
5.3500590324402	-0.0013555776095018
5.3514447212219	-0.0013383701443672
5.3528304100037	-0.0013205852592364
5.3542160987854	-0.0013021896593273
5.3556017875671	-0.0012831871863455
5.3569874763489	-0.0012636210303754
5.3583726882935	-0.0012435561511666
5.3597583770752	-0.0012230547145009
5.3611440658569	-0.0012021566508338
5.3625297546387	-0.0011808725539595
5.3639154434204	-0.0011591922957450
5.3653011322021	-0.0011371015571058
5.3666868209839	-0.0011145948665217
5.3680725097656	-0.0010916811879724
5.3694581985474	-0.0010683812433854
5.3708438873291	-0.0010447198292241
5.3722295761108	-0.0010207220911980
5.3736152648926	-0.00099641073029488
5.3750009536743	-0.00097180902957916
5.3763866424561	-0.00094694265862927
5.3777723312378	-0.00092183763626963
5.3791580200195	-0.00089651532471180
5.3805437088013	-0.00087098818039522
5.3819293975830	-0.00084525946294889
5.3833150863647	-0.00081933155888692
5.3847007751465	-0.00079321599332616
5.3860864639282	-0.00076693890150636
5.3874721527100	-0.00074053695425391
5.3888573646545	-0.00071404583286494
5.3902430534363	-0.00068748497869819
5.3916287422180	-0.00066084973514080
5.3930144309998	-0.00063411705195904
5.3944001197815	-0.00060726329684258
5.3957858085632	-0.00058028823696077
5.3971714973450	-0.00055322813568637
5.3985571861267	-0.00052615115419030
5.3999428749084	-0.00049913325347006
5.4013285636902	-0.00047222574357875
5.4027142524719	-0.00044543179683387
5.4040999412537	-0.00041870609857142
5.4054856300354	-0.00039198013837449
5.4068713188171	-0.00036520214052871
5.4082570075989	-0.00033837140654214
5.4096426963806	-0.00031154850148596
5.4110283851624	-0.00028483476489782
5.4124140739441	-0.00025833008112386
5.4137997627258	-0.00023209092614707
5.4151854515076	-0.00020611025684047
5.4165711402893	-0.00018033057858702
5.4179563522339	-0.00015468349738512
5.4193420410156	-0.00012913491809741
5.4207277297974	-0.00010371083044447
5.4221134185791	-7.8488970757462e-05
5.4234991073608	-5.3561532695312e-05
5.4248847961426	-2.8989883503527e-05
5.4262704849243	-4.7767507567187e-06
5.4276561737061	1.9129114662064e-05
5.4290418624878	4.2796305933734e-05
5.4304275512695	6.6262065956835e-05
5.4318132400513	8.9499619207345e-05
5.4331989288330	0.00011241956235608
5.4345846176147	0.00013490633864421
5.4359703063965	0.00015687123232055
5.4373559951782	0.00017829400894698
5.4387416839600	0.00019922936917283
5.4401273727417	0.00021977390861139
5.4415130615234	0.00024001044221222
5.4428987503052	0.00025995823671110
5.4442844390869	0.00027955649420619
5.4456701278687	0.00029868900310248
5.4470558166504	0.00031723518623039
5.4484410285950	0.00033512193476781
5.4498267173767	0.00035234965616837
5.4512124061584	0.00036897949757986
5.4525980949402	0.00038508992292918
5.4539837837219	0.00040072834235616
5.4553694725037	0.00041588395833969
5.4567551612854	0.00043049477972090
5.4581408500671	0.00044448129483499
5.4595265388489	0.00045778843923472
5.4609122276306	0.00047040946083143
5.4622979164124	0.00048237977898680
5.4636836051941	0.00049374625086784
5.4650692939758	0.00050453201401979
5.4664549827576	0.00051471724873409
5.4678406715393	0.00052424671594054
5.4692263603210	0.00053305993787944
5.4706120491028	0.00054112321231514
5.4719977378845	0.00054844282567501
5.4733834266663	0.00055505143245682
5.4747691154480	0.00056097708875313
5.4761548042297	0.00056621315889060
5.4775400161743	0.00057071232004091
5.4789257049561	0.00057441066019237
5.4803113937378	0.00057727057719603
5.4816970825195	0.00057931488845497
5.4830827713013	0.00058062915923074
5.4844684600830	0.00058132584672421
5.4858541488647	0.00058148545213044
5.4872398376465	0.00058110512327403
5.4886255264282	0.00058008491760120
5.4900112152100	0.00057826575357467
5.4913969039917	0.00057550240308046
5.4927825927734	0.00057173828827217
5.4941682815552	0.00056704098824412
5.4955539703369	0.00056157575454563
5.4969396591187	0.00055552821140736
5.4983253479004	0.00054901425028220
5.4997110366821	0.00054202228784561
5.5010967254639	0.00053442036733031
5.5024824142456	0.00052602478535846
5.5038681030273	0.00051669811364263
5.5052537918091	0.00050642399583012
5.5066394805908	0.00049532059347257
5.5080246925354	0.00048358627827838
5.5094103813171	0.00047140396782197
5.5107960700989	0.00045885235886090
5.5121817588806	0.00044587079901248
5.5135674476624	0.00043229601578787
5.5149531364441	0.00041795379365794
5.5163388252258	0.00040275685023516
5.5177245140076	0.00038675745599903
5.5191102027893	0.00037012764369138
5.5204958915710	0.00035307859070599
5.5218815803528	0.00033576041460037
5.5232672691345	0.00031819500145502
5.5246529579163	0.00030027693719603
5.5260386466980	0.00028183963149786
5.5274243354797	0.00026275063282810
5.5288100242615	0.00024298706557602
5.5301957130432	0.00022265300503932
5.5315814018250	0.00020193075761199
5.5329670906067	0.00018099317094311
5.5343527793884	0.00015992425323930
5.5357384681702	0.00013869070971850
5.5371241569519	0.00011717726010829
5.5385093688965	9.5265313575510e-05
5.5398950576782	7.2912749601528e-05
5.5412807464600	5.0191832997371e-05
5.5426664352417	2.7263935407973e-05
5.5440521240234	4.3053364606749e-06
5.5454378128052	-1.8575583453639e-05
5.5468235015869	-4.1386003431398e-05
5.5482091903687	-6.4236446633004e-05
5.5495948791504	-8.7274434918072e-05
5.5509805679321	-0.00011059736425523
5.5523662567139	-0.00013419004972093
5.5537519454956	-0.00015791930491105
5.5551376342773	-0.00018158808234148
5.5565233230591	-0.00020502082770690
5.5579090118408	-0.00022813738905825
5.5592947006226	-0.00025097897741944
5.5606803894043	-0.00027367391157895
5.5620660781860	-0.00029636174440384
5.5634517669678	-0.00031911375117488
5.5648374557495	-0.00034188819699921
5.5662231445312	-0.00036454157088883
5.5676083564758	-0.00038688880158588
5.5689940452576	-0.00040878186700866
5.5703797340393	-0.00043016904965043
5.5717654228210	-0.00045110689825378
5.5731511116028	-0.00047172093763947
5.5745368003845	-0.00049213640158996
5.5759224891663	-0.00051241152686998
5.5773081779480	-0.00053250562632456
5.5786938667297	-0.00055229273857549
5.5800795555115	-0.00057161378208548
5.5814652442932	-0.00059034122386947
5.5828509330750	-0.00060842710081488
5.5842366218567	-0.00062591355526820
5.5856223106384	-0.00064290355658159
5.5870079994202	-0.00065950647694990
5.5883936882019	-0.00067578488960862
5.5897793769836	-0.00069172377698123
5.5911650657654	-0.00070723582757637
5.5925507545471	-0.00072219618596137
5.5939364433289	-0.00073649047408253
5.5953221321106	-0.00075005518738180
5.5967078208923	-0.00076289492426440
5.5980930328369	-0.00077507027890533
5.5994787216187	-0.00078666349872947
5.6008644104004	-0.00079773785546422
5.6022500991821	-0.00080830871593207
5.6036357879639	-0.00081833801232278
5.6050214767456	-0.00082775199552998
5.6064071655273	-0.00083647464634851
5.6077928543091	-0.00084446126129478
5.6091785430908	-0.00085171434329823
5.6105642318726	-0.00085827882867306
5.6119499206543	-0.00086421665037051
5.6133356094360	-0.00086957670282573
5.6147212982178	-0.00087437219917774
5.6161069869995	-0.00087857549078763
5.6174926757812	-0.00088213197886944
5.6188783645630	-0.00088498607510701
5.6202640533447	-0.00088710512500256
5.6216497421265	-0.00088849000167102
5.6230354309082	-0.00088916812092066
5.6244211196899	-0.00088917219545692
5.6258068084717	-0.00088851770851761
5.6271920204163	-0.00088719197083265
5.6285777091980	-0.00088516256073490
5.6299633979797	-0.00088240142213181
5.6313490867615	-0.00087891006842256
5.6327347755432	-0.00087473128223792
5.6341204643250	-0.00086993828881532
5.6355061531067	-0.00086460617603734
5.6368918418884	-0.00085877667879686
5.6382775306702	-0.00085243588546291
5.6396632194519	-0.00084551633335650
5.6410489082336	-0.00083792675286531
5.6424345970154	-0.00082959566498175
5.6438202857971	-0.00082050682976842
5.6452059745789	-0.00081070867599919
5.6465916633606	-0.00080029416130856
5.6479773521423	-0.00078935892088339
5.6493630409241	-0.00077795906690881
5.6507487297058	-0.00076608866220340
5.6521344184875	-0.00075368897523731
5.6535201072693	-0.00074068503454328
5.6549057960510	-0.00072702986653894
5.6562914848328	-0.00071273453067988
5.6576766967773	-0.00069786875974387
5.6590623855591	-0.00068253139033914
5.6604480743408	-0.00066680542659014
5.6618337631226	-0.00065072078723460
5.6632194519043	-0.00063424435211346
5.6646051406860	-0.00061730161542073
5.6659908294678	-0.00059981725644320
5.6673765182495	-0.00058175448793918
5.6687622070312	-0.00056313478853554
5.6701478958130	-0.00054402934620157
5.6715335845947	-0.00052452774252743
5.6729192733765	-0.00050470262067392
5.6743049621582	-0.00048458739183843
5.6756906509399	-0.00046417544945143
5.6770763397217	-0.00044343993067741
5.6784620285034	-0.00042236017179675
5.6798477172852	-0.00040093882125802
5.6812334060669	-0.00037919988972135
5.6826190948486	-0.00035717178252526
5.6840047836304	-0.00033486829488538
5.6853904724121	-0.00031228107400239
5.6867756843567	-0.00028938884497620
5.6881613731384	-0.00026617897674441
5.6895470619202	-0.00024266970285680
5.6909327507019	-0.00021891725191381
5.6923184394836	-0.00019500064081512
5.6937041282654	-0.00017099126125686
5.6950898170471	-0.00014692262629978
5.6964755058289	-0.00012277810310479
5.6978611946106	-9.8504904599395e-05
5.6992468833923	-7.4048548412975e-05
5.7006325721741	-4.9391172069591e-05
5.7020182609558	-2.4572711481596e-05
5.7034039497375	3.1814397516428e-07
5.7047896385193	2.5180608645314e-05
5.7061753273010	4.9947982915910e-05
5.7075610160828	7.4618910730351e-05
5.7089467048645	9.9256627436262e-05
5.7103323936462	0.00012395525118336
5.7117180824280	0.00014878771617077
5.7131037712097	0.00017376053438056
5.7144894599915	0.00019879841420334
5.7158751487732	0.00022376820561476
5.7172603607178	0.00024853070499375
5.7186460494995	0.00027299506473355
5.7200317382812	0.00029715063283220
5.7214174270630	0.00032106105936691
5.7228031158447	0.00034482422051951
5.7241888046265	0.00036851846380159
5.7255744934082	0.00039216186269186
5.7269601821899	0.00041570328176022
5.7283458709717	0.00043904705671594
5.7297315597534	0.00046209752326831
5.7311172485352	0.00048479912220500
5.7325029373169	0.00050715170800686
5.7338886260986	0.00052919483277947
5.7352743148804	0.00055097171571106
5.7366600036621	0.00057249341625720
5.7380456924438	0.00059372151736170
5.7394313812256	0.00061458052368835
5.7408170700073	0.00063499144744128
5.7422027587891	0.00065490847919136
5.7435884475708	0.00067433743970469
5.7449741363525	0.00069332809653133
5.7463593482971	0.00071194273186848
5.7477450370789	0.00073021679418162
5.7491307258606	0.00074813270475715
5.7505164146423	0.00076561915921047
5.7519021034241	0.00078257900895551
5.7532877922058	0.00079893064685166
5.7546734809875	0.00081464211689308
5.7560591697693	0.00082974042743444
5.7574448585510	0.00084429117850959
5.7588305473328	0.00085835979552940
5.7602162361145	0.00087197317043319
5.7616019248962	0.00088510086061433
5.7629876136780	0.00089766358723864
5.7643733024597	0.00090956588974223
5.7657589912415	0.00092073745327070
5.7671446800232	0.00093116244534031
5.7685303688049	0.00094088382320479
5.7699160575867	0.00094997917767614
5.7713017463684	0.00095852173399180
5.7726874351501	0.00096654321532696
5.7740731239319	0.00097401655511931
5.7754588127136	0.00098086486104876
5.7768440246582	0.00098699214868248
5.7782297134399	0.00099232059437782
5.7796154022217	0.00099681923165917
5.7810010910034	0.0010005119256675
5.7823867797852	0.0010034654987976
5.7837724685669	0.0010057601612061
5.7851581573486	0.0010074577294290
5.7865438461304	0.0010085781104863
5.7879295349121	0.0010090941796079
5.7893152236938	0.0010089463321492
5.7907009124756	0.0010080676293001
5.7920866012573	0.0010064085945487
5.7934722900391	0.0010039557237178
5.7948579788208	0.0010007340461016
5.7962436676025	0.00099679559934884
5.7976293563843	0.00099219800904393
5.7990150451660	0.00098698225338012
5.8004007339478	0.00098115822765976
5.8017864227295	0.00097470352193341
5.8031721115112	0.00096757605206221
5.8045578002930	0.00095973559655249
5.8059430122375	0.00095116614829749
5.8073287010193	0.00094188819639385
5.8087143898010	0.00093195453519002
5.8101000785828	0.00092143454821780
5.8114857673645	0.00091038970276713
5.8128714561462	0.00089885317720473
5.8142571449280	0.00088681885972619
5.8156428337097	0.00087424600496888
5.8170285224915	0.00086107896640897
5.8184142112732	0.00084727414650843
5.8197999000549	0.00083282176638022
5.8211855888367	0.00081775395665318
5.8225712776184	0.00080213556066155
5.8239569664001	0.00078604253940284
5.8253426551819	0.00076953775715083
5.8267283439636	0.00075265421764925
5.8281140327454	0.00073539360892028
5.8294997215271	0.00071773852687329
5.8308854103088	0.00069967156741768
5.8322710990906	0.00068119179923087
5.8336567878723	0.00066232087556273
5.8350424766541	0.00064309814479202
5.8364276885986	0.00062356737907976
5.8378133773804	0.00060376193141565
5.8391990661621	0.00058369850739837
5.8405847549438	0.00056338257854804
5.8419704437256	0.00054281856864691
5.8433561325073	0.00052202050574124
5.8447418212891	0.00050101644592360
5.8461275100708	0.00047984378761612
5.8475131988525	0.00045853774645366
5.8488988876343	0.00043712020851672
5.8502845764160	0.00041559603414498
5.8516702651978	0.00039396004285663
5.8530559539795	0.00037221054662950
5.8544416427612	0.00035036145709455
5.8558273315430	0.00032844682573341
5.8572130203247	0.00030651350971311
5.8585987091064	0.00028460717294365
5.8599843978882	0.00026275863638148
5.8613700866699	0.00024097811547108
5.8627557754517	0.00021926018234808
5.8641414642334	0.00019759786664508
5.8655271530151	0.00017599845887162
5.8669123649597	0.00015449192142114
5.8682980537415	0.00013312611554284
5.8696837425232	0.00011195146362297
5.8710694313049	9.1002504632343e-05
5.8724551200867	7.0286710979417e-05
5.8738408088684	4.9787748139352e-05
5.8752264976501	2.9482260288205e-05
5.8766121864319	9.3622456915909e-06
5.8779978752136	-1.0548679711064e-05
5.8793835639954	-3.0194161809050e-05
5.8807692527771	-4.9501162720844e-05
5.8821549415588	-6.8406625359785e-05
5.8835406303406	-8.6881424067542e-05
5.8849263191223	-0.00010493963054614
5.8863120079041	-0.00012262823292986
5.8876976966858	-0.00014000147348270
5.8890833854675	-0.00015709026774857
5.8904690742493	-0.00017388132982887
5.8918547630310	-0.00019031672854908
5.8932404518127	-0.00020631347433664
5.8946261405945	-0.00022179381630849
5.8960113525391	-0.00023671286180615
5.8973970413208	-0.00025107269175351
5.8987827301025	-0.00026491665630601
5.9001684188843	-0.00027830613544211
5.9015541076660	-0.00029129142058082
5.9029397964478	-0.00030388866434805
5.9043254852295	-0.00031607123673894
5.9057111740112	-0.00032777915475890
5.9070968627930	-0.00033894120133482
5.9084825515747	-0.00034950059489347
5.9098682403564	-0.00035943315015174
5.9112539291382	-0.00036875088699162
5.9126396179199	-0.00037749161128886
5.9140253067017	-0.00038569982280023
5.9154109954834	-0.00039340677903965
5.9167966842651	-0.00040061888284981
5.9181823730469	-0.00040731672197580
5.9195680618286	-0.00041346543002874
5.9209537506104	-0.00041903194505721
5.9223394393921	-0.00042400014353916
5.9237251281738	-0.00042837735963985
5.9251108169556	-0.00043218914652243
5.9264960289001	-0.00043546443339437
5.9278817176819	-0.00043821794679388
5.9292674064636	-0.00044043775415048
5.9306530952454	-0.00044208561303094
5.9320387840271	-0.00044311225065030
5.9334244728088	-0.00044348152005114
5.9348101615906	-0.00044319318840280
5.9361958503723	-0.00044229190098122
5.9375815391541	-0.00044085591798648
5.9389672279358	-0.00043896792340092
5.9403529167175	-0.00043668071157299
5.9417386054993	-0.00043399218702689
5.9431242942810	-0.00043084291974083
5.9445099830627	-0.00042714012670331
5.9458956718445	-0.00042279859189875
5.9472813606262	-0.00041778152808547
5.9486670494080	-0.00041212033829652
5.9500527381897	-0.00040590509888716
5.9514384269714	-0.00039924745215103
5.9528241157532	-0.00039223203202710
5.9542098045349	-0.00038487947313115
5.9555950164795	-0.00037713910569437
5.9569807052612	-0.00036891602212563
5.9583663940430	-0.00036011904012412
5.9597520828247	-0.00035070700687356
5.9611377716064	-0.00034071155823767
5.9625234603882	-0.00033022568095475
5.9639091491699	-0.00031936512095854
5.9652948379517	-0.00030821963446215
5.9666805267334	-0.00029681852902286
5.9680662155151	-0.00028512696735561
5.9694519042969	-0.00027307274285704
5.9708375930786	-0.00026058906223625
5.9722232818604	-0.00024765153648332
5.9736089706421	-0.00023429092834704
5.9749946594238	-0.00022057651949581
5.9763803482056	-0.00020658163703047
5.9777660369873	-0.00019235059153289
5.9791517257690	-0.00017788307741284
5.9805374145508	-0.00016314309323207
5.9819231033325	-0.00014808619744144
5.9833087921143	-0.00013268868497107
5.9846944808960	-0.00011696281580953
5.9860796928406	-0.00010095017205458
5.9874653816223	-8.4700899606105e-05
5.9888510704041	-6.8251269112807e-05
5.9902367591858	-5.1612998504424e-05
5.9916224479675	-3.4781129215844e-05
5.9930081367493	-1.7753816791810e-05
5.9943938255310	-5.5037889978848e-07
5.9957795143127	1.6784015315352e-05
5.9971652030945	3.4191667509731e-05
5.9985508918762	5.1627896027640e-05
