#Parameters = {L=90; W=90; d=0.8; d_antenna=50; gap=50; gap_volt_1=50; height_plate=120; my_die=5; r_aperature=10; t=0.035; t_bone=16; t_fat=10; t_muscle=20; t_plate=1; t_skin=2; voltage_monitor1=40; voltage_monitor2=200; width_plate=120}
#"Time / ns"	"o1,1 [Real / W^(1/2)]"
#-----------------------------------
0.0000000000000	0.0000000000000
0.0012267349520698	5.8031536439738e-22
0.0024534699041396	6.5002384967249e-21
0.0036802049726248	2.0037610233787e-20
0.0049069398082793	3.5230371921064e-20
0.0061336746439338	4.2422138660541e-20
0.0073604099452496	3.6462111707815e-20
0.0085871443152428	1.9615825669568e-20
0.0098138796165586	-5.9480990729168e-22
0.011040614917874	-1.5050586788319e-20
0.012267349287868	-1.6892732552759e-20
0.013494084589183	-4.5156496458641e-21
0.014720819890499	1.6962811875866e-20
0.015947554260492	3.8055852872483e-20
0.017174288630486	4.9572588374656e-20
0.018401024863124	4.7048669686475e-20
0.019627759233117	3.2474962214816e-20
0.020854493603110	1.3021345532458e-20
0.022081229835749	-1.8774019146692e-21
0.023307964205742	-4.4009013579890e-21
0.024534698575735	8.2141926727485e-21
0.025761434808373	3.1916011071754e-20
0.026988169178367	5.7301683238995e-20
0.028214903548360	7.3821287865246e-20
0.029441639780998	7.4672741058899e-20
0.030668374150991	5.9950729150696e-20
0.031895108520985	3.6636391554296e-20
0.033121842890978	1.5657189673895e-20
0.034348577260971	7.1681177750115e-21
0.035575315356255	1.6085241100607e-20
0.036802049726248	3.9755372989155e-20
0.038028784096241	6.8960529016640e-20
0.039255518466234	9.1860429739105e-20
0.040482252836227	9.9153009115738e-20
0.041708987206221	8.8061383056105e-20
0.042935725301504	6.3492309405690e-20
0.044162459671497	3.5960491289787e-20
0.045389194041491	1.7216152094332e-20
0.046615928411484	1.5364781327357e-20
0.047842662781477	3.1428491498231e-20
0.049069397151470	5.8936618644403e-20
0.050296135246754	8.6675351466893e-20
0.051522869616747	1.0348474718852e-19
0.052749603986740	1.0290741389505e-19
0.053976338356733	8.5806275448784e-20
0.055203072726727	5.9883585349412e-20
0.056429807096720	3.6352904479912e-20
0.057656545192003	2.5247894896463e-20
0.058883279561996	3.1237196288055e-20
0.060110013931990	5.1833360230469e-20
0.061336748301983	7.8596704939091e-20
0.062563486397266	1.0082249869877e-19
0.063790217041969	1.0999662962562e-19
0.065016955137253	1.0318282626494e-19
0.066243685781956	8.4070094428869e-20
0.067470423877239	6.1265636131926e-20
0.068697154521942	4.4661271342282e-20
0.069923892617226	4.1271372100941e-20
0.071150630712509	5.2426687836565e-20
0.072377361357212	7.3400149535880e-20
0.073604099452496	9.5583472740979e-20
0.074830830097198	1.1019162453033e-19
0.076057568192482	1.1184885503819e-19
0.077284306287766	1.0066795809589e-19
0.078511036932468	8.1933312423234e-20
0.079737775027752	6.3731319366279e-20
0.080964505672455	5.3492025379700e-20
0.082191243767738	5.4968303666211e-20
0.083417974412441	6.6865442083757e-20
0.084644712507725	8.3618091922897e-20
0.085871450603008	9.7966076022558e-20
0.087098181247711	1.0407948358660e-19
0.088324919342995	9.9984435491279e-20
0.089551649987698	8.8215316198223e-20
0.090778388082981	7.4564231764638e-20
0.092005126178265	6.5508323041893e-20
0.093231856822968	6.5463467880707e-20
0.094458594918251	7.5053108431354e-20
0.095685325562954	9.0997874230669e-20
0.096912063658237	1.0765159843843e-19
0.098138794302940	1.1938161406049e-19
0.099365532398224	1.2283049192575e-19
0.10059227049351	1.1807727948147e-19
0.10181900113821	1.0829131924466e-19
0.10304573923349	9.8137896945422e-20
0.10427246987820	9.1674992647877e-20
0.10549920797348	9.0742204335556e-20
0.10672593861818	9.4433575367256e-20
0.10795267671347	9.9842703263196e-20
0.10917941480875	1.0361830454571e-19
0.11040614545345	1.0361888615708e-19
0.11163288354874	9.9911462651615e-20
0.11285961419344	9.4667021245755e-20
0.11408635228872	9.1081193290338e-20
0.11531309038401	9.1812511424714e-20
0.11653982102871	9.7715304587635e-20
0.11776655912399	1.0739012535433e-19
0.11899328976870	1.1775093088042e-19
0.12022002786398	1.2532162388863e-19
0.12144675850868	1.2767363441224e-19
0.12267349660397	1.2440703354979e-19
0.12390023469925	1.1723869928610e-19
0.12512697279453	1.0921843361497e-19
0.12635369598866	1.0341988459627e-19
0.12758043408394	1.0173390309978e-19
0.12880717217922	1.0427291460297e-19
0.13003391027451	1.0957559469383e-19
0.13126064836979	1.1543804341484e-19
0.13248737156391	1.1992425746703e-19
0.13371410965919	1.2212921078736e-19
0.13494084775448	1.2236553887331e-19
0.13616758584976	1.2176028823416e-19
0.13739430904388	1.2150823079188e-19
0.13862104713917	1.2219466145333e-19
0.13984778523445	1.2354146658693e-19
0.14107452332973	1.2465313270672e-19
0.14230126142502	1.2461179952548e-19
0.14352798461914	1.2308537987669e-19
0.14475472271442	1.2065090978576e-19
0.14598146080971	1.1864477708047e-19
0.14720819890499	1.1856691870531e-19
0.14843493700027	1.2131344268232e-19
0.14966166019440	1.2661234876164e-19
0.15088839828968	1.3299767902736e-19
0.15211513638496	1.3836353503751e-19
0.15334187448025	1.4087241260948e-19
0.15456861257553	1.3980952429644e-19
0.15579533576965	1.3599083207389e-19
0.15702207386494	1.3153755014984e-19
0.15824881196022	1.2906300057330e-19
0.15947555005550	1.3061115956257e-19
0.16070228815079	1.3678947495531e-19
0.16192901134491	1.4651211710116e-19
0.16315574944019	1.5749186698295e-19
0.16438248753548	1.6726783642892e-19
0.16560922563076	1.7433539682955e-19
0.16683594882488	1.7888359772888e-19
0.16806268692017	1.8287214632034e-19
0.16928942501545	1.8940604597889e-19
0.17051616311073	2.0168811418696e-19
0.17174290120602	2.2199782806819e-19
0.17296962440014	2.5115325632369e-19
0.17419636249542	2.8871441641577e-19
0.17542310059071	3.3382587434409e-19
0.17664983868599	3.8638154419508e-19
0.17787657678127	4.4804392975300e-19
0.17910329997540	5.2276429185825e-19
0.18033003807068	6.1664582756421e-19
0.18155677616596	7.3731193679372e-19
0.18278351426125	8.9316129449878e-19
0.18401025235653	1.0929339944292e-18
0.18523697555065	1.3459411434514e-18
0.18646371364594	1.6630399006954e-18
0.18769045174122	2.0581393081613e-18
0.18891718983650	2.5497668674018e-18
0.19014391303062	3.1624469326155e-18
0.19137065112591	3.9278307427611e-18
0.19259738922119	4.8856591563929e-18
0.19382412731647	6.0848510145518e-18
0.19505086541176	7.5851883144684e-18
0.19627758860588	9.4601064965637e-18
0.19750432670116	1.1800173979697e-17
0.19873106479645	1.4717271904799e-17
0.19995780289173	1.8349928209054e-17
0.20118454098701	2.2870038468376e-17
0.20241126418114	2.8490916019131e-17
0.20363800227642	3.5476856647558e-17
0.20486474037170	4.4155724969971e-17
0.20609147846699	5.4933732841582e-17
0.20731821656227	6.8310725654222e-17
0.20854493975639	8.4898952718801e-17
0.20977167785168	1.0544875949513e-16
0.21099841594696	1.3088226046031e-16
0.21222515404224	1.6233465843467e-16
0.21345187723637	2.0120619152426e-16
0.21467861533165	2.4922840683148e-16
0.21590535342693	3.0853167162804e-16
0.21713209152222	3.8171709174604e-16
0.21835882961750	4.7195193513352e-16
0.21958555281162	5.8309949259311e-16
0.22081229090691	7.1988292571783e-16
0.22203902900219	8.8808635780667e-16
0.22326576709747	1.0948210010288e-15
0.22449250519276	1.3488224649878e-15
0.22571922838688	1.6607388538033e-15
0.22694596648216	2.0434731262399e-15
0.22817270457745	2.5126556871523e-15
0.22939944267273	3.0872678037348e-15
0.23062618076801	3.7904093350084e-15
0.23185290396214	4.6502667846006e-15
0.23307964205742	5.7013431925849e-15
0.23430638015270	6.9856323349038e-15
0.23553311824799	8.5538460741093e-15
0.23675984144211	1.0467040239106e-14
0.23798657953739	1.2798861803557e-14
0.23921331763268	1.5638372893737e-14
0.24044005572796	1.9093472801630e-14
0.24166679382324	2.3295428764171e-14
0.24289351701736	2.8403752331922e-14
0.24412025511265	3.4610697961053e-14
0.24534699320793	4.2146597626844e-14
0.24657373130322	5.1287329960216e-14
0.24780046939850	6.2364244085740e-14
0.24902719259262	7.5776190877619e-14
0.25025394558907	9.2004739059553e-14
0.25148066878319	1.1163323683418e-13
0.25270739197731	1.3536405069764e-13
0.25393414497375	1.6403561451869e-13
0.25516086816788	1.9864570600416e-13
0.25638762116432	2.4038439966866e-13
0.25761434435844	2.9067511743940e-13
0.25884106755257	3.5122390564489e-13
0.26006782054901	4.2408508345651e-13
0.26129454374313	5.1172824658274e-13
0.26252129673958	6.1709578419444e-13
0.26374801993370	7.4367194260322e-13
0.26497474312782	8.9558303264722e-13
0.26620149612427	1.0777299191966e-12
0.26742821931839	1.2959503262189e-12
0.26865497231483	1.5572183299783e-12
0.26988169550896	1.8698922618632e-12
0.27110841870308	2.2439224957316e-12
0.27233517169952	2.6910502905902e-12
0.27356189489365	3.2250868642336e-12
0.27478861808777	3.8623184511755e-12
0.27601537108421	4.6220093724569e-12
0.27724209427834	5.5270115741080e-12
0.27846884727478	6.6045511074031e-12
0.27969557046890	7.8870061523406e-12
0.28092229366302	9.4125202423911e-12
0.28214904665947	1.1225726077868e-11
0.28337576985359	1.3378863121527e-11
0.28460252285004	1.5933285940628e-11
0.28582924604416	1.8961264849904e-11
0.28705596923828	2.2548258399313e-11
0.28828272223473	2.6795633420451e-11
0.28950944542885	3.1822707663443e-11
0.29073619842529	3.7768614624678e-11
0.29196292161942	4.4795073900206e-11
0.29318964481354	5.3090604829054e-11
0.29441639780998	6.2875787909533e-11
0.29564312100410	7.4409436945366e-11
0.29686987400055	8.7996797348833e-11
0.29809659719467	1.0399691524610e-10
0.29932332038879	1.2282781736150e-10
0.30055007338524	1.4497288092219e-10
0.30177679657936	1.7099120730446e-10
0.30300354957581	2.0153202717754e-10
0.30423027276993	2.3735174936590e-10
0.30545699596405	2.7933561019822e-10
0.30668374896049	3.2852220943624e-10
0.30791047215462	3.8612038566477e-10
0.30913722515106	4.5352310795721e-10
0.31036394834518	5.3233073504799e-10
0.31159067153931	6.2438693104738e-10
0.31281742453575	7.3182399029648e-10
0.31404414772987	8.5711776565134e-10
0.31527090072632	1.0031571129332e-09
0.31649762392044	1.1733031213268e-09
0.31772434711456	1.3714228641604e-09
0.31895110011101	1.6019353621388e-09
0.32017782330513	1.8698913528681e-09
0.32140457630157	2.1810888650720e-09
0.32263129949570	2.5422095539795e-09
0.32385802268982	2.9609894536264e-09
0.32508477568626	3.4464069376128e-09
0.32631149888039	4.0087915209597e-09
0.32753822207451	4.6599049063900e-09
0.32876497507095	5.4130895321691e-09
0.32999169826508	6.2835407987905e-09
0.33121845126152	7.2886399138383e-09
0.33244517445564	8.4483522400092e-09
0.33367189764977	9.7857384417921e-09
0.33489865064621	1.1327317750442e-08
0.33612537384033	1.3103241158774e-08
0.33735212683678	1.5147531229331e-08
0.33857885003090	1.7498592796983e-08
0.33980557322502	2.0199999894999e-08
0.34103232622147	2.3301414131538e-08
0.34225904941559	2.6859748203378e-08
0.34348580241203	3.0940370265853e-08
0.34471252560616	3.5617617299977e-08
0.34593924880028	4.0975063342330e-08
0.34716600179672	4.7106350820059e-08
0.34839272499084	5.4116846115448e-08
0.34961947798729	6.2125636191013e-08
0.35084620118141	7.1268004830927e-08
0.35207292437553	8.1698615872483e-08
0.35329967737198	9.3593300221073e-08
0.35452640056610	1.0714954612467e-07
0.35575315356255	1.2258746551197e-07
0.35697987675667	1.4015246563304e-07
0.35820659995079	1.6011973968943e-07
0.35943335294724	1.8279935432020e-07
0.36066007614136	2.0854280080584e-07
0.36188682913780	2.3774934732046e-07
0.36311355233192	2.7086761633655e-07
0.36434027552605	3.0839578357700e-07
0.36556702852249	3.5088496019853e-07
0.36679375171661	3.9894743508739e-07
0.36802050471306	4.5326734721129e-07
0.36924722790718	5.1461336170178e-07
0.37047395110130	5.8385433021613e-07
0.37170070409775	6.6196724901602e-07
0.37292742729187	7.5003646315963e-07
0.37415415048599	8.4925466126151e-07
0.37538090348244	9.6093447154999e-07
0.37660762667656	1.0865293234019e-06
0.37783437967300	1.2276575489523e-06
0.37906110286713	1.3861337038179e-06
0.38028782606125	1.5639975572412e-06
0.38151457905769	1.7635122731008e-06
0.38274130225182	1.9871577023878e-06
0.38396805524826	2.2376423203241e-06
0.38519477844238	2.5179381282214e-06
0.38642150163651	2.8313240818534e-06
0.38764825463295	3.1814445264899e-06
0.38887497782707	3.5723769542528e-06
0.39010173082352	4.0086520129989e-06
0.39132845401764	4.4952298594580e-06
0.39255517721176	5.0374860620650e-06
0.39378193020821	5.6412641242787e-06
0.39500865340233	6.3129482441582e-06
0.39623540639877	7.0595642682747e-06
0.39746212959290	7.8889088399592e-06
0.39868885278702	8.8096512627089e-06
0.39991560578346	9.8312948466628e-06
0.40114232897758	1.0964106877509e-05
0.40236908197403	1.2219141353853e-05
0.40359580516815	1.3608359950013e-05
0.40482252836227	1.5144802091527e-05
0.40604928135872	1.6842783225002e-05
0.40727600455284	1.8718135834206e-05
0.40850275754929	2.0788238543901e-05
0.40972948074341	2.3071876057656e-05
0.41095620393753	2.5589119104552e-05
0.41218295693398	2.8361468139337e-05
0.41340968012810	3.1412135285791e-05
0.41463643312454	3.4766362659866e-05
0.41586315631866	3.8451813452411e-05
0.41708987951279	4.2498875700403e-05
0.41831663250923	4.6940389438532e-05
0.41954335570335	5.1811308367178e-05
0.42077010869980	5.7148714404320e-05
0.42199683189392	6.2992156017572e-05
0.42322355508804	6.9384259404615e-05
0.42445030808449	7.6371230534278e-05
0.42567703127861	8.4003557276446e-05
0.42690375447273	9.2336042143870e-05
0.42813050746918	0.00010142699466087
0.42935723066330	0.00011133774387417
0.43058398365974	0.00012213294394314
0.43181070685387	0.00013388133083936
0.43303743004799	0.00014665664639324
0.43426418304443	0.00016053888248280
0.43549090623856	0.00017561476852279
0.43671765923500	0.00019197681103833
0.43794438242912	0.00020972195488866
0.43917110562325	0.00022895124857314
0.44039785861969	0.00024977081920952
0.44162458181381	0.00027229308034293
0.44285133481026	0.00029663823079318
0.44407805800438	0.00032293624826707
0.44530478119850	0.00035132616176270
0.44653153419495	0.00038195357774384
0.44775825738907	0.00041496931225993
0.44898501038551	0.00045052947825752
0.45021173357964	0.00048879708629102
0.45143845677376	0.00052994419820607
0.45266520977020	0.00057415477931499
0.45389193296432	0.00062162574613467
0.45511868596077	0.00067256367765367
0.45634540915489	0.00072718138108030
0.45757213234901	0.00078569684410468
0.45879888534546	0.00084833533037454
0.46002560853958	0.00091533095110208
0.46125236153603	0.00098693033214658
0.46247908473015	0.0010633944766596
0.46370580792427	0.0011449981248006
0.46493256092072	0.0012320230016485
0.46615928411484	0.0013247542083263
0.46738603711128	0.0014234806876630
0.46861276030540	0.0015285012777895
0.46983948349953	0.0016401252942160
0.47106623649597	0.0017586784670129
0.47229295969009	0.0018845025915653
0.47351968288422	0.0020179480779916
0.47474643588066	0.0021593670826405
0.47597315907478	0.0023091095499694
0.47719991207123	0.0024675261229277
0.47842663526535	0.0026349727995694
0.47965335845947	0.0028118153568357
0.48088011145592	0.0029984372667968
0.48210683465004	0.0031952345743775
0.48333358764648	0.0034026037901640
0.48456031084061	0.0036209360696375
0.48578703403473	0.0038506137207150
0.48701378703117	0.0040920148603618
0.48824051022530	0.0043455166742206
0.48946726322174	0.0046115010045469
0.49069398641586	0.0048903585411608
0.49192070960999	0.0051824785768986
0.49314746260643	0.0054882401600480
0.49437418580055	0.0058080051094294
0.49560093879700	0.0061421156860888
0.49682766199112	0.0064909029752016
0.49805438518524	0.0068546868860722
0.49928113818169	0.0072337836027145
0.50050789117813	0.0076285074464977
0.50173461437225	0.0080391541123390
0.50296133756638	0.0084659876301885
0.50418806076050	0.0089092459529638
0.50541478395462	0.0093691330403090
0.50664156675339	0.0098458332940936
0.50786828994751	0.010339500382543
0.50909501314163	0.010850262828171
0.51032173633575	0.011378217488527
0.51154845952988	0.011923432350159
0.51277524232864	0.012485929764807
0.51400196552277	0.013065702281892
0.51522868871689	0.013662716373801
0.51645541191101	0.014276885427535
0.51768213510513	0.014908072538674
0.51890891790390	0.015556102618575
0.52013564109802	0.016220735386014
0.52136236429214	0.016901684924960
0.52258908748627	0.017598617821932
0.52381581068039	0.018311148509383
0.52504259347916	0.019038854166865
0.52626931667328	0.019781265407801
0.52749603986740	0.020537843927741
0.52872276306152	0.021307989954948
0.52994948625565	0.022091034799814
0.53117626905441	0.022886263206601
0.53240299224854	0.023692917078733
0.53362971544266	0.024510158225894
0.53485643863678	0.025337098166347
0.53608316183090	0.026172760874033
0.53730994462967	0.027016121894121
0.53853666782379	0.027866121381521
0.53976339101791	0.028721658512950
0.54099011421204	0.029581606388092
0.54221683740616	0.030444787815213
0.54344362020493	0.031309947371483
0.54467034339905	0.032175749540329
0.54589706659317	0.033040788024664
0.54712378978729	0.033903606235981
0.54835051298141	0.034762747585773
0.54957723617554	0.035616729408503
0.55080401897430	0.036464069038630
0.55203074216843	0.037303227931261
0.55325746536255	0.038132634013891
0.55448418855667	0.038950651884079
0.55571091175079	0.039755593985319
0.55693769454956	0.040545754134655
0.55816441774368	0.041319459676743
0.55939114093781	0.042075067758560
0.56061786413193	0.042810961604118
0.56184458732605	0.043525531888008
0.56307137012482	0.044217113405466
0.56429809331894	0.044883999973536
0.56552481651306	0.045524474233389
0.56675153970718	0.046136874705553
0.56797826290131	0.046719603240490
0.56920504570007	0.047271132469177
0.57043176889420	0.047789994627237
0.57165849208832	0.048274789005518
0.57288521528244	0.048724107444286
0.57411193847656	0.049136579036713
0.57533872127533	0.049510892480612
0.57656544446945	0.049845807254314
0.57779216766357	0.050140138715506
0.57901889085770	0.050392761826515
0.58024561405182	0.050602614879608
0.58147239685059	0.050768718123436
0.58269912004471	0.050890184938908
0.58392584323883	0.050966247916222
0.58515256643295	0.050996292382479
0.58637928962708	0.050979822874069
0.58760607242584	0.050916459411383
0.58883279561996	0.050805896520615
0.59005951881409	0.050647858530283
0.59128624200821	0.050442129373550
0.59251296520233	0.050188552588224
0.59373974800110	0.049887135624886
0.59496647119522	0.049538016319275
0.59619319438934	0.049141518771648
0.59741991758347	0.048698112368584
0.59864664077759	0.048208389431238
0.59987342357635	0.047673039138317
0.60110014677048	0.047092813998461
0.60232686996460	0.046468548476696
0.60355359315872	0.045801155269146
0.60478031635284	0.045091662555933
0.60600709915161	0.044341199100018
0.60723382234573	0.043551012873650
0.60846054553986	0.042722459882498
0.60968726873398	0.041857004165649
0.61091399192810	0.040956176817417
0.61214077472687	0.040021568536758
0.61336749792099	0.039054811000824
0.61459422111511	0.038057580590248
0.61582094430923	0.037031643092632
0.61704766750336	0.035978853702545
0.61827445030212	0.034901164472103
0.61950117349625	0.033800609409809
0.62072789669037	0.032679237425327
0.62195461988449	0.031539097428322
0.62318134307861	0.030382214114070
0.62440812587738	0.029210604727268
0.62563484907150	0.028026301413774
0.62686157226562	0.026831403374672
0.62808829545975	0.025628058239818
0.62931501865387	0.024418447166681
0.63054180145264	0.023204710334539
0.63176852464676	0.021988928318024
0.63299524784088	0.020773116499186
0.63422197103500	0.019559221342206
0.63544869422913	0.018349165096879
0.63667547702789	0.017144871875644
0.63790220022202	0.015948276966810
0.63912892341614	0.014761288650334
0.64035564661026	0.013585744425654
0.64158236980438	0.012423387728631
0.64280915260315	0.011275867000222
0.64403587579727	0.010144755244255
0.64526259899139	0.0090315435081720
0.64648932218552	0.0079376725479960
0.64771604537964	0.0068644909188151
0.64894276857376	0.0058132465928793
0.65016955137253	0.0047850962728262
0.65139627456665	0.0037811310030520
0.65262299776077	0.0028023682534695
0.65384972095490	0.0018497535493225
0.65507644414902	0.00092418293934315
0.65630322694778	2.6462716050446e-05
0.65752995014191	-0.00084271881496534
0.65875667333603	-0.0016828030347824
0.65998339653015	-0.0024933451786637
0.66121011972427	-0.0032739930320531
0.66243690252304	-0.0040244599804282
0.66366362571716	-0.0047445097006857
0.66489034891129	-0.0054339277558029
0.66611707210541	-0.0060925921425223
0.66734379529953	-0.0067205093801022
0.66857057809830	-0.0073178065940738
0.66979730129242	-0.0078847231343389
0.67102402448654	-0.0084215672686696
0.67225074768066	-0.0089286705479026
0.67347747087479	-0.0094063626602292
0.67470425367355	-0.0098549677059054
0.67593097686768	-0.010274837724864
0.67715770006180	-0.010666393674910
0.67838442325592	-0.011030161753297
0.67961114645004	-0.011366778053343
0.68083792924881	-0.011676981113851
0.68206465244293	-0.011961566284299
0.68329137563705	-0.012221325188875
0.68451809883118	-0.012457011267543
0.68574482202530	-0.012669326737523
0.68697160482407	-0.012858944013715
0.68819832801819	-0.013026536442339
0.68942505121231	-0.013172831386328
0.69065177440643	-0.013298633508384
0.69187849760056	-0.013404834084213
0.69310528039932	-0.013492367230356
0.69433200359344	-0.013562157750130
0.69555872678757	-0.013615062460303
0.69678544998169	-0.013651832938194
0.69801217317581	-0.013673148117959
0.69923895597458	-0.013679646886885
0.70046567916870	-0.013671983964741
0.70169240236282	-0.013650860637426
0.70291912555695	-0.013617043383420
0.70414584875107	-0.013571325689554
0.70537263154984	-0.013514474034309
0.70659935474396	-0.013447199016809
0.70782607793808	-0.013370113447309
0.70905280113220	-0.013283751904964
0.71027952432632	-0.013188583776355
0.71150630712509	-0.013085063546896
0.71273303031921	-0.012973642908037
0.71395975351334	-0.012854784727097
0.71518647670746	-0.012728950008750
0.71641319990158	-0.012596579268575
0.71763998270035	-0.012458061799407
0.71886670589447	-0.012313719838858
0.72009342908859	-0.012163808569312
0.72132015228271	-0.012008523568511
0.72254687547684	-0.011848028749228
0.72377365827560	-0.011682481504977
0.72500038146973	-0.011512054130435
0.72622710466385	-0.011336931958795
0.72745382785797	-0.011157291941345
0.72868055105209	-0.010973281227052
0.72990733385086	-0.010784978047013
0.73113405704498	-0.010592375881970
0.73236078023911	-0.010395392775536
0.73358750343323	-0.010193902067840
0.73481422662735	-0.0099877705797553
0.73604100942612	-0.0097768940031528
0.73726773262024	-0.0095611996948719
0.73849445581436	-0.0093406308442354
0.73972117900848	-0.0091151120141149
0.74094790220261	-0.0088845128193498
0.74217468500137	-0.0086486423388124
0.74340140819550	-0.0084072547033429
0.74462813138962	-0.0081600891426206
0.74585485458374	-0.0079069007188082
0.74708157777786	-0.0076474803499877
0.74830830097198	-0.0073816515505314
0.74953508377075	-0.0071092410944402
0.75076180696487	-0.0068300450220704
0.75198853015900	-0.0065438011661172
0.75321525335312	-0.0062501872889698
0.75444197654724	-0.0059488425031304
0.75566875934601	-0.0056394021958113
0.75689548254013	-0.0053215459920466
0.75812220573425	-0.0049950126558542
0.75934892892838	-0.0046596038155258
0.76057565212250	-0.0043151560239494
0.76180243492126	-0.0039615016430616
0.76302915811539	-0.0035984222777188
0.76425588130951	-0.0032256336417049
0.76548260450363	-0.0028427918441594
0.76670932769775	-0.0024495341349393
0.76793611049652	-0.0020455308258533
0.76916283369064	-0.0016305294120684
0.77038955688477	-0.0012043757596985
0.77161628007889	-0.00076699536293745
0.77284300327301	-0.00031834444962442
0.77406978607178	0.00014165035099722
0.77529650926590	0.00061313464539126
0.77652323246002	0.0010963339591399
0.77774995565414	0.0015915206167847
0.77897667884827	0.0020989533513784
0.78020346164703	0.0026188150513917
0.78143018484116	0.0031511781271547
0.78265690803528	0.0036960076540709
0.78388363122940	0.0042532063089311
0.78511035442352	0.0048226821236312
0.78633713722229	0.0054044062271714
0.78756386041641	0.0059984410181642
0.78879058361053	0.0066049196757376
0.79001730680466	0.0072239874862134
0.79124402999878	0.0078557329252362
0.79247081279755	0.0085001289844513
0.79369753599167	0.0091570187360048
0.79492425918579	0.0098261432722211
0.79615098237991	0.010507214814425
0.79737770557404	0.011199986562133
0.79860448837280	0.011904308572412
0.79983121156693	0.012620140798390
0.80105793476105	0.013347506523132
0.80228465795517	0.014086419716477
0.80351138114929	0.014836806803942
0.80473816394806	0.015598443336785
0.80596488714218	0.016370967030525
0.80719161033630	0.017153929919004
0.80841833353043	0.017946874722838
0.80964505672455	0.018749432638288
0.81087183952332	0.019561368972063
0.81209856271744	0.020382571965456
0.81332528591156	0.021212995052338
0.81455200910568	0.022052560001612
0.81577873229980	0.022901080548763
0.81700551509857	0.023758217692375
0.81823223829269	0.024623494595289
0.81945896148682	0.025496367365122
0.82068568468094	0.026376308873296
0.82191240787506	0.027262892574072
0.82313919067383	0.028155822306871
0.82436591386795	0.029054911807179
0.82559263706207	0.029960017651320
0.82681936025620	0.030870955437422
0.82804608345032	0.031787425279617
0.82927286624908	0.032708995044231
0.83049958944321	0.033635124564171
0.83172631263733	0.034565225243568
0.83295303583145	0.035498756915331
0.83417975902557	0.036435287445784
0.83540654182434	0.037374481558800
0.83663326501846	0.038316104561090
0.83785998821259	0.039259914308786
0.83908671140671	0.040205597877502
0.84031343460083	0.041152745485306
0.84154021739960	0.042100805789232
0.84276694059372	0.043049152940512
0.84399366378784	0.043997146189213
0.84522038698196	0.044944211840630
0.84644711017609	0.045889869332314
0.84767383337021	0.046833723783493
0.84890061616898	0.047775428742170
0.85012733936310	0.048714593052864
0.85135406255722	0.049650732427835
0.85258078575134	0.050583247095346
0.85380750894547	0.051511403173208
0.85503429174423	0.052434403449297
0.85626101493835	0.053351465612650
0.85748773813248	0.054261848330498
0.85871446132660	0.055164929479361
0.85994118452072	0.056060101836920
0.86116796731949	0.056946806609631
0.86239469051361	0.057824399322271
0.86362141370773	0.058692142367363
0.86484813690186	0.059549164026976
0.86607486009598	0.060394473373890
0.86730164289474	0.061227027326822
0.86852836608887	0.062045793980360
0.86975508928299	0.062849782407284
0.87098181247711	0.063638061285019
0.87220853567123	0.064409732818604
0.87343531847000	0.065163865685463
0.87466204166412	0.065899483859539
0.87588876485825	0.066615484654903
0.87711548805237	0.067310653626919
0.87834221124649	0.067983679473400
0.87956899404526	0.068633213639259
0.88079571723938	0.069257907569408
0.88202244043350	0.069856479763985
0.88324916362762	0.070427678525448
0.88447588682175	0.070970281958580
0.88570266962051	0.071483053267002
0.88692939281464	0.071964658796787
0.88815611600876	0.072413690388203
0.88938283920288	0.072828605771065
0.89060956239700	0.073207832872868
0.89183634519577	0.073549762368202
0.89306306838989	0.073852792382240
0.89428979158401	0.074115335941315
0.89551651477814	0.074335888028145
0.89674323797226	0.074512936174870
0.89797002077103	0.074644975364208
0.89919674396515	0.074730463325977
0.90042346715927	0.074767835438251
0.90165019035339	0.074755460023880
0.90287691354752	0.074691697955132
0.90410369634628	0.074574880301952
0.90533041954041	0.074403397738934
0.90655714273453	0.074175678193569
0.90778386592865	0.073890194296837
0.90901058912277	0.073545470833778
0.91023737192154	0.073140047490597
0.91146409511566	0.072672486305237
0.91269081830978	0.072141326963902
0.91391754150391	0.071545146405697
0.91514426469803	0.070882536470890
0.91637104749680	0.070152133703232
0.91759777069092	0.069352634251118
0.91882449388504	0.068482838571072
0.92005121707916	0.067541614174843
0.92127794027328	0.066527880728245
0.92250472307205	0.065440692007542
0.92373144626617	0.064279124140739
0.92495816946030	0.063042387366295
0.92618489265442	0.061729729175568
0.92741161584854	0.060340508818626
0.92863839864731	0.058874212205410
0.92986512184143	0.057330414652824
0.93109184503555	0.055708803236485
0.93231856822968	0.054009176790714
0.93354529142380	0.052231438457966
0.93477207422256	0.050375632941723
0.93599879741669	0.048441920429468
0.93722552061081	0.046430632472038
0.93845224380493	0.044342260807753
0.93967896699905	0.042177464812994
0.94090574979782	0.039937049150467
0.94213247299194	0.037621993571520
0.94335919618607	0.035233411937952
0.94458591938019	0.032772570848465
0.94581264257431	0.030240882188082
0.94703936576843	0.027639927342534
0.94826614856720	0.024971466511488
0.94949287176132	0.022237451747060
0.95071959495544	0.019440041854978
0.95194631814957	0.016581604257226
0.95317304134369	0.013664699159563
0.95439982414246	0.010692061856389
0.95562654733658	0.0076665915548801
0.95685327053070	0.0045913276262581
0.95807999372482	0.0014694640412927
0.95930671691895	-0.0016956437611952
0.96053349971771	-0.0049004582688212
0.96176022291183	-0.0081412438303232
0.96298694610596	-0.011414059437811
0.96421366930008	-0.014714759774506
0.96544039249420	-0.018039025366306
0.96666717529297	-0.021382359787822
0.96789389848709	-0.024740133434534
0.96912062168121	-0.028107598423958
0.97034734487534	-0.031479891389608
0.97157406806946	-0.034852035343647
0.97280085086823	-0.038218937814236
0.97402757406235	-0.041575383394957
0.97525429725647	-0.044916037470102
0.97648102045059	-0.048235457390547
0.97770774364471	-0.051528081297874
0.97893452644348	-0.054788284003735
0.98016124963760	-0.058010350912809
0.98138797283173	-0.061188545078039
0.98261469602585	-0.064317062497139
0.98384141921997	-0.067390076816082
0.98506820201874	-0.070401728153229
0.98629492521286	-0.073346138000488
0.98752164840698	-0.076217435300350
0.98874837160110	-0.079009786248207
0.98997509479523	-0.081717371940613
0.99120187759399	-0.084334477782249
0.99242860078812	-0.086855441331863
0.99365532398224	-0.089274674654007
0.99488204717636	-0.091586656868458
0.99610877037048	-0.093785926699638
0.99733555316925	-0.095867119729519
0.99856227636337	-0.097825005650520
0.99978899955750	-0.099654465913773
1.0010157823563	-0.10135057568550
1.0022424459457	-0.10290861129761
1.0034692287445	-0.10432407259941
1.0046958923340	-0.10559267550707
1.0059226751328	-0.10671032965183
1.0071494579315	-0.10767311602831
1.0083761215210	-0.10847730934620
1.0096029043198	-0.10911936312914
1.0108295679092	-0.10959599912167
1.0120563507080	-0.10990418493748
1.0132831335068	-0.11004116386175
1.0145097970963	-0.11000455170870
1.0157365798950	-0.10979229211807
1.0169632434845	-0.10940264165401
1.0181900262833	-0.10883423686028
1.0194168090820	-0.10808597505093
1.0206434726715	-0.10715702176094
1.0218702554703	-0.10604678839445
1.0230969190598	-0.10475497692823
1.0243237018585	-0.10328163951635
1.0255504846573	-0.10162717103958
1.0267771482468	-0.099792398512363
1.0280039310455	-0.097778573632240
1.0292305946350	-0.095587357878685
1.0304573774338	-0.093220800161362
1.0316841602325	-0.090681262314320
1.0329108238220	-0.087971404194832
1.0341376066208	-0.085094124078751
1.0353642702103	-0.082052648067474
1.0365910530090	-0.078850530087948
1.0378178358078	-0.075491666793823
1.0390444993973	-0.071980416774750
1.0402712821960	-0.068321526050568
1.0414979457855	-0.064520172774792
1.0427247285843	-0.060581892728806
1.0439515113831	-0.056512501090765
1.0451781749725	-0.052318096160889
1.0464049577713	-0.048004992306232
1.0476316213608	-0.043579727411270
1.0488584041595	-0.039049100130796
1.0500851869583	-0.034420188516378
1.0513118505478	-0.029700400307775
1.0525386333466	-0.024897476658225
1.0537652969360	-0.020019462332129
1.0549920797348	-0.015074661001563
1.0562188625336	-0.010071570985019
1.0574455261230	-0.0050188447348773
1.0586723089218	7.4744690209627e-05
1.0598989725113	0.0052003059536219
1.0611257553101	0.010348811745644
1.0623525381088	0.015511082485318
1.0635792016983	0.020677771419287
1.0648059844971	0.025839384645224
1.0660326480865	0.030986318364739
1.0672594308853	0.036108914762735
1.0684862136841	0.041197530925274
1.0697128772736	0.046242568641901
1.0709396600723	0.051234502345324
1.0721663236618	0.056163866072893
1.0733931064606	0.061021253466606
1.0746198892593	0.065797269344330
1.0758465528488	0.070482559502125
1.0770733356476	0.075067788362503
1.0782999992371	0.079543761909008
1.0795267820358	0.083901464939117
1.0807535648346	0.088132120668888
1.0819802284241	0.092227250337601
1.0832070112228	0.096178680658340
1.0844336748123	0.099978528916836
1.0856604576111	0.10361920297146
1.0868872404099	0.10709336400032
1.0881139039993	0.11039391905069
1.0893406867981	0.11351405084133
1.0905673503876	0.11644726991653
1.0917941331863	0.11918752640486
1.0930209159851	0.12172915041447
1.0942475795746	0.12406700849533
1.0954743623734	0.12619641423225
1.0967010259628	0.12811319530010
1.0979278087616	0.12981358170509
1.0991544723511	0.13129426538944
1.1003812551498	0.13255237042904
1.1016080379486	0.13358549773693
1.1028347015381	0.13439173996449
1.1040614843369	0.13496974110603
1.1052881479263	0.13531871140003
1.1065149307251	0.13543847203255
1.1077417135239	0.13532936573029
1.1089683771133	0.13499233126640
1.1101951599121	0.13442869484425
1.1114218235016	0.13364031910896
1.1126486063004	0.13262955844402
1.1138753890991	0.13139916956425
1.1151020526886	0.12995254993439
1.1163288354874	0.12829357385635
1.1175554990768	0.12642669677734
1.1187822818756	0.12435693293810
1.1200090646744	0.12208976596594
1.1212357282639	0.11963111907244
1.1224625110626	0.11698727309704
1.1236891746521	0.11416486650705
1.1249159574509	0.11117084324360
1.1261427402496	0.10801252722740
1.1273694038391	0.10469764471054
1.1285961866379	0.10123427212238
1.1298228502274	0.097630858421326
1.1310496330261	0.093896187841892
1.1322764158249	0.090039290487766
1.1335030794144	0.086069405078888
1.1347298622131	0.081995882093906
1.1359565258026	0.077828191220760
1.1371833086014	0.073575861752033
1.1384100914001	0.069248512387276
1.1396367549896	0.064855881035328
1.1408635377884	0.060407780110836
1.1420902013779	0.055914096534252
1.1433169841766	0.051384728401899
1.1445437669754	0.046829525381327
1.1457704305649	0.042258221656084
1.1469972133636	0.037680361419916
1.1482238769531	0.033105313777924
1.1494506597519	0.028542239218950
1.1506774425507	0.024000113829970
1.1519041061401	0.019487716257572
1.1531308889389	0.015013637952507
1.1543575525284	0.010586234740913
1.1555843353271	0.0062135998159647
1.1568111181259	0.0019034969154745
1.1580377817154	-0.0023366801906377
1.1592645645142	-0.0064999386668205
1.1604912281036	-0.010579694993794
1.1617180109024	-0.014569765888155
1.1629447937012	-0.018464352935553
1.1641714572906	-0.022258037701249
1.1653982400894	-0.025945775210857
1.1666249036789	-0.029522908851504
1.1678516864777	-0.032985217869282
1.1690784692764	-0.036328915506601
1.1703051328659	-0.039550676941872
1.1715319156647	-0.042647644877434
1.1727585792542	-0.045617409050465
1.1739853620529	-0.048457987606525
1.1752121448517	-0.051167797297239
1.1764388084412	-0.053745660930872
1.1776655912399	-0.056190788745880
1.1788922548294	-0.058502793312073
1.1801190376282	-0.060681682080030
1.1813458204269	-0.062727853655815
1.1825724840164	-0.064642131328583
1.1837992668152	-0.066425666213036
1.1850259304047	-0.068079940974712
1.1862527132034	-0.069606736302376
1.1874794960022	-0.071008056402206
1.1887061595917	-0.072286181151867
1.1899329423904	-0.073443621397018
1.1911596059799	-0.074483141303062
1.1923863887787	-0.075407750904560
1.1936131715775	-0.076220676302910
1.1948398351669	-0.076925329864025
1.1960666179657	-0.077525302767754
1.1972932815552	-0.078024297952652
1.1985200643539	-0.078426077961922
1.1997468471527	-0.078734464943409
1.2009735107422	-0.078953310847282
1.2022002935410	-0.079086527228355
1.2034269571304	-0.079138033092022
1.2046537399292	-0.079111784696579
1.2058805227280	-0.079011783003807
1.2071071863174	-0.078842021524906
1.2083339691162	-0.078606449067593
1.2095606327057	-0.078308947384357
1.2107874155045	-0.077953293919563
1.2120141983032	-0.077543146908283
1.2132408618927	-0.077082000672817
1.2144676446915	-0.076573267579079
1.2156943082809	-0.076020240783691
1.2169210910797	-0.075426109135151
1.2181478738785	-0.074793949723244
1.2193745374680	-0.074126705527306
1.2206013202667	-0.073427177965641
1.2218279838562	-0.072698019444942
1.2230547666550	-0.071941711008549
1.2242815494537	-0.071160547435284
1.2255082130432	-0.070356629788876
1.2267349958420	-0.069531917572021
1.2279616594315	-0.068688198924065
1.2291884422302	-0.067827112972736
1.2304152250290	-0.066950164735317
1.2316418886185	-0.066058732569218
1.2328686714172	-0.065154053270817
1.2340953350067	-0.064237207174301
1.2353221178055	-0.063309170305729
1.2365489006042	-0.062370762228966
1.2377755641937	-0.061422687023878
1.2390023469925	-0.060465507209301
1.2402290105820	-0.059499695897102
1.2414557933807	-0.058525599539280
1.2426825761795	-0.057543523609638
1.2439092397690	-0.056553680449724
1.2451360225677	-0.055556233972311
1.2463626861572	-0.054551284760237
1.2475894689560	-0.053538873791695
1.2488162517548	-0.052519019693136
1.2500429153442	-0.051491677761078
1.2512696981430	-0.050456754863262
1.2524963617325	-0.049414150416851
1.2537231445312	-0.048363745212555
1.2549499273300	-0.047305434942245
1.2561765909195	-0.046239130198956
1.2574033737183	-0.045164760202169
1.2586300373077	-0.044082261621952
1.2598568201065	-0.042991589754820
1.2610836029053	-0.041892677545547
1.2623102664948	-0.040785472840071
1.2635370492935	-0.039669934660196
1.2647637128830	-0.038546044379473
1.2659904956818	-0.037413831800222
1.2672172784805	-0.036273401230574
1.2684439420700	-0.035124916583300
1.2696707248688	-0.033968608826399
1.2708973884583	-0.032804735004902
1.2721241712570	-0.031633574515581
1.2733509540558	-0.030455404892564
1.2745776176453	-0.029270499944687
1.2758044004440	-0.028079142794013
1.2770310640335	-0.026881657540798
1.2782578468323	-0.025678418576717
1.2794846296310	-0.024469863623381
1.2807112932205	-0.023256499320269
1.2819380760193	-0.022038871422410
1.2831647396088	-0.020817538723350
1.2843915224075	-0.019593039527535
1.2856183052063	-0.018365874886513
1.2868449687958	-0.017136521637440
1.2880717515945	-0.015905451029539
1.2892984151840	-0.014673144556582
1.2905251979828	-0.013440132141113
1.2917519807816	-0.012206989340484
1.2929786443710	-0.010974324308336
1.2942054271698	-0.0097427396103740
1.2954320907593	-0.0085127912461758
1.2966588735580	-0.0072849602438509
1.2978855371475	-0.0060596480034292
1.2991123199463	-0.0048371911980212
1.3003391027451	-0.0036179036833346
1.3015657663345	-0.0024021146818995
1.3027925491333	-0.0011902020778507
1.3040192127228	1.7409067368135e-05
1.3052459955215	0.0012202740181237
1.3064727783203	0.0024179772008210
1.3076994419098	0.0036101795267314
1.3089262247086	0.0047966488637030
1.3101528882980	0.0059772566892207
1.3113796710968	0.0071519515477121
1.3126064538956	0.0083207050338387
1.3138331174850	0.0094834668561816
1.3150599002838	0.010640133172274
1.3162865638733	0.011790551245213
1.3175133466721	0.012934559024870
1.3187401294708	0.014072030782700
1.3199667930603	0.015202928334475
1.3211935758591	0.016327314078808
1.3224202394485	0.017445337027311
1.3236470222473	0.018557189032435
1.3248738050461	0.019663056358695
1.3261004686356	0.020763078704476
1.3273272514343	0.021857323125005
1.3285539150238	0.022945802658796
1.3297806978226	0.024028534069657
1.3310074806213	0.025105584412813
1.3322341442108	0.026177097111940
1.3334609270096	0.027243312448263
1.3346875905991	0.028304530307651
1.3359143733978	0.029361058026552
1.3371411561966	0.030413150787354
1.3383678197861	0.031461000442505
1.3395946025848	0.032504722476006
1.3408212661743	0.033544395118952
1.3420480489731	0.034580118954182
1.3432748317719	0.035612046718597
1.3445014953613	0.036640424281359
1.3457282781601	0.037665564566851
1.3469549417496	0.038687802851200
1.3481817245483	0.039707459509373
1.3494085073471	0.040724761784077
1.3506351709366	0.041739854961634
1.3518619537354	0.042752817273140
1.3530886173248	0.043763726949692
1.3543154001236	0.044772714376450
1.3555421829224	0.045780010521412
1.3567688465118	0.046785946935415
1.3579956293106	0.047790922224522
1.3592222929001	0.048795338720083
1.3604490756989	0.049799546599388
1.3616758584976	0.050803776830435
1.3629025220871	0.051808163523674
1.3641293048859	0.052812788635492
1.3653559684753	0.053817726671696
1.3665827512741	0.054823137819767
1.3678095340729	0.055829279124737
1.3690361976624	0.056836523115635
1.3702629804611	0.057845287024975
1.3714896440506	0.058855995535851
1.3727164268494	0.059869021177292
1.3739432096481	0.060884602367878
1.3751698732376	0.061902910470963
1.3763966560364	0.062924027442932
1.3776233196259	0.063948065042496
1.3788501024246	0.064975202083588
1.3800768852234	0.066005706787109
1.3813035488129	0.067039914429188
1.3825303316116	0.068078190088272
1.3837569952011	0.069120854139328
1.3849837779999	0.070168167352676
1.3862105607986	0.071220271289349
1.3874372243881	0.072277218103409
1.3886640071869	0.073339000344276
1.3898906707764	0.074405610561371
1.3911174535751	0.075477063655853
1.3923442363739	0.076553471386433
1.3935708999634	0.077634915709496
1.3947976827621	0.078721530735493
1.3960243463516	0.079813376069069
1.3972511291504	0.080910399556160
1.3984779119492	0.082012474536896
1.3997045755386	0.083119392395020
1.4009313583374	0.084230892360210
1.4021580219269	0.085346706211567
1.4033848047256	0.086466550827026
1.4046115875244	0.087590187788010
1.4058382511139	0.088717341423035
1.4070650339127	0.089847728610039
1.4082916975021	0.090980961918831
1.4095184803009	0.092116549611092
1.4107452630997	0.093253910541534
1.4119719266891	0.094392426311970
1.4131987094879	0.095531404018402
1.4144253730774	0.096670158207417
1.4156521558762	0.097807988524437
1.4168789386749	0.098944231867790
1.4181056022644	0.10007816553116
1.4193323850632	0.10120904445648
1.4205590486526	0.10233604162931
1.4217858314514	0.10345824062824
1.4230126142502	0.10457463562489
1.4242392778397	0.10568418353796
1.4254660606384	0.10678581893444
1.4266927242279	0.10787846148014
1.4279195070267	0.10896102339029
1.4291462898254	0.11003243923187
1.4303729534149	0.11109161376953
1.4315997362137	0.11213744431734
1.4328263998032	0.11316875368357
1.4340531826019	0.11418427526951
1.4352799654007	0.11518271267414
1.4365066289902	0.11616276204586
1.4377334117889	0.11712309718132
1.4389600753784	0.11806242167950
1.4401868581772	0.11897945404053
1.4414136409760	0.11987294256687
1.4426403045654	0.12074163556099
1.4438670873642	0.12158422917128
1.4450937509537	0.12239941954613
1.4463205337524	0.12318580597639
1.4475473165512	0.12394196540117
1.4487739801407	0.12466651201248
1.4500007629395	0.12535807490349
1.4512274265289	0.12601530551910
1.4524542093277	0.12663696706295
1.4536809921265	0.12722185254097
1.4549076557159	0.12776882946491
1.4561344385147	0.12827672064304
1.4573611021042	0.12874433398247
1.4585878849030	0.12917041778564
1.4598146677017	0.12955369055271
1.4610413312912	0.12989290058613
1.4622681140900	0.13018684089184
1.4634947776794	0.13043440878391
1.4647215604782	0.13063459098339
1.4659483432770	0.13078649342060
1.4671750068665	0.13088928163052
1.4684017896652	0.13094210624695
1.4696284532547	0.13094419240952
1.4708552360535	0.13089464604855
1.4720820188522	0.13079266250134
1.4733086824417	0.13063740730286
1.4745354652405	0.13042813539505
1.4757621288300	0.13016419112682
1.4769889116287	0.12984505295753
1.4782156944275	0.12947033345699
1.4794423580170	0.12903967499733
1.4806691408157	0.12855276465416
1.4818958044052	0.12800930440426
1.4831225872040	0.12740899622440
1.4843493700027	0.12675151228905
1.4855760335922	0.12603664398193
1.4868028163910	0.12526428699493
1.4880294799805	0.12443441897631
1.4892562627792	0.12354721128941
1.4904830455780	0.12260290980339
1.4917097091675	0.12160183489323
1.4929364919662	0.12054429948330
1.4941631555557	0.11943064630032
1.4953899383545	0.11826116591692
1.4966166019440	0.11703615635633
1.4978433847427	0.11575601249933
1.4990701675415	0.11442118138075
1.5002968311310	0.11303229629993
1.5015236139297	0.11159011721611
1.5027502775192	0.11009541898966
1.5039770603180	0.10854908078909
1.5052038431168	0.10695191472769
1.5064305067062	0.10530471056700
1.5076572895050	0.10360825061798
1.5088839530945	0.10186332464218
1.5101107358932	0.10007076710463
1.5113375186920	0.098231486976147
1.5125641822815	0.096346490085125
1.5137909650803	0.094416834414005
1.5150176286697	0.092443607747555
1.5162444114685	0.090427868068218
1.5174711942673	0.088370591402054
1.5186978578568	0.086272723972797
1.5199246406555	0.084135159850121
1.5211513042450	0.081958800554276
1.5223780870438	0.079744607210159
1.5236048698425	0.077493540942669
1.5248315334320	0.075206607580185
1.5260583162308	0.072884820401669
1.5272849798203	0.070529118180275
1.5285117626190	0.068140342831612
1.5297385454178	0.065719276666641
1.5309652090073	0.063266590237617
1.5321919918060	0.060782954096794
1.5334186553955	0.058269023895264
1.5346454381943	0.055725514888763
1.5358722209930	0.053153134882450
1.5370988845825	0.050552561879158
1.5383256673813	0.047924447804689
1.5395523309708	0.045269325375557
1.5407791137695	0.042587637901306
1.5420058965683	0.039879746735096
1.5432325601578	0.037145961076021
1.5444593429565	0.034386575222015
1.5456860065460	0.031601920723915
1.5469127893448	0.028792344033718
1.5481395721436	0.025958204641938
1.5493662357330	0.023099819198251
1.5505930185318	0.020217457786202
1.5518196821213	0.017311319708824
1.5530464649200	0.014381547458470
1.5542732477188	0.011428270488977
1.5554999113083	0.0084516545757651
1.5567266941071	0.0054519278928638
1.5579533576965	0.0024293945170939
1.5591801404953	-0.00061559153255075
1.5604069232941	-0.0036826629657298
1.5616335868835	-0.0067714764736593
1.5628603696823	-0.0098817264661193
1.5640870332718	-0.013013132847846
1.5653138160706	-0.016165390610695
1.5665405988693	-0.019338114187121
1.5677672624588	-0.022530781105161
1.5689940452576	-0.025742711499333
1.5702207088470	-0.028973080217838
1.5714474916458	-0.032220959663391
1.5726742744446	-0.035485360771418
1.5739009380341	-0.038765273988247
1.5751277208328	-0.042059689760208
1.5763543844223	-0.045367561280727
1.5775811672211	-0.048687756061554
1.5788079500198	-0.052018992602825
1.5800346136093	-0.055359803140163
1.5812613964081	-0.058708518743515
1.5824880599976	-0.062063302844763
1.5837148427963	-0.065422184765339
1.5849416255951	-0.068783134222031
1.5861682891846	-0.072144091129303
1.5873950719833	-0.075502917170525
1.5886217355728	-0.078857436776161
1.5898485183716	-0.082205317914486
1.5910753011703	-0.085544109344482
1.5923019647598	-0.088871143758297
1.5935287475586	-0.092183619737625
1.5947554111481	-0.095478609204292
1.5959821939468	-0.098753079771996
1.5972089767456	-0.10200398415327
1.5984356403351	-0.10522823780775
1.5996624231339	-0.10842272639275
1.6008890867233	-0.11158425360918
1.6021158695221	-0.11470958590508
1.6033426523209	-0.11779539287090
1.6045693159103	-0.12083825469017
1.6057960987091	-0.12383471429348
1.6070227622986	-0.12678134441376
1.6082495450974	-0.12967476248741
1.6094763278961	-0.13251155614853
1.6107029914856	-0.13528843224049
1.6119297742844	-0.13800209760666
1.6131564378738	-0.14064921438694
1.6143832206726	-0.14322650432587
1.6156100034714	-0.14573074877262
1.6168366670609	-0.14815875887871
1.6180634498596	-0.15050743520260
1.6192901134491	-0.15277394652367
1.6205168962479	-0.15495556592941
1.6217436790466	-0.15704973042011
1.6229703426361	-0.15905402600765
1.6241971254349	-0.16096612811089
1.6254237890244	-0.16278381645679
1.6266505718231	-0.16450496017933
1.6278773546219	-0.16612762212753
1.6291040182114	-0.16765010356903
1.6303308010101	-0.16907092928886
1.6315574645996	-0.17038895189762
1.6327842473984	-0.17160327732563
1.6340110301971	-0.17271324992180
1.6352376937866	-0.17371837794781
1.6364644765854	-0.17461830377579
1.6376911401749	-0.17541283369064
1.6389179229736	-0.17610190808773
1.6401447057724	-0.17668576538563
1.6413713693619	-0.17716492712498
1.6425981521606	-0.17754031717777
1.6438248157501	-0.17781314253807
1.6450515985489	-0.17798489332199
1.6462783813477	-0.17805732786655
1.6475050449371	-0.17803235352039
1.6487318277359	-0.17791196703911
1.6499584913254	-0.17769832909107
1.6511852741241	-0.17739370465279
1.6524120569229	-0.17700065672398
1.6536387205124	-0.17652197182178
1.6548655033112	-0.17596074938774
1.6560921669006	-0.17532040178776
1.6573189496994	-0.17460456490517
1.6585457324982	-0.17381699383259
1.6597723960876	-0.17296154797077
1.6609991788864	-0.17204210162163
1.6622258424759	-0.17106257379055
1.6634526252747	-0.17002698779106
1.6646794080734	-0.16893948614597
1.6659060716629	-0.16780436038971
1.6671328544617	-0.16662603616714
1.6683595180511	-0.16540914773941
1.6695863008499	-0.16415832936764
1.6708130836487	-0.16287826001644
1.6720397472382	-0.16157360374928
1.6732665300369	-0.16024892032146
1.6744931936264	-0.15890873968601
1.6757199764252	-0.15755754709244
1.6769467592239	-0.15619981288910
1.6781734228134	-0.15484005212784
1.6794002056122	-0.15348273515701
1.6806268692017	-0.15213233232498
1.6818536520004	-0.15079319477081
1.6830804347992	-0.14946955442429
1.6843070983887	-0.14816546440125
1.6855338811874	-0.14688485860825
1.6867605447769	-0.14563147723675
1.6879873275757	-0.14440894126892
1.6892141103745	-0.14322078227997
1.6904407739639	-0.14207038283348
1.6916675567627	-0.14096102118492
1.6928942203522	-0.13989579677582
1.6941210031509	-0.13887766003609
1.6953476667404	-0.13790933787823
1.6965744495392	-0.13699328899384
1.6978012323380	-0.13613174855709
1.6990278959274	-0.13532680273056
1.7002546787262	-0.13458029925823
1.7014813423157	-0.13389392197132
1.7027081251144	-0.13326919078827
1.7039349079132	-0.13270746171474
1.7051615715027	-0.13220988214016
1.7063883543015	-0.13177739083767
1.7076150178909	-0.13141062855721
1.7088418006897	-0.13111007213593
1.7100685834885	-0.13087594509125
1.7112952470779	-0.13070827722549
1.7125220298767	-0.13060688972473
1.7137486934662	-0.13057148456573
1.7149754762650	-0.13060159981251
1.7162022590637	-0.13069660961628
1.7174289226532	-0.13085569441319
1.7186557054520	-0.13107782602310
1.7198823690414	-0.13136181235313
1.7211091518402	-0.13170620799065
1.7223359346390	-0.13210941851139
1.7235625982285	-0.13256971538067
1.7247893810272	-0.13308522105217
1.7260160446167	-0.13365396857262
1.7272428274155	-0.13427385687828
1.7284696102142	-0.13494268059731
1.7296962738037	-0.13565813004971
1.7309230566025	-0.13641777634621
1.7321497201920	-0.13721904158592
1.7333765029907	-0.13805913925171
1.7346032857895	-0.13893522322178
1.7358299493790	-0.13984426856041
1.7370567321777	-0.14078322052956
1.7382833957672	-0.14174892008305
1.7395101785660	-0.14273822307587
1.7407369613647	-0.14374791085720
1.7419636249542	-0.14477473497391
1.7431904077530	-0.14581532776356
1.7444170713425	-0.14686627686024
1.7456438541412	-0.14792405068874
1.7468706369400	-0.14898501336575
1.7480973005295	-0.15004539489746
1.7493240833282	-0.15110141038895
1.7505507469177	-0.15214921534061
1.7517775297165	-0.15318503975868
1.7530043125153	-0.15420511364937
1.7542309761047	-0.15520565211773
1.7554577589035	-0.15618290007114
1.7566844224930	-0.15713299810886
1.7579112052917	-0.15805199742317
1.7591379880905	-0.15893585979939
1.7603646516800	-0.15978047251701
1.7615914344788	-0.16058175265789
1.7628180980682	-0.16133557260036
1.7640448808670	-0.16203789412975
1.7652716636658	-0.16268475353718
1.7664983272552	-0.16327221691608
1.7677251100540	-0.16379632055759
1.7689517736435	-0.16425310075283
1.7701785564423	-0.16463850438595
1.7714053392410	-0.16494846343994
1.7726320028305	-0.16517889499664
1.7738587856293	-0.16532579064369
1.7750854492188	-0.16538523137569
1.7763122320175	-0.16535346210003
1.7775390148163	-0.16522680222988
1.7787656784058	-0.16500167548656
1.7799924612045	-0.16467452049255
1.7812191247940	-0.16424180567265
1.7824459075928	-0.16369996964931
1.7836726903915	-0.16304552555084
1.7848993539810	-0.16227504611015
1.7861261367798	-0.16138531267643
1.7873528003693	-0.16037327051163
1.7885795831680	-0.15923610329628
1.7898063659668	-0.15797120332718
1.7910330295563	-0.15657609701157
1.7922598123550	-0.15504844486713
1.7934864759445	-0.15338608622551
1.7947132587433	-0.15158690512180
1.7959400415421	-0.14964905381203
1.7971667051315	-0.14757086336613
1.7983934879303	-0.14535099267960
1.7996201515198	-0.14298832416534
1.8008469343185	-0.14048203825951
1.8020737171173	-0.13783167302608
1.8033003807068	-0.13503697514534
1.8045271635056	-0.13209787011147
1.8057538270950	-0.12901452183723
1.8069806098938	-0.12578743696213
1.8082073926926	-0.12241743505001
1.8094340562820	-0.11890567094088
1.8106608390808	-0.11525370180607
1.8118875026703	-0.11146347224712
1.8131142854691	-0.10753728449345
1.8143410682678	-0.10347779095173
1.8155677318573	-0.099287889897823
1.8167945146561	-0.094970814883709
1.8180211782455	-0.090530090034008
1.8192479610443	-0.085969574749470
1.8204747438431	-0.081293523311615
1.8217014074326	-0.076506599783897
1.8229281902313	-0.071613907814026
1.8241548538208	-0.066620923578739
1.8253816366196	-0.061533488333225
1.8266084194183	-0.056357733905315
1.8278350830078	-0.051100067794323
1.8290618658066	-0.045767147094011
1.8302885293961	-0.040365926921368
1.8315153121948	-0.034903667867184
1.8327420949936	-0.029387965798378
1.8339687585831	-0.023826722055674
1.8351955413818	-0.018228150904179
1.8364222049713	-0.012600714340806
1.8376489877701	-0.0069530727341771
1.8388757705688	-0.0012940573506057
1.8401024341583	0.0043673524633050
1.8413292169571	0.010022019967437
1.8425558805466	0.015660639852285
1.8437826633453	0.021273739635944
1.8450094461441	0.026851695030928
1.8462361097336	0.032384768128395
1.8474628925323	0.037863187491894
1.8486895561218	0.043277204036713
1.8499163389206	0.048617139458656
1.8511431217194	0.053873389959335
1.8523697853088	0.059036459773779
1.8535965681076	0.064096882939339
1.8548232316971	0.069045267999172
1.8560500144958	0.073872260749340
1.8572767972946	0.078568622469902
1.8585034608841	0.083125263452530
1.8597302436829	0.087533339858055
1.8609569072723	0.091784350574017
1.8621836900711	0.095870107412338
1.8634104728699	0.099782817065716
1.8646371364594	0.10351496934891
1.8658639192581	0.10705941170454
1.8670905828476	0.11040924489498
1.8683173656464	0.11355790495872
1.8695441484451	0.11649922281504
1.8707708120346	0.11922740936279
1.8719975948334	0.12173721194267
1.8732242584229	0.12402388453484
1.8744510412216	0.12608323991299
1.8756778240204	0.12791161239147
1.8769044876099	0.12950584292412
1.8781312704086	0.13086324930191
1.8793579339981	0.13198155164719
1.8805847167969	0.13285896182060
1.8818114995956	0.13349419832230
1.8830381631851	0.13388665020466
1.8842649459839	0.13403622806072
1.8854916095734	0.13394346833229
1.8867183923721	0.13360953330994
1.8879451751709	0.13303612172604
1.8891718387604	0.13222536444664
1.8903986215591	0.13117994368076
1.8916252851486	0.12990294396877
1.8928520679474	0.12839797139168
1.8940787315369	0.12666904926300
1.8953055143356	0.12472078949213
1.8965322971344	0.12255831062794
1.8977589607239	0.12018721550703
1.8989857435226	0.11761358380318
1.9002124071121	0.11484387516975
1.9014391899109	0.11188493669033
1.9026659727097	0.10874389857054
1.9038926362991	0.10542819648981
1.9051194190979	0.10194559395313
1.9063460826874	0.098304145038128
1.9075728654861	0.094512209296227
1.9087996482849	0.090578436851501
1.9100263118744	0.086511686444283
1.9112530946732	0.082321047782898
1.9124797582626	0.078015699982643
1.9137065410614	0.073604926466942
1.9149333238602	0.069098085165024
1.9161599874496	0.064504593610764
1.9173867702484	0.059833928942680
1.9186134338379	0.055095624178648
1.9198402166367	0.050299249589443
1.9210669994354	0.045454338192940
1.9222936630249	0.040570378303528
1.9235204458237	0.035656742751598
1.9247471094131	0.030722660943866
1.9259738922119	0.025777194648981
1.9272006750107	0.020829249173403
1.9284273386002	0.015887562185526
1.9296541213989	0.010960707440972
1.9308807849884	0.0060570733621716
1.9321075677872	0.0011848388239741
1.9333343505859	-0.0036480613052845
1.9345610141754	-0.0084339687600732
1.9357877969742	-0.013165527023375
1.9370144605637	-0.017835691571236
1.9382412433624	-0.022437717765570
1.9394680261612	-0.026965167373419
1.9406946897507	-0.031411893665791
1.9419214725494	-0.035772040486336
1.9431481361389	-0.040040079504251
1.9443749189377	-0.044210795313120
1.9456017017365	-0.048279345035553
1.9468283653259	-0.052241209894419
1.9480551481247	-0.056092236191034
1.9492818117142	-0.059828601777554
1.9505085945129	-0.063446775078773
1.9517353773117	-0.066943533718586
1.9529620409012	-0.070315927267075
1.9541888237000	-0.073561333119869
1.9554154872894	-0.076677449047565
1.9566422700882	-0.079662285745144
1.9578690528870	-0.082514181733131
1.9590957164764	-0.085231803357601
1.9603224992752	-0.087814077734947
1.9615491628647	-0.090260177850723
1.9627759456635	-0.092569477856159
1.9640027284622	-0.094741538167000
1.9652293920517	-0.096776090562344
1.9664561748505	-0.098673105239868
1.9676828384399	-0.10043279826641
1.9689096212387	-0.10205562412739
1.9701364040375	-0.10354229807854
1.9713630676270	-0.10489374399185
1.9725898504257	-0.10611106455326
1.9738165140152	-0.10719552636147
1.9750432968140	-0.10814850032330
1.9762700796127	-0.10897143930197
1.9774967432022	-0.10966582596302
1.9787235260010	-0.11023330688477
1.9799501895905	-0.11067561060190
1.9811769723892	-0.11099460721016
1.9824037551880	-0.11119229346514
1.9836304187775	-0.11127082258463
1.9848572015762	-0.11123241484165
1.9860838651657	-0.11107935756445
1.9873106479645	-0.11081399023533
1.9885374307632	-0.11043868958950
1.9897640943527	-0.10995586216450
1.9909908771515	-0.10936794430017
1.9922175407410	-0.10867740213871
1.9934443235397	-0.10788675397635
1.9946711063385	-0.10699860751629
1.9958977699280	-0.10601560026407
1.9971245527267	-0.10494045913219
1.9983512163162	-0.10377596318722
1.9995779991150	-0.10252490639687
2.0008046627045	-0.10119007527828
2.0020315647125	-0.099774278700352
2.0032582283020	-0.098280325531960
2.0044848918915	-0.096710994839668
2.0057115554810	-0.095069095492363
2.0069384574890	-0.093357458710670
2.0081651210785	-0.091578960418701
2.0093917846680	-0.089736521244049
2.0106186866760	-0.087833069264889
2.0118453502655	-0.085871614515781
2.0130720138550	-0.083855159580708
2.0142989158630	-0.081786707043648
2.0155255794525	-0.079669244587421
2.0167522430420	-0.077505744993687
2.0179789066315	-0.075299166142941
2.0192058086395	-0.073052436113358
2.0204324722290	-0.070768520236015
2.0216591358185	-0.068450391292572
2.0228860378265	-0.066101066768169
2.0241127014160	-0.063723526895046
2.0253393650055	-0.061320781707764
2.0265662670135	-0.058895803987980
2.0277929306030	-0.056451518088579
2.0290195941925	-0.053990807384253
2.0302462577820	-0.051516529172659
2.0314731597900	-0.049031510949135
2.0326998233795	-0.046538591384888
2.0339264869690	-0.044040605425835
2.0351533889771	-0.041540388017893
2.0363800525665	-0.039040729403496
2.0376067161560	-0.036544371396303
2.0388336181641	-0.034053958952427
2.0400602817535	-0.031572058796883
2.0412869453430	-0.029101144522429
2.0425136089325	-0.026643635705113
2.0437405109406	-0.024201914668083
2.0449671745300	-0.021778346970677
2.0461938381195	-0.019375275820494
2.0474207401276	-0.016994999721646
2.0486474037170	-0.014639738947153
2.0498740673065	-0.012311609461904
2.0511009693146	-0.010012594051659
2.0523276329041	-0.0077445516362786
2.0535542964935	-0.0055092386901379
2.0547809600830	-0.0033083460293710
2.0560078620911	-0.0011435248889029
2.0572345256805	0.00098360260017216
2.0584611892700	0.0030714573804289
2.0596880912781	0.0051185386255383
2.0609147548676	0.0071234619244933
2.0621414184570	0.0090849893167615
2.0633683204651	0.011002030223608
2.0645949840546	0.012873622588813
2.0658216476440	0.014698890037835
2.0670483112335	0.016477005556226
2.0682752132416	0.018207158893347
2.0695018768311	0.019888566806912
2.0707285404205	0.021520504727960
2.0719554424286	0.023102339357138
2.0731821060181	0.024633577093482
2.0744087696075	0.026113875210285
2.0756356716156	0.027543028816581
2.0768623352051	0.028920937329531
2.0780889987946	0.030247531831264
2.0793156623840	0.031522765755653
2.0805425643921	0.032746583223343
2.0817692279816	0.033918950706720
2.0829958915710	0.035039886832237
2.0842227935791	0.036109510809183
2.0854494571686	0.037128068506718
2.0866761207581	0.038095928728580
2.0879030227661	0.039013575762510
2.0891296863556	0.039881531149149
2.0903563499451	0.040700327605009
2.0915830135345	0.041470468044281
2.0928099155426	0.042192447930574
2.0940365791321	0.042866777628660
2.0952632427216	0.043494045734406
2.0964901447296	0.044074941426516
2.0977168083191	0.044610265642405
2.0989434719086	0.045100919902325
2.1001703739166	0.045547842979431
2.1013970375061	0.045951955020428
2.1026237010956	0.046314120292664
2.1038503646851	0.046635165810585
2.1050772666931	0.046915885061026
2.1063039302826	0.047157112509012
2.1075305938721	0.047359760850668
2.1087574958801	0.047524861991405
2.1099841594696	0.047653529793024
2.1112108230591	0.047746937721968
2.1124377250671	0.047806277871132
2.1136643886566	0.047832649201155
2.1148910522461	0.047827094793320
2.1161177158356	0.047790583223104
2.1173446178436	0.047724064439535
2.1185712814331	0.047628547996283
2.1197979450226	0.047505125403404
2.1210248470306	0.047354996204376
2.1222515106201	0.047179438173771
2.1234781742096	0.046979762613773
2.1247050762177	0.046757228672504
2.1259317398071	0.046513009816408
2.1271584033966	0.046248175203800
2.1283850669861	0.045963726937771
2.1296119689941	0.045660659670830
2.1308386325836	0.045340027660131
2.1320652961731	0.045002955943346
2.1332921981812	0.044650666415691
2.1345188617706	0.044284429401159
2.1357455253601	0.043905511498451
2.1369724273682	0.043515104800463
2.1381990909576	0.043114308267832
2.1394257545471	0.042704105377197
2.1406524181366	0.042285446077585
2.1418793201447	0.041859254240990
2.1431059837341	0.041426502168179
2.1443326473236	0.040988247841597
2.1455595493317	0.040545579046011
2.1467862129211	0.040099620819092
2.1480128765106	0.039651446044445
2.1492397785187	0.039202056825161
2.1504664421082	0.038752347230911
2.1516931056976	0.038303107023239
2.1529197692871	0.037855092436075
2.1541466712952	0.037409052252769
2.1553733348846	0.036965776234865
2.1565999984741	0.036526095122099
2.1578269004822	0.036090880632401
2.1590535640717	0.035660985857248
2.1602802276611	0.035237208008766
2.1615071296692	0.034820243716240
2.1627337932587	0.034410670399666
2.1639604568481	0.034008976072073
2.1651871204376	0.033615592867136
2.1664140224457	0.033230945467949
2.1676406860352	0.032855499535799
2.1688673496246	0.032489739358425
2.1700942516327	0.032134205102921
2.1713209152222	0.031789414584637
2.1725475788116	0.031455859541893
2.1737744808197	0.031133923679590
2.1750011444092	0.030823893845081
2.1762278079987	0.030525960028172
2.1774544715881	0.030240235850215
2.1786813735962	0.029966795817018
2.1799080371857	0.029705721884966
2.1811347007751	0.029457133263350
2.1823616027832	0.029221177101135
2.1835882663727	0.028998013585806
2.1848149299622	0.028787793591619
2.1860418319702	0.028590613976121
2.1872684955597	0.028406493365765
2.1884951591492	0.028235379606485
2.1897218227386	0.028077131137252
2.1909487247467	0.027931571006775
2.1921753883362	0.027798514813185
2.1934020519257	0.027677800506353
2.1946289539337	0.027569320052862
2.1958556175232	0.027472997084260
2.1970822811127	0.027388762682676
2.1983089447021	0.027316527441144
2.1995358467102	0.027256149798632
2.2007625102997	0.027207409963012
2.2019891738892	0.027170015498996
2.2032160758972	0.027143644168973
2.2044427394867	0.027127981185913
2.2056694030762	0.027122760191560
2.2068963050842	0.027127787470818
2.2081229686737	0.027142923325300
2.2093496322632	0.027168057858944
2.2105762958527	0.027203073725104
2.2118031978607	0.027247790247202
2.2130298614502	0.027301948517561
2.2142565250397	0.027365237474442
2.2154834270477	0.027437306940556
2.2167100906372	0.027517843991518
2.2179367542267	0.027606612071395
2.2191636562347	0.027703475207090
2.2203903198242	0.027808368206024
2.2216169834137	0.027921285480261
2.2228436470032	0.028042197227478
2.2240705490112	0.028171014040709
2.2252972126007	0.028307568281889
2.2265238761902	0.028451632708311
2.2277507781982	0.028602944687009
2.2289774417877	0.028761280700564
2.2302041053772	0.028926508501172
2.2314310073853	0.029098592698574
2.2326576709747	0.029277564957738
2.2338843345642	0.029463492333889
2.2351109981537	0.029656413942575
2.2363379001617	0.029856292530894
2.2375645637512	0.030063025653362
2.2387912273407	0.030276460573077
2.2400181293488	0.030496444553137
2.2412447929382	0.030722877010703
2.2424714565277	0.030955754220486
2.2436983585358	0.031195141375065
2.2449250221252	0.031441144645214
2.2461516857147	0.031693842262030
2.2473783493042	0.031953249126673
2.2486052513123	0.032219279557467
2.2498319149017	0.032491758465767
2.2510585784912	0.032770477235317
2.2522854804993	0.033055260777473
2.2535121440887	0.033345997333527
2.2547388076782	0.033642668277025
2.2559657096863	0.033945310860872
2.2571923732758	0.034253973513842
2.2584190368652	0.034568637609482
2.2596457004547	0.034889183938503
2.2608726024628	0.035215370357037
2.2620992660522	0.035546869039536
2.2633259296417	0.035883337259293
2.2645528316498	0.036224439740181
2.2657794952393	0.036569930613041
2.2670061588287	0.036919631063938
2.2682330608368	0.037273399531841
2.2694597244263	0.037631079554558
2.2706863880157	0.037992447614670
2.2719130516052	0.038357168436050
2.2731399536133	0.038724798709154
2.2743666172028	0.039094831794500
2.2755932807922	0.039466746151447
2.2768201828003	0.039840038865805
2.2780468463898	0.040214259177446
2.2792735099792	0.040589004755020
2.2805004119873	0.040963880717754
2.2817270755768	0.041338454931974
2.2829537391663	0.041712243109941
2.2841804027557	0.042084686458111
2.2854073047638	0.042455174028873
2.2866339683533	0.042823098599911
2.2878606319427	0.043187845498323
2.2890875339508	0.043548844754696
2.2903141975403	0.043905563652515
2.2915408611298	0.044257476925850
2.2927677631378	0.044604033231735
2.2939944267273	0.044944640249014
2.2952210903168	0.045278672128916
2.2964477539062	0.045605473220348
2.2976746559143	0.045924395322800
2.2989013195038	0.046234827488661
2.3001279830933	0.046536214649677
2.3013548851013	0.046828050166368
2.3025815486908	0.047109853476286
2.3038082122803	0.047381140291691
2.3050351142883	0.047641381621361
2.3062617778778	0.047890029847622
2.3074884414673	0.048126522451639
2.3087151050568	0.048350300639868
2.3099420070648	0.048560865223408
2.3111686706543	0.048757784068584
2.3123953342438	0.048940699547529
2.3136222362518	0.049109298735857
2.3148488998413	0.049263298511505
2.3160755634308	0.049402412027121
2.3173024654388	0.049526344984770
2.3185291290283	0.049634791910648
2.3197557926178	0.049727465957403
2.3209824562073	0.049804128706455
2.3222093582153	0.049864593893290
2.3234360218048	0.049908742308617
2.3246626853943	0.049936499446630
2.3258895874023	0.049947809427977
2.3271162509918	0.049942631274462
2.3283429145813	0.049920909106731
2.3295698165894	0.049882598221302
2.3307964801788	0.049827687442303
2.3320231437683	0.049756195396185
2.3332498073578	0.049668200314045
2.3344767093658	0.049563862383366
2.3357033729553	0.049443375319242
2.3369300365448	0.049306944012642
2.3381569385529	0.049154780805111
2.3393836021423	0.048987064510584
2.3406102657318	0.048803973942995
2.3418371677399	0.048605699092150
2.3430638313293	0.048392456024885
2.3442904949188	0.048164509236813
2.3455171585083	0.047922186553478
2.3467440605164	0.047665841877460
2.3479707241058	0.047395870089531
2.3491973876953	0.047112628817558
2.3504242897034	0.046816445887089
2.3516509532928	0.046507634222507
2.3528776168823	0.046186476945877
2.3541045188904	0.045853279531002
2.3553311824799	0.045508369803429
2.3565578460693	0.045152112841606
2.3577845096588	0.044784922152758
2.3590114116669	0.044407214969397
2.3602380752563	0.044019386172295
2.3614647388458	0.043621826916933
2.3626916408539	0.043214891105890
2.3639183044434	0.042798906564713
2.3651449680328	0.042374201118946
2.3663718700409	0.041941113770008
2.3675985336304	0.041499998420477
2.3688251972198	0.041051208972931
2.3700518608093	0.040595095604658
2.3712787628174	0.040131978690624
2.3725054264069	0.039662167429924
2.3737320899963	0.039185922592878
2.3749589920044	0.038703519850969
2.3761856555939	0.038215234875679
2.3774123191833	0.037721388041973
2.3786392211914	0.037222325801849
2.3798658847809	0.036718398332596
2.3810925483704	0.036209926009178
2.3823192119598	0.035697195678949
2.3835461139679	0.035180434584618
2.3847727775574	0.034659825265408
2.3859994411469	0.034135527908802
2.3872263431549	0.033607725054026
2.3884530067444	0.033076651394367
2.3896796703339	0.032542590051889
2.3909063339233	0.032005876302719
2.3921332359314	0.031466849148273
2.3933598995209	0.030925802886486
2.3945865631104	0.030382979661226
2.3958134651184	0.029838547110558
2.3970401287079	0.029292618855834
2.3982667922974	0.028745310381055
2.3994936943054	0.028196763247252
2.4007203578949	0.027647191658616
2.4019470214844	0.027096863836050
2.4031736850739	0.026546090841293
2.4044005870819	0.025995183736086
2.4056272506714	0.025444421917200
2.4068539142609	0.024894019588828
2.4080808162689	0.024344151839614
2.4093074798584	0.023794962093234
2.4105341434479	0.023246612399817
2.4117610454559	0.022699300199747
2.4129877090454	0.022153273224831
2.4142143726349	0.021608805283904
2.4154410362244	0.021066162735224
2.4166679382324	0.020525591447949
2.4178946018219	0.019987277686596
2.4191212654114	0.019451376050711
2.4203481674194	0.018918024376035
2.4215748310089	0.018387386575341
2.4228014945984	0.017859669402242
2.4240283966064	0.017335141077638
2.4252550601959	0.016814095899463
2.4264817237854	0.016296824440360
2.4277083873749	0.015783568844199
2.4289352893829	0.015274493023753
2.4301619529724	0.014769695699215
2.4313886165619	0.014269241131842
2.4326155185699	0.013773204758763
2.4338421821594	0.013281720690429
2.4350688457489	0.012794991955161
2.4362957477570	0.012313293293118
2.4375224113464	0.011836915276945
2.4387490749359	0.011366117745638
2.4399757385254	0.010901081375778
2.4412026405334	0.010441891849041
2.4424293041229	0.0099885566160083
2.4436559677124	0.0095410514622927
2.4448828697205	0.0090993791818619
2.4461095333099	0.0086636114865541
2.4473361968994	0.0082339011132717
2.4485630989075	0.0078104566782713
2.4497897624969	0.0073934965766966
2.4510164260864	0.0069831889122725
2.4522430896759	0.0065796193666756
2.4534699916840	0.0061827851459384
2.4546966552734	0.0057926210574806
2.4559233188629	0.0054090516641736
2.4571502208710	0.0050320415757596
2.4583768844604	0.0046616252511740
2.4596035480499	0.0042979093268514
2.4608304500580	0.0039410446770489
2.4620571136475	0.0035911754239351
2.4632837772369	0.0032483963295817
2.4645104408264	0.0029127297457308
2.4657373428345	0.0025841293390840
2.4669640064240	0.0022625131532550
2.4681906700134	0.0019478034228086
2.4694175720215	0.0016399624291807
2.4706442356110	0.0013390055391937
2.4718708992004	0.0010449923574924
2.4730978012085	0.00075799744809046
2.4743244647980	0.00047807907685637
2.4755511283875	0.00020525786385406
2.4767777919769	-6.0484489949886e-05
2.4780046939850	-0.00031918726745062
2.4792313575745	-0.00057088374160230
2.4804580211639	-0.00081557803787291
2.4816849231720	-0.0010532373562455
2.4829115867615	-0.0012838027905673
2.4841382503510	-0.0015072148526087
2.4853651523590	-0.0017234412953258
2.4865918159485	-0.0019324920140207
2.4878184795380	-0.0021344134584069
2.4890451431274	-0.0023292629048228
2.4902720451355	-0.0025170743465424
2.4914987087250	-0.0026978293899447
2.4927253723145	-0.0028714460786432
2.4939522743225	-0.0030377954244614
2.4951789379120	-0.0031967367976904
2.4964056015015	-0.0033481610007584
2.4976325035095	-0.0034920237958431
2.4988591670990	-0.0036283507943153
2.5000858306885	-0.0037572202272713
2.5013124942780	-0.0038787177763879
2.5025393962860	-0.0039928900077939
2.5037660598755	-0.0040997108444571
2.5049927234650	-0.0041990736499429
2.5062196254730	-0.0042908163741231
2.5074462890625	-0.0043747648596764
2.5086729526520	-0.0044507845304906
2.5098998546600	-0.0045188167132437
2.5111265182495	-0.0045788865536451
2.5123531818390	-0.0046310825273395
2.5135798454285	-0.0046755103394389
2.5148067474365	-0.0047122477553785
2.5160334110260	-0.0047413087449968
2.5172600746155	-0.0047626351006329
2.5184869766235	-0.0047761178575456
2.5197136402130	-0.0047816331498325
2.5209403038025	-0.0047790864482522
2.5221672058105	-0.0047684437595308
2.5233938694000	-0.0047497404739261
2.5246205329895	-0.0047230650670826
2.5258471965790	-0.0046885279007256
2.5270740985870	-0.0046462281607091
2.5283007621765	-0.0045962319709361
2.5295274257660	-0.0045385705307126
2.5307543277740	-0.0044732596725225
2.5319809913635	-0.0044003259390593
2.5332076549530	-0.0043198321945965
2.5344345569611	-0.0042318915948272
2.5356612205505	-0.0041366601362824
2.5368878841400	-0.0040343170985579
2.5381145477295	-0.0039250347763300
2.5393414497375	-0.0038089591544122
2.5405681133270	-0.0036862043198198
2.5417947769165	-0.0035568608436733
2.5430216789246	-0.0034210267476737
2.5442483425140	-0.0032788347452879
2.5454750061035	-0.0031304783187807
2.5467019081116	-0.0029762154445052
2.5479285717010	-0.0028163543902338
2.5491552352905	-0.0026512225158513
2.5503818988800	-0.0024811353068799
2.5516088008881	-0.0023063695989549
2.5528354644775	-0.0021271607838571
2.5540621280670	-0.0019437160808593
2.5552890300751	-0.0017562452703714
2.5565156936646	-0.0015649921260774
2.5577423572540	-0.0013702603755519
2.5589692592621	-0.0011724161449820
2.5601959228516	-0.00097187270876020
2.5614225864410	-0.00076905946480110
2.5626492500305	-0.00056438863975927
2.5638761520386	-0.00035823116195388
2.5651028156281	-0.00015091180102900
2.5663294792175	5.7274646678707e-05
2.5675563812256	0.00026603235164657
2.5687830448151	0.00047503193491139
2.5700097084045	0.00068388978252187
2.5712366104126	0.00089216744527221
2.5724632740021	0.0010993907926604
2.5736899375916	0.0013050830457360
2.5749166011810	0.0015087984502316
2.5761435031891	0.0017101435223594
2.5773701667786	0.0019087772816420
2.5785968303680	0.0021043913438916
2.5798237323761	0.0022966784890741
2.5810503959656	0.0024852997157723
2.5822770595551	0.0026698671281338
2.5835039615631	0.0028499462641776
2.5847306251526	0.0030250831041485
2.5859572887421	0.0031948401592672
2.5871839523315	0.0033588327933103
2.5884108543396	0.0035167471505702
2.5896375179291	0.0036683375947177
2.5908641815186	0.0038133990019560
2.5920910835266	0.0039517283439636
2.5933177471161	0.0040830923244357
2.5945444107056	0.0042072082869709
2.5957710742950	0.0043237516656518
2.5969979763031	0.0044323867186904
2.5982246398926	0.0045328042469919
2.5994513034821	0.0046247607097030
2.6006782054901	0.0047080935910344
2.6019048690796	0.0047827172093093
2.6031315326691	0.0048485938459635
2.6043584346771	0.0049056950956583
2.6055850982666	0.0049539729952812
2.6068117618561	0.0049933432601392
2.6080384254456	0.0050236992537975
2.6092653274536	0.0050449320115149
2.6104919910431	0.0050569670274854
2.6117186546326	0.0050597880035639
2.6129455566406	0.0050534526817501
2.6141722202301	0.0050380779430270
2.6153988838196	0.0050138174556196
2.6166257858276	0.0049808323383331
2.6178524494171	0.0049392669461668
2.6190791130066	0.0048892460763454
2.6203057765961	0.0048308828845620
2.6215326786041	0.0047643054276705
2.6227593421936	0.0046896808780730
2.6239860057831	0.0046072304248810
2.6252129077911	0.0045172264799476
2.6264395713806	0.0044199828989804
2.6276662349701	0.0043158279731870
2.6288931369781	0.0042050867341459
2.6301198005676	0.0040880711749196
2.6313464641571	0.0039650825783610
2.6325731277466	0.0038364247884601
2.6338000297546	0.0037024253979325
2.6350266933441	0.0035634441301227
2.6362533569336	0.0034198814537376
2.6374802589417	0.0032721674069762
2.6387069225311	0.0031207466963679
2.6399335861206	0.0029660593718290
2.6411604881287	0.0028085305821151
2.6423871517181	0.0026485675480217
2.6436138153076	0.0024865653831512
2.6448404788971	0.0023229168727994
2.6460673809052	0.0021580227185041
2.6472940444946	0.0019922950305045
2.6485207080841	0.0018261540681124
2.6497476100922	0.0016600243980065
2.6509742736816	0.0014943294227123
2.6522009372711	0.0013294883538038
2.6534278392792	0.0011659185402095
2.6546545028687	0.0010040377965197
2.6558811664581	0.00084426684770733
2.6571078300476	0.00068702519638464
2.6583347320557	0.00053272326476872
2.6595613956451	0.00038175020017661
2.6607880592346	0.00023446336854249
2.6620149612427	9.1184054326732e-05
2.6632416248322	-4.7797428123886e-05
2.6644682884216	-0.00018220956553705
2.6656951904297	-0.00031178581411950
2.6669218540192	-0.00043625562102534
2.6681485176086	-0.00055534573039040
2.6693751811981	-0.00066879129735753
2.6706020832062	-0.00077635201159865
2.6718287467957	-0.00087782606715336
2.6730554103851	-0.00097305397503078
2.6742823123932	-0.0010619095992297
2.6755089759827	-0.0011442825198174
2.6767356395721	-0.0012200581841171
2.6779625415802	-0.0012891092337668
2.6791892051697	-0.0013513007434085
2.6804158687592	-0.0014065118739381
2.6816425323486	-0.0014546660240740
2.6828694343567	-0.0014957548119128
2.6840960979462	-0.0015298466896638
2.6853227615356	-0.0015570735558867
2.6865496635437	-0.0015775975771248
2.6877763271332	-0.0015915712574497
2.6890029907227	-0.0015991060063243
2.6902298927307	-0.0016002643387765
2.6914565563202	-0.0015950801316649
2.6926832199097	-0.0015836008824408
2.6939098834991	-0.0015659357886761
2.6951367855072	-0.0015422895085067
2.6963634490967	-0.0015129678649828
2.6975901126862	-0.0014783487422392
2.6988170146942	-0.0014388300478458
2.7000436782837	-0.0013947740662843
2.7012703418732	-0.0013464693911374
2.7024972438812	-0.0012941277818754
2.7037239074707	-0.0012379155959934
2.7049505710602	-0.0011780101340264
2.7061772346497	-0.0011146555189043
2.7074041366577	-0.0010481951758265
2.7086308002472	-0.00097906694281846
2.7098574638367	-0.00090776348952204
2.7110843658447	-0.00083477213047445
2.7123110294342	-0.00076051818905398
2.7135376930237	-0.00068533682497218
2.7147645950317	-0.00060948252212256
2.7159912586212	-0.00053317425772548
2.7172179222107	-0.00045665563084185
2.7184445858002	-0.00038024332025088
2.7196714878082	-0.00030434393556789
2.7208981513977	-0.00022943009389564
2.7221248149872	-0.00015598487516399
2.7233517169952	-8.4437546320260e-05
2.7245783805847	-1.5116751455935e-05
2.7258050441742	5.1759234338533e-05
2.7270319461823	0.00011605152394623
2.7282586097717	0.00017764276708476
2.7294852733612	0.00023637671256438
2.7307119369507	0.00029202105361037
2.7319388389587	0.00034426874481142
2.7331655025482	0.00039277717587538
2.7343921661377	0.00043722847476602
2.7356190681458	0.00047738506691530
2.7368457317352	0.00051311787683517
2.7380723953247	0.00054439401719719
2.7392992973328	0.00057123135775328
2.7405259609222	0.00059363880427554
2.7417526245117	0.00061156862648204
2.7429792881012	0.00062490231357515
2.7442061901093	0.00063347618561238
2.7454328536987	0.00063713552663103
2.7466595172882	0.00063579366542399
2.7478864192963	0.00062947074184194
2.7491130828857	0.00061829399783164
2.7503397464752	0.00060245872009546
2.7515666484833	0.00058216572506353
2.7527933120728	0.00055756088113412
2.7540199756622	0.00052870123181492
2.7552466392517	0.00049556203885004
2.7564735412598	0.00045808032155037
2.7577002048492	0.00041621786658652
2.7589268684387	0.00037001585587859
2.7601537704468	0.00031961948843673
2.7613804340363	0.00026526188594289
2.7626070976257	0.00020721447071992
2.7638339996338	0.00014572410145774
2.7650606632233	8.0963145592250e-05
2.7662873268127	1.3011240298511e-05
2.7675139904022	-5.8125624491367e-05
2.7687408924103	-0.00013246838352643
2.7699675559998	-0.00021001181448810
2.7711942195892	-0.00029068766161799
2.7724211215973	-0.00037435922422446
2.7736477851868	-0.00046084882342257
2.7748744487762	-0.00054998649284244
2.7761013507843	-0.00064165808726102
2.7773280143738	-0.00073583447374403
2.7785546779633	-0.00083256966900080
2.7797813415527	-0.00093197199748829
2.7810082435608	-0.0010341613087803
2.7822349071503	-0.0011392296291888
2.7834615707397	-0.0012472246307880
2.7846884727478	-0.0013581576058641
2.7859151363373	-0.0014720328617841
2.7871417999268	-0.0015888828784227
2.7883684635162	-0.0017087946180254
2.7895953655243	-0.0018319156952202
2.7908220291138	-0.0019584395922720
2.7920486927032	-0.0020885788835585
2.7932755947113	-0.0022225405555218
2.7945022583008	-0.0023605164606124
2.7957289218903	-0.0025026884395629
2.7969558238983	-0.0026492476463318
2.7981824874878	-0.0028004145715386
2.7994091510773	-0.0029564485885203
2.8006358146667	-0.0031176377087831
2.8018627166748	-0.0032842783257365
2.8030893802643	-0.0034566447138786
2.8043160438538	-0.0036349711008370
2.8055429458618	-0.0038194474764168
2.8067696094513	-0.0040102377533913
2.8079962730408	-0.0042075095698237
2.8092231750488	-0.0044114626944065
2.8104498386383	-0.0046223429962993
2.8116765022278	-0.0048404340632260
2.8129031658173	-0.0050660250708461
2.8141300678253	-0.0052993721328676
2.8153567314148	-0.0055406652390957
2.8165833950043	-0.0057900142855942
2.8178102970123	-0.0060474625788629
2.8190369606018	-0.0063130194321275
2.8202636241913	-0.0065866932272911
2.8214905261993	-0.0068685184232891
2.8227171897888	-0.0071585560217500
2.8239438533783	-0.0074568656273186
2.8251705169678	-0.0077634742483497
2.8263974189758	-0.0080783311277628
2.8276240825653	-0.0084012933075428
2.8288507461548	-0.0087321298196912
2.8300776481628	-0.0090705556795001
2.8313043117523	-0.0094162728637457
2.8325309753418	-0.0097690075635910
2.8337578773499	-0.010128520429134
2.8349845409393	-0.010494587942958
2.8362112045288	-0.010866958647966
2.8374378681183	-0.011245309375226
2.8386647701263	-0.011629210785031
2.8398914337158	-0.012018118053675
2.8411180973053	-0.012411402538419
2.8423449993134	-0.012808395549655
2.8435716629028	-0.013208437711000
2.8447983264923	-0.013610918074846
2.8460252285004	-0.014015270397067
2.8472518920898	-0.014420956373215
2.8484785556793	-0.014827416278422
2.8497052192688	-0.015234032645822
2.8509321212769	-0.015640094876289
2.8521587848663	-0.016044810414314
2.8533854484558	-0.016447335481644
2.8546123504639	-0.016846809536219
2.8558390140533	-0.017242405563593
2.8570656776428	-0.017633346840739
2.8582925796509	-0.018018906936049
2.8595192432404	-0.018398381769657
2.8607459068298	-0.018771056085825
2.8619725704193	-0.019136184826493
2.8631994724274	-0.019492981955409
2.8644261360168	-0.019840637221932
2.8656527996063	-0.020178342238069
2.8668797016144	-0.020505331456661
2.8681063652039	-0.020820897072554
2.8693330287933	-0.021124398335814
2.8705599308014	-0.021415241062641
2.8717865943909	-0.021692857146263
2.8730132579803	-0.021956680342555
2.8742399215698	-0.022206123918295
2.8754668235779	-0.022440597414970
2.8766934871674	-0.022659525275230
2.8779201507568	-0.022862378507853
2.8791470527649	-0.023048706352711
2.8803737163544	-0.023218132555485
2.8816003799438	-0.023370370268822
2.8828272819519	-0.023505184799433
2.8840539455414	-0.023622382432222
2.8852806091309	-0.023721791803837
2.8865072727203	-0.023803239688277
2.8877341747284	-0.023866580799222
2.8889608383179	-0.023911695927382
2.8901875019073	-0.023938525468111
2.8914144039154	-0.023947082459927
2.8926410675049	-0.023937465623021
2.8938677310944	-0.023909838870168
2.8950946331024	-0.023864436894655
2.8963212966919	-0.023801526054740
2.8975479602814	-0.023721393197775
2.8987746238708	-0.023624345660210
2.9000015258789	-0.023510696366429
2.9012281894684	-0.023380782455206
2.9024548530579	-0.023234980180860
2.9036817550659	-0.023073714226484
2.9049084186554	-0.022897463291883
2.9061350822449	-0.022706782445312
2.9073619842529	-0.022502278909087
2.9085886478424	-0.022284606471658
2.9098153114319	-0.022054443135858
2.9110419750214	-0.021812470629811
2.9122688770294	-0.021559359505773
2.9134955406189	-0.021295765414834
2.9147222042084	-0.021022338420153
2.9159491062164	-0.020739737898111
2.9171757698059	-0.020448653027415
2.9184024333954	-0.020149823278189
2.9196293354034	-0.019844043999910
2.9208559989929	-0.019532149657607
2.9220826625824	-0.019214980304241
2.9233093261719	-0.018893353641033
2.9245362281799	-0.018568031489849
2.9257628917694	-0.018239703029394
2.9269895553589	-0.017908995971084
2.9282164573669	-0.017576498910785
2.9294431209564	-0.017242813482881
2.9306697845459	-0.016908580437303
2.9318966865540	-0.016574501991272
2.9331233501434	-0.016241330653429
2.9343500137329	-0.015909830108285
2.9355766773224	-0.015580721199512
2.9368035793304	-0.015254639089108
2.9380302429199	-0.014932107180357
2.9392569065094	-0.014613538980484
2.9404838085175	-0.014299278147519
2.9417104721069	-0.013989653438330
2.9429371356964	-0.013685035519302
2.9441640377045	-0.013385855592787
2.9453907012939	-0.013092589564621
2.9466173648834	-0.012805724516511
2.9478440284729	-0.012525684200227
2.9490709304810	-0.012252780608833
2.9502975940704	-0.011987189762294
2.9515242576599	-0.011728964745998
2.9527511596680	-0.011478086002171
2.9539778232574	-0.011234525591135
2.9552044868469	-0.010998303070664
2.9564313888550	-0.010769509710371
2.9576580524445	-0.010548288002610
2.9588847160339	-0.010334781371057
2.9601113796234	-0.010129068046808
2.9613382816315	-0.0099311126396060
2.9625649452209	-0.0097407493740320
2.9637916088104	-0.0095577053725719
2.9650185108185	-0.0093816556036472
2.9662451744080	-0.0092122871428728
2.9674718379974	-0.0090493466705084
2.9686987400055	-0.0088926544412971
2.9699254035950	-0.0087420707568526
2.9711520671844	-0.0085974484682083
2.9723787307739	-0.0084585715085268
2.9736056327820	-0.0083251195028424
2.9748322963715	-0.0081966640427709
2.9760589599609	-0.0080727133899927
2.9772858619690	-0.0079527702182531
2.9785125255585	-0.0078363912180066
2.9797391891479	-0.0077232187613845
2.9809660911560	-0.0076129753142595
2.9821927547455	-0.0075054191984236
2.9834194183350	-0.0074002882465720
2.9846460819244	-0.0072972495108843
2.9858729839325	-0.0071958750486374
2.9870996475220	-0.0070956568233669
2.9883263111115	-0.0069960565306246
2.9895532131195	-0.0068965647369623
2.9907798767090	-0.0067967507056892
2.9920065402985	-0.0066962814889848
2.9932332038879	-0.0065949074923992
2.9944601058960	-0.0064924168400466
2.9956867694855	-0.0063885841518641
2.9969134330750	-0.0062831323593855
2.9981403350830	-0.0061757233925164
2.9993669986725	-0.0060659842565656
3.0005936622620	-0.0059535489417613
3.0018205642700	-0.0058381059207022
3.0030472278595	-0.0057194316759706
3.0042738914490	-0.0055973911657929
3.0055005550385	-0.0054719117470086
3.0067274570465	-0.0053429384715855
3.0079541206360	-0.0052103959023952
3.0091807842255	-0.0050741694867611
3.0104076862335	-0.0049341106787324
3.0116343498230	-0.0047900658100843
3.0128610134125	-0.0046419235877693
3.0140879154205	-0.0044896439649165
3.0153145790100	-0.0043332721106708
3.0165412425995	-0.0041729272343218
3.0177679061890	-0.0040087695233524
3.0189948081970	-0.0038409640546888
3.0202214717865	-0.0036696535535157
3.0214481353760	-0.0034949546679854
3.0226750373840	-0.0033169763628393
3.0239017009735	-0.0031358515843749
3.0251283645630	-0.0029517661314458
3.0263552665710	-0.0027649779804051
3.0275819301605	-0.0025758116971701
3.0288085937500	-0.0023846351541579
3.0300352573395	-0.0021918239071965
3.0312621593475	-0.0019977311603725
3.0324888229370	-0.0018026737961918
3.0337154865265	-0.0016069386620075
3.0349423885345	-0.0014108075993136
3.0361690521240	-0.0012145909713581
3.0373957157135	-0.0010186538565904
3.0386226177216	-0.00082342710811645
3.0398492813110	-0.00062939734198153
3.0410759449005	-0.00043707969598472
3.0423026084900	-0.00024698430206627
3.0435295104980	-5.9587931900751e-05
3.0447561740875	0.00012467987835407
3.0459828376770	0.00030543253524229
3.0472097396851	0.00048230696120299
3.0484364032745	0.00065493804868311
3.0496630668640	0.00082293630111963
3.0508899688721	0.00098587747197598
3.0521166324615	0.0011433067265898
3.0533432960510	0.0012947540963069
3.0545699596405	0.0014397555496544
3.0557968616486	0.0015778740635142
3.0570235252380	0.0017087120795622
3.0582501888275	0.0018319146474823
3.0594770908356	0.0019471629057080
3.0607037544250	0.0020541625563055
3.0619304180145	0.0021526294294745
3.0631573200226	0.0022422785405070
3.0643839836121	0.0023228190839291
3.0656106472015	0.0023939572274685
3.0668373107910	0.0024554063566029
3.0680642127991	0.0025069043040276
3.0692908763885	0.0025482284836471
3.0705175399780	0.0025792091619223
3.0717444419861	0.0025997338816524
3.0729711055756	0.0026097407098860
3.0741977691650	0.0026092019397765
3.0754246711731	0.0025981049984694
3.0766513347626	0.0025764328893274
3.0778779983521	0.0025441537145525
3.0791046619415	0.0025012223049998
3.0803315639496	0.0024475953541696
3.0815582275391	0.0023832572624087
3.0827848911285	0.0023082436528057
3.0840117931366	0.0022226613946259
3.0852384567261	0.0021266893018037
3.0864651203156	0.0020205653272569
3.0876920223236	0.0019045582739636
3.0889186859131	0.0017789364792407
3.0901453495026	0.0016439411556348
3.0913720130920	0.0014997782418504
3.0925989151001	0.0013466281816363
3.0938255786896	0.0011846732813865
3.0950522422791	0.0010141307720914
3.0962791442871	0.00083527888637036
3.0975058078766	0.00064846739405766
3.0987324714661	0.00045410619350150
3.0999593734741	0.00025263678980991
3.1011860370636	4.4497981434688e-05
3.1024127006531	-0.00016990285075735
3.1036393642426	-0.00039020180702209
3.1048662662506	-0.00061606988310814
3.1060929298401	-0.00084718840662390
3.1073195934296	-0.0010832180269063
3.1085464954376	-0.0013237752718851
3.1097731590271	-0.0015684255631641
3.1109998226166	-0.0018166956724599
3.1122267246246	-0.0020681021269411
3.1134533882141	-0.0023221834562719
3.1146800518036	-0.0025785241741687
3.1159067153931	-0.0028367605991662
3.1171336174011	-0.0030965670011938
3.1183602809906	-0.0033576311543584
3.1195869445801	-0.0036196233704686
3.1208138465881	-0.0038821788039058
3.1220405101776	-0.0041448948904872
3.1232671737671	-0.0044073462486267
3.1244940757751	-0.0046691116876900
3.1257207393646	-0.0049297991208732
3.1269474029541	-0.0051890593022108
3.1281740665436	-0.0054465858265758
3.1294009685516	-0.0057021020911634
3.1306276321411	-0.0059553384780884
3.1318542957306	-0.0062060179188848
3.1330811977386	-0.0064538489095867
3.1343078613281	-0.0066985334269702
3.1355345249176	-0.0069397841580212
3.1367614269257	-0.0071773403324187
3.1379880905151	-0.0074109784327447
3.1392147541046	-0.0076405089348555
3.1404414176941	-0.0078657576814294
3.1416683197021	-0.0080865491181612
3.1428949832916	-0.0083026885986328
3.1441216468811	-0.0085139563307166
3.1453485488892	-0.0087201176211238
3.1465752124786	-0.0089209405705333
3.1478018760681	-0.0091162202879786
3.1490287780762	-0.0093057928606868
3.1502554416656	-0.0094895390793681
3.1514821052551	-0.0096673779189587
3.1527087688446	-0.0098392404615879
3.1539356708527	-0.010005052201450
3.1551623344421	-0.010164711624384
3.1563889980316	-0.010318093001842
3.1576159000397	-0.010465047322214
3.1588425636292	-0.010605422779918
3.1600692272186	-0.010739084333181
3.1612961292267	-0.010865923017263
3.1625227928162	-0.010985854081810
3.1637494564056	-0.011098807677627
3.1649761199951	-0.011204718612134
3.1662030220032	-0.011303517967463
3.1674296855927	-0.011395128443837
3.1686563491821	-0.011479468084872
3.1698832511902	-0.011556465178728
3.1711099147797	-0.011626062914729
3.1723365783691	-0.011688225902617
3.1735634803772	-0.011742928996682
3.1747901439667	-0.011790146119893
3.1760168075562	-0.011829831637442
3.1772434711456	-0.011861914768815
3.1784703731537	-0.011886301450431
3.1796970367432	-0.011902896687388
3.1809237003326	-0.011911619454622
3.1821506023407	-0.011912427842617
3.1833772659302	-0.011905322782695
3.1846039295197	-0.011890342459083
3.1858305931091	-0.011867539025843
3.1870574951172	-0.011836954392493
3.1882841587067	-0.011798596940935
3.1895108222961	-0.011752438731492
3.1907377243042	-0.011698426678777
3.1919643878937	-0.011636510491371
3.1931910514832	-0.011566673405468
3.1944179534912	-0.011488959193230
3.1956446170807	-0.011403468437493
3.1968712806702	-0.011310343630612
3.1980979442596	-0.011209739372134
3.1993248462677	-0.011101786978543
3.2005515098572	-0.010986578650773
3.2017781734467	-0.010864160023630
3.2030050754547	-0.010734553448856
3.2042317390442	-0.010597796179354
3.2054584026337	-0.010453966446221
3.2066853046417	-0.010303209535778
3.2079119682312	-0.010145732201636
3.2091386318207	-0.0099817868322134
3.2103652954102	-0.0098116351291537
3.2115921974182	-0.0096355155110359
3.2128188610077	-0.0094536300748587
3.2140455245972	-0.0092661436647177
3.2152724266052	-0.0090732071548700
3.2164990901947	-0.0088749891147017
3.2177257537842	-0.0086717065423727
3.2189526557922	-0.0084636323153973
3.2201793193817	-0.0082510877400637
3.2214059829712	-0.0080344220623374
3.2226326465607	-0.0078139770776033
3.2238595485687	-0.0075900615192950
3.2250862121582	-0.0073629477992654
3.2263128757477	-0.0071328803896904
3.2275397777557	-0.0069001023657620
3.2287664413452	-0.0066648824140429
3.2299931049347	-0.0064275357872248
3.2312200069427	-0.0061884210444987
3.2324466705322	-0.0059479228220880
3.2336733341217	-0.0057064206339419
3.2348999977112	-0.0054642581380904
3.2361268997192	-0.0052217282354832
3.2373535633087	-0.0049790795892477
3.2385802268982	-0.0047365422360599
3.2398071289062	-0.0044943634420633
3.2410337924957	-0.0042528347112238
3.2422604560852	-0.0040123062208295
3.2434873580933	-0.0037731691263616
3.2447140216827	-0.0035358231980354
3.2459406852722	-0.0033006323501468
3.2471673488617	-0.0030678890179843
3.2483942508698	-0.0028378032147884
3.2496209144592	-0.0026105162687600
3.2508475780487	-0.0023861371446401
3.2520744800568	-0.0021647880785167
3.2533011436462	-0.0019466390367597
3.2545278072357	-0.0017319225007668
3.2557547092438	-0.0015209192642942
3.2569813728333	-0.0013139218790457
3.2582080364227	-0.0011111901840195
3.2594347000122	-0.00091291440185159
3.2606616020203	-0.00071919936453924
3.2618882656097	-0.00053007504902780
3.2631149291992	-0.00034552707802504
3.2643418312073	-0.00016553507884964
3.2655684947968	9.8948985396419e-06
3.2667951583862	0.00018071630620398
3.2680220603943	0.00034685057471506
3.2692487239838	0.00050821277545765
3.2704753875732	0.00066474365303293
3.2717020511627	0.00081643479643390
3.2729289531708	0.00096333690453321
3.2741556167603	0.0011055498616770
3.2753822803497	0.0012431987561285
3.2766091823578	0.0013764058239758
3.2778358459473	0.0015052711823955
3.2790625095367	0.0016298679402098
3.2802894115448	0.0017502552364022
3.2815160751343	0.0018665010575205
3.2827427387238	0.0019787061028183
3.2839694023132	0.0020870177540928
3.2851963043213	0.0021916287951171
3.2864229679108	0.0022927622776479
3.2876496315002	0.0023906463757157
3.2888765335083	0.0024854906369001
3.2901031970978	0.0025774696841836
3.2913298606873	0.0026667257770896
3.2925567626953	0.0027533832471818
3.2937834262848	0.0028375708498061
3.2950100898743	0.0029194455128163
3.2962367534637	0.0029992032796144
3.2974636554718	0.0030770786106586
3.2986903190613	0.0031533287838101
3.2999169826508	0.0032282108440995
3.3011438846588	0.0033019562251866
3.3023705482483	0.0033747544512153
3.3035972118378	0.0034467489458621
3.3048241138458	0.0035180440172553
3.3060507774353	0.0035887244157493
3.3072774410248	0.0036588730290532
3.3085041046143	0.0037285906728357
3.3097310066223	0.0037980074994266
3.3109576702118	0.0038672820664942
3.3121843338013	0.0039365929551423
3.3134112358093	0.0040061213076115
3.3146378993988	0.0040760342963040
3.3158645629883	0.0041464660316706
3.3170914649963	0.0042175082489848
3.3183181285858	0.0042892065830529
3.3195447921753	0.0043615726754069
3.3207714557648	0.0044345972128212
3.3219983577728	0.0045082690194249
3.3232250213623	0.0045825894922018
3.3244516849518	0.0046575795859098
3.3256785869598	0.0047332732938230
3.3269052505493	0.0048097106628120
3.3281319141388	0.0048869154416025
3.3293588161469	0.0049648797139525
3.3305854797363	0.0050435536541045
3.3318121433258	0.0051228501833975
3.3330388069153	0.0052026603370905
3.3342657089233	0.0052828714251518
3.3354923725128	0.0053633912466466
3.3367190361023	0.0054441550746560
3.3379459381104	0.0055251242592931
3.3391726016998	0.0056062662042677
3.3403992652893	0.0056875287555158
3.3416261672974	0.0057688178494573
3.3428528308868	0.0058499826118350
3.3440794944763	0.0059308204799891
3.3453061580658	0.0060111056081951
3.3465330600739	0.0060906177386642
3.3477597236633	0.0061691799201071
3.3489863872528	0.0062466748058796
3.3502132892609	0.0063230395317078
3.3514399528503	0.0063982396386564
3.3526666164398	0.0064722285605967
3.3538935184479	0.0065449085086584
3.3551201820374	0.0066161085851490
3.3563468456268	0.0066855903714895
3.3575735092163	0.0067530777305365
3.3588004112244	0.0068183033727109
3.3600270748138	0.0068810535594821
3.3612537384033	0.0069411937147379
3.3624806404114	0.0069986660964787
3.3637073040009	0.0070534613914788
3.3649339675903	0.0071055684238672
3.3661608695984	0.0071549336425960
3.3673875331879	0.0072014266625047
3.3686141967773	0.0072448486462235
3.3698408603668	0.0072849607095122
3.3710677623749	0.0073215281590819
3.3722944259644	0.0073543731123209
3.3735210895538	0.0073834001086652
3.3747479915619	0.0074085937812924
3.3759746551514	0.0074299923144281
3.3772013187408	0.0074476427398622
3.3784282207489	0.0074615534394979
3.3796548843384	0.0074716731905937
3.3808815479279	0.0074778925627470
3.3821082115173	0.0074800718575716
3.3833351135254	0.0074780797585845
3.3845617771149	0.0074718380346894
3.3857884407043	0.0074613345786929
3.3870153427124	0.0074466196820140
3.3882420063019	0.0074277808889747
3.3894686698914	0.0074049043469131
3.3906953334808	0.0073780482634902
3.3919222354889	0.0073472242802382
3.3931488990784	0.0073124114423990
3.3943755626678	0.0072735808789730
3.3956024646759	0.0072307293303311
3.3968291282654	0.0071839075535536
3.3980557918549	0.0071332221850753
3.3992826938629	0.0070788264274597
3.4005093574524	0.0070208837278187
3.4017360210419	0.0069595430977643
3.4029626846313	0.0068949116393924
3.4041895866394	0.0068270564079285
3.4054162502289	0.0067560188472271
3.4066429138184	0.0066818376071751
3.4078698158264	0.0066045867279172
3.4090964794159	0.0065243858844042
3.4103231430054	0.0064414031803608
3.4115500450134	0.0063558397814631
3.4127767086029	0.0062679043039680
3.4140033721924	0.0061777909286320
3.4152300357819	0.0060856649652123
3.4164569377899	0.0059916637837887
3.4176836013794	0.0058959084562957
3.4189102649689	0.0057985261082649
3.4201371669769	0.0056996610946953
3.4213638305664	0.0055994847789407
3.4225904941559	0.0054981862194836
3.4238173961639	0.0053959600627422
3.4250440597534	0.0052929902449250
3.4262707233429	0.0051894388161600
3.4274973869324	0.0050854436121881
3.4287242889404	0.0049811284989119
3.4299509525299	0.0048766103573143
3.4311776161194	0.0047720177099109
3.4324045181274	0.0046674972400069
3.4336311817169	0.0045632161200047
3.4348578453064	0.0044593578204513
3.4360847473145	0.0043561109341681
3.4373114109039	0.0042536589317024
3.4385380744934	0.0041521713137627
3.4397647380829	0.0040517994202673
3.4409916400909	0.0039526717737317
3.4422183036804	0.0038548945449293
3.4434449672699	0.0037585543468595
3.4446718692780	0.0036637221928686
3.4458985328674	0.0035704597830772
3.4471251964569	0.0034788327757269
3.4483520984650	0.0033889182377607
3.4495787620544	0.0033008116297424
3.4508054256439	0.0032146293669939
3.4520320892334	0.0031305011361837
3.4532589912415	0.0030485563911498
3.4544856548309	0.0029689059592783
3.4557123184204	0.0028916271403432
3.4569392204285	0.0028167571872473
3.4581658840179	0.0027442998252809
3.4593925476074	0.0026742420159280
3.4606194496155	0.0026065767742693
3.4618461132050	0.0025413199327886
3.4630727767944	0.0024785196874291
3.4642994403839	0.0024182475171983
3.4655263423920	0.0023605781607330
3.4667530059814	0.0023055619094521
3.4679796695709	0.0022532052826136
3.4692065715790	0.0022034633439034
3.4704332351685	0.0021562513429672
3.4716598987579	0.0021114714909345
3.4728868007660	0.0020690441597253
3.4741134643555	0.0020289320964366
3.4753401279449	0.0019911490380764
3.4765667915344	0.0019557445775717
3.4777936935425	0.0019227727316320
3.4790203571320	0.0018922579474747
3.4802470207214	0.0018641686765477
3.4814739227295	0.0018384132999927
3.4827005863190	0.0018148561939597
3.4839272499084	0.0017933524213731
3.4851541519165	0.0017737834714353
3.4863808155060	0.0017560806591064
3.4876074790955	0.0017402291996405
3.4888341426849	0.0017262457404286
3.4900610446930	0.0017141458811238
3.4912877082825	0.0017039091326296
3.4925143718719	0.0016954602906480
3.4937412738800	0.0016886715311557
3.4949679374695	0.0016833872068673
3.4961946010590	0.0016794570256025
3.4974215030670	0.0016767698107287
3.4986481666565	0.0016752666560933
3.4998748302460	0.0016749349888414
3.5011014938354	0.0016757823759690
3.5023283958435	0.0016778015997261
3.5035550594330	0.0016809439985082
3.5047817230225	0.0016851092223078
3.5060086250305	0.0016901589697227
3.5072352886200	0.0016959462082013
3.5084619522095	0.0017023489344865
3.5096888542175	0.0017092938069254
3.5109155178070	0.0017167610349134
3.5121421813965	0.0017247669165954
3.5133688449860	0.0017333319410682
3.5145957469940	0.0017424493562430
3.5158224105835	0.0017520636320114
3.5170490741730	0.0017620709259063
3.5182759761810	0.0017723378259689
3.5195026397705	0.0017827333649620
3.5207293033600	0.0017931581242010
3.5219562053680	0.0018035607645288
3.5231828689575	0.0018139348831028
3.5244095325470	0.0018243023660034
3.5256361961365	0.0018346852157265
3.5268630981445	0.0018450849456713
3.5280897617340	0.0018554728012532
3.5293164253235	0.0018657945329323
3.5305433273315	0.0018759892554954
3.5317699909210	0.0018860094714910
3.5329966545105	0.0018958344589919
3.5342235565186	0.0019054713193327
3.5354502201080	0.0019149426370859
3.5366768836975	0.0019242683192715
3.5379035472870	0.0019334501121193
3.5391304492950	0.0019424671772867
3.5403571128845	0.0019512845901772
3.5415837764740	0.0019598705694079
3.5428106784821	0.0019682168494910
3.5440373420715	0.0019763482268900
3.5452640056610	0.0019843210466206
3.5464909076691	0.0019922074861825
3.5477175712585	0.0020000732038170
3.5489442348480	0.0020079577807337
3.5501708984375	0.0020158663392067
3.5513978004456	0.0020237781573087
3.5526244640350	0.0020316662266850
3.5538511276245	0.0020395230967551
3.5550780296326	0.0020473788026720
3.5563046932220	0.0020553062204272
3.5575313568115	0.0020634084939957
3.5587582588196	0.0020717943552881
3.5599849224091	0.0020805529784411
3.5612115859985	0.0020897355861962
3.5624382495880	0.0020993540529162
3.5636651515961	0.0021093955729157
3.5648918151855	0.0021198471076787
3.5661184787750	0.0021307200659066
3.5673453807831	0.0021420645061880
3.5685720443726	0.0021539698354900
3.5697987079620	0.0021665501408279
3.5710256099701	0.0021799197420478
3.5722522735596	0.0021941710729152
3.5734789371490	0.0022093616425991
3.5747056007385	0.0022255145013332
3.5759325027466	0.0022426287177950
3.5771591663361	0.0022606998682022
3.5783858299255	0.0022797379642725
3.5796127319336	0.0022997765336186
3.5808393955231	0.0023208733182400
3.5820660591125	0.0023431009612978
3.5832927227020	0.0023665335029364
3.5845196247101	0.0023912366013974
3.5857462882996	0.0024172598496079
3.5869729518890	0.0024446386378258
3.5881998538971	0.0024733981117606
3.5894265174866	0.0025035568978637
3.5906531810760	0.0025351308286190
3.5918800830841	0.0025681310798973
3.5931067466736	0.0026025644037873
3.5943334102631	0.0026384308002889
3.5955600738525	0.0026757279410958
3.5967869758606	0.0027144546620548
3.5980136394501	0.0027546165511012
3.5992403030396	0.0027962292078882
3.6004672050476	0.0028393152169883
3.6016938686371	0.0028838948346674
3.6029205322266	0.0029299752786756
3.6041474342346	0.0029775395523757
3.6053740978241	0.0030265438836068
3.6066007614136	0.0030769216828048
3.6078274250031	0.0031285972800106
3.6090543270111	0.0031815015245229
3.6102809906006	0.0032355841249228
3.6115076541901	0.0032908197026700
3.6127345561981	0.0033471998758614
3.6139612197876	0.0034047181252390
3.6151878833771	0.0034633534960449
3.6164147853851	0.0035230547655374
3.6176414489746	0.0035837367177010
3.6188681125641	0.0036452873609960
3.6200947761536	0.0037075858563185
3.6213216781616	0.0037705204449594
3.6225483417511	0.0038340040482581
3.6237750053406	0.0038979745004326
3.6250019073486	0.0039623887278140
3.6262285709381	0.0040272041223943
3.6274552345276	0.0040923631750047
3.6286821365356	0.0041577792726457
3.6299088001251	0.0042233383283019
3.6311354637146	0.0042889062315226
3.6323621273041	0.0043543456122279
3.6335890293121	0.0044195302762091
3.6348156929016	0.0044843535870314
3.6360423564911	0.0045487275347114
3.6372692584991	0.0046125743538141
3.6384959220886	0.0046758125536144
3.6397225856781	0.0047383480705321
3.6409494876862	0.0048000672832131
3.6421761512756	0.0048608449287713
3.6434028148651	0.0049205464310944
3.6446294784546	0.0049790404736996
3.6458563804626	0.0050362059846520
3.6470830440521	0.0050919367931783
3.6483097076416	0.0051461341790855
3.6495366096497	0.0051987054757774
3.6507632732391	0.0052495561540127
3.6519899368286	0.0052985912188888
3.6532168388367	0.0053457156755030
3.6544435024261	0.0053908387199044
3.6556701660156	0.0054338751360774
3.6568968296051	0.0054747471585870
3.6581237316132	0.0055133774876595
3.6593503952026	0.0055496823042631
3.6605770587921	0.0055835703387856
3.6618039608002	0.0056149396114051
3.6630306243896	0.0056436862796545
3.6642572879791	0.0056697148829699
3.6654841899872	0.0056929485872388
3.6667108535767	0.0057133375667036
3.6679375171661	0.0057308552786708
3.6691641807556	0.0057454900816083
3.6703910827637	0.0057572317309678
3.6716177463531	0.0057660583406687
3.6728444099426	0.0057719256728888
3.6740713119507	0.0057747727259994
3.6752979755402	0.0057745277881622
3.6765246391296	0.0057711252011359
3.6777515411377	0.0057645165361464
3.6789782047272	0.0057546775788069
3.6802048683167	0.0057416046038270
3.6814315319061	0.0057253092527390
3.6826584339142	0.0057058059610426
3.6838850975037	0.0056831063702703
3.6851117610931	0.0056572188623250
3.6863386631012	0.0056281564757228
3.6875653266907	0.0055959438905120
3.6887919902802	0.0055606248788536
3.6900188922882	0.0055222613736987
3.6912455558777	0.0054809246212244
3.6924722194672	0.0054366826079786
3.6936988830566	0.0053895860910416
3.6949257850647	0.0053396602161229
3.6961524486542	0.0052869119681418
3.6973791122437	0.0052313404157758
3.6986060142517	0.0051729572005570
3.6998326778412	0.0051118060946465
3.7010593414307	0.0050479653291404
3.7022862434387	0.0049815466627479
3.7035129070282	0.0049126781523228
3.7047395706177	0.0048414804041386
3.7059662342072	0.0047680558636785
3.7071931362152	0.0046924785710871
3.7084197998047	0.0046148053370416
3.7096464633942	0.0045350892469287
3.7108733654022	0.0044533996842802
3.7121000289917	0.0043698335066438
3.7133266925812	0.0042845145799220
3.7145535945892	0.0041975830681622
3.7157802581787	0.0041091740131378
3.7170069217682	0.0040194001048803
3.7182335853577	0.0039283419027925
3.7194604873657	0.0038360517937690
3.7206871509552	0.0037425733171403
3.7219138145447	0.0036479597911239
3.7231407165527	0.0035522936377674
3.7243673801422	0.0034556966274977
3.7255940437317	0.0033583187032491
3.7268209457397	0.0032603212166578
3.7280476093292	0.0031618552748114
3.7292742729187	0.0030630431137979
3.7305009365082	0.0029639708809555
3.7317278385162	0.0028646951541305
3.7329545021057	0.0027652583085001
3.7341811656952	0.0026657083071768
3.7354080677032	0.0025661108084023
3.7366347312927	0.0024665535893291
3.7378613948822	0.0023671386297792
3.7390882968903	0.0022679697722197
3.7403149604797	0.0021691424772143
3.7415416240692	0.0020707361400127
3.7427682876587	0.0019728199113160
3.7439951896667	0.0018754594493657
3.7452218532562	0.0017787271644920
3.7464485168457	0.0016827076906338
3.7476754188538	0.0015874924138188
3.7489020824432	0.0014931689947844
3.7501287460327	0.0013998077483848
3.7513556480408	0.0013074520975351
3.7525823116302	0.0012161196209490
3.7538089752197	0.0011258129961789
3.7550356388092	0.0010365361813456
3.7562625408173	0.00094831129536033
3.7574892044067	0.00086118699982762
3.7587158679962	0.00077523523941636
3.7599427700043	0.00069053733022884
3.7611694335938	0.00060716393636540
3.7623960971832	0.00052515888819471
3.7636229991913	0.00044453327427618
3.7648496627808	0.00036527187330648
3.7660763263702	0.00028735055821016
3.7673029899597	0.00021075556287542
3.7685298919678	0.00013549686991610
3.7697565555573	6.1609622207470e-05
3.7709832191467	-1.0857445886359e-05
3.7722101211548	-8.1860926002264e-05
3.7734367847443	-0.00015138105663937
3.7746634483337	-0.00021943068713881
3.7758903503418	-0.00028605057741515
3.7771170139313	-0.00035129234311171
3.7783436775208	-0.00041519606020302
3.7795703411102	-0.00047777203144506
3.7807972431183	-0.00053899548947811
3.7820239067078	-0.00059881655033678
3.7832505702972	-0.00065718177938834
3.7844774723053	-0.00071405817288905
3.7857041358948	-0.00076944858301431
3.7869307994843	-0.00082339346408844
3.7881574630737	-0.00087595666991547
3.7893843650818	-0.00092720147222281
3.7906110286713	-0.00097716785967350
3.7918376922607	-0.0010258586844429
3.7930645942688	-0.0010732415830716
3.7942912578583	-0.0011192659148946
3.7955179214478	-0.0011638862779364
3.7967448234558	-0.0012070817174390
3.7979714870453	-0.0012488650390878
3.7991981506348	-0.0012892754748464
3.8004248142242	-0.0013283602893353
3.8016517162323	-0.0013661535922438
3.8028783798218	-0.0014026612043381
3.8041050434113	-0.0014378597261384
3.8053319454193	-0.0014717100420967
3.8065586090088	-0.0015041780425236
3.8077852725983	-0.0015352547634393
3.8090121746063	-0.0015649623237550
3.8102388381958	-0.0015933456597850
3.8114655017853	-0.0016204498242587
3.8126921653748	-0.0016462943749502
3.8139190673828	-0.0016708537004888
3.8151457309723	-0.0016940584173426
3.8163723945618	-0.0017158138798550
3.8175992965698	-0.0017360327765346
3.8188259601593	-0.0017546693561599
3.8200526237488	-0.0017717395676300
3.8212795257568	-0.0017873176839203
3.8225061893463	-0.0018015099922195
3.8237328529358	-0.0018144116038457
3.8249595165253	-0.0018260653596371
3.8261864185333	-0.0018364376155660
3.8274130821228	-0.0018454203382134
3.8286397457123	-0.0018528609070927
3.8298666477203	-0.0018586099613458
3.8310933113098	-0.0018625686643645
3.8323199748993	-0.0018647180404514
3.8335468769073	-0.0018651213031262
3.8347735404968	-0.0018638964975253
3.8360002040863	-0.0018611713312566
3.8372268676758	-0.0018570361426100
3.8384537696838	-0.0018515129340813
3.8396804332733	-0.0018445480382070
3.8409070968628	-0.0018360342364758
3.8421339988708	-0.0018258476629853
3.8433606624603	-0.0018138904124498
3.8445873260498	-0.0018001177813858
3.8458142280579	-0.0017845469992608
3.8470408916473	-0.0017672396497801
3.8482675552368	-0.0017482739640400
3.8494942188263	-0.0017277123406529
3.8507211208344	-0.0017055822536349
3.8519477844238	-0.0016818705480546
3.8531744480133	-0.0016565402038395
3.8544013500214	-0.0016295519890264
3.8556280136108	-0.0016008875099942
3.8568546772003	-0.0015705600380898
3.8580815792084	-0.0015386104350910
3.8593082427979	-0.0015050929505378
3.8605349063873	-0.0014700544998050
3.8617615699768	-0.0014335201121867
3.8629884719849	-0.0013954886235297
3.8642151355743	-0.0013559416402131
3.8654417991638	-0.0013148608850315
3.8666687011719	-0.0012722461251542
3.8678953647614	-0.0012281257659197
3.8691220283508	-0.0011825563851744
3.8703489303589	-0.0011356109753251
3.8715755939484	-0.0010873615974560
3.8728022575378	-0.0010378634324297
3.8740289211273	-0.00098714849445969
3.8752558231354	-0.00093522935640067
3.8764824867249	-0.00088211370166391
3.8777091503143	-0.00082781963283196
3.8789360523224	-0.00077238696394488
3.8801627159119	-0.00071587815182284
3.8813893795013	-0.00065836915746331
3.8826162815094	-0.00059993338072672
3.8838429450989	-0.00054062705021352
3.8850696086884	-0.00048048206372187
3.8862962722778	-0.00041950959712267
3.8875231742859	-0.00035771349212155
3.8887498378754	-0.00029510969761759
3.8899765014648	-0.00023174146190286
3.8912034034729	-0.00016768490604591
3.8924300670624	-0.00010304190072929
3.8936567306519	-3.7922061892459e-05
3.8948836326599	2.7578658773564e-05
3.8961102962494	9.3394803116098e-05
3.8973369598389	0.00015949610678945
3.8985636234283	0.00022587802959606
3.8997905254364	0.00029254125547595
3.9010171890259	0.00035946824937128
3.9022438526154	0.00042660630424507
3.9034707546234	0.00049386336468160
3.9046974182129	0.00056111853336915
3.9059240818024	0.00062824448104948
3.9071509838104	0.00069513282505795
3.9083776473999	0.00076171330874786
3.9096043109894	0.00082795950584114
3.9108309745789	0.00089387811021879
3.9120578765869	0.00095948652597144
3.9132845401764	0.0010247867321596
3.9145112037659	0.0010897435713559
3.9157381057739	0.0011542778229341
3.9169647693634	0.0012182736536488
3.9181914329529	0.0012816000962630
3.9194183349609	0.0013441356131807
3.9206449985504	0.0014057884691283
3.9218716621399	0.0014665054623038
3.9230983257294	0.0015262652887031
3.9243252277374	0.0015850602649152
3.9255518913269	0.0016428751405329
3.9267785549164	0.0016996698686853
3.9280054569244	0.0017553725047037
3.9292321205139	0.0018098864238709
3.9304587841034	0.0018631068523973
3.9316856861115	0.0019149397267029
3.9329123497009	0.0019653164781630
3.9341390132904	0.0020141964778304
3.9353656768799	0.0020615605171770
3.9365925788879	0.0021073920652270
3.9378192424774	0.0021516634151340
3.9390459060669	0.0021943207830191
3.9402728080750	0.0022352852392942
3.9414994716644	0.0022744615562260
3.9427261352539	0.0023117545060813
3.9439530372620	0.0023470860905945
3.9451797008514	0.0023804050870240
3.9464063644409	0.0024116854183376
3.9476330280304	0.0024409166071564
3.9488599300385	0.0024680851493031
3.9500865936279	0.0024931603111327
3.9513132572174	0.0025160859804600
3.9525401592255	0.0025367829948664
3.9537668228149	0.0025551607832313
3.9549934864044	0.0025711366906762
3.9562203884125	0.0025846487842500
3.9574470520020	0.0025956637691706
3.9586737155914	0.0026041744276881
3.9599003791809	0.0026101849507540
3.9611272811890	0.0026136967353523
3.9623539447784	0.0026146937161684
3.9635806083679	0.0026131358463317
3.9648075103760	0.0026089642196894
3.9660341739655	0.0026021106168628
3.9672608375549	0.0025925135705620
3.9684877395630	0.0025801304727793
3.9697144031525	0.0025649440940470
3.9709410667419	0.0025469588581473
3.9721677303314	0.0025261938571930
3.9733946323395	0.0025026709772646
3.9746212959290	0.0024764034897089
3.9758479595184	0.0024473932571709
3.9770748615265	0.0024156279396266
3.9783015251160	0.0023810882121325
3.9795281887054	0.0023437526542693
3.9807548522949	0.0023036031052470
3.9819817543030	0.0022606304846704
3.9832084178925	0.0022148340940475
3.9844350814819	0.0021662248764187
3.9856619834900	0.0021148258820176
3.9868886470795	0.0020606722682714
3.9881153106689	0.0020038131624460
3.9893422126770	0.0019443071214482
3.9905688762665	0.0018822160782292
3.9917955398560	0.0018175959121436
3.9930222034454	0.0017504874849692
3.9942491054535	0.0016809137305245
3.9954757690430	0.0016088816337287
3.9967024326324	0.0015343930572271
3.9979293346405	0.0014574615051970
3.9991559982300	0.0013781277230009
4.0003829002380	0.0012964693596587
4.0016093254089	0.0012125994544476
4.0028362274170	0.0011266516521573
4.0040631294250	0.0010387565707788
4.0052895545959	0.00094901910051703
4.0065164566040	0.00085750373546034
4.0077433586121	0.00076423527207226
4.0089697837830	0.00066921632969752
4.0101966857910	0.00057245529023930
4.0114231109619	0.00047399452887475
4.0126500129700	0.00037392834201455
4.0138769149780	0.00027240181225352
4.0151033401489	0.00016959063941613
4.0163302421570	6.5668209572323e-05
4.0175571441650	-3.9227375964401e-05
4.0187835693359	-0.00014501358964480
4.0200104713440	-0.00025166178238578
4.0212373733521	-0.00035917275818065
4.0224637985229	-0.00046753807691857
4.0236907005310	-0.00057670159731060
4.0249176025391	-0.00068653671769425
4.0261440277100	-0.00079684855882078
4.0273709297180	-0.00090740155428648
4.0285978317261	-0.0010179635137320
4.0298242568970	-0.0011283488711342
4.0310511589050	-0.0012384469155222
4.0322780609131	-0.0013482220238075
4.0335044860840	-0.0014576873509213
4.0347313880920	-0.0015668611740693
4.0359578132629	-0.0016757214907557
4.0371847152710	-0.0017841772641987
4.0384116172791	-0.0018920658621937
4.0396380424500	-0.0019991768058389
4.0408649444580	-0.0021052933298051
4.0420918464661	-0.0022102338261902
4.0433182716370	-0.0023138795513660
4.0445451736450	-0.0024161750916392
4.0457720756531	-0.0025171074084938
4.0469985008240	-0.0026166676543653
4.0482254028320	-0.0027148143853992
4.0494523048401	-0.0028114526066929
4.0506787300110	-0.0029064354021102
4.0519056320190	-0.0029995865188539
4.0531325340271	-0.0030907362233847
4.0543589591980	-0.0031797545962036
4.0555858612061	-0.0032665682956576
4.0568127632141	-0.0033511582296342
4.0580391883850	-0.0034335353411734
4.0592660903931	-0.0035137054510415
4.0604925155640	-0.0035916410852224
4.0617194175720	-0.0036672668065876
4.0629463195801	-0.0037404659669846
4.0641727447510	-0.0038111023604870
4.0653996467590	-0.0038790528196841
4.0666265487671	-0.0039442302659154
4.0678529739380	-0.0040065953508019
4.0690798759460	-0.0040661487728357
4.0703067779541	-0.0041229086928070
4.0715332031250	-0.0041768858209252
4.0727601051331	-0.0042280666530132
4.0739870071411	-0.0042764046229422
4.0752134323120	-0.0043218340724707
4.0764403343201	-0.0043642874807119
4.0776672363281	-0.0044037173502147
4.0788936614990	-0.0044401111081243
4.0801205635071	-0.0044734897091985
4.0813474655151	-0.0045038964599371
4.0825738906860	-0.0045313774608076
4.0838007926941	-0.0045559615828097
4.0850272178650	-0.0045776516199112
4.0862541198730	-0.0045964266173542
4.0874810218811	-0.0046122581698000
4.0887074470520	-0.0046251290477812
4.0899343490601	-0.0046350494958460
4.0911612510681	-0.0046420656144619
4.0923876762390	-0.0046462514437735
4.0936145782471	-0.0046476963907480
4.0948414802551	-0.0046464838087559
4.0960679054260	-0.0046426751650870
4.0972948074341	-0.0046363067813218
4.0985217094421	-0.0046273916959763
4.0997481346130	-0.0046159327030182
4.1009750366211	-0.0046019423753023
4.1022019386292	-0.0045854570344090
4.1034283638000	-0.0045665432699025
4.1046552658081	-0.0045452946797013
4.1058821678162	-0.0045218216255307
4.1071085929871	-0.0044962349347770
4.1083354949951	-0.0044686314649880
4.1095619201660	-0.0044390866532922
4.1107888221741	-0.0044076507911086
4.1120157241821	-0.0043743569403887
4.1132421493530	-0.0043392307125032
4.1144690513611	-0.0043023014441133
4.1156959533691	-0.0042636166326702
4.1169223785400	-0.0042232447303832
4.1181492805481	-0.0041812770068645
4.1193761825562	-0.0041378238238394
4.1206026077271	-0.0040930071845651
4.1218295097351	-0.0040469495579600
4.1230564117432	-0.0039997608400881
4.1242828369141	-0.0039515304379165
4.1255097389221	-0.0039023221470416
4.1267366409302	-0.0038521760143340
4.1279630661011	-0.0038011148571968
4.1291899681091	-0.0037491556722671
4.1304168701172	-0.0036963233724236
4.1316432952881	-0.0036426612641662
4.1328701972961	-0.0035882366355509
4.1340966224670	-0.0035331393592060
4.1353235244751	-0.0034774716477841
4.1365504264832	-0.0034213354811072
4.1377768516541	-0.0033648179378361
4.1390037536621	-0.0033079811837524
4.1402306556702	-0.0032508617732674
4.1414570808411	-0.0031934774015099
4.1426839828491	-0.0031358404085040
4.1439108848572	-0.0030779703520238
4.1451373100281	-0.0030199028551579
4.1463642120361	-0.0029616928659379
4.1475911140442	-0.0029034065082669
4.1488175392151	-0.0028451089747250
4.1500444412231	-0.0027868505567312
4.1512713432312	-0.0027286584954709
4.1524977684021	-0.0026705346535891
4.1537246704102	-0.0026124648284167
4.1549515724182	-0.0025544315576553
4.1561779975891	-0.0024964290205389
4.1574048995972	-0.0024384735152125
4.1586313247681	-0.0023806050885469
4.1598582267761	-0.0023228810168803
4.1610851287842	-0.0022653604391962
4.1623115539551	-0.0022080885246396
4.1635384559631	-0.0021510845981538
4.1647653579712	-0.0020943379495293
4.1659917831421	-0.0020378166809678
4.1672186851501	-0.0019814823754132
4.1684455871582	-0.0019253072096035
4.1696720123291	-0.0018692875746638
4.1708989143372	-0.0018134497804567
4.1721258163452	-0.0017578426050022
4.1733522415161	-0.0017025220440701
4.1745791435242	-0.0016475323354825
4.1758060455322	-0.0015928889624774
4.1770324707031	-0.0015385719016194
4.1782593727112	-0.0014845294645056
4.1794857978821	-0.0014306952944025
4.1807126998901	-0.0013770104851574
4.1819396018982	-0.0013234436046332
4.1831660270691	-0.0012700025690719
4.1843929290771	-0.0012167312670499
4.1856198310852	-0.0011636946583167
4.1868462562561	-0.0011109553743154
4.1880731582642	-0.0010585512500256
4.1893000602722	-0.0010064817033708
4.1905264854431	-0.00095470872474834
4.1917533874512	-0.00090317119611427
4.1929802894592	-0.00085180933820084
4.1942067146301	-0.00080058915773407
4.1954336166382	-0.00074951839633286
4.1966605186462	-0.00069864769466221
4.1978869438171	-0.00064805452711880
4.1991138458252	-0.00059781741583720
4.2003407478333	-0.00054798886412755
4.2015671730042	-0.00049857742851600
4.2027940750122	-0.00044954667100683
4.2040205001831	-0.00040083093335852
4.2052474021912	-0.00035236359690316
4.2064743041992	-0.00030410644831136
4.2077007293701	-0.00025606932467781
4.2089276313782	-0.00020831177243963
4.2101545333862	-0.00016092660371214
4.2113809585571	-0.00011401109804865
4.2126078605652	-6.7636559833772e-05
4.2138347625732	-2.1828471290064e-05
4.2150611877441	2.3435681214323e-05
4.2162880897522	6.8209337769076e-05
4.2175149917603	0.00011254734272370
4.2187414169312	0.00015647552208975
4.2199683189392	0.00019997167692054
4.2211952209473	0.00024296519404743
4.2224216461182	0.00028535613091663
4.2236485481262	0.00032704634941183
4.2248754501343	0.00036796979838982
4.2261018753052	0.00040810994687490
4.2273287773132	0.00044749665539712
4.2285552024841	0.00048618367873132
4.2297821044922	0.00052421522559598
4.2310090065002	0.00056159566156566
4.2322354316711	0.00059827516088262
4.2334623336792	0.00063415663316846
4.2346892356873	0.00066912278998643
4.2359156608582	0.00070307072019204
4.2371425628662	0.00073594239074737
4.2383694648743	0.00076773698674515
4.2395958900452	0.00079850107431412
4.2408227920532	0.00082829932216555
4.2420496940613	0.00085717788897455
4.2432761192322	0.00088513543596491
4.2445030212402	0.00091211288236082
4.2457299232483	0.00093800621107221
4.2469563484192	0.00096269790083170
4.2481832504272	0.00098609225824475
4.2494101524353	0.0010081416694447
4.2506365776062	0.0010288538178429
4.2518634796143	0.0010482764337212
4.2530899047852	0.0010664666770026
4.2543168067932	0.0010834574932232
4.2555437088013	0.0010992351453751
4.2567701339722	0.0011137371184304
4.2579970359802	0.0011268696980551
4.2592239379883	0.0011385374236852
4.2604503631592	0.0011486731236801
4.2616772651672	0.0011572551447898
4.2629041671753	0.0011643056059256
4.2641305923462	0.0011698703747243
4.2653574943542	0.0011739913607016
4.2665843963623	0.0011766838142648
4.2678108215332	0.0011779258493334
4.2690377235413	0.0011776661267504
4.2702646255493	0.0011758434120566
4.2714910507202	0.0011724097421393
4.2727179527283	0.0011673464905471
4.2739448547363	0.0011606669286266
4.2751712799072	0.0011524021392688
4.2763981819153	0.0011425813427195
4.2776246070862	0.0011312128044665
4.2788515090942	0.0011182781308889
4.2800784111023	0.0011037418153137
4.2813048362732	0.0010875702137128
4.2825317382812	0.0010697547113523
4.2837586402893	0.0010503231314942
4.2849850654602	0.0010293353116140
4.2862119674683	0.0010068626143038
4.2874388694763	0.00098295917268842
4.2886652946472	0.00095763587160036
4.2898921966553	0.00093085318803787
4.2911190986633	0.00090253411326557
4.2923455238342	0.00087259639985859
4.2935724258423	0.00084099138621241
4.2947993278503	0.00080773449735716
4.2960257530212	0.00077291170600802
4.2972526550293	0.00073666137177497
4.2984795570374	0.00069913460174575
4.2997059822083	0.00066045025596395
4.3009328842163	0.00062066240934655
4.3021593093872	0.00057975196978077
4.3033862113953	0.00053764757467434
4.3046131134033	0.00049426633631811
4.3058395385742	0.00044955962221138
4.3070664405823	0.00040354480734095
4.3082933425903	0.00035631167702377
4.3095197677612	0.00030800027889200
4.3107466697693	0.00025876026484184
4.3119735717773	0.00020870822481811
4.3131999969482	0.00015790096949786
4.3144268989563	0.00010633483179845
4.3156538009644	5.3970579756424e-05
4.3168802261353	7.7228196460055e-07
4.3181071281433	-5.3256680985214e-05
4.3193340301514	-0.00010805532656377
4.3205604553223	-0.00016351163503714
4.3217873573303	-0.00021949027723167
4.3230142593384	-0.00027586915530264
4.3242406845093	-0.00033256819006056
4.3254675865173	-0.00038955826312304
4.3266940116882	-0.00044684641761705
4.3279209136963	-0.00050444458611310
4.3291478157043	-0.00056233559735119
4.3303742408752	-0.00062045193044469
4.3316011428833	-0.00067867693724111
4.3328280448914	-0.00073686847463250
4.3340544700623	-0.00079489586642012
4.3352813720703	-0.00085267232498154
4.3365082740784	-0.00091016944497824
4.3377346992493	-0.00096740649314597
4.3389616012573	-0.0010244179284200
4.3401885032654	-0.0010812124237418
4.3414149284363	-0.0011377428891137
4.3426418304443	-0.0011938982643187
4.3438687324524	-0.0012495241826400
4.3450951576233	-0.0013044625520706
4.3463220596313	-0.0013585962587968
4.3475489616394	-0.0014118776889518
4.3487753868103	-0.0014643310569227
4.3500022888184	-0.0015160257462412
4.3512287139893	-0.0015670304419473
4.3524556159973	-0.0016173667972907
4.3536825180054	-0.0016669810283929
4.3549089431763	-0.0017157454276457
4.3561358451843	-0.0017634886316955
4.3573627471924	-0.0018100439338014
4.3585891723633	-0.0018552963156253
4.3598160743713	-0.0018992100376636
4.3610429763794	-0.0019418245647103
4.3622694015503	-0.0019832237157971
4.3634963035583	-0.0020234882831573
4.3647232055664	-0.0020626527257264
4.3659496307373	-0.0021006830502301
4.3671765327454	-0.0021374844945967
4.3684034347534	-0.0021729320287704
4.3696298599243	-0.0022069143597037
4.3708567619324	-0.0022393697872758
4.3720836639404	-0.0022703020367771
4.3733100891113	-0.0022997674532235
4.3745369911194	-0.0023278421722353
4.3757634162903	-0.0023545813746750
4.3769903182983	-0.0023799901828170
4.3782172203064	-0.0024040148127824
4.3794436454773	-0.0024265616666526
4.3806705474854	-0.0024475345853716
4.3818974494934	-0.0024668723344803
4.3831238746643	-0.0024845777079463
4.3843507766724	-0.0025007179938257
4.3855776786804	-0.0025154030881822
4.3868041038513	-0.0025287447497249
4.3880310058594	-0.0025408174842596
4.3892579078674	-0.0025516317691654
4.3904843330383	-0.0025611326564103
4.3917112350464	-0.0025692246854305
4.3929381370544	-0.0025758105330169
4.3941645622253	-0.0025808291975409
4.3953914642334	-0.0025842813774943
4.3966178894043	-0.0025862304028124
4.3978447914124	-0.0025867805816233
4.3990716934204	-0.0025860441382974
4.4002981185913	-0.0025841065216810
4.4015250205994	-0.0025810052175075
4.4027519226074	-0.0025767290499061
4.4039783477783	-0.0025712342467159
4.4052052497864	-0.0025644749403000
4.4064321517944	-0.0025564287789166
4.4076585769653	-0.0025471143890172
4.4088854789734	-0.0025365890469402
4.4101123809814	-0.0025249309837818
4.4113388061523	-0.0025122142396867
4.4125657081604	-0.0024984853807837
4.4137926101685	-0.0024837548844516
4.4150190353394	-0.0024680029600859
4.4162459373474	-0.0024511991068721
4.4174728393555	-0.0024333270266652
4.4186992645264	-0.0024144051130861
4.4199261665344	-0.0023944936692715
4.4211525917053	-0.0023736860603094
4.4223794937134	-0.0023520851973444
4.4236063957214	-0.0023297779262066
4.4248328208923	-0.0023068119771779
4.4260597229004	-0.0022831864189357
4.4272866249084	-0.0022588586434722
4.4285130500793	-0.0022337662521750
4.4297399520874	-0.0022078563924879
4.4309668540955	-0.0021811097394675
4.4321932792664	-0.0021535563282669
4.4334201812744	-0.0021252722945064
4.4346470832825	-0.0020963621791452
4.4358735084534	-0.0020669319201261
4.4371004104614	-0.0020370618440211
4.4383273124695	-0.0020067887380719
4.4395537376404	-0.0019761032890528
4.4407806396484	-0.0019449625397101
4.4420075416565	-0.0019133146852255
4.4432339668274	-0.0018811246845871
4.4444608688354	-0.0018483935855329
4.4456872940063	-0.0018151653930545
4.4469141960144	-0.0017815157771111
4.4481410980225	-0.0017475298373029
4.4493675231934	-0.0017132748616859
4.4505944252014	-0.0016787796048447
4.4518213272095	-0.0016440262552351
4.4530477523804	-0.0016089605633169
4.4542746543884	-0.0015735148917884
4.4555015563965	-0.0015376365045086
4.4567279815674	-0.0015013131778687
4.4579548835754	-0.0014645828632638
4.4591817855835	-0.0014275270514190
4.4604082107544	-0.0013902472564951
4.4616351127625	-0.0013528347481042
4.4628620147705	-0.0013153412146494
4.4640884399414	-0.0012777632800862
4.4653153419495	-0.0012400462292135
4.4665422439575	-0.0012021049624309
4.4677686691284	-0.0011638549622148
4.4689955711365	-0.0011252430267632
4.4702219963074	-0.0010862650815398
4.4714488983154	-0.0010469671105966
4.4726758003235	-0.0010074276942760
4.4739022254944	-0.00096772913821042
4.4751291275024	-0.00092792959185317
4.4763560295105	-0.00088804401457310
4.4775824546814	-0.00084804161451757
4.4788093566895	-0.00080786144826561
4.4800362586975	-0.00076743745012209
4.4812626838684	-0.00072672520764172
4.4824895858765	-0.00068571808515117
4.4837164878845	-0.00064444844610989
4.4849429130554	-0.00060297350864857
4.4861698150635	-0.00056135264458135
4.4873967170715	-0.00051962444558740
4.4886231422424	-0.00047779321903363
4.4898500442505	-0.00043582901707850
4.4910769462585	-0.00039368070429191
4.4923033714294	-0.00035129650495946
4.4935302734375	-0.00030864356085658
4.4947566986084	-0.00026571872876957
4.4959836006165	-0.00022254700888880
4.4972105026245	-0.00017916943761520
4.4984369277954	-0.00013562609092332
4.4996638298035	-9.1941576101817e-05
4.5008907318115	-4.8119803977897e-05
4.5021171569824	-4.1487091948511e-06
4.5033440589905	3.9987109630601e-05
4.5045709609985	8.4292441897560e-05
4.5057973861694	0.00012875287211500
4.5070242881775	0.00017333572031930
4.5082511901855	0.00021800003014505
4.5094776153564	0.00026271131355315
4.5107045173645	0.00030745402909815
4.5119314193726	0.00035223562736064
4.5131578445435	0.00039708023541607
4.5143847465515	0.00044201366836205
4.5156116485596	0.00048704596702009
4.5168380737305	0.00053215870866552
4.5180649757385	0.00057730311527848
4.5192914009094	0.00062241056002676
4.5205183029175	0.00066741049522534
4.5217452049255	0.00071224989369512
4.5229716300964	0.00075690454104915
4.5241985321045	0.00080137897748500
4.5254254341125	0.00084569409955293
4.5266518592834	0.00088986795162782
4.5278787612915	0.00093389645917341
4.5291056632996	0.00097774330060929
4.5303320884705	0.0010213421192020
4.5315589904785	0.0010646111331880
4.5327858924866	0.0011074756039307
4.5340123176575	0.0011498866369948
4.5352392196655	0.0011918318923563
4.5364661216736	0.0012333291815594
4.5376925468445	0.0012744101695716
4.5389194488525	0.0013150952290744
4.5401463508606	0.0013553729513660
4.5413727760315	0.0013951899018139
4.5425996780396	0.0014344557421282
4.5438261032104	0.0014730629045516
4.5450530052185	0.0015109119703993
4.5462799072266	0.0015479355351999
4.5475063323975	0.0015841096173972
4.5487332344055	0.0016194493509829
4.5499601364136	0.0016539896605536
4.5511865615845	0.0016877598827705
4.5524134635925	0.0017207593191415
4.5536403656006	0.0017529445467517
4.5548667907715	0.0017842332599685
4.5560936927795	0.0018145224312320
4.5573205947876	0.0018437139224261
4.5585470199585	0.0018717416096479
4.5597739219666	0.0018985841888934
4.5610008239746	0.0019242647103965
4.5622272491455	0.0019488333491609
4.5634541511536	0.0019723405130208
4.5646810531616	0.0019948102999479
4.5659074783325	0.0020162218715996
4.5671343803406	0.0020365063101053
4.5683608055115	0.0020555611699820
4.5695877075195	0.0020732767879963
4.5708146095276	0.0020895656198263
4.5720410346985	0.0021043829619884
4.5732679367065	0.0021177364978939
4.5744948387146	0.0021296769846231
4.5757212638855	0.0021402740385383
4.5769481658936	0.0021495898254216
4.5781750679016	0.0021576527506113
4.5794014930725	0.0021644465159625
4.5806283950806	0.0021699124481529
4.5818552970886	0.0021739697549492
4.5830817222595	0.0021765402052552
4.5843086242676	0.0021775746718049
4.5855355262756	0.0021770673338324
4.5867619514465	0.0021750568412244
4.5879888534546	0.0021716109476984
4.5892152786255	0.0021668027620763
4.5904421806335	0.0021606856025755
4.5916690826416	0.0021532766986638
4.5928955078125	0.0021445525344461
4.5941224098206	0.0021344614215195
4.5953493118286	0.0021229442209005
4.5965757369995	0.0021099597215652
4.5978026390076	0.0020955023355782
4.5990295410156	0.0020796097815037
4.6002559661865	0.0020623551681638
4.6014828681946	0.0020438276696950
4.6027097702026	0.0020241087768227
4.6039361953735	0.0020032527390867
4.6051630973816	0.0019812791142613
4.6063899993896	0.0019581741653383
4.6076164245605	0.0019339071586728
4.6088433265686	0.0019084468949586
4.6100702285767	0.0018817799864337
4.6112966537476	0.0018539202865213
4.6125235557556	0.0018249095883220
4.6137499809265	0.0017948090098798
4.6149768829346	0.0017636873526499
4.6162037849426	0.0017316082958132
4.6174302101135	0.0016986236441880
4.6186571121216	0.0016647707670927
4.6198840141296	0.0016300772549585
4.6211104393005	0.0015945662744343
4.6223373413086	0.0015582609921694
4.6235642433167	0.0015211883001029
4.6247906684875	0.0014833789318800
4.6260175704956	0.0014448680449277
4.6272444725037	0.0014056949876249
4.6284708976746	0.0013659041142091
4.6296977996826	0.0013255455996841
4.6309247016907	0.0012846749741584
4.6321511268616	0.0012433485826477
4.6333780288696	0.0012016172986478
4.6346049308777	0.0011595194227993
4.6358313560486	0.0011170755606145
4.6370582580566	0.0010742899030447
4.6382846832275	0.0010311584919691
4.6395115852356	0.00098768481984735
4.6407384872437	0.00094389618607238
4.6419649124146	0.00089985539671034
4.6431918144226	0.00085566064808518
4.6444187164307	0.00081143109127879
4.6456451416016	0.00076728203566745
4.6468720436096	0.00072329590329900
4.6480989456177	0.00067950156517327
4.6493253707886	0.00063587026670575
4.6505522727966	0.00059233186766505
4.6517791748047	0.00054880831157789
4.6530055999756	0.00050525309052318
4.6542325019836	0.00046168320113793
4.6554594039917	0.00041818950558081
4.6566858291626	0.00037492194678634
4.6579127311707	0.00033205046202056
4.6591396331787	0.00028971678693779
4.6603660583496	0.00024799344828352
4.6615929603577	0.00020686521020252
4.6628193855286	0.00016624193813186
4.6640462875366	0.00012599874753505
4.6652731895447	8.6029962403700e-05
4.6664996147156	4.6298035158543e-05
4.6677265167236	6.8589215516113e-06
4.6689534187317	-3.2145799195860e-05
4.6701798439026	-7.0528461947106e-05
4.6714067459106	-0.00010811230458785
4.6726336479187	-0.00014478545926977
4.6738600730896	-0.00018053261737805
4.6750869750977	-0.00021543234470300
4.6763138771057	-0.00024962134193629
4.6775403022766	-0.00028323809965514
4.6787672042847	-0.00031636722269468
4.6799941062927	-0.00034900460741483
4.6812205314636	-0.00038105525891297
4.6824474334717	-0.00041236443212256
4.6836743354797	-0.00044276949483901
4.6849007606506	-0.00047215376980603
4.6861276626587	-0.00050048227421939
4.6873540878296	-0.00052780698752031
4.6885809898376	-0.00055424030870199
4.6898078918457	-0.00057990779168904
4.6910343170166	-0.00060489802854136
4.6922612190247	-0.00062922824872658
4.6934881210327	-0.00065283791627735
4.6947145462036	-0.00067561113974079
4.6959414482117	-0.00069741939660162
4.6971683502197	-0.00071816775016487
4.6983947753906	-0.00073782715480775
4.6996216773987	-0.00075644237222150
4.7008485794067	-0.00077411328675225
4.7020750045776	-0.00079095643013716
4.7033019065857	-0.00080706307198852
4.7045288085938	-0.00082246755482629
4.7057552337646	-0.00083713786443695
4.7069821357727	-0.00085098971612751
4.7082090377808	-0.00086391938384622
4.7094354629517	-0.00087584007997066
4.7106623649597	-0.00088671199046075
4.7118887901306	-0.00089655350893736
4.7131156921387	-0.00090543192345649
4.7143425941467	-0.00091343797976151
4.7155690193176	-0.00092065316857770
4.7167959213257	-0.00092712236801162
4.7180228233337	-0.00093284010654315
4.7192492485046	-0.00093775487039238
4.7204761505127	-0.00094178994186223
4.7217030525208	-0.00094487069873139
4.7229294776917	-0.00094695156440139
4.7241563796997	-0.00094803248066455
4.7253832817078	-0.00094815978081897
4.7266097068787	-0.00094741443172097
4.7278366088867	-0.00094588845968246
4.7290635108948	-0.00094365980476141
4.7302899360657	-0.00094077165704221
4.7315168380737	-0.00093722256133333
4.7327437400818	-0.00093296909471974
4.7339701652527	-0.00092794059310108
4.7351970672607	-0.00092206103727221
4.7364234924316	-0.00091527111362666
4.7376503944397	-0.00090754643315449
4.7388772964478	-0.00089890410890803
4.7401037216187	-0.00088939763372764
4.7413306236267	-0.00087910151341930
4.7425575256348	-0.00086809060303494
4.7437839508057	-0.00085641967598349
4.7450108528137	-0.00084410904673859
4.7462377548218	-0.00083114102017134
4.7474641799927	-0.00081746792420745
4.7486910820007	-0.00080302928108722
4.7499179840088	-0.00078777282033116
4.7511444091797	-0.00077167293056846
4.7523713111877	-0.00075474026380107
4.7535982131958	-0.00073701940709725
4.7548246383667	-0.00071857572766021
4.7560515403748	-0.00069947517476976
4.7572784423828	-0.00067976448917761
4.7585048675537	-0.00065945740789175
4.7597317695618	-0.00063853152096272
4.7609581947327	-0.00061693636234850
4.7621850967407	-0.00059461122145876
4.7634119987488	-0.00057150528300554
4.7646384239197	-0.00054759520571679
4.7658653259277	-0.00052289414452389
4.7670922279358	-0.00049744971329346
4.7683186531067	-0.00047133181942627
4.7695455551147	-0.00044461386278272
4.7707724571228	-0.00041735343984328
4.7719988822937	-0.00038957825745456
4.7732257843018	-0.00036128162173554
4.7744526863098	-0.00033242846257053
4.7756791114807	-0.00030296956538223
4.7769060134888	-0.00027285973192193
4.7781329154968	-0.00024207413662225
4.7793593406677	-0.00021061865845695
4.7805862426758	-0.00017853039025795
4.7818126678467	-0.00014586912584491
4.7830395698547	-0.00011270210961811
4.7842664718628	-7.9087039921433e-05
4.7854928970337	-4.5058390242048e-05
4.7867197990417	-1.0621630281094e-05
4.7879467010498	2.4242865038104e-05
4.7891731262207	5.9567166317720e-05
4.7904000282288	9.5378214609809e-05
4.7916269302368	0.00013168173609301
4.7928533554077	0.00016845281061251
4.7940802574158	0.00020563654834405
4.7953071594238	0.00024315906921402
4.7965335845947	0.00028094562003389
4.7977604866028	0.00031893933191895
4.7989873886108	0.00035711438977160
4.8002138137817	0.00039547836058773
4.8014407157898	0.00043406250188127
4.8026676177979	0.00047290290240198
4.8038940429688	0.00051201990572736
4.8051209449768	0.00055140233598650
4.8063473701477	0.00059100321959704
4.8075742721558	0.00063074816716835
4.8088011741638	0.00067055399995297
4.8100275993347	0.00071034993743524
4.8112545013428	0.00075009331339970
4.8124814033508	0.00078977306839079
4.8137078285217	0.00082939991261810
4.8149347305298	0.00086898670997471
4.8161616325378	0.00090852729044855
4.8173880577087	0.00094798277132213
4.8186149597168	0.00098728062584996
4.8198418617249	0.0010263286530972
4.8210682868958	0.0010650393087417
4.8222951889038	0.0011033533373848
4.8235220909119	0.0011412543244660
4.8247485160828	0.0011787661351264
4.8259754180908	0.0012159346370026
4.8272023200989	0.0012527992948890
4.8284287452698	0.0012893651146442
4.8296556472778	0.0013255873927847
4.8308820724487	0.0013613752089441
4.8321089744568	0.0013966124970466
4.8333358764648	0.0014311897102743
4.8345623016357	0.0014650322264060
4.8357892036438	0.0014981154818088
4.8370161056519	0.0015304605476558
4.8382425308228	0.0015621106140316
4.8394694328308	0.0015931015368551
4.8406963348389	0.0016234334325418
4.8419227600098	0.0016530593857169
4.8431496620178	0.0016818949952722
4.8443765640259	0.0017098437529057
4.8456029891968	0.0017368276603520
4.8468298912048	0.0017628119094297
4.8480567932129	0.0017878103535622
4.8492832183838	0.0018118707230315
4.8505101203918	0.0018350428435951
4.8517370223999	0.0018573456909508
4.8529634475708	0.0018787441076711
4.8541903495789	0.0018991467077285
4.8554167747498	0.0019184282282367
4.8566436767578	0.0019364664331079
4.8578705787659	0.0019531801808625
4.8590970039368	0.0019685551524162
4.8603239059448	0.0019826435018331
4.8615508079529	0.0019955420866609
4.8627772331238	0.0020073505584151
4.8640041351318	0.0020181348081678
4.8652310371399	0.0020278994925320
4.8664574623108	0.0020365861710161
4.8676843643188	0.0020440972875804
4.8689112663269	0.0020503306295723
4.8701376914978	0.0020552140194923
4.8713645935059	0.0020587267354131
4.8725914955139	0.0020608976483345
4.8738179206848	0.0020617847330868
4.8750448226929	0.0020614457316697
4.8762717247009	0.0020599104464054
4.8774981498718	0.0020571690984070
4.8787250518799	0.0020531807094812
4.8799514770508	0.0020478942897171
4.8811783790588	0.0020412791054696
4.8824052810669	0.0020333437714726
4.8836317062378	0.0020241397432983
4.8848586082458	0.0020137452520430
4.8860855102539	0.0020022364333272
4.8873119354248	0.0019896589219570
4.8885388374329	0.0019760120194405
4.8897657394409	0.0019612507894635
4.8909921646118	0.0019453065469861
4.8922190666199	0.0019281177083030
4.8934459686279	0.0019096586620435
4.8946723937988	0.0018899545539171
4.8958992958069	0.0018690767465159
4.8971261978149	0.0018471200019121
4.8983526229858	0.0018241734942421
4.8995795249939	0.0018002968281507
4.9008064270020	0.0017755081644282
4.9020328521729	0.0017497919034213
4.9032597541809	0.0017231202218682
4.9044861793518	0.0016954767052084
4.9057130813599	0.0016668746247888
4.9069399833679	0.0016373591497540
4.9081664085388	0.0016069975681603
4.9093933105469	0.0015758574008942
4.9106202125549	0.0015439868438989
4.9118466377258	0.0015114028938115
4.9130735397339	0.0014780957717448
4.9143004417419	0.0014440453378484
4.9155268669128	0.0014092435594648
4.9167537689209	0.0013737123226747
4.9179806709290	0.0013375096023083
4.9192070960999	0.0013007195666432
4.9204339981079	0.0012634339509532
4.9216609001160	0.0012257283087820
4.9228873252869	0.0011876465287060
4.9241142272949	0.0011491972254589
4.9253411293030	0.0011103650322184
4.9265675544739	0.0010711305076256
4.9277944564819	0.0010314920218661
4.9290208816528	0.00099147809669375
4.9302477836609	0.00095114705618471
4.9314746856689	0.00091057515237480
4.9327011108398	0.00086983840446919
4.9339280128479	0.00082899490371346
4.9351549148560	0.00078807864338160
4.9363813400269	0.00074710184708238
4.9376082420349	0.00070606765802950
4.9388351440430	0.00066498364321887
4.9400615692139	0.00062387215439230
4.9412884712219	0.00058277172502130
4.9425153732300	0.00054173020180315
4.9437417984009	0.00050079252105206
4.9449687004089	0.00045999087160453
4.9461956024170	0.00041934242472053
4.9474220275879	0.00037885591154918
4.9486489295959	0.00033854457433335
4.9498758316040	0.00029843836091459
4.9511022567749	0.00025858907611109
4.9523291587830	0.00021906454639975
4.9535555839539	0.00017993316578213
4.9547824859619	0.00014124483277556
4.9560093879700	0.00010301611473551
4.9572358131409	6.5227315644734e-05
4.9584627151489	2.7833739295602e-05
4.9596896171570	-9.2118280008435e-06
4.9609160423279	-4.5933000365039e-05
4.9621429443359	-8.2310340076219e-05
4.9633698463440	-0.00011827691923827
4.9645962715149	-0.00015373127826024
4.9658231735229	-0.00018856399401557
4.9670500755310	-0.00022268839529715
4.9682765007019	-0.00025606394046918
4.9695034027100	-0.00028870382811874
4.9707303047180	-0.00032066370476969
4.9719567298889	-0.00035201586433686
4.9731836318970	-0.00038281828165054
4.9744100570679	-0.00041308990330435
4.9756369590759	-0.00044280101428740
4.9768638610840	-0.00047188138705678
4.9780902862549	-0.00050024257507175
4.9793171882629	-0.00052780652185902
4.9805440902710	-0.00055452907690778
4.9817705154419	-0.00058041082229465
4.9829974174500	-0.00060549244517460
4.9842243194580	-0.00062983622774482
4.9854507446289	-0.00065350229851902
4.9866776466370	-0.00067652697907761
4.9879045486450	-0.00069891085149720
4.9891309738159	-0.00072061957325786
4.9903578758240	-0.00074159662472084
4.9915847778320	-0.00076178211020306
4.9928112030029	-0.00078113126801327
4.9940381050110	-0.00079962611198425
4.9952650070190	-0.00081727694487199
4.9964914321899	-0.00083411415107548
4.9977183341980	-0.00085017370292917
4.9989447593689	-0.00086548249237239
5.0001716613770	-0.00088004826102406
5.0013985633850	-0.00089385686442256
5.0026249885559	-0.00090687797637656
5.0038518905640	-0.00091907731257379
5.0050787925720	-0.00093042996013537
5.0063052177429	-0.00094093201914802
5.0075321197510	-0.00095060619059950
5.0087590217590	-0.00095949840033427
5.0099854469299	-0.00096766685601324
5.0112123489380	-0.00097516539972275
5.0124392509460	-0.00098202622029930
5.0136656761169	-0.00098824838642031
5.0148925781250	-0.00099379499442875
5.0161194801331	-0.00099860283080488
5.0173459053040	-0.0010026006493717
5.0185728073120	-0.0010057321051136
5.0197997093201	-0.0010079775238410
5.0210261344910	-0.0010093644959852
5.0222530364990	-0.0010099636856467
5.0234794616699	-0.0010098712518811
5.0247063636780	-0.0010091802105308
5.0259332656860	-0.0010079526109621
5.0271596908569	-0.0010061999782920
5.0283865928650	-0.0010038809850812
5.0296134948730	-0.0010009162360802
5.0308399200439	-0.00099721737205982
5.0320668220520	-0.00099271908402443
5.0332937240601	-0.00098740437533706
5.0345201492310	-0.00098131259437650
5.0357470512390	-0.00097452814225107
5.0369739532471	-0.00096715206746012
5.0382003784180	-0.00095927016809583
5.0394272804260	-0.00095092540141195
5.0406541824341	-0.00094210717361420
5.0418806076050	-0.00093276146799326
5.0431075096130	-0.00092281564138830
5.0443344116211	-0.00091221067123115
5.0455608367920	-0.00090092513710260
5.0467877388000	-0.00088898540707305
5.0480141639709	-0.00087645475286990
5.0492410659790	-0.00086340936832130
5.0504679679871	-0.00084990845061839
5.0516943931580	-0.00083597272168845
5.0529212951660	-0.00082157884025946
5.0541481971741	-0.00080667308066040
5.0553746223450	-0.00079119764268398
5.0566015243530	-0.00077511969720945
5.0578284263611	-0.00075845082756132
5.0590548515320	-0.00074124912498519
5.0602817535400	-0.00072360277408734
5.0615086555481	-0.00070560129825026
5.0627350807190	-0.00068730552447960
5.0639619827271	-0.00066872814204544
5.0651888847351	-0.00064983183983713
5.0664153099060	-0.00063054671045393
5.0676422119141	-0.00061079883016646
5.0688691139221	-0.00059054006123915
5.0700955390930	-0.00056976749328896
5.0713224411011	-0.00054852594621480
5.0725488662720	-0.00052689277799800
5.0737757682800	-0.00050495221512392
5.0750026702881	-0.00048276880988851
5.0762290954590	-0.00046037056017667
5.0774559974670	-0.00043774669757113
5.0786828994751	-0.00041485929978080
5.0799093246460	-0.00039166270289570
5.0811362266541	-0.00036812364123762
5.0823631286621	-0.00034423390752636
5.0835895538330	-0.00032001276849769
5.0848164558411	-0.00029549968894571
5.0860433578491	-0.00027074181707576
5.0872697830200	-0.00024578263401054
5.0884966850281	-0.00022065610392019
5.0897235870361	-0.00019538745982572
5.0909500122070	-0.00016999739455059
5.0921769142151	-0.00014450642629527
5.0934038162231	-0.00011893610644620
5.0946302413940	-9.3305265181698e-05
5.0958571434021	-6.7623273935169e-05
5.0970835685730	-4.1884828533512e-05
5.0983104705811	-1.6070493074949e-05
5.0995373725891	9.8452437669039e-06
5.1007637977600	3.5880890209228e-05
5.1019906997681	6.2034596339799e-05
5.1032176017761	8.8276457972825e-05
5.1044440269470	0.00011455044295872
5.1056709289551	0.00014078673848417
5.1068978309631	0.00016692084318493
5.1081242561340	0.00019291187345516
5.1093511581421	0.00021875274251215
5.1105780601501	0.00024446749011986
5.1118044853210	0.00027009585755877
5.1130313873291	0.00029567105229944
5.1142582893372	0.00032119883690029
5.1154847145081	0.00034664658596739
5.1167116165161	0.00037194721517153
5.1179385185242	0.00039701681816950
5.1191649436951	0.00042177963769063
5.1203918457031	0.00044619035907090
5.1216182708740	0.00047024525702000
5.1228451728821	0.00049397762631997
5.1240720748901	0.00051743845688179
5.1252985000610	0.00054066971642897
5.1265254020691	0.00056368083460256
5.1277523040771	0.00058643682859838
5.1289787292480	0.00060886365827173
5.1302056312561	0.00063086790032685
5.1314325332642	0.00065236492082477
5.1326589584351	0.00067330268211663
5.1338858604431	0.00069367478135973
5.1351127624512	0.00071351620135829
5.1363391876221	0.00073288439307362
5.1375660896301	0.00075183267472312
5.1387929916382	0.00077038555173203
5.1400194168091	0.00078852579463273
5.1412463188171	0.00080619577784091
5.1424732208252	0.00082331406883895
5.1436996459961	0.00083979795454070
5.1449265480042	0.00085558573482558
5.1461529731750	0.00087064923718572
5.1473798751831	0.00088499457342550
5.1486067771912	0.00089865078916773
5.1498332023621	0.00091165257617831
5.1510601043701	0.00092402333393693
5.1522870063782	0.00093576527433470
5.1535134315491	0.00094685889780521
5.1547403335571	0.00095727038569748
5.1559672355652	0.00096696289256215
5.1571936607361	0.00097590696532279
5.1584205627441	0.00098408537451178
5.1596474647522	0.00099149206653237
5.1608738899231	0.00099812587723136
5.1621007919312	0.0010039852932096
5.1633276939392	0.0010090630967170
5.1645541191101	0.0010133465984836
5.1657810211182	0.0010168218286708
5.1670079231262	0.0010194799397141
5.1682343482971	0.0010213200002909
5.1694612503052	0.0010223484132439
5.1706876754761	0.0010225732112303
5.1719145774841	0.0010219974210486
5.1731414794922	0.0010206121951342
5.1743679046631	0.0010183965787292
5.1755948066711	0.0010153228649870
5.1768217086792	0.0010113666066900
5.1780481338501	0.0010065176757053
5.1792750358582	0.0010007874807343
5.1805019378662	0.00099420908372849
5.1817283630371	0.00098682823590934
5.1829552650452	0.00097868870943785
5.1841821670532	0.00096981797832996
5.1854085922241	0.00096021790523082
5.1866354942322	0.00094986619660631
5.1878623962402	0.00093872722936794
5.1890888214111	0.00092677026987076
5.1903157234192	0.00091398600488901
5.1915421485901	0.00090039620408788
5.1927690505981	0.00088604964548722
5.1939959526062	0.00087100767996162
5.1952223777771	0.00085532141383737
5.1964492797852	0.00083901186008006
5.1976761817932	0.00082205981016159
5.1989026069641	0.00080441241152585
5.2001295089722	0.00078600458800793
5.2013564109802	0.00076678895857185
5.2025828361511	0.00074676319491118
5.2038097381592	0.00072598381666467
5.2050366401672	0.00070455984678119
5.2062630653381	0.00068262539571151
5.2074899673462	0.00066030176822096
5.2087168693542	0.00063766021048650
5.2099432945251	0.00061470048967749
5.2111701965332	0.00059135316405445
5.2123970985413	0.00056750711519271
5.2136235237122	0.00054305233061314
5.2148504257202	0.00051792536396533
5.2160768508911	0.00049213843885809
5.2173037528992	0.00046578323235735
5.2185306549072	0.00043900575838052
5.2197570800781	0.00041196227539331
5.2209839820862	0.00038477097405121
5.2222108840942	0.00035747740184888
5.2234373092651	0.00033004686702043
5.2246642112732	0.00030238629551604
5.2258911132812	0.00027438829420134
5.2271175384521	0.00024598120944574
5.2283444404602	0.00021716605988331
5.2295713424683	0.00018802615522873
5.2307977676392	0.00015870554489084
5.2320246696472	0.00012936393613927
5.2332515716553	0.00010012540587923
5.2344779968262	7.1040172770154e-05
5.2357048988342	4.2073592339875e-05
5.2369318008423	1.3126651538187e-05
5.2381582260132	-1.5919436918921e-05
5.2393851280212	-4.5151136873756e-05
5.2406115531921	-7.4582676461432e-05
5.2418384552002	-0.00010414351709187
5.2430653572083	-0.00013369742373470
5.2442917823792	-0.00016308590420522
5.2455186843872	-0.00019217935914639
5.2467455863953	-0.00022091640857980
5.2479720115662	-0.00024931653751992
5.2491989135742	-0.00027746180421673
5.2504258155823	-0.00030545555637218
5.2516522407532	-0.00033337384229526
5.2528791427612	-0.00036122920573689
5.2541060447693	-0.00038896041223779
5.2553324699402	-0.00041645212331787
5.2565593719482	-0.00044357602018863
5.2577862739563	-0.00047023643855937
5.2590126991272	-0.00049640267388895
5.2602396011353	-0.00052211509319022
5.2614665031433	-0.00054746295791119
5.2626929283142	-0.00057254277635366
5.2639198303223	-0.00059741281438619
5.2651462554932	-0.00062206358416006
5.2663731575012	-0.00064641458448023
5.2676000595093	-0.00067033874802291
5.2688264846802	-0.00069370557321236
5.2700533866882	-0.00071642437251285
5.2712802886963	-0.00073847279418260
5.2725067138672	-0.00075989880133420
5.2737336158752	-0.00078079546801746
5.2749605178833	-0.00080125976819545
5.2761869430542	-0.00082135136472061
5.2774138450623	-0.00084106763824821
5.2786407470703	-0.00086034392006695
5.2798671722412	-0.00087907910346985
5.2810940742493	-0.00089717545779422
5.2823209762573	-0.00091457756934687
5.2835474014282	-0.00093129428569227
5.2847743034363	-0.00094739382620901
5.2860012054443	-0.00096297467825934
5.2872276306152	-0.00097812584135681
5.2884545326233	-0.00099288893397897
5.2896809577942	-0.0010072399163619
5.2909078598022	-0.0010210950858891
5.2921347618103	-0.0010343405883759
5.2933611869812	-0.0010468744440004
5.2945880889893	-0.0010586422868073
5.2958149909973	-0.0010696564568207
5.2970414161682	-0.0010799893643707
5.2982683181763	-0.0010897438041866
5.2994952201843	-0.0010990130249411
5.3007216453552	-0.0011078446405008
5.3019485473633	-0.0011162243317813
5.3031754493713	-0.0011240829480812
5.3044018745422	-0.0011313252616674
5.3056287765503	-0.0011378688504919
5.3068556785583	-0.0011436772765592
5.3080821037292	-0.0011487755691633
5.3093090057373	-0.0011532420758158
5.3105359077454	-0.0011571799404919
5.3117623329163	-0.0011606788029894
5.3129892349243	-0.0011637837160379
5.3142156600952	-0.0011664804769680
5.3154425621033	-0.0011687038931996
5.3166694641113	-0.0011703660711646
5.3178958892822	-0.0011713937856257
5.3191227912903	-0.0011717575835064
5.3203496932983	-0.0011714854044840
5.3215761184692	-0.0011706515215337
5.3228030204773	-0.0011693480191752
5.3240299224854	-0.0011676477733999
5.3252563476562	-0.0011655749985948
5.3264832496643	-0.0011630957014859
5.3277101516724	-0.0011601294390857
5.3289365768433	-0.0011565814493224
5.3301634788513	-0.0011523824650794
5.3313903808594	-0.0011475193314254
5.3326168060303	-0.0011420464143157
5.3338437080383	-0.0011360708158463
5.3350706100464	-0.0011297183809802
5.3362970352173	-0.0011230905074626
5.3375239372253	-0.0011162294540554
5.3387503623962	-0.0011091047199443
5.3399772644043	-0.0011016253847629
5.3412041664124	-0.0010936751496047
5.3424305915833	-0.0010851578554139
5.3436574935913	-0.0010760354343802
5.3448843955994	-0.0010663452558219
5.3461108207703	-0.0010561895323917
5.3473377227783	-0.0010457005118951
5.3485646247864	-0.0010349949588999
5.3497910499573	-0.0010241325944662
5.3510179519653	-0.0010130960727111
5.3522448539734	-0.0010017987806350
5.3534712791443	-0.00099011790007353
5.3546981811523	-0.00097794050816447
5.3559250831604	-0.00096520537044853
5.3571515083313	-0.00095192447770387
5.3583784103394	-0.00093818001914769
5.3596053123474	-0.00092409411445260
5.3608317375183	-0.00090978620573878
5.3620586395264	-0.00089533277787268
5.3632850646973	-0.00088074477389455
5.3645119667053	-0.00086596992332488
5.3657388687134	-0.00085091800428927
5.3669652938843	-0.00083549978444353
5.3681921958923	-0.00081966316793114
5.3694190979004	-0.00080341316061094
5.3706455230713	-0.00078680919250473
5.3718724250793	-0.00076994148548692
5.3730993270874	-0.00075289711821824
5.3743257522583	-0.00073572952533141
5.3755526542664	-0.00071844371268526
5.3767795562744	-0.00070100201992318
5.3780059814453	-0.00068334664683789
5.3792328834534	-0.00066542840795591
5.3804597854614	-0.00064723071409389
5.3816862106323	-0.00062877690652385
5.3829131126404	-0.00061011931393296
5.3841395378113	-0.00059131492162123
5.3853664398193	-0.00057239847956225
5.3865933418274	-0.00055336533114314
5.3878197669983	-0.00053417240269482
5.3890466690063	-0.00051475648069754
5.3902735710144	-0.00049506378127262
5.3914999961853	-0.00047507777344435
5.3927268981934	-0.00045483378926292
5.3939538002014	-0.00043441294110380
5.3951802253723	-0.00041391793638468
5.3964071273804	-0.00039343890966848
5.3976340293884	-0.00037302303826436
5.3988604545593	-0.00035265961196274
5.4000873565674	-0.00033228710526600
5.4013142585754	-0.00031181954545900
5.4025406837463	-0.00029118233942427
5.4037675857544	-0.00027034356025979
5.4049944877625	-0.00024932858650573
5.4062209129333	-0.00022821256425232
5.4074478149414	-0.00020709395175800
5.4086742401123	-0.00018605930381455
5.4099011421204	-0.00016515374591108
5.4111280441284	-0.00014436831406783
5.4123544692993	-0.00012364886060823
5.4135813713074	-0.00010292255319655
5.4148082733154	-8.2131293311249e-05
5.4160346984863	-6.1259255744517e-05
5.4172616004944	-4.0343606087845e-05
5.4184885025024	-1.9464707293082e-05
5.4197149276733	1.2802756828023e-06
5.4209418296814	2.1810017642565e-05
5.4221687316895	4.2085066525033e-05
5.4233951568604	6.2117760535330e-05
5.4246220588684	8.1962651165668e-05
5.4258489608765	0.00010169109009439
5.4270753860474	0.00012135985889472
5.4283022880554	0.00014098564861342
5.4295291900635	0.00016053486615419
5.4307556152344	0.00017993214714807
5.4319825172424	0.00019908409740310
5.4332089424133	0.00021790897881147
5.4344358444214	0.00023636218975298
5.4356627464294	0.00025444835773669
5.4368891716003	0.00027221586788073
5.4381160736084	0.00028973605367355
5.4393429756165	0.00030707451514900
5.4405694007874	0.00032426422694698
5.4417963027954	0.00034128996776417
5.4430232048035	0.00035808846587315
5.4442496299744	0.00037456440622918
5.4454765319824	0.00039061621646397
5.4467034339905	0.00040616316255182
5.4479298591614	0.00042116548866034
5.4491567611694	0.00043563146027736
5.4503836631775	0.00044960976811126
5.4516100883484	0.00046316999942064
5.4528369903564	0.00047637711395510
5.4540638923645	0.00048926897579804
5.4552903175354	0.00050184293650091
5.4565172195435	0.00051405606791377
5.4577436447144	0.00052583898650482
5.4589705467224	0.00053711852524430
5.4601974487305	0.00054784072563052
5.4614238739014	0.00055798713583499
5.4626507759094	0.00056757859420031
5.4638776779175	0.00057666405336931
5.4651041030884	0.00058529950911179
5.4663310050964	0.00059352244716138
5.4675579071045	0.00060133298393339
5.4687843322754	0.00060868792934343
5.4700112342834	0.00061551108956337
5.4712381362915	0.00062171655008569
5.4724645614624	0.00062723667360842
5.4736914634705	0.00063204544130713
5.4749183654785	0.00063616794068366
5.4761447906494	0.00063967239111662
5.4773716926575	0.00064264575485140
5.4785985946655	0.00064516230486333
5.4798250198364	0.00064725679112598
5.4810519218445	0.00064891087822616
5.4822783470154	0.00065006007207558
5.4835052490234	0.00065061752684414
5.4847321510315	0.00065050728153437
5.4859585762024	0.00064969371305779
5.4871854782104	0.00064819573890418
5.4884123802185	0.00064608018146828
5.4896388053894	0.00064343714620918
5.4908657073975	0.00064034573733807
5.4920926094055	0.00063684373162687
5.4933190345764	0.00063291296828538
5.4945459365845	0.00062848569359630
5.4957728385925	0.00062346947379410
5.4969992637634	0.00061778171220794
5.4982261657715	0.00061138020828366
5.4994530677795	0.00060427899006754
5.5006794929504	0.00059654359938577
5.5019063949585	0.00058826879831031
5.5031332969666	0.00057954678777605
5.5043597221375	0.00057043950073421
5.5055866241455	0.00056096329353750
5.5068130493164	0.00055109249660745
5.5080399513245	0.00054077722597867
5.5092668533325	0.00052996847080067
5.5104932785034	0.00051863933913410
5.5117201805115	0.00050679431296885
5.5129470825195	0.00049446534831077
5.5141735076904	0.00048169688670896
5.5154004096985	0.00046852891682647
5.5166273117065	0.00045498408144340
5.5178537368774	0.00044106540735811
5.5190806388855	0.00042676390148699
5.5203075408936	0.00041207176400349
5.5215339660645	0.00039699388435110
5.5227608680725	0.00038155238144100
5.5239877700806	0.00036578197614290
5.5252141952515	0.00034971837885678
5.5264410972595	0.00033338612411171
5.5276679992676	0.00031679146923125
5.5288944244385	0.00029992480995134
5.5301213264465	0.00028277141973376
5.5313477516174	0.00026532489573583
5.5325746536255	0.00024759769439697
5.5338015556335	0.00022962302318774
5.5350279808044	0.00021144736092538
5.5362548828125	0.00019311657524668
5.5374817848206	0.00017466209828854
5.5387082099915	0.00015609383990522
5.5399351119995	0.00013740303984378
5.5411620140076	0.00011857380013680
5.5423884391785	9.9598022643477e-05
5.5436153411865	8.0487719969824e-05
5.5448422431946	6.1277816712391e-05
5.5460686683655	4.2018014937639e-05
5.5472955703735	2.2756836187909e-05
5.5485224723816	3.5251885037724e-06
5.5497488975525	-1.5672841982450e-05
5.5509757995605	-3.4857581340475e-05
5.5522027015686	-5.4060390539235e-05
5.5534291267395	-7.3304727266077e-05
5.5546560287476	-9.2590089479927e-05
5.5558824539185	-0.00011188656935701
5.5571093559265	-0.00013114244211465
5.5583362579346	-0.00015030147915240
5.5595626831055	-0.00016932225844357
5.5607895851135	-0.00018819057731889
5.5620164871216	-0.00020691950339824
5.5632429122925	-0.00022553594317287
5.5644698143005	-0.00024406022566836
5.5656967163086	-0.00026248791255057
5.5669231414795	-0.00028078234754503
5.5681500434875	-0.00029888231074437
5.5693769454956	-0.00031672196928412
5.5706033706665	-0.00033425478613935
5.5718302726746	-0.00035147016751580
5.5730571746826	-0.00036839523818344
5.5742835998535	-0.00038507999852300
5.5755105018616	-0.00040157246985473
5.5767369270325	-0.00041789482929744
5.5779638290405	-0.00043403069139458
5.5791907310486	-0.00044992985203862
5.5804171562195	-0.00046552927233279
5.5816440582275	-0.00048078084364533
5.5828709602356	-0.00049567350652069
5.5840973854065	-0.00051023846026510
5.5853242874146	-0.00052453472744673
5.5865511894226	-0.00053861882770434
5.5877776145935	-0.00055251229787245
5.5890045166016	-0.00056618091184646
5.5902314186096	-0.00057953741634265
5.5914578437805	-0.00059246789896861
5.5926847457886	-0.00060487259179354
5.5939116477966	-0.00061670551076531
5.5951380729675	-0.00062799587612972
5.5963649749756	-0.00063884106930345
5.5975918769836	-0.00064937229035422
5.5988183021545	-0.00065970490686595
5.6000452041626	-0.00066989293554798
5.6012716293335	-0.00067990523530170
5.6024985313416	-0.00068963336525485
5.6037254333496	-0.00069892953615636
5.6049518585205	-0.00070765975397080
5.6061787605286	-0.00071575242327526
5.6074056625366	-0.00072322215419263
5.6086320877075	-0.00073016079841182
5.6098589897156	-0.00073669961420819
5.6110858917236	-0.00074295757804066
5.6123123168945	-0.00074899679748341
5.6135392189026	-0.00075480144005269
5.6147661209106	-0.00076028815237805
5.6159925460815	-0.00076534261461347
5.6172194480896	-0.00076986657222733
5.6184463500977	-0.00077381613664329
5.6196727752686	-0.00077721575507894
5.6208996772766	-0.00078014365863055
5.6221265792847	-0.00078269583173096
5.6233530044556	-0.00078494392801076
5.6245799064636	-0.00078690540976822
5.6258063316345	-0.00078853790182620
5.6270332336426	-0.00078975845826790
5.6282601356506	-0.00079048029147089
5.6294865608215	-0.00079065072350204
5.6307134628296	-0.00079027330502868
5.6319403648376	-0.00078940804814920
5.6331667900085	-0.00078814721200615
5.6343936920166	-0.00078657909762114
5.6356205940247	-0.00078475364716724
5.6368470191956	-0.00078266341006383
5.6380739212036	-0.00078024732647464
5.6393008232117	-0.00077741488348693
5.6405272483826	-0.00077408028300852
5.6417541503906	-0.00077019335003570
5.6429810523987	-0.00076575495768338
5.6442074775696	-0.00076081271981820
5.6454343795776	-0.00075544085120782
5.6466612815857	-0.00074971182039008
5.6478877067566	-0.00074367225170135
5.6491146087646	-0.00073733029421419
5.6503410339355	-0.00073065911419690
5.6515679359436	-0.00072361208731309
5.6527948379517	-0.00071614270564169
5.6540212631226	-0.00070822215639055
5.6552481651306	-0.00069984677247703
5.6564750671387	-0.00069103657733649
5.6577014923096	-0.00068182562245056
5.6589283943176	-0.00067224982194602
5.6601552963257	-0.00066233729012311
5.6613817214966	-0.00065210374305025
5.6626086235046	-0.00064155203290284
5.6638355255127	-0.00063067593146116
5.6650619506836	-0.00061946432106197
5.6662888526917	-0.00060790585121140
5.6675157546997	-0.00059599214000627
5.6687421798706	-0.00058372056810185
5.6699690818787	-0.00057109666522592
5.6711959838867	-0.00055813515791669
5.6724224090576	-0.00054485839791596
5.6736493110657	-0.00053129065781832
5.6748757362366	-0.00051744974916801
5.6761026382446	-0.00050333846593276
5.6773295402527	-0.00048893940402195
5.6785559654236	-0.00047421795898117
5.6797828674316	-0.00045913382200524
5.6810097694397	-0.00044365861685947
5.6822361946106	-0.00042779385694303
5.6834630966187	-0.00041158165549859
5.6846899986267	-0.00039510117494501
5.6859164237976	-0.00037844912731089
5.6871433258057	-0.00036171023384668
5.6883702278137	-0.00034492759732530
5.6895966529846	-0.00032808512332849
5.6908235549927	-0.00031111057614908
5.6920504570007	-0.00029389982228167
5.6932768821716	-0.00027635582955554
5.6945037841797	-0.00025842784089036
5.6957306861877	-0.00024013550137170
5.6969571113586	-0.00022156728664413
5.6981840133667	-0.00020285238861106
5.6994104385376	-0.00018411621567793
5.7006373405457	-0.00016543589299545
5.7018642425537	-0.00014681342872791
5.7030906677246	-0.00012817788228858
5.7043175697327	-0.00010941635264317
5.7055444717407	-9.0421963250265e-05
5.7067708969116	-7.1139278588817e-05
5.7079977989197	-5.1589107897598e-05
5.7092247009277	-3.1863084586803e-05
5.7104511260986	-1.2089742995158e-05
5.7116780281067	7.6133237598697e-06
5.7129049301147	2.7181642508367e-05
5.7141313552856	4.6622368245153e-05
5.7153582572937	6.6001608502120e-05
5.7165851593018	8.5406478319783e-05
5.7178115844727	0.00010489831038285
5.7190384864807	0.00012447785411496
5.7202653884888	0.00014407791604754
5.7214918136597	0.00016358771244995
5.7227187156677	0.00018289871513844
5.7239451408386	0.00020195191609673
5.7251720428467	0.00022076535969973
5.7263989448547	0.00023942865664139
5.7276253700256	0.00025806482881308
5.7288522720337	0.00027677405159920
5.7300791740417	0.00029558315873146
5.7313055992126	0.00031442273757420
5.7325325012207	0.00033314325264655
5.7337594032288	0.00035156562807970
5.7349858283997	0.00036954629467800
5.7362127304077	0.00038703106110916
5.7374396324158	0.00040407507913187
5.7386660575867	0.00042081950232387
5.7398929595947	0.00043743374408223
5.7411198616028	0.00045404490083456
5.7423462867737	0.00047068344429135
5.7435731887817	0.00048726634122431
5.7448000907898	0.00050362583715469
5.7460265159607	0.00051957246614620
5.7472534179688	0.00053496670443565
5.7484798431396	0.00054977025138214
5.7497067451477	0.00056405575014651
5.7509336471558	0.00057797244517133
5.7521600723267	0.00059167924337089
5.7533869743347	0.00060527451569214
5.7546138763428	0.00061874923994765
5.7558403015137	0.00063198391580954
5.7570672035217	0.00064479035791010
5.7582941055298	0.00065698102116585
5.7595205307007	0.00066843890817836
5.7607474327087	0.00067916006082669
5.7619743347168	0.00068925268715248
5.7632007598877	0.00069889327278361
5.7644276618958	0.00070825673174113
5.7656545639038	0.00071744859451428
5.7668809890747	0.00072646612534299
5.7681078910828	0.00073520164005458
5.7693343162537	0.00074348581256345
5.7705612182617	0.00075115240179002
5.7717881202698	0.00075809948612005
5.7730145454407	0.00076432304922491
5.7742414474487	0.00076991110108793
5.7754683494568	0.00077500275801867
5.7766947746277	0.00077972991857678
5.7779216766357	0.00078416516771540
5.7791485786438	0.00078829575795680
5.7803750038147	0.00079203152563423
5.7816019058228	0.00079524196917191
5.7828288078308	0.00079780700616539
5.7840552330017	0.00079966022167355
5.7852821350098	0.00080080842599273
5.7865090370178	0.00080132239963859
5.7877354621887	0.00080130452988669
5.7889623641968	0.00080084824003279
5.7901892662048	0.00080000475281850
5.7914156913757	0.00079877057578415
5.7926425933838	0.00079709751298651
5.7938690185547	0.00079491880023852
5.7950959205627	0.00079217960592359
5.7963228225708	0.00078885862603784
5.7975492477417	0.00078497373033315
5.7987761497498	0.00078057072823867
5.8000030517578	0.00077570253051817
5.8012294769287	0.00077040726318955
5.8024563789368	0.00076469592750072
5.8036832809448	0.00075855298200622
5.8049097061157	0.00075194792589173
5.8061366081238	0.00074485299410298
5.8073635101318	0.00073725695256144
5.8085899353027	0.00072917109355330
5.8098168373108	0.00072062428807840
5.8110437393188	0.00071165215922520
5.8122701644897	0.00070228485856205
5.8134970664978	0.00069253874244168
5.8147239685059	0.00068241509143263
5.8159503936768	0.00067190569825470
5.8171772956848	0.00066100142430514
5.8184037208557	0.00064969999948516
5.8196306228638	0.00063800951465964
5.8208575248718	0.00062594719929621
5.8220839500427	0.00061353523051366
5.8233108520508	0.00060079584363848
5.8245377540588	0.00058774836361408
5.8257641792297	0.00057440943783149
5.8269910812378	0.00056079577188939
5.8282179832458	0.00054692634148523
5.8294444084167	0.00053282122826204
5.8306713104248	0.00051849812734872
5.8318982124329	0.00050396734150127
5.8331246376038	0.00048922857968137
5.8343515396118	0.00047427098616026
5.8355784416199	0.00045907843741588
5.8368048667908	0.00044363876804709
5.8380317687988	0.00042795282206498
5.8392586708069	0.00041203931323253
5.8404850959778	0.00039593325345777
5.8417119979858	0.00037967754178680
5.8429384231567	0.00036331149749458
5.8441653251648	0.00034686047001742
5.8453922271729	0.00033033092040569
5.8466186523438	0.00031371371005662
5.8478455543518	0.00029699382139370
5.8490724563599	0.00028016339638270
5.8502988815308	0.00026323163183406
5.8515257835388	0.00024622780620120
5.8527526855469	0.00022919547336642
5.8539791107178	0.00021218039910309
5.8552060127258	0.00019521696958691
5.8564329147339	0.00017831902368926
5.8576593399048	0.00016147905262187
5.8588862419128	0.00014467634900939
5.8601131439209	0.00012789017637260
5.8613395690918	0.00011111258936580
5.8625664710999	9.4355687906500e-05
5.8637933731079	7.7649914601352e-05
5.8650197982788	6.1034061218379e-05
5.8662467002869	4.4541680836119e-05
5.8674731254578	2.8189711883897e-05
5.8687000274658	1.1974502740486e-05
5.8699269294739	-4.1226580833609e-06
5.8711533546448	-2.0123108697589e-05
5.8723802566528	-3.6036770325154e-05
5.8736071586609	-5.1852293836419e-05
5.8748335838318	-6.7535947891884e-05
5.8760604858398	-8.3039682067465e-05
5.8772873878479	-9.8315256764181e-05
5.8785138130188	-0.00011332906433381
5.8797407150269	-0.00012807169696316
5.8809676170349	-0.00014255833229981
5.8821940422058	-0.00015681973309256
5.8834209442139	-0.00017088757886086
5.8846478462219	-0.00018477984122001
5.8858742713928	-0.00019849230011459
5.8871011734009	-0.00021199914044701
5.8883280754089	-0.00022526241082232
5.8895545005798	-0.00023824584786780
5.8907814025879	-0.00025092688156292
5.8920078277588	-0.00026330185937695
5.8932347297668	-0.00027538239373825
5.8944616317749	-0.00028718513203785
5.8956880569458	-0.00029871938750148
5.8969149589539	-0.00030997861176729
5.8981418609619	-0.00032093899790198
5.8993682861328	-0.00033156730933115
5.9005951881409	-0.00034183377283625
5.9018220901489	-0.00035172555362806
5.9030485153198	-0.00036125400220044
5.9042754173279	-0.00037045258795843
5.9055023193359	-0.00037936569424346
5.9067287445068	-0.00038803153438494
5.9079556465149	-0.00039646530058235
5.9091825485229	-0.00040464915218763
5.9104089736938	-0.00041253431118093
5.9116358757019	-0.00042005418799818
5.9128627777100	-0.00042714504525065
5.9140892028809	-0.00043376657413319
5.9153161048889	-0.00043991630082019
5.9165425300598	-0.00044563063420355
5.9177694320679	-0.00045097307884134
5.9189963340759	-0.00045601275633089
5.9202227592468	-0.00046080118045211
5.9214496612549	-0.00046535528963432
5.9226765632629	-0.00046965206274763
5.9239029884338	-0.00047363687190227
5.9251298904419	-0.00047724231262691
5.9263567924500	-0.00048041087575257
5.9275832176208	-0.00048311296268366
5.9288101196289	-0.00048535509267822
5.9300370216370	-0.00048717416939326
5.9312634468079	-0.00048862223047763
5.9324903488159	-0.00048974563833326
5.9337172508240	-0.00049056834541261
5.9349436759949	-0.00049108400708064
5.9361705780029	-0.00049126055091619
5.9373974800110	-0.00049105391371995
5.9386239051819	-0.00049042684258893
5.9398508071899	-0.00048936414532363
5.9410772323608	-0.00048787979176268
5.9423041343689	-0.00048601246089675
5.9435310363770	-0.00048381078522652
5.9447574615479	-0.00048131565563381
5.9459843635559	-0.00047854497097433
5.9472112655640	-0.00047548775910400
5.9484376907349	-0.00047210883349180
5.9496645927429	-0.00046836302499287
5.9508914947510	-0.00046421220758930
5.9521179199219	-0.00045963909360580
5.9533448219299	-0.00045465270522982
5.9545717239380	-0.00044928339775652
5.9557981491089	-0.00044357101432979
5.9570250511169	-0.00043755065416917
5.9582519531250	-0.00043124239891768
5.9594783782959	-0.00042464942089282
5.9607052803040	-0.00041776348371059
5.9619321823120	-0.00041057451744564
5.9631586074829	-0.00040307966992259
5.9643855094910	-0.00039528659544885
5.9656119346619	-0.00038720914744772
5.9668388366699	-0.00037885774509050
5.9680657386780	-0.00037022927426733
5.9692921638489	-0.00036130286753178
5.9705190658569	-0.00035204502637498
5.9717459678650	-0.00034242332912982
5.9729723930359	-0.00033242438803427
5.9741992950439	-0.00032206767355092
5.9754261970520	-0.00031140854116529
5.9766526222229	-0.00030052635702305
5.9778795242310	-0.00028950104024261
5.9791064262390	-0.00027838593814522
5.9803328514099	-0.00026718783192337
5.9815597534180	-0.00025586233823560
5.9827866554260	-0.00024432811187580
5.9840130805969	-0.00023249637160916
5.9852399826050	-0.00022030490799807
5.9864664077759	-0.00020774344739038
5.9876933097839	-0.00019486036035232
5.9889202117920	-0.00018174712022301
5.9901466369629	-0.00016850678366609
5.9913735389709	-0.00015521826571785
5.9926004409790	-0.00014190957881510
5.9938268661499	-0.00012855135719292
5.9950537681580	-0.00011507314047776
5.9962806701660	-0.00010139595542569
5.9975070953369	-8.7468150013592e-05
5.9987339973450	-7.3289942520205e-05
