#Parameters = {L=90; W=90; d=0.8; d_antenna=50; gap=50; gap_volt_1=50; height_plate=120; my_die=5; r_aperature=10; t=0.035; t_bone=16; t_fat=10; t_muscle=20; t_plate=1; t_skin=2; voltage_monitor1=40; voltage_monitor2=200; width_plate=120}
#"Time / ns"	"o2,1 [Real / W^(1/2)]"
#-----------------------------------
0.0000000000000	0.0000000000000
0.0012267349520698	0.0000000000000
0.0024534699041396	0.0000000000000
0.0036802049726248	0.0000000000000
0.0049069398082793	0.0000000000000
0.0061336746439338	0.0000000000000
0.0073604099452496	0.0000000000000
0.0085871443152428	0.0000000000000
0.0098138796165586	0.0000000000000
0.011040614917874	0.0000000000000
0.012267349287868	0.0000000000000
0.013494084589183	0.0000000000000
0.014720819890499	0.0000000000000
0.015947554260492	0.0000000000000
0.017174288630486	0.0000000000000
0.018401024863124	0.0000000000000
0.019627759233117	0.0000000000000
0.020854493603110	0.0000000000000
0.022081229835749	0.0000000000000
0.023307964205742	0.0000000000000
0.024534698575735	0.0000000000000
0.025761434808373	0.0000000000000
0.026988169178367	0.0000000000000
0.028214903548360	0.0000000000000
0.029441639780998	0.0000000000000
0.030668374150991	0.0000000000000
0.031895108520985	0.0000000000000
0.033121842890978	0.0000000000000
0.034348577260971	0.0000000000000
0.035575315356255	0.0000000000000
0.036802049726248	0.0000000000000
0.038028784096241	0.0000000000000
0.039255518466234	0.0000000000000
0.040482252836227	0.0000000000000
0.041708987206221	0.0000000000000
0.042935725301504	0.0000000000000
0.044162459671497	0.0000000000000
0.045389194041491	0.0000000000000
0.046615928411484	0.0000000000000
0.047842662781477	0.0000000000000
0.049069397151470	0.0000000000000
0.050296135246754	0.0000000000000
0.051522869616747	0.0000000000000
0.052749603986740	0.0000000000000
0.053976338356733	0.0000000000000
0.055203072726727	0.0000000000000
0.056429807096720	0.0000000000000
0.057656545192003	0.0000000000000
0.058883279561996	0.0000000000000
0.060110013931990	0.0000000000000
0.061336748301983	0.0000000000000
0.062563486397266	0.0000000000000
0.063790217041969	0.0000000000000
0.065016955137253	0.0000000000000
0.066243685781956	0.0000000000000
0.067470423877239	0.0000000000000
0.068697154521942	0.0000000000000
0.069923892617226	0.0000000000000
0.071150630712509	0.0000000000000
0.072377361357212	0.0000000000000
0.073604099452496	0.0000000000000
0.074830830097198	0.0000000000000
0.076057568192482	0.0000000000000
0.077284306287766	0.0000000000000
0.078511036932468	0.0000000000000
0.079737775027752	0.0000000000000
0.080964505672455	0.0000000000000
0.082191243767738	0.0000000000000
0.083417974412441	0.0000000000000
0.084644712507725	0.0000000000000
0.085871450603008	0.0000000000000
0.087098181247711	0.0000000000000
0.088324919342995	0.0000000000000
0.089551649987698	0.0000000000000
0.090778388082981	0.0000000000000
0.092005126178265	0.0000000000000
0.093231856822968	0.0000000000000
0.094458594918251	0.0000000000000
0.095685325562954	0.0000000000000
0.096912063658237	0.0000000000000
0.098138794302940	0.0000000000000
0.099365532398224	0.0000000000000
0.10059227049351	0.0000000000000
0.10181900113821	0.0000000000000
0.10304573923349	0.0000000000000
0.10427246987820	0.0000000000000
0.10549920797348	0.0000000000000
0.10672593861818	0.0000000000000
0.10795267671347	0.0000000000000
0.10917941480875	0.0000000000000
0.11040614545345	0.0000000000000
0.11163288354874	0.0000000000000
0.11285961419344	0.0000000000000
0.11408635228872	0.0000000000000
0.11531309038401	0.0000000000000
0.11653982102871	0.0000000000000
0.11776655912399	0.0000000000000
0.11899328976870	0.0000000000000
0.12022002786398	0.0000000000000
0.12144675850868	0.0000000000000
0.12267349660397	0.0000000000000
0.12390023469925	0.0000000000000
0.12512697279453	0.0000000000000
0.12635369598866	0.0000000000000
0.12758043408394	0.0000000000000
0.12880717217922	0.0000000000000
0.13003391027451	0.0000000000000
0.13126064836979	0.0000000000000
0.13248737156391	0.0000000000000
0.13371410965919	-2.0043296020864e-38
0.13494084775448	-2.4380391559105e-37
0.13616758584976	-1.2763325954630e-36
0.13739430904388	-5.1950683696271e-36
0.13862104713917	-1.9314653576168e-35
0.13984778523445	-6.8276976506611e-35
0.14107452332973	-2.3179798100830e-34
0.14230126142502	-7.5907552296124e-34
0.14352798461914	-2.4041530050544e-33
0.14475472271442	-7.3750089453888e-33
0.14598146080971	-2.1927883209222e-32
0.14720819890499	-6.3216699103889e-32
0.14843493700027	-1.7675537097100e-31
0.14966166019440	-4.7939720613822e-31
0.15088839828968	-1.2614253388561e-30
0.15211513638496	-3.2204809961682e-30
0.15334187448025	-7.9783543783530e-30
0.15456861257553	-1.9180965252650e-29
0.15579533576965	-4.4752205181229e-29
0.15702207386494	-1.0133499476925e-28
0.15824881196022	-2.2269604984147e-28
0.15947555005550	-4.7497890956410e-28
0.16070228815079	-9.8319831070686e-28
0.16192901134491	-1.9751815582621e-27
0.16315574944019	-3.8509408350050e-27
0.16438248753548	-7.2865325367156e-27
0.16560922563076	-1.3380749578252e-26
0.16683594882488	-2.3849312813548e-26
0.16806268692017	-4.1263653030127e-26
0.16928942501545	-6.9320246088851e-26
0.17051616311073	-1.1311492543701e-25
0.17174290120602	-1.7939032250611e-25
0.17296962440014	-2.7673381071002e-25
0.17419636249542	-4.1573635306536e-25
0.17542310059071	-6.0918481785199e-25
0.17664983868599	-8.7243933762259e-25
0.17787657678127	-1.2242121367833e-24
0.17910329997540	-1.6879601915660e-24
0.18033003807068	-2.2939619556654e-24
0.18155677616596	-3.0818344181722e-24
0.18278351426125	-4.1027776100636e-24
0.18401025235653	-5.4203500544731e-24
0.18523697555065	-7.1083175430025e-24
0.18646371364594	-9.2444164014044e-24
0.18769045174122	-1.1899883136003e-23
0.18891718983650	-1.5126338437853e-23
0.19014391303062	-1.8943568516180e-23
0.19137065112591	-2.3333028828823e-23
0.19259738922119	-2.8241532795831e-23
0.19382412731647	-3.3596942242864e-23
0.19505086541176	-3.9332863480697e-23
0.19627758860588	-4.5414283706910e-23
0.19750432670116	-5.1852556207654e-23
0.19873106479645	-5.8699480745407e-23
0.19995780289173	-6.6016714688521e-23
0.20118454098701	-7.3827264376438e-23
0.20241126418114	-8.2066272820973e-23
0.20363800227642	-9.0553135051041e-23
0.20486474037170	-9.9002018361688e-23
0.20609147846699	-1.0707407228424e-22
0.20731821656227	-1.1445584136029e-22
0.20854493975639	-1.2093466131156e-22
0.20977167785168	-1.2644055702032e-22
0.21099841594696	-1.3103711698641e-22
0.21222515404224	-1.3486753524135e-22
0.21345187723637	-1.3808228858053e-22
0.21467861533165	-1.4078453476681e-22
0.21590535342693	-1.4301868982459e-22
0.21713209152222	-1.4480520102854e-22
0.21835882961750	-1.4620037411463e-22
0.21958555281162	-1.4734760506276e-22
0.22081229090691	-1.4849086015193e-22
0.22203902900219	-1.4993914566504e-22
0.22326576709747	-1.5199259477754e-22
0.22449250519276	-1.5485690454819e-22
0.22571922838688	-1.5857714733366e-22
0.22694596648216	-1.6301697010422e-22
0.22817270457745	-1.6789432668724e-22
0.22939944267273	-1.7286616987405e-22
0.23062618076801	-1.7763317428277e-22
0.23185290396214	-1.8202267403846e-22
0.23307964205742	-1.8601046057766e-22
0.23430638015270	-1.8966596628181e-22
0.23553311824799	-1.9303984233190e-22
0.23675984144211	-1.9604302948719e-22
0.23798657953739	-1.9836974001726e-22
0.23921331763268	-1.9949600619798e-22
0.24044005572796	-1.9875176326556e-22
0.24166679382324	-1.9544085724836e-22
0.24289351701736	-1.8897749897083e-22
0.24412025511265	-1.7901010890473e-22
0.24534699320793	-1.6550372473474e-22
0.24657373130322	-1.4874825599897e-22
0.24780046939850	-1.2927018215469e-22
0.24902719259262	-1.0766183045662e-22
0.25025394558907	-8.4394296015589e-23
0.25148066878319	-5.9709374165383e-23
0.25270739197731	-3.3660019560846e-23
0.25393414497375	-6.2924468292476e-24
0.25516086816788	2.2120353979994e-23
0.25638762116432	5.0920507581804e-23
0.25761434435844	7.9077083213586e-23
0.25884106755257	1.0538323413088e-22
0.26006782054901	1.2877191236340e-22
0.26129454374313	1.4863187061646e-22
0.26252129673958	1.6499944697880e-22
0.26374801993370	1.7853900117213e-22
0.26497474312782	1.9030188914561e-22
0.26620149612427	2.0134827684698e-22
0.26742821931839	2.1238770995062e-22
0.26865497231483	2.2359624958878e-22
0.26988169550896	2.3468854268395e-22
0.27110841870308	2.4519998171739e-22
0.27233517169952	2.5483791822592e-22
0.27356189489365	2.6373652167230e-22
0.27478861808777	2.7250032456720e-22
0.27601537108421	2.8200873642598e-22
0.27724209427834	2.9304625101989e-22
0.27846884727478	3.0589920592487e-22
0.27969557046890	3.2009362826551e-22
0.28092229366302	3.3441449554292e-22
0.28214904665947	3.4723183180030e-22
0.28337576985359	3.5701072828626e-22
0.28460252285004	3.6278488718989e-22
0.28582924604416	3.6439201773488e-22
0.28705596923828	3.6239568215192e-22
0.28828272223473	3.5777141739084e-22
0.28950944542885	3.5152760225868e-22
0.29073619842529	3.4443148918274e-22
0.29196292161942	3.3693763874927e-22
0.29318964481354	3.2931269856603e-22
0.29441639780998	3.2185701637860e-22
0.29564312100410	3.1507319124693e-22
0.29686987400055	3.0965377993694e-22
0.29809659719467	3.0625496326046e-22
0.29932332038879	3.0514639280757e-22
0.30055007338524	3.0591099466224e-22
0.30177679657936	3.0736055497457e-22
0.30300354957581	3.0774319668982e-22
0.30423027276993	3.0519501188288e-22
0.30545699596405	2.9828489327574e-22
0.30668374896049	2.8646020909438e-22
0.30791047215462	2.7023244412800e-22
0.30913722515106	2.5104186906290e-22
0.31036394834518	2.3086444793803e-22
0.31159067153931	2.1171259647704e-22
0.31281742453575	1.9519167817650e-22
0.31404414772987	1.8221720082680e-22
0.31527090072632	1.7292128916322e-22
0.31649762392044	1.6672597951040e-22
0.31772434711456	1.6254134377636e-22
0.31895110011101	1.5904107327658e-22
0.32017782330513	1.5496941504594e-22
0.32140457630157	1.4943758159062e-22
0.32263129949570	1.4216861331313e-22
0.32385802268982	1.3363605394854e-22
0.32508477568626	1.2502895038386e-22
0.32631149888039	1.1800043953205e-22
0.32753822207451	1.1424201587877e-22
0.32876497507095	1.1502724171294e-22
0.32999169826508	1.2091093237553e-22
0.33121845126152	1.3170453117755e-22
0.33244517445564	1.4671341138206e-22
0.33367189764977	1.6509457729308e-22
0.33489865064621	1.8614165130164e-22
0.33612537384033	2.0934328745809e-22
0.33735212683678	2.3417811812384e-22
0.33857885003090	2.5976111709387e-22
0.33980557322502	2.8457052750581e-22
0.34103232622147	3.0648099399791e-22
0.34225904941559	3.2318265610906e-22
0.34348580241203	3.3284737602304e-22
0.34471252560616	3.3474935121997e-22
0.34593924880028	3.2954574701009e-22
0.34716600179672	3.1907232476140e-22
0.34839272499084	3.0571823492232e-22
0.34961947798729	2.9161332620633e-22
0.35084620118141	2.7792193206596e-22
0.35207292437553	2.6447141186983e-22
0.35329967737198	2.4977959064035e-22
0.35452640056610	2.3136727418990e-22
0.35575315356255	2.0614465212492e-22
0.35697987675667	1.7068614960703e-22
0.35820659995079	1.2131100476134e-22
0.35943335294724	5.3977504517160e-23
0.36066007614136	-3.5967431397730e-23
0.36188682913780	-1.5415300080702e-22
0.36311355233192	-3.0764752363923e-22
0.36434027552605	-5.0550176514304e-22
0.36556702852249	-7.5933660570720e-22
0.36679375171661	-1.0839268925938e-21
0.36802050471306	-1.4977489346498e-21
0.36924722790718	-2.0235257124780e-21
0.37047395110130	-2.6888994170683e-21
0.37170070409775	-3.5274535610956e-21
0.37292742729187	-4.5802953455429e-21
0.37415415048599	-5.8983103125213e-21
0.37538090348244	-7.5450504092200e-21
0.37660762667656	-9.6001459059846e-21
0.37783437967300	-1.2163206231452e-20
0.37906110286713	-1.5358349674977e-20
0.38028782606125	-1.9339694363404e-20
0.38151457905769	-2.4298265703858e-20
0.38274130225182	-3.0470768214085e-20
0.38396805524826	-3.8150629676105e-20
0.38519477844238	-4.7701657694252e-20
0.38642150163651	-5.9574601078880e-20
0.38764825463295	-7.4327270368536e-20
0.38887497782707	-9.2648836260445e-20
0.39010173082352	-1.1538958872552e-19
0.39132845401764	-1.4359733941768e-19
0.39255517721176	-1.7856213466333e-19
0.39378193020821	-2.2187095924174e-19
0.39500865340233	-2.7547471862762e-19
0.39623540639877	-3.4177027204341e-19
0.39746212959290	-4.2370062471102e-19
0.39868885278702	-5.2487763492575e-19
0.39991560578346	-6.4973186299420e-19
0.40114232897758	-8.0369519720385e-19
0.40236908197403	-9.9342282257057e-19
0.40359580516815	-1.2270630885135e-18
0.40482252836227	-1.5145857961605e-18
0.40604928135872	-1.8681795552352e-18
0.40727600455284	-2.3027364084981e-18
0.40850275754929	-2.8364356144640e-18
0.40972948074341	-3.4914557465118e-18
0.41095620393753	-4.2948338233483e-18
0.41218295693398	-5.2795075565799e-18
0.41340968012810	-6.4855716312680e-18
0.41463643312454	-7.9617986842801e-18
0.41586315631866	-9.7674818491048e-18
0.41708987951279	-1.1974645396038e-17
0.41831663250923	-1.4670716525563e-17
0.41954335570335	-1.7961747236834e-17
0.42077010869980	-2.1976289668848e-17
0.42199683189392	-2.6870072152446e-17
0.42322355508804	-3.2831592605618e-17
0.42445030808449	-4.0088868327297e-17
0.42567703127861	-4.8917515897585e-17
0.42690375447273	-5.9650462278147e-17
0.42813050746918	-7.2689581589061e-17
0.42935723066330	-8.8519595051839e-17
0.43058398365974	-1.0772478334652e-16
0.43181070685387	-1.3100894482549e-16
0.43303743004799	-1.5921915214067e-16
0.43426418304443	-1.9337423372637e-16
0.43549090623856	-2.3469888011032e-16
0.43671765923500	-2.8466389783097e-16
0.43794438242912	-3.4503471530864e-16
0.43917110562325	-4.1792870315323e-16
0.44039785861969	-5.0588354560493e-16
0.44162458181381	-6.1193858216695e-16
0.44285133481026	-7.3973118407304e-16
0.44407805800438	-8.9361171254029e-16
0.44530478119850	-1.0787794675572e-15
0.44653153419495	-1.3014434653249e-15
0.44775825738907	-1.5690137618242e-15
0.44898501038551	-1.8903268165192e-15
0.45021173357964	-2.2759140018013e-15
0.45143845677376	-2.7383152169380e-15
0.45266520977020	-3.2924539119107e-15
0.45389193296432	-3.9560754269642e-15
0.45511868596077	-4.7502670708370e-15
0.45634540915489	-5.7000679844828e-15
0.45757213234901	-6.8351899661090e-15
0.45879888534546	-8.1908636570907e-15
0.46002560853958	-9.8088312645850e-15
0.46125236153603	-1.1738517161064e-14
0.46247908473015	-1.4038399654174e-14
0.46370580792427	-1.6777618655267e-14
0.46493256092072	-2.0037860327710e-14
0.46615928411484	-2.3915563607713e-14
0.46738603711128	-2.8524505348883e-14
0.46861276030540	-3.3998818300615e-14
0.46983948349953	-4.0496519847352e-14
0.47106623649597	-4.8203628588706e-14
0.47229295969009	-5.7338953463743e-14
0.47351968288422	-6.8159738378544e-14
0.47474643588066	-8.0968116597264e-14
0.47597315907478	-9.6118744203049e-14
0.47719991207123	-1.1402761601696e-13
0.47842663526535	-1.3518232486100e-13
0.47965335845947	-1.6015389969065e-13
0.48088011145592	-1.8961073759271e-13
0.48210683465004	-2.2433449412343e-13
0.48333358764648	-2.6523865027071e-13
0.48456031084061	-3.1339002031470e-13
0.48578703403473	-3.7003359361007e-13
0.48701378703117	-4.3662106265566e-13
0.48824051022530	-5.1484408099614e-13
0.48946726322174	-6.0667237292839e-13
0.49069398641586	-7.1439772500459e-13
0.49192070960999	-8.4068483511418e-13
0.49314746260643	-9.8862942572026e-13
0.49437418580055	-1.1618261691257e-12
0.49560093879700	-1.3644447984656e-12
0.49682766199112	-1.6013191207059e-12
0.49805438518524	-1.8780484979664e-12
0.49928113818169	-2.2011149413553e-12
0.50050789117813	-2.5780159257360e-12
0.50173461437225	-3.0174172622327e-12
0.50296133756638	-3.5293270042591e-12
0.50418806076050	-4.1252968922822e-12
0.50541478395462	-4.8186485183954e-12
0.50664156675339	-5.6247328843184e-12
0.50786828994751	-6.5612263885906e-12
0.50909501314163	-7.6484712660529e-12
0.51032173633575	-8.9098554922895e-12
0.51154845952988	-1.0372252536028e-11
0.51277524232864	-1.2066513586928e-11
0.51400196552277	-1.4028032208069e-11
0.51522868871689	-1.6297383581554e-11
0.51645541191101	-1.8921043551390e-11
0.51768213510513	-2.1952209147691e-11
0.51890891790390	-2.5451725796377e-11
0.52013564109802	-2.9489140296324e-11
0.52136236429214	-3.4143871757708e-11
0.52258908748627	-3.9506547339085e-11
0.52381581068039	-4.5680514926261e-11
0.52504259347916	-5.2783531018230e-11
0.52626931667328	-6.0949661984111e-11
0.52749603986740	-7.0331448998040e-11
0.52872276306152	-8.1102277671441e-11
0.52994948625565	-9.3459122385564e-11
0.53117626905441	-1.0762554736310e-10
0.53240299224854	-1.2385513448177e-10
0.53362971544266	-1.4243528578817e-10
0.53485643863678	-1.6369143540640e-10
0.53608316183090	-1.8799184431373e-10
0.53730994462967	-2.1575288777775e-10
0.53853666782379	-2.4744503668295e-10
0.53976339101791	-2.8359939396871e-10
0.54099011421204	-3.2481498046799e-10
0.54221683740616	-3.7176711709108e-10
0.54344362020493	-4.2521636212101e-10
0.54467034339905	-4.8601850322072e-10
0.54589706659317	-5.5513621477488e-10
0.54712378978729	-6.3365079849831e-10
0.54835051298141	-7.2277656082420e-10
0.54957723617554	-8.2387546784801e-10
0.55080401897430	-9.3847418725090e-10
0.55203074216843	-1.0682829065800e-09
0.55325746536255	-1.2152154837963e-09
0.55448418855667	-1.3814122068467e-09
0.55571091175079	-1.5692640520371e-09
0.55693769454956	-1.7814408836969e-09
0.55816441774368	-2.0209212081568e-09
0.55939114093781	-2.2910240371488e-09
0.56061786413193	-2.5954469684564e-09
0.56184458732605	-2.9383033783859e-09
0.56307137012482	-3.3241684960217e-09
0.56429809331894	-3.7581244782814e-09
0.56552481651306	-4.2458134785761e-09
0.56675153970718	-4.7934913816050e-09
0.56797826290131	-5.4080944167367e-09
0.56920504570007	-6.0973004423204e-09
0.57043176889420	-6.8696057731188e-09
0.57165849208832	-7.7344006754743e-09
0.57288521528244	-8.7020586292397e-09
0.57411193847656	-9.7840278101557e-09
0.57533872127533	-1.0992929233566e-08
0.57656544446945	-1.2342667332632e-08
0.57779216766357	-1.3848548086060e-08
0.57901889085770	-1.5527406915794e-08
0.58024561405182	-1.7397741913783e-08
0.58147239685059	-1.9479863055949e-08
0.58269912004471	-2.1796042304345e-08
0.58392584323883	-2.4370695683729e-08
0.58515256643295	-2.7230552035462e-08
0.58637928962708	-3.0404862627620e-08
0.58760607242584	-3.3925587672456e-08
0.58883279561996	-3.7827639687293e-08
0.59005951881409	-4.2149107315481e-08
0.59128624200821	-4.6931496910929e-08
0.59251296520233	-5.2220034518768e-08
0.59373974800110	-5.8063911012596e-08
0.59496647119522	-6.4516612496845e-08
0.59619319438934	-7.1636200971170e-08
0.59741991758347	-7.9485701576232e-08
0.59864664077759	-8.8133411679792e-08
0.59987342357635	-9.7653305886070e-08
0.60110014677048	-1.0812539841254e-07
0.60232686996460	-1.1963618362643e-07
0.60355359315872	-1.3227908368663e-07
0.60478031635284	-1.4615483223679e-07
0.60600709915161	-1.6137195757437e-07
0.60723382234573	-1.7804734397942e-07
0.60846054553986	-1.9630668646187e-07
0.60968726873398	-2.1628498814152e-07
0.61091399192810	-2.3812717131477e-07
0.61214077472687	-2.6198858904536e-07
0.61336749792099	-2.8803560780943e-07
0.61459422111511	-3.1644623277316e-07
0.61582094430923	-3.4741060517263e-07
0.61704766750336	-3.8113174127830e-07
0.61827445030212	-4.1782612925090e-07
0.61950117349625	-4.5772426915391e-07
0.62072789669037	-5.0107138349631e-07
0.62195461988449	-5.4812801408843e-07
0.62318134307861	-5.9917061889792e-07
0.62440812587738	-6.5449239627924e-07
0.62563484907150	-7.1440354076913e-07
0.62686157226562	-7.7923215258124e-07
0.62808829545975	-8.4932469235355e-07
0.62931501865387	-9.2504654958248e-07
0.63054180145264	-1.0067824405269e-06
0.63176852464676	-1.0949372608593e-06
0.63299524784088	-1.1899359151357e-06
0.63422197103500	-1.2922239420732e-06
0.63544869422913	-1.4022683672010e-06
0.63667547702789	-1.5205573618005e-06
0.63790220022202	-1.6476005839650e-06
0.63912892341614	-1.7839292922872e-06
0.64035564661026	-1.9300962321722e-06
0.64158236980438	-2.0866759768978e-06
0.64280915260315	-2.2542635633727e-06
0.64403587579727	-2.4334758563782e-06
0.64526259899139	-2.6249495022057e-06
0.64648932218552	-2.8293413834035e-06
0.64771604537964	-3.0473274819087e-06
0.64894276857376	-3.2796017421788e-06
0.65016955137253	-3.5268753890705e-06
0.65139627456665	-3.7898737446085e-06
0.65262299776077	-4.0693371374800e-06
0.65384972095490	-4.3660193114192e-06
0.65507644414902	-4.6806831051072e-06
0.65630322694778	-5.0140993153036e-06
0.65752995014191	-5.3670441957365e-06
0.65875667333603	-5.7402976381127e-06
0.65998339653015	-6.1346381698968e-06
0.66121011972427	-6.5508411353221e-06
0.66243690252304	-6.9896768764011e-06
0.66366362571716	-7.4519002737361e-06
0.66489034891129	-7.9382543844986e-06
0.66611707210541	-8.4494595284923e-06
0.66734379529953	-8.9862132881535e-06
0.66857057809830	-9.5491814136039e-06
0.66979730129242	-1.0138995094167e-05
0.67102402448654	-1.0756246410892e-05
0.67225074768066	-1.1401476513129e-05
0.67347747087479	-1.2075171980541e-05
0.67470425367355	-1.2777759366145e-05
0.67593097686768	-1.3509595191863e-05
0.67715770006180	-1.4270963220042e-05
0.67838442325592	-1.5062058992044e-05
0.67961114645004	-1.5882991647231e-05
0.68083792924881	-1.6733767552068e-05
0.68206465244293	-1.7614282114664e-05
0.68329137563705	-1.8524320694269e-05
0.68451809883118	-1.9463530406938e-05
0.68574482202530	-2.0431438315427e-05
0.68697160482407	-2.1427409592434e-05
0.68819832801819	-2.2450669348473e-05
0.68942505121231	-2.3500262614107e-05
0.69065177440643	-2.4575079805800e-05
0.69187849760056	-2.5673820346128e-05
0.69310528039932	-2.6794994482771e-05
0.69433200359344	-2.7936910555582e-05
0.69555872678757	-2.9097664082656e-05
0.69678544998169	-3.0275135941338e-05
0.69801217317581	-3.1466974178329e-05
0.69923895597458	-3.2670592190698e-05
0.70046567916870	-3.3883166906890e-05
0.70169240236282	-3.5101635148749e-05
0.70291912555695	-3.6322664527688e-05
0.70414584875107	-3.7542657082668e-05
0.70537263154984	-3.8757760194130e-05
0.70659935474396	-3.9963848394109e-05
0.70782607793808	-4.1156512452289e-05
0.70905280113220	-4.2331084841862e-05
0.71027952432632	-4.3482617911650e-05
0.71150630712509	-4.4605876610149e-05
0.71273303031921	-4.5695353037445e-05
0.71395975351334	-4.6745270083193e-05
0.71518647670746	-4.7749581426615e-05
0.71641319990158	-4.8701967898523e-05
0.71763998270035	-4.9595877499087e-05
0.71886670589447	-5.0424485380063e-05
0.72009342908859	-5.1180737500545e-05
0.72132015228271	-5.1857361540897e-05
0.72254687547684	-5.2446863264777e-05
0.72377365827560	-5.2941541071050e-05
0.72500038146973	-5.3333536925493e-05
0.72622710466385	-5.3614807256963e-05
0.72745382785797	-5.3777184803039e-05
0.72868055105209	-5.3812371334061e-05
0.72990733385086	-5.3711977670901e-05
0.73113405704498	-5.3467549150810e-05
0.73236078023911	-5.3070587455295e-05
0.73358750343323	-5.2512605179800e-05
0.73481422662735	-5.1785114919767e-05
0.73604100942612	-5.0879691116279e-05
0.73726773262024	-4.9787999159889e-05
0.73849445581436	-4.8501824494451e-05
0.73972117900848	-4.7013127186801e-05
0.74094790220261	-4.5314063754631e-05
0.74217468500137	-4.3397041736171e-05
0.74340140819550	-4.1254745156039e-05
0.74462813138962	-3.8880192732904e-05
0.74585485458374	-3.6266766983317e-05
0.74708157777786	-3.3408268791391e-05
0.74830830097198	-3.0298966521514e-05
0.74953508377075	-2.6933623303194e-05
0.75076180696487	-2.3307540686801e-05
0.75198853015900	-1.9416624127189e-05
0.75321525335312	-1.5257410268532e-05
0.75444197654724	-1.0827109690581e-05
0.75566875934601	-6.1236601140990e-06
0.75689548254013	-1.1457532309578e-06
0.75812220573425	4.1071202758758e-06
0.75934892892838	9.6346320788143e-06
0.76057565212250	1.5435585737578e-05
0.76180243492126	2.1507876226678e-05
0.76302915811539	2.7848465833813e-05
0.76425588130951	3.4453347325325e-05
0.76548260450363	4.1317525756313e-05
0.76670932769775	4.8434991185786e-05
0.76793611049652	5.5798704124754e-05
0.76916283369064	6.3400584622286e-05
0.77038955688477	7.1231523179449e-05
0.77161628007889	7.9281307989731e-05
0.77284300327301	8.7538690422662e-05
0.77406978607178	9.5991381385829e-05
0.77529650926590	0.00010462599311722
0.77652323246002	0.00011342814832460
0.77774995565414	0.00012238240742590
0.77897667884827	0.00013147236313671
0.78020346164703	0.00014068061136641
0.78143018484116	0.00014998884580564
0.78265690803528	0.00015937784337439
0.78388363122940	0.00016882749332581
0.78511035442352	0.00017831691366155
0.78633713722229	0.00018782449478749
0.78756386041641	0.00019732789951377
0.78879058361053	0.00020680420857389
0.79001730680466	0.00021622990607284
0.79124402999878	0.00022558096679859
0.79247081279755	0.00023483304539695
0.79369753599167	0.00024396138906013
0.79492425918579	0.00025294107035734
0.79615098237991	0.00026174698723480
0.79737770557404	0.00027035400853492
0.79860448837280	0.00027873701765202
0.79983121156693	0.00028687107260339
0.80105793476105	0.00029473146423697
0.80228465795517	0.00030229383264668
0.80351138114929	0.00030953434179537
0.80473816394806	0.00031642965041101
0.80596488714218	0.00032295708660968
0.80719161033630	0.00032909473520704
0.80841833353043	0.00033482155413367
0.80964505672455	0.00034011751995422
0.81087183952332	0.00034496368607506
0.81209856271744	0.00034934224095196
0.81332528591156	0.00035323674092069
0.81455200910568	0.00035663202288561
0.81577873229980	0.00035951443715021
0.81700551509857	0.00036187178920954
0.81823223829269	0.00036369351437315
0.81945896148682	0.00036497082328424
0.82068568468094	0.00036569655640051
0.82191240787506	0.00036586547503248
0.82313919067383	0.00036547417403199
0.82436591386795	0.00036452122731134
0.82559263706207	0.00036300707142800
0.82681936025620	0.00036093418020755
0.82804608345032	0.00035830694832839
0.82927286624908	0.00035513183684088
0.83049958944321	0.00035141734406352
0.83172631263733	0.00034717403468676
0.83295303583145	0.00034241433604620
0.83417975902557	0.00033715280005708
0.83540654182434	0.00033140581217594
0.83663326501846	0.00032519170781597
0.83785998821259	0.00031853065593168
0.83908671140671	0.00031144460081123
0.84031343460083	0.00030395720386878
0.84154021739960	0.00029609387274832
0.84276694059372	0.00028788144118153
0.84399366378784	0.00027934825629927
0.84522038698196	0.00027052400400862
0.84644711017609	0.00026143970899284
0.84767383337021	0.00025212738546543
0.84890061616898	0.00024262015358545
0.85012733936310	0.00023295196297113
0.85135406255722	0.00022315757814795
0.85258078575134	0.00021327237482183
0.85380750894547	0.00020333219435997
0.85503429174423	0.00019337315461598
0.85626101493835	0.00018343162082601
0.85748773813248	0.00017354395822622
0.85871446132660	0.00016374644474126
0.85994118452072	0.00015407505270559
0.86116796731949	0.00014456540520769
0.86239469051361	0.00013525255781133
0.86362141370773	0.00012617080938071
0.86484813690186	0.00011735368752852
0.86607486009598	0.00010883368668146
0.86730164289474	0.00010064225352835
0.86852836608887	9.2809510533698e-05
0.86975508928299	8.5364263213705e-05
0.87098181247711	7.8333818237297e-05
0.87220853567123	7.1743917942513e-05
0.87343531847000	6.5618602093309e-05
0.87466204166412	5.9980116930092e-05
0.87588876485825	5.4848842410138e-05
0.87711548805237	5.0243223085999e-05
0.87834221124649	4.6179680794012e-05
0.87956899404526	4.2672552808654e-05
0.88079571723938	3.9734077290632e-05
0.88202244043350	3.7374342355179e-05
0.88324916362762	3.5601253330242e-05
0.88447588682175	3.4420536394464e-05
0.88570266962051	3.3835727663245e-05
0.88692939281464	3.3848176826723e-05
0.88815611600876	3.4457058063708e-05
0.88938283920288	3.5659395507537e-05
0.89060956239700	3.7450095987879e-05
0.89183634519577	3.9822010876378e-05
0.89306306838989	4.2765997932293e-05
0.89428979158401	4.6270968596218e-05
0.89551651477814	5.0323989853496e-05
0.89674323797226	5.4910346079851e-05
0.89797002077103	6.0013659094693e-05
0.89919674396515	6.5615960920695e-05
0.90042346715927	7.1697846578900e-05
0.90165019035339	7.8238517744467e-05
0.90287691354752	8.5215942817740e-05
0.90410369634628	9.2606984253507e-05
0.90533041954041	0.00010038751497632
0.90655714273453	0.00010853252024390
0.90778386592865	0.00011701628682204
0.90901058912277	0.00012581249757204
0.91023737192154	0.00013489442062564
0.91146409511566	0.00014423500397243
0.91269081830978	0.00015380703553092
0.91391754150391	0.00016358328866772
0.91514426469803	0.00017353668226860
0.91637104749680	0.00018364036804996
0.91759777069092	0.00019386791973375
0.91882449388504	0.00020419331849553
0.92005121707916	0.00021459124400280
0.92127794027328	0.00022503716172650
0.92250472307205	0.00023550736659672
0.92373144626617	0.00024597914307378
0.92495816946030	0.00025643091066740
0.92618489265442	0.00026684228214435
0.92741161584854	0.00027719407808036
0.92863839864731	0.00028746857424267
0.92986512184143	0.00029764944338240
0.93109184503555	0.00030772190075368
0.93231856822968	0.00031767270411365
0.93354529142380	0.00032749024103396
0.93477207422256	0.00033716449979693
0.93599879741669	0.00034668727312237
0.93722552061081	0.00035605201264843
0.93845224380493	0.00036525391624309
0.93967896699905	0.00037428995710798
0.94090574979782	0.00038315882557072
0.94213247299194	0.00039186101639643
0.94335919618607	0.00040039868326858
0.94458591938019	0.00040877575520426
0.94581264257431	0.00041699784924276
0.94703936576843	0.00042507215403020
0.94826614856720	0.00043300742981955
0.94949287176132	0.00044081406667829
0.95071959495544	0.00044850382255390
0.95194631814957	0.00045608993968926
0.95317304134369	0.00046358702820726
0.95439982414246	0.00047101086238399
0.95562654733658	0.00047837864258327
0.95685327053070	0.00048570850049146
0.95807999372482	0.00049301970284432
0.95930671691895	0.00050033227307722
0.96053349971771	0.00050766713684425
0.96176022291183	0.00051504606381059
0.96298694610596	0.00052249117288738
0.96421366930008	0.00053002533968538
0.96544039249420	0.00053767184726894
0.96666717529297	0.00054545432794839
0.96789389848709	0.00055339664686471
0.96912062168121	0.00056152266915888
0.97034734487534	0.00056985649280250
0.97157406806946	0.00057842198293656
0.97280085086823	0.00058724277187139
0.97402757406235	0.00059634220087901
0.97525429725647	0.00060574320377782
0.97648102045059	0.00061546836514026
0.97770774364471	0.00062553968746215
0.97893452644348	0.00063597859116271
0.98016124963760	0.00064680573996156
0.98138797283173	0.00065804109908640
0.98261469602585	0.00066970335319638
0.98384141921997	0.00068181054666638
0.98506820201874	0.00069437932688743
0.98629492521286	0.00070742540992796
0.98752164840698	0.00072096323128790
0.98874837160110	0.00073500617872924
0.98997509479523	0.00074956641765311
0.99120187759399	0.00076465477468446
0.99242860078812	0.00078028056304902
0.99365532398224	0.00079645193181932
0.99488204717636	0.00081317522563040
0.99610877037048	0.00083045556675643
0.99733555316925	0.00084829644765705
0.99856227636337	0.00086669996380806
0.99978899955750	0.00088566669728607
1.0010157823563	0.00090519565856084
1.0022424459457	0.00092528457753360
1.0034692287445	0.00094592967070639
1.0046958923340	0.00096712529193610
1.0059226751328	0.00098886468913406
1.0071494579315	0.0010111394803971
1.0083761215210	0.0010339397704229
1.0096029043198	0.0010572543833405
1.0108295679092	0.0010810707462952
1.0120563507080	0.0011053747730330
1.0132831335068	0.0011301516788080
1.0145097970963	0.0011553849326447
1.0157365798950	0.0011810569558293
1.0169632434845	0.0012071492383257
1.0181900262833	0.0012336417566985
1.0194168090820	0.0012605140218511
1.0206434726715	0.0012877440312877
1.0218702554703	0.0013153093168512
1.0230969190598	0.0013431863626465
1.0243237018585	0.0013713510707021
1.0255504846573	0.0013997785281390
1.0267771482468	0.0014284431235865
1.0280039310455	0.0014573192456737
1.0292305946350	0.0014863801188767
1.0304573774338	0.0015155992005020
1.0316841602325	0.0015449495986104
1.0329108238220	0.0015744038391858
1.0341376066208	0.0016039345646277
1.0353642702103	0.0016335141845047
1.0365910530090	0.0016631154576316
1.0378178358078	0.0016927106771618
1.0390444993973	0.0017222734168172
1.0402712821960	0.0017517763189971
1.0414979457855	0.0017811933066696
1.0427247285843	0.0018104974878952
1.0439515113831	0.0018396631348878
1.0451781749725	0.0018686646362767
1.0464049577713	0.0018974774284288
1.0476316213608	0.0019260774133727
1.0488584041595	0.0019544411916286
1.0500851869583	0.0019825461786240
1.0513118505478	0.0020103706046939
1.0525386333466	0.0020378928165883
1.0537652969360	0.0020650923252106
1.0549920797348	0.0020919502712786
1.0562188625336	0.0021184477955103
1.0574455261230	0.0021445672027767
1.0586723089218	0.0021702921949327
1.0598989725113	0.0021956064738333
1.0611257553101	0.0022204963024706
1.0623525381088	0.0022449474781752
1.0635792016983	0.0022689478937536
1.0648059844971	0.0022924859076738
1.0660326480865	0.0023155508097261
1.0672594308853	0.0023381332866848
1.0684862136841	0.0023602247238159
1.0697128772736	0.0023818176705390
1.0709396600723	0.0024029058404267
1.0721663236618	0.0024234836455435
1.0733931064606	0.0024435468949378
1.0746198892593	0.0024630923289806
1.0758465528488	0.0024821173865348
1.0770733356476	0.0025006206706166
1.0782999992371	0.0025186012499034
1.0795267820358	0.0025360593572259
1.0807535648346	0.0025529959239066
1.0819802284241	0.0025694132782519
1.0832070112228	0.0025853144470602
1.0844336748123	0.0026007026899606
1.0856604576111	0.0026155828963965
1.0868872404099	0.0026299606543034
1.0881139039993	0.0026438417844474
1.0893406867981	0.0026572330389172
1.0905673503876	0.0026701418682933
1.0917941331863	0.0026825750246644
1.0930209159851	0.0026945420540869
1.0942475795746	0.0027060522697866
1.0954743623734	0.0027171161491424
1.0967010259628	0.0027277446351945
1.0979278087616	0.0027379498351365
1.0991544723511	0.0027477438561618
1.1003812551498	0.0027571390382946
1.1016080379486	0.0027661488857120
1.1028347015381	0.0027747864369303
1.1040614843369	0.0027830665931106
1.1052881479263	0.0027910044882447
1.1065149307251	0.0027986168861389
1.1077417135239	0.0028059200849384
1.1089683771133	0.0028129320126027
1.1101951599121	0.0028196708299220
1.1114218235016	0.0028261551633477
1.1126486063004	0.0028324048034847
1.1138753890991	0.0028384393081069
1.1151020526886	0.0028442796319723
1.1163288354874	0.0028499478939921
1.1175554990768	0.0028554669115692
1.1187822818756	0.0028608606662601
1.1200090646744	0.0028661540709436
1.1212357282639	0.0028713718056679
1.1224625110626	0.0028765401802957
1.1236891746521	0.0028816862031817
1.1249159574509	0.0028868380468339
1.1261427402496	0.0028920245822519
1.1273694038391	0.0028972760774195
1.1285961866379	0.0029026241973042
1.1298228502274	0.0029081013053656
1.1310496330261	0.0029137409292161
1.1322764158249	0.0029195770621300
1.1335030794144	0.0029256453271955
1.1347298622131	0.0029319815803319
1.1359565258026	0.0029386235401034
1.1371833086014	0.0029456098563969
1.1384100914001	0.0029529803432524
1.1396367549896	0.0029607762116939
1.1408635377884	0.0029690403025597
1.1420902013779	0.0029778154566884
1.1433169841766	0.0029871459119022
1.1445437669754	0.0029970770701766
1.1457704305649	0.0030076545663178
1.1469972133636	0.0030189258977771
1.1482238769531	0.0030309387948364
1.1494506597519	0.0030437426175922
1.1506774425507	0.0030573881231248
1.1519041061401	0.0030719258356839
1.1531308889389	0.0030874081421643
1.1543575525284	0.0031038883607835
1.1555843353271	0.0031214195769280
1.1568111181259	0.0031400565057993
1.1580377817154	0.0031598536297679
1.1592645645142	0.0031808661296964
1.1604912281036	0.0032031505834311
1.1617180109024	0.0032267633359879
1.1629447937012	0.0032517611980438
1.1641714572906	0.0032782023772597
1.1653982400894	0.0033061446156353
1.1666249036789	0.0033356458880007
1.1678516864777	0.0033667639363557
1.1690784692764	0.0033995567355305
1.1703051328659	0.0034340827260166
1.1715319156647	0.0034703994169831
1.1727585792542	0.0035085654817522
1.1739853620529	0.0035486391279846
1.1752121448517	0.0035906787961721
1.1764388084412	0.0036347410641611
1.1776655912399	0.0036808825097978
1.1788922548294	0.0037291597109288
1.1801190376282	0.0037796273827553
1.1813458204269	0.0038323404733092
1.1825724840164	0.0038873529992998
1.1837992668152	0.0039447182789445
1.1850259304047	0.0040044882334769
1.1862527132034	0.0040667150169611
1.1874794960022	0.0041314489208162
1.1887061595917	0.0041987383738160
1.1899329423904	0.0042686308734119
1.1911596059799	0.0043411720544100
1.1923863887787	0.0044164052233100
1.1936131715775	0.0044943732209504
1.1948398351669	0.0045751165598631
1.1960666179657	0.0046586748212576
1.1972932815552	0.0047450857236981
1.1985200643539	0.0048343855887651
1.1997468471527	0.0049266070127487
1.2009735107422	0.0050217816606164
1.2022002935410	0.0051199374720454
1.2034269571304	0.0052211005240679
1.2046537399292	0.0053252945654094
1.2058805227280	0.0054325396195054
1.2071071863174	0.0055428552441299
1.2083339691162	0.0056562563404441
1.2095606327057	0.0057727564126253
1.2107874155045	0.0058923652395606
1.2120141983032	0.0060150902718306
1.2132408618927	0.0061409338377416
1.2144676446915	0.0062698964029551
1.2156943082809	0.0064019742421806
1.2169210910797	0.0065371603704989
1.2181478738785	0.0066754440777004
1.2193745374680	0.0068168118596077
1.2206013202667	0.0069612446241081
1.2218279838562	0.0071087228134274
1.2230547666550	0.0072592198848724
1.2242815494537	0.0074127074331045
1.2255082130432	0.0075691505335271
1.2267349958420	0.0077285123988986
1.2279616594315	0.0078907506540418
1.2291884422302	0.0080558191984892
1.2304152250290	0.0082236658781767
1.2316418886185	0.0083942376077175
1.2328686714172	0.0085674738511443
1.2340953350067	0.0087433103471994
1.2353221178055	0.0089216791093349
1.2365489006042	0.0091025065630674
1.2377755641937	0.0092857135459781
1.2390023469925	0.0094712181016803
1.2402290105820	0.0096589326858521
1.2414557933807	0.0098487669602036
1.2426825761795	0.010040624998510
1.2439092397690	0.010234405286610
1.2451360225677	0.010430002585053
1.2463626861572	0.010627306066453
1.2475894689560	0.010826201178133
1.2488162517548	0.011026568710804
1.2500429153442	0.011228284798563
1.2512696981430	0.011431219987571
1.2524963617325	0.011635242961347
1.2537231445312	0.011840218678117
1.2549499273300	0.012046004645526
1.2561765909195	0.012252457439899
1.2574033737183	0.012459425255656
1.2586300373077	0.012666759081185
1.2598568201065	0.012874302454293
1.2610836029053	0.013081896118820
1.2623102664948	0.013289374299347
1.2635370492935	0.013496574945748
1.2647637128830	0.013703323900700
1.2659904956818	0.013909454457462
1.2672172784805	0.014114789664745
1.2684439420700	0.014319151639938
1.2696707248688	0.014522361569107
1.2708973884583	0.014724236913025
1.2721241712570	0.014924596995115
1.2733509540558	0.015123254619539
1.2745776176453	0.015320025384426
1.2758044004440	0.015514721162617
1.2770310640335	0.015707153826952
1.2782578468323	0.015897132456303
1.2794846296310	0.016084467992187
1.2807112932205	0.016268968582153
1.2819380760193	0.016450444236398
1.2831647396088	0.016628704965115
1.2843915224075	0.016803566366434
1.2856183052063	0.016974834725261
1.2868449687958	0.017142325639725
1.2880717515945	0.017305852845311
1.2892984151840	0.017465230077505
1.2905251979828	0.017620271071792
1.2917519807816	0.017770797014236
1.2929786443710	0.017916625365615
1.2942054271698	0.018057582899928
1.2954320907593	0.018193492665887
1.2966588735580	0.018324185162783
1.2978855371475	0.018449492752552
1.2991123199463	0.018569245934486
1.3003391027451	0.018683284521103
1.3015657663345	0.018791446462274
1.3027925491333	0.018893575295806
1.3040192127228	0.018989520147443
1.3052459955215	0.019079133868217
1.3064727783203	0.019162274897099
1.3076994419098	0.019238805398345
1.3089262247086	0.019308587536216
1.3101528882980	0.019371496513486
1.3113796710968	0.019427396357059
1.3126064538956	0.019476167857647
1.3138331174850	0.019517695531249
1.3150599002838	0.019551863893867
1.3162865638733	0.019578568637371
1.3175133466721	0.019597705453634
1.3187401294708	0.019609181210399
1.3199667930603	0.019612897187471
1.3211935758591	0.019608765840530
1.3224202394485	0.019596703350544
1.3236470222473	0.019576625898480
1.3248738050461	0.019548460841179
1.3261004686356	0.019512137398124
1.3273272514343	0.019467592239380
1.3285539150238	0.019414765760303
1.3297806978226	0.019353600218892
1.3310074806213	0.019284043461084
1.3322341442108	0.019206045195460
1.3334609270096	0.019119564443827
1.3346875905991	0.019024558365345
1.3359143733978	0.018920993432403
1.3371411561966	0.018808837980032
1.3383678197861	0.018688062205911
1.3395946025848	0.018558643758297
1.3408212661743	0.018420554697514
1.3420480489731	0.018273783847690
1.3432748317719	0.018118312582374
1.3445014953613	0.017954127863050
1.3457282781601	0.017781220376492
1.3469549417496	0.017599578946829
1.3481817245483	0.017409203574061
1.3494085073471	0.017210092395544
1.3506351709366	0.017002243548632
1.3518619537354	0.016785662621260
1.3530886173248	0.016560351476073
1.3543154001236	0.016326315701008
1.3555421829224	0.016083560883999
1.3567688465118	0.015832100063562
1.3579956293106	0.015571944415569
1.3592222929001	0.015303105115891
1.3604490756989	0.015025599859655
1.3616758584976	0.014739440754056
1.3629025220871	0.014444640837610
1.3641293048859	0.014141217805445
1.3653559684753	0.013829186558723
1.3665827512741	0.013508563861251
1.3678095340729	0.013179370202124
1.3690361976624	0.012841623276472
1.3702629804611	0.012495338916779
1.3714896440506	0.012140539474785
1.3727164268494	0.011777244508266
1.3739432096481	0.011405473574996
1.3751698732376	0.011025246232748
1.3763966560364	0.010636584833264
1.3776233196259	0.010239508934319
1.3788501024246	0.0098340362310410
1.3800768852234	0.0094201872125268
1.3813035488129	0.0089979814365506
1.3825303316116	0.0085674365982413
1.3837569952011	0.0081285750493407
1.3849837779999	0.0076814172789454
1.3862105607986	0.0072259828448296
1.3874372243881	0.0067622922360897
1.3886640071869	0.0062903659418225
1.3898906707764	0.0058102244511247
1.3911174535751	0.0053218859247863
1.3923442363739	0.0048253703862429
1.3935708999634	0.0043206955306232
1.3947976827621	0.0038078792858869
1.3960243463516	0.0032869402784854
1.3972511291504	0.0027578999288380
1.3984779119492	0.0022207775618881
1.3997045755386	0.0016755940159783
1.4009313583374	0.0011223702458665
1.4021580219269	0.00056112662423402
1.4033848047256	-8.1162725109607e-06
1.4046115875244	-0.00058533815899864
1.4058382511139	-0.0011705184588209
1.4070650339127	-0.0017636355478317
1.4082916975021	-0.0023646673653275
1.4095184803009	-0.0029735905118287
1.4107452630997	-0.0035903807729483
1.4119719266891	-0.0042150137014687
1.4131987094879	-0.0048474646173418
1.4144253730774	-0.0054877074435353
1.4156521558762	-0.0061357151716948
1.4168789386749	-0.0067914617247880
1.4181056022644	-0.0074549182318151
1.4193323850632	-0.0081260530278087
1.4205590486526	-0.0088048344478011
1.4217858314514	-0.0094912294298410
1.4230126142502	-0.010185204446316
1.4242392778397	-0.010886722244322
1.4254660606384	-0.011595746502280
1.4266927242279	-0.012312238104641
1.4279195070267	-0.013036156073213
1.4291462898254	-0.013767456635833
1.4303729534149	-0.014506090432405
1.4315997362137	-0.015252012759447
1.4328263998032	-0.016005167737603
1.4340531826019	-0.016765503212810
1.4352799654007	-0.017532959580421
1.4365066289902	-0.018307480961084
1.4377334117889	-0.019089002162218
1.4389600753784	-0.019877457991242
1.4401868581772	-0.020672775804996
1.4414136409760	-0.021474882960320
1.4426403045654	-0.022283699363470
1.4438670873642	-0.023099137470126
1.4450937509537	-0.023921109735966
1.4463205337524	-0.024749521166086
1.4475473165512	-0.025584280490875
1.4487739801407	-0.026425281539559
1.4500007629395	-0.027272418141365
1.4512274265289	-0.028125574812293
1.4524542093277	-0.028984626755118
1.4536809921265	-0.029849449172616
1.4549076557159	-0.030719902366400
1.4561344385147	-0.031595844775438
1.4573611021042	-0.032477132976055
1.4585878849030	-0.033363606780767
1.4598146677017	-0.034255109727383
1.4610413312912	-0.035151459276676
1.4622681140900	-0.036052487790585
1.4634947776794	-0.036958001554012
1.4647215604782	-0.037867799401283
1.4659483432770	-0.038781665265560
1.4671750068665	-0.039699386805296
1.4684017896652	-0.040620729327202
1.4696284532547	-0.041545465588570
1.4708552360535	-0.042473345994949
1.4720820188522	-0.043404117226601
1.4733086824417	-0.044337507337332
1.4745354652405	-0.045273236930370
1.4757621288300	-0.046211011707783
1.4769889116287	-0.047150522470474
1.4782156944275	-0.048091456294060
1.4794423580170	-0.049033477902412
1.4806691408157	-0.049976248294115
1.4818958044052	-0.050919421017170
1.4831225872040	-0.051862642168999
1.4843493700027	-0.052805513143539
1.4855760335922	-0.053747653961182
1.4868028163910	-0.054688639938831
1.4880294799805	-0.055628072470427
1.4892562627792	-0.056565515697002
1.4904830455780	-0.057500526309013
1.4917097091675	-0.058432642370462
1.4929364919662	-0.059361398220062
1.4941631555557	-0.060286302119493
1.4953899383545	-0.061206854879856
1.4966166019440	-0.062122561037540
1.4978433847427	-0.063032880425453
1.4990701675415	-0.063937276601791
1.5002968311310	-0.064835198223591
1.5015236139297	-0.065726079046726
1.5027502775192	-0.066609345376492
1.5039770603180	-0.067484393715858
1.5052038431168	-0.068350613117218
1.5064305067062	-0.069207407534122
1.5076572895050	-0.070054151117802
1.5088839530945	-0.070890203118324
1.5101107358932	-0.071714907884598
1.5113375186920	-0.072527617216110
1.5125641822815	-0.073327630758286
1.5137909650803	-0.074114255607128
1.5150176286697	-0.074886798858643
1.5162444114685	-0.075644560158253
1.5174711942673	-0.076386839151382
1.5186978578568	-0.077112913131714
1.5199246406555	-0.077822044491768
1.5211513042450	-0.078513503074646
1.5223780870438	-0.079186543822289
1.5236048698425	-0.079840406775475
1.5248315334320	-0.080474331974983
1.5260583162308	-0.081087544560432
1.5272849798203	-0.081679277122021
1.5285117626190	-0.082248754799366
1.5297385454178	-0.082795187830925
1.5309652090073	-0.083317816257477
1.5321919918060	-0.083815865218639
1.5334186553955	-0.084288552403450
1.5346454381943	-0.084735095500946
1.5358722209930	-0.085154719650745
1.5370988845825	-0.085546635091305
1.5383256673813	-0.085910066962242
1.5395523309708	-0.086244225502014
1.5407791137695	-0.086548328399658
1.5420058965683	-0.086821630597115
1.5432325601578	-0.087063364684582
1.5444593429565	-0.087272785604000
1.5456860065460	-0.087449178099632
1.5469127893448	-0.087591789662838
1.5481395721436	-0.087699912488461
1.5493662357330	-0.087772823870182
1.5505930185318	-0.087809808552265
1.5518196821213	-0.087810195982456
1.5530464649200	-0.087773300707340
1.5542732477188	-0.087698481976986
1.5554999113083	-0.087585106492043
1.5567266941071	-0.087432570755482
1.5579533576965	-0.087240271270275
1.5591801404953	-0.087007634341717
1.5604069232941	-0.086734116077423
1.5616335868835	-0.086419172585011
1.5628603696823	-0.086062289774418
1.5640870332718	-0.085662990808487
1.5653138160706	-0.085220821201801
1.5665405988693	-0.084735363721848
1.5677672624588	-0.084206223487854
1.5689940452576	-0.083633027970791
1.5702207088470	-0.083015464246273
1.5714474916458	-0.082353234291077
1.5726742744446	-0.081646062433720
1.5739009380341	-0.080893725156784
1.5751277208328	-0.080096006393433
1.5763543844223	-0.079252764582634
1.5775811672211	-0.078363865613937
1.5788079500198	-0.077429242432117
1.5800346136093	-0.076448857784271
1.5812613964081	-0.075422711670399
1.5824880599976	-0.074350841343403
1.5837148427963	-0.073233351111412
1.5849416255951	-0.072070360183716
1.5861682891846	-0.070862047374249
1.5873950719833	-0.069608613848686
1.5886217355728	-0.068310335278511
1.5898485183716	-0.066967524588108
1.5910753011703	-0.065580531954765
1.5923019647598	-0.064149759709835
1.5935287475586	-0.062675677239895
1.5947554111481	-0.061158761382103
1.5959821939468	-0.059599563479424
1.5972089767456	-0.057998679578304
1.5984356403351	-0.056356746703386
1.5996624231339	-0.054674450308084
1.6008890867233	-0.052952542901039
1.6021158695221	-0.051191803067923
1.6033426523209	-0.049393072724342
1.6045693159103	-0.047557227313519
1.6057960987091	-0.045685201883316
1.6070227622986	-0.043777965009212
1.6082495450974	-0.041836533695459
1.6094763278961	-0.039861965924501
1.6107029914856	-0.037855386734009
1.6119297742844	-0.035817939788103
1.6131564378738	-0.033750839531422
1.6143832206726	-0.031655319035053
1.6156100034714	-0.029532670974731
1.6168366670609	-0.027384219691157
1.6180634498596	-0.025211324915290
1.6192901134491	-0.023015383630991
1.6205168962479	-0.020797824487090
1.6217436790466	-0.018560124561191
1.6229703426361	-0.016303788870573
1.6241971254349	-0.014030365273356
1.6254237890244	-0.011741425842047
1.6266505718231	-0.0094385799020529
1.6278773546219	-0.0071234637871385
1.6291040182114	-0.0047977352514863
1.6303308010101	-0.0024630739353597
1.6315574645996	-0.00012118334416300
1.6327842473984	0.0022262106649578
1.6340110301971	0.0045773582533002
1.6352376937866	0.0069304876960814
1.6364644765854	0.0092838080599904
1.6376911401749	0.011635509319603
1.6389179229736	0.013983774930239
1.6401447057724	0.016326775774360
1.6413713693619	0.018662683665752
1.6425981521606	0.020989660173655
1.6438248157501	0.023305865004659
1.6450515985489	0.025609446689487
1.6462783813477	0.027898548170924
1.6475050449371	0.030171316117048
1.6487318277359	0.032425891608000
1.6499584913254	0.034660413861275
1.6511852741241	0.036873046308756
1.6524120569229	0.039061956107616
1.6536387205124	0.041225325316191
1.6548655033112	0.043361350893974
1.6560921669006	0.045468237251043
1.6573189496994	0.047544196248055
1.6585457324982	0.049587462097406
1.6597723960876	0.051596276462078
1.6609991788864	0.053568914532661
1.6622258424759	0.055503666400909
1.6634526252747	0.057398863136768
1.6646794080734	0.059252850711346
1.6659060716629	0.061064019799232
1.6671328544617	0.062830768525600
1.6683595180511	0.064551539719105
1.6695863008499	0.066224798560143
1.6708130836487	0.067849054932594
1.6720397472382	0.069422833621502
1.6732665300369	0.070944711565971
1.6744931936264	0.072413295507431
1.6757199764252	0.073827266693115
1.6769467592239	0.075185328722000
1.6781734228134	0.076486244797707
1.6794002056122	0.077728830277920
1.6806268692017	0.078911907970905
1.6818536520004	0.080034360289574
1.6830804347992	0.081095114350319
1.6843070983887	0.082093149423599
1.6855338811874	0.083027474582195
1.6867605447769	0.083897195756435
1.6879873275757	0.084701478481293
1.6892141103745	0.085439540445805
1.6904407739639	0.086110629141331
1.6916675567627	0.086714088916779
1.6928942203522	0.087249293923378
1.6941210031509	0.087715677917004
1.6953476667404	0.088112711906433
1.6965744495392	0.088439941406250
1.6978012323380	0.088696971535683
1.6990278959274	0.088883467018604
1.7002546787262	0.088999204337597
1.7014813423157	0.089043989777565
1.7027081251144	0.089017689228058
1.7039349079132	0.088920265436172
1.7051615715027	0.088751718401909
1.7063883543015	0.088512122631073
1.7076150178909	0.088201589882374
1.7088418006897	0.087820313870907
1.7100685834885	0.087368570268154
1.7112952470779	0.086846694350243
1.7125220298767	0.086255088448524
1.7137486934662	0.085594214498997
1.7149754762650	0.084864631295204
1.7162022590637	0.084066957235336
1.7174289226532	0.083201862871647
1.7186557054520	0.082270085811615
1.7198823690414	0.081272408366203
1.7211091518402	0.080209717154503
1.7223359346390	0.079082943499088
1.7235625982285	0.077893130481243
1.7247893810272	0.076641350984573
1.7260160446167	0.075328782200813
1.7272428274155	0.073956638574600
1.7284696102142	0.072526179254055
1.7296962738037	0.071038767695427
1.7309230566025	0.069495797157288
1.7321497201920	0.067898727953434
1.7333765029907	0.066249094903469
1.7346032857895	0.064548514783382
1.7358299493790	0.062798656523228
1.7370567321777	0.061001267284155
1.7382833957672	0.059158146381378
1.7395101785660	0.057271145284176
1.7407369613647	0.055342175066471
1.7419636249542	0.053373202681541
1.7431904077530	0.051366258412600
1.7444170713425	0.049323432147503
1.7456438541412	0.047246873378754
1.7468706369400	0.045138798654079
1.7480973005295	0.043001472949982
1.7493240833282	0.040837213397026
1.7505507469177	0.038648404181004
1.7517775297165	0.036437455564737
1.7530043125153	0.034206844866276
1.7542309761047	0.031959090381861
1.7554577589035	0.029696764424443
1.7566844224930	0.027422491461039
1.7579112052917	0.025138948112726
1.7591379880905	0.022848859429359
1.7603646516800	0.020554993301630
1.7615914344788	0.018260162323713
1.7628180980682	0.015967214480042
1.7640448808670	0.013679032213986
1.7652716636658	0.011398538947105
1.7664983272552	0.0091286962851882
1.7677251100540	0.0068725035525858
1.7689517736435	0.0046329945325851
1.7701785564423	0.0024132395628840
1.7714053392410	0.00021633855067194
1.7726320028305	-0.0019545820541680
1.7738587856293	-0.0040963720530272
1.7750854492188	-0.0062058609910309
1.7763122320175	-0.0082798609510064
1.7775390148163	-0.010315166786313
1.7787656784058	-0.012308558449149
1.7799924612045	-0.014256800524890
1.7812191247940	-0.016156651079655
1.7824459075928	-0.018004855141044
1.7836726903915	-0.019798163324594
1.7848993539810	-0.021533323451877
1.7861261367798	-0.023207087069750
1.7873528003693	-0.024816222488880
1.7885795831680	-0.026357507333159
1.7898063659668	-0.027827739715576
1.7910330295563	-0.029223740100861
1.7922598123550	-0.030542355030775
1.7934864759445	-0.031780466437340
1.7947132587433	-0.032934993505478
1.7959400415421	-0.034002888947725
1.7971667051315	-0.034981165081263
1.7983934879303	-0.035866886377335
1.7996201515198	-0.036657169461250
1.8008469343185	-0.037349209189415
1.8020737171173	-0.037940260022879
1.8033003807068	-0.038427673280239
1.8045271635056	-0.038808882236481
1.8057538270950	-0.039081417024136
1.8069806098938	-0.039242904633284
1.8082073926926	-0.039291080087423
1.8094340562820	-0.039223801344633
1.8106608390808	-0.039039030671120
1.8118875026703	-0.038734871894121
1.8131142854691	-0.038309551775455
1.8143410682678	-0.037761453539133
1.8155677318573	-0.037089116871357
1.8167945146561	-0.036291249096394
1.8180211782455	-0.035366732627153
1.8192479610443	-0.034314621239901
1.8204747438431	-0.033134151250124
1.8217014074326	-0.031824756413698
1.8229281902313	-0.030386056751013
1.8241548538208	-0.028817888349295
1.8253816366196	-0.027120292186737
1.8266084194183	-0.025293536484241
1.8278350830078	-0.023338112980127
1.8290618658066	-0.021254757419229
1.8302885293961	-0.019044443964958
1.8315153121948	-0.016708396375179
1.8327420949936	-0.014248087070882
1.8339687585831	-0.011665247380733
1.8351955413818	-0.0089618619531393
1.8364222049713	-0.0061401827260852
1.8376489877701	-0.0032027240376920
1.8388757705688	-0.00015227153198794
1.8401024341583	0.0030081167351454
1.8413292169571	0.0062751090154052
1.8425558805466	0.0096450988203287
1.8437826633453	0.013114206492901
1.8450094461441	0.016678281128407
1.8462361097336	0.020332895219326
1.8474628925323	0.024073360487819
1.8486895561218	0.027894716709852
1.8499163389206	0.031791739165783
1.8511431217194	0.035758942365646
1.8523697853088	0.039790596812963
1.8535965681076	0.043880715966225
1.8548232316971	0.048023089766502
1.8560500144958	0.052211284637451
1.8572767972946	0.056438639760017
1.8585034608841	0.060698304325342
1.8597302436829	0.064983211457729
1.8609569072723	0.069286108016968
1.8621836900711	0.073599554598331
1.8634104728699	0.077915966510773
1.8646371364594	0.082227617502213
1.8658639192581	0.086526632308960
1.8670905828476	0.090805046260357
1.8683173656464	0.095054790377617
1.8695441484451	0.099267736077309
1.8707708120346	0.10343568772078
1.8719975948334	0.10755039751530
1.8732242584229	0.11160359531641
1.8744510412216	0.11558698862791
1.8756778240204	0.11949230730534
1.8769044876099	0.12331134080887
1.8781312704086	0.12703590095043
1.8793579339981	0.13065792620182
1.8805847167969	0.13416942954063
1.8818114995956	0.13756258785725
1.8830381631851	0.14082966744900
1.8842649459839	0.14396312832832
1.8854916095734	0.14695560932159
1.8867183923721	0.14979992806911
1.8879451751709	0.15248918533325
1.8891718387604	0.15501666069031
1.8903986215591	0.15737596154213
1.8916252851486	0.15956096351147
1.8928520679474	0.16156585514545
1.8940787315369	0.16338512301445
1.8953055143356	0.16501364111900
1.8965322971344	0.16644658148289
1.8977589607239	0.16767953336239
1.8989857435226	0.16870844364166
1.9002124071121	0.16952966153622
1.9014391899109	0.17013995349407
1.9026659727097	0.17053653299809
1.9038926362991	0.17071706056595
1.9051194190979	0.17067956924438
1.9063460826874	0.17042258381844
1.9075728654861	0.16994509100914
1.9087996482849	0.16924655437469
1.9100263118744	0.16832683980465
1.9112530946732	0.16718631982803
1.9124797582626	0.16582582890987
1.9137065410614	0.16424666345119
1.9149333238602	0.16245056688786
1.9161599874496	0.16043975949287
1.9173867702484	0.15821690857410
1.9186134338379	0.15578511357307
1.9198402166367	0.15314796566963
1.9210669994354	0.15030944347382
1.9222936630249	0.14727394282818
1.9235204458237	0.14404626190662
1.9247471094131	0.14063161611557
1.9259738922119	0.13703554868698
1.9272006750107	0.13326399028301
1.9284273386002	0.12932322919369
1.9296541213989	0.12521985173225
1.9308807849884	0.12096079438925
1.9321075677872	0.11655323207378
1.9333343505859	0.11200465261936
1.9345610141754	0.10732277482748
1.9357877969742	0.10251554101706
1.9370144605637	0.097591094672680
1.9382412433624	0.092557780444622
1.9394680261612	0.087424069643021
1.9406946897507	0.082198582589626
1.9419214725494	0.076890081167221
1.9431481361389	0.071507349610329
1.9443749189377	0.066059291362762
1.9456017017365	0.060554843395948
1.9468283653259	0.055002935230732
1.9480551481247	0.049412522464991
1.9492818117142	0.043792530894279
1.9505085945129	0.038151830434799
1.9517353773117	0.032499216496944
1.9529620409012	0.026843400672078
1.9541888237000	0.021192986518145
1.9554154872894	0.015556454658508
1.9566422700882	0.0099421283230186
1.9578690528870	0.0043581696227193
1.9590957164764	-0.0011874415213242
1.9603224992752	-0.0066869240254164
1.9615491628647	-0.012132710777223
1.9627759456635	-0.017517460510135
1.9640027284622	-0.022834071889520
1.9652293920517	-0.028075685724616
1.9664561748505	-0.033235713839531
1.9676828384399	-0.038307830691338
1.9689096212387	-0.043285988271236
1.9701364040375	-0.048164431005716
1.9713630676270	-0.052937682718039
1.9725898504257	-0.057600587606430
1.9738165140152	-0.062148272991180
1.9750432968140	-0.066576175391674
1.9762700796127	-0.070880040526390
1.9774967432022	-0.075055912137032
1.9787235260010	-0.079100131988525
1.9799501895905	-0.083009377121925
1.9811769723892	-0.086780585348606
1.9824037551880	-0.090411029756069
1.9836304187775	-0.093898281455040
1.9848572015762	-0.097240187227726
1.9860838651657	-0.10043489933014
1.9873106479645	-0.10348085314035
1.9885374307632	-0.10637672990561
1.9897640943527	-0.10912150144577
1.9909908771515	-0.11171440035105
1.9922175407410	-0.11415491253138
1.9934443235397	-0.11644276231527
1.9946711063385	-0.11857792735100
1.9958977699280	-0.12056062370539
1.9971245527267	-0.12239129841328
1.9983512163162	-0.12407058477402
1.9995779991150	-0.12559935450554
2.0008046627045	-0.12697863578796
2.0020315647125	-0.12820968031883
2.0032582283020	-0.12929387390614
2.0044848918915	-0.13023281097412
2.0057115554810	-0.13102823495865
2.0069384574890	-0.13168203830719
2.0081651210785	-0.13219626247883
2.0093917846680	-0.13257311284542
2.0106186866760	-0.13281488418579
2.0118453502655	-0.13292399048805
2.0130720138550	-0.13290299475193
2.0142989158630	-0.13275453448296
2.0155255794525	-0.13248135149479
2.0167522430420	-0.13208630681038
2.0179789066315	-0.13157233595848
2.0192058086395	-0.13094244897366
2.0204324722290	-0.13019974529743
2.0216591358185	-0.12934733927250
2.0228860378265	-0.12838847935200
2.0241127014160	-0.12732642889023
2.0253393650055	-0.12616451084614
2.0265662670135	-0.12490610778332
2.0277929306030	-0.12355463206768
2.0290195941925	-0.12211357057095
2.0302462577820	-0.12058640271425
2.0314731597900	-0.11897665262222
2.0326998233795	-0.11728791892529
2.0339264869690	-0.11552376300097
2.0351533889771	-0.11368779838085
2.0363800525665	-0.11178365349770
2.0376067161560	-0.10981491953135
2.0388336181641	-0.10778524726629
2.0400602817535	-0.10569828003645
2.0412869453430	-0.10355766117573
2.0425136089325	-0.10136706382036
2.0437405109406	-0.099130123853683
2.0449671745300	-0.096850477159023
2.0461938381195	-0.094531744718552
2.0474207401276	-0.092177525162697
2.0486474037170	-0.089791432023048
2.0498740673065	-0.087377019226551
2.0511009693146	-0.084937825798988
2.0523276329041	-0.082477368414402
2.0535542964935	-0.079999126493931
2.0547809600830	-0.077506542205811
2.0560078620911	-0.075003027915955
2.0572345256805	-0.072491928935051
2.0584611892700	-0.069976545870304
2.0596880912781	-0.067460119724274
2.0609147548676	-0.064945839345455
2.0621414184570	-0.062436833977699
2.0633683204651	-0.059936195611954
2.0645949840546	-0.057446956634521
2.0658216476440	-0.054972067475319
2.0670483112335	-0.052514411509037
2.0682752132416	-0.050076767802238
2.0695018768311	-0.047661829739809
2.0707285404205	-0.045272208750248
2.0719554424286	-0.042910411953926
2.0731821060181	-0.040578879415989
2.0744087696075	-0.038279958069324
2.0756356716156	-0.036015916615725
2.0768623352051	-0.033788934350014
2.0780889987946	-0.031601101160049
2.0793156623840	-0.029454389587045
2.0805425643921	-0.027350662276149
2.0817692279816	-0.025291670113802
2.0829958915710	-0.023279050365090
2.0842227935791	-0.021314334124327
2.0854494571686	-0.019398946315050
2.0866761207581	-0.017534218728542
2.0879030227661	-0.015721388161182
2.0891296863556	-0.013961588963866
2.0903563499451	-0.012255847454071
2.0915830135345	-0.010605072602630
2.0928099155426	-0.0090100597590208
2.0940365791321	-0.0074714939109981
2.0952632427216	-0.0059899450279772
2.0964901447296	-0.0045658871531487
2.0977168083191	-0.0031997009646147
2.0989434719086	-0.0018916784320027
2.1001703739166	-0.00064202502835542
2.1013970375061	0.00054914411157370
2.1026237010956	0.0016818087315187
2.1038503646851	0.0027560470625758
2.1050772666931	0.0037720366381109
2.1063039302826	0.0047300499863923
2.1075305938721	0.0056304465979338
2.1087574958801	0.0064736632630229
2.1099841594696	0.0072602052241564
2.1112108230591	0.0079906396567822
2.1124377250671	0.0086655952036381
2.1136643886566	0.0092857629060745
2.1148910522461	0.0098519027233124
2.1161177158356	0.010364839807153
2.1173446178436	0.010825468227267
2.1185712814331	0.011234740726650
2.1197979450226	0.011593666858971
2.1210248470306	0.011903299018741
2.1222515106201	0.012164726853371
2.1234781742096	0.012379072606564
2.1247050762177	0.012547492049634
2.1259317398071	0.012671172618866
2.1271584033966	0.012751339934766
2.1283850669861	0.012789262458682
2.1296119689941	0.012786244042218
2.1308386325836	0.012743619270623
2.1320652961731	0.012662748806179
2.1332921981812	0.012545006349683
2.1345188617706	0.012391772121191
2.1357455253601	0.012204434722662
2.1369724273682	0.011984386481345
2.1381990909576	0.011733030900359
2.1394257545471	0.011451782658696
2.1406524181366	0.011142072267830
2.1418793201447	0.010805343277752
2.1431059837341	0.010443048551679
2.1443326473236	0.010056639090180
2.1455595493317	0.0096475630998611
2.1467862129211	0.0092172510921955
2.1480128765106	0.0087671233341098
2.1492397785187	0.0082985870540142
2.1504664421082	0.0078130392357707
2.1516931056976	0.0073118726722896
2.1529197692871	0.0067964801564813
2.1541466712952	0.0062682470306754
2.1553733348846	0.0057285511866212
2.1565999984741	0.0051787537522614
2.1578269004822	0.0046201962977648
2.1590535640717	0.0040541915223002
2.1602802276611	0.0034820258151740
2.1615071296692	0.0029049599543214
2.1627337932587	0.0023242312017828
2.1639604568481	0.0017410572618246
2.1651871204376	0.0011566358152777
2.1664140224457	0.00057214428670704
2.1676406860352	-1.1263691703789e-05
2.1688673496246	-0.00059246254386380
2.1700942516327	-0.0011703583877534
2.1713209152222	-0.0017438916256651
2.1725475788116	-0.0023120369296521
2.1737744808197	-0.0028738032560796
2.1750011444092	-0.0034282312262803
2.1762278079987	-0.0039743920788169
2.1774544715881	-0.0045113884843886
2.1786813735962	-0.0050383536145091
2.1799080371857	-0.0055544604547322
2.1811347007751	-0.0060589183121920
2.1823616027832	-0.0065509802661836
2.1835882663727	-0.0070299399085343
2.1848149299622	-0.0074951304122806
2.1860418319702	-0.0079459268599749
2.1872684955597	-0.0083817364647985
2.1884951591492	-0.0088020041584969
2.1897218227386	-0.0092062074691057
2.1909487247467	-0.0095938611775637
2.1921753883362	-0.0099645145237446
2.1934020519257	-0.010317759588361
2.1946289539337	-0.010653228498995
2.1958556175232	-0.010970594361424
2.1970822811127	-0.011269571259618
2.1983089447021	-0.011549909599125
2.1995358467102	-0.011811396107078
2.2007625102997	-0.012053851969540
2.2019891738892	-0.012277131900191
2.2032160758972	-0.012481118552387
2.2044427394867	-0.012665729969740
2.2056694030762	-0.012830916792154
2.2068963050842	-0.012976665049791
2.2081229686737	-0.013102989643812
2.2093496322632	-0.013209938071668
2.2105762958527	-0.013297584839165
2.2118031978607	-0.013366030529141
2.2130298614502	-0.013415392488241
2.2142565250397	-0.013445816002786
2.2154834270477	-0.013457461260259
2.2167100906372	-0.013450508005917
2.2179367542267	-0.013425157405436
2.2191636562347	-0.013381633907557
2.2203903198242	-0.013320176862180
2.2216169834137	-0.013241048902273
2.2228436470032	-0.013144521974027
2.2240705490112	-0.013030881993473
2.2252972126007	-0.012900421395898
2.2265238761902	-0.012753438204527
2.2277507781982	-0.012590234167874
2.2289774417877	-0.012411113828421
2.2302041053772	-0.012216388247907
2.2314310073853	-0.012006375938654
2.2326576709747	-0.011781401000917
2.2338843345642	-0.011541791260242
2.2351109981537	-0.011287877336144
2.2363379001617	-0.011019989848137
2.2375645637512	-0.010738456621766
2.2387912273407	-0.010443599894643
2.2400181293488	-0.010135739110410
2.2412447929382	-0.0098151918500662
2.2424714565277	-0.0094822775572538
2.2436983585358	-0.0091373156756163
2.2449250221252	-0.0087806228548288
2.2461516857147	-0.0084125157445669
2.2473783493042	-0.0080333044752479
2.2486052513123	-0.0076432898640633
2.2498319149017	-0.0072427652776241
2.2510585784912	-0.0068320166319609
2.2522854804993	-0.0064113247208297
2.2535121440887	-0.0059809763915837
2.2547388076782	-0.0055412612855434
2.2559657096863	-0.0050924792885780
2.2571923732758	-0.0046349358744919
2.2584190368652	-0.0041689411737025
2.2596457004547	-0.0036948025226593
2.2608726024628	-0.0032128242310137
2.2620992660522	-0.0027233038563281
2.2633259296417	-0.0022265370935202
2.2645528316498	-0.0017228244105354
2.2657794952393	-0.0012124779168516
2.2670061588287	-0.00069582829019055
2.2682330608368	-0.00017322799249087
2.2694597244263	0.00035494985058904
2.2706863880157	0.00088831631001085
2.2719130516052	0.0014264726778492
2.2731399536133	0.0019690152257681
2.2743666172028	0.0025155365001410
2.2755932807922	0.0030656219460070
2.2768201828003	0.0036188445519656
2.2780468463898	0.0041747549548745
2.2792735099792	0.0047328751534224
2.2805004119873	0.0052926964126527
2.2817270755768	0.0058536771684885
2.2829537391663	0.0064152521081269
2.2841804027557	0.0069768354296684
2.2854073047638	0.0075378264300525
2.2866339683533	0.0080976132303476
2.2878606319427	0.0086555723100901
2.2890875339508	0.0092110596597195
2.2903141975403	0.0097634103149176
2.2915408611298	0.010311927646399
2.2927677631378	0.010855892673135
2.2939944267273	0.011394557543099
2.2952210903168	0.011927151121199
2.2964477539062	0.012452891096473
2.2976746559143	0.012970981188118
2.2989013195038	0.013480618596077
2.3001279830933	0.013980990275741
2.3013548851013	0.014471273869276
2.3025815486908	0.014950631186366
2.3038082122803	0.015418219380081
2.3050351142883	0.015873178839684
2.3062617778778	0.016314640641212
2.3074884414673	0.016741747036576
2.3087151050568	0.017153635621071
2.3099420070648	0.017549458891153
2.3111686706543	0.017928371205926
2.3123953342438	0.018289539963007
2.3136222362518	0.018632136285305
2.3148488998413	0.018955348059535
2.3160755634308	0.019258379936218
2.3173024654388	0.019540453329682
2.3185291290283	0.019800825044513
2.3197557926178	0.020038774237037
2.3209824562073	0.020253619179130
2.3222093582153	0.020444707944989
2.3234360218048	0.020611420273781
2.3246626853943	0.020753169432282
2.3258895874023	0.020869402214885
2.3271162509918	0.020959606394172
2.3283429145813	0.021023318171501
2.3295698165894	0.021060127764940
2.3307964801788	0.021069688722491
2.3320231437683	0.021051716059446
2.3332498073578	0.021005980670452
2.3344767093658	0.020932307466865
2.3357033729553	0.020830575376749
2.3369300365448	0.020700704306364
2.3381569385529	0.020542671903968
2.3393836021423	0.020356506109238
2.3406102657318	0.020142314955592
2.3418371677399	0.019900273531675
2.3430638313293	0.019630631431937
2.3442904949188	0.019333725795150
2.3455171585083	0.019009958952665
2.3467440605164	0.018659787252545
2.3479707241058	0.018283724784851
2.3491973876953	0.017882330343127
2.3504242897034	0.017456214874983
2.3516509532928	0.017006047070026
2.3528776168823	0.016532558947802
2.3541045188904	0.016036553308368
2.3553311824799	0.015518906526268
2.3565578460693	0.014980561099946
2.3577845096588	0.014422515407205
2.3590114116669	0.013845804147422
2.3602380752563	0.013251502066851
2.3614647388458	0.012640712782741
2.3626916408539	0.012014566920698
2.3639183044434	0.011374230496585
2.3651449680328	0.010720910504460
2.3663718700409	0.010055859573185
2.3675985336304	0.0093803685158491
2.3688251972198	0.0086957598105073
2.3700518608093	0.0080033773556352
2.3712787628174	0.0073045697063208
2.3725054264069	0.0066006872802973
2.3737320899963	0.0058930735103786
2.3749589920044	0.0051830718293786
2.3761856555939	0.0044720247387886
2.3774123191833	0.0037612796295434
2.3786392211914	0.0030521885491908
2.3798658847809	0.0023461016826332
2.3810925483704	0.0016443588538095
2.3823192119598	0.00094827474094927
2.3835461139679	0.00025913139688782
2.3847727775574	-0.00042182893957943
2.3859994411469	-0.0010934043675661
2.3872263431549	-0.0017544296570122
2.3884530067444	-0.0024037719704211
2.3896796703339	-0.0030403281562030
2.3909063339233	-0.0036630260292441
2.3921332359314	-0.0042708306573331
2.3933598995209	-0.0048627541400492
2.3945865631104	-0.0054378663189709
2.3958134651184	-0.0059953005984426
2.3970401287079	-0.0065342574380338
2.3982667922974	-0.0070540029555559
2.3994936943054	-0.0075538642704487
2.4007203578949	-0.0080332234501839
2.4019470214844	-0.0084915123879910
2.4031736850739	-0.0089282160624862
2.4044005870819	-0.0093428725376725
2.4056272506714	-0.0097350869327784
2.4068539142609	-0.010104525834322
2.4080808162689	-0.010450930334628
2.4093074798584	-0.010774110443890
2.4105341434479	-0.011073942296207
2.4117610454559	-0.011350367218256
2.4129877090454	-0.011603384278715
2.4142143726349	-0.011833047494292
2.4154410362244	-0.012039471417665
2.4166679382324	-0.012222825549543
2.4178946018219	-0.012383334338665
2.4191212654114	-0.012521279975772
2.4203481674194	-0.012637002393603
2.4215748310089	-0.012730889022350
2.4228014945984	-0.012803374789655
2.4240283966064	-0.012854946777225
2.4252550601959	-0.012886133044958
2.4264817237854	-0.012897502630949
2.4277083873749	-0.012889668345451
2.4289352893829	-0.012863283976912
2.4301619529724	-0.012819032184780
2.4313886165619	-0.012757631018758
2.4326155185699	-0.012679820880294
2.4338421821594	-0.012586364522576
2.4350688457489	-0.012478041462600
2.4362957477570	-0.012355650775135
2.4375224113464	-0.012220009230077
2.4387490749359	-0.012071955017745
2.4399757385254	-0.011912340298295
2.4412026405334	-0.011742034927011
2.4424293041229	-0.011561915278435
2.4436559677124	-0.011372856795788
2.4448828697205	-0.011175727471709
2.4461095333099	-0.010971386916935
2.4473361968994	-0.010760677978396
2.4485630989075	-0.010544432327151
2.4497897624969	-0.010323473252356
2.4510164260864	-0.010098615661263
2.4522430896759	-0.0098706679418683
2.4534699916840	-0.0096404226496816
2.4546966552734	-0.0094086537137628
2.4559233188629	-0.0091761089861393
2.4571502208710	-0.0089435027912259
2.4583768844604	-0.0087115187197924
2.4596035480499	-0.0084808059036732
2.4608304500580	-0.0082519864663482
2.4620571136475	-0.0080256536602974
2.4632837772369	-0.0078023751266301
2.4645104408264	-0.0075826901011169
2.4657373428345	-0.0073671056888998
2.4669640064240	-0.0071560875512660
2.4681906700134	-0.0069500580430031
2.4694175720215	-0.0067493957467377
2.4706442356110	-0.0065544340759516
2.4718708992004	-0.0063654677942395
2.4730978012085	-0.0061827581375837
2.4743244647980	-0.0060065332800150
2.4755511283875	-0.0058369906619191
2.4767777919769	-0.0056742914021015
2.4780046939850	-0.0055185556411743
2.4792313575745	-0.0053698583506048
2.4804580211639	-0.0052282265387475
2.4816849231720	-0.0050936411134899
2.4829115867615	-0.0049660447984934
2.4841382503510	-0.0048453481867909
2.4853651523590	-0.0047314348630607
2.4865918159485	-0.0046241655945778
2.4878184795380	-0.0045233760029078
2.4890451431274	-0.0044288728386164
2.4902720451355	-0.0043404311873019
2.4914987087250	-0.0042577851563692
2.4927253723145	-0.0041806343942881
2.4939522743225	-0.0041086454875767
2.4951789379120	-0.0040414598770440
2.4964056015015	-0.0039787031710148
2.4976325035095	-0.0039199907332659
2.4988591670990	-0.0038649300113320
2.5000858306885	-0.0038131214678288
2.5013124942780	-0.0037641527596861
2.5025393962860	-0.0037175954785198
2.5037660598755	-0.0036730039864779
2.5049927234650	-0.0036299182102084
2.5062196254730	-0.0035878673661500
2.5074462890625	-0.0035463783424348
2.5086729526520	-0.0035049808211625
2.5098998546600	-0.0034632147289813
2.5111265182495	-0.0034206283744425
2.5123531818390	-0.0033767791464925
2.5135798454285	-0.0033312318846583
2.5148067474365	-0.0032835551537573
2.5160334110260	-0.0032333256676793
2.5172600746155	-0.0031801289878786
2.5184869766235	-0.0031235665082932
2.5197136402130	-0.0030632596462965
2.5209403038025	-0.0029988540336490
2.5221672058105	-0.0029300211463124
2.5233938694000	-0.0028564566746354
2.5246205329895	-0.0027778777293861
2.5258471965790	-0.0026940216775984
2.5270740985870	-0.0026046463754028
2.5283007621765	-0.0025095313321799
2.5295274257660	-0.0024084835313261
2.5307543277740	-0.0023013418540359
2.5319809913635	-0.0021879796404392
2.5332076549530	-0.0020683070179075
2.5344345569611	-0.0019422685727477
2.5356612205505	-0.0018098407890648
2.5368878841400	-0.0016710289055482
2.5381145477295	-0.0015258647035807
2.5393414497375	-0.0013744061579928
2.5405681133270	-0.0012167386012152
2.5417947769165	-0.0010529778664932
2.5430216789246	-0.00088327191770077
2.5442483425140	-0.00070780253736302
2.5454750061035	-0.00052678480278701
2.5467019081116	-0.00034046394284815
2.5479285717010	-0.00014911266043782
2.5491552352905	4.6971359552117e-05
2.5503818988800	0.00024746719282120
2.5516088008881	0.00045203103218228
2.5528354644775	0.00066029647132382
2.5540621280670	0.00087187479948625
2.5552890300751	0.0010863563511521
2.5565156936646	0.0013033126015216
2.5577423572540	0.0015222984366119
2.5589692592621	0.0017428556457162
2.5601959228516	0.0019645139109343
2.5614225864410	0.0021867926698178
2.5626492500305	0.0024092001840472
2.5638761520386	0.0026312340050936
2.5651028156281	0.0028523821383715
2.5663294792175	0.0030721244402230
2.5675563812256	0.0032899386715144
2.5687830448151	0.0035053042229265
2.5700097084045	0.0037177056074142
2.5712366104126	0.0039266375824809
2.5724632740021	0.0041316053830087
2.5736899375916	0.0043321219272912
2.5749166011810	0.0045277075842023
2.5761435031891	0.0047178897075355
2.5773701667786	0.0049022021703422
2.5785968303680	0.0050801886245608
2.5798237323761	0.0052514066919684
2.5810503959656	0.0054154335521162
2.5822770595551	0.0055718705989420
2.5835039615631	0.0057203443720937
2.5847306251526	0.0058605070225894
2.5859572887421	0.0059920344501734
2.5871839523315	0.0061146235093474
2.5884108543396	0.0062279906123877
2.5896375179291	0.0063318726606667
2.5908641815186	0.0064260279759765
2.5920910835266	0.0065102451480925
2.5933177471161	0.0065843416377902
2.5945444107056	0.0066481735557318
2.5957710742950	0.0067016319371760
2.5969979763031	0.0067446427419782
2.5982246398926	0.0067771635949612
2.5994513034821	0.0067991772666574
2.6006782054901	0.0068106902763247
2.6019048690796	0.0068117328919470
2.6031315326691	0.0068023609928787
2.6043584346771	0.0067826556041837
2.6055850982666	0.0067527322098613
2.6068117618561	0.0067127384245396
2.6080384254456	0.0066628535278141
2.6092653274536	0.0066032907925546
2.6104919910431	0.0065342932939529
2.6117186546326	0.0064561301842332
2.6129455566406	0.0063690943643451
2.6141722202301	0.0062734996899962
2.6153988838196	0.0061696786433458
2.6166257858276	0.0060579851269722
2.6178524494171	0.0059387916699052
2.6190791130066	0.0058124898932874
2.6203057765961	0.0056794905103743
2.6215326786041	0.0055402228608727
2.6227593421936	0.0053951335139573
2.6239860057831	0.0052446830086410
2.6252129077911	0.0050893472507596
2.6264395713806	0.0049296142533422
2.6276662349701	0.0047659855335951
2.6288931369781	0.0045989695936441
2.6301198005676	0.0044290823861957
2.6313464641571	0.0042568449862301
2.6325731277466	0.0040827817283571
2.6338000297546	0.0039074155502021
2.6350266933441	0.0037312712520361
2.6362533569336	0.0035548729356378
2.6374802589417	0.0033787419088185
2.6387069225311	0.0032033976167440
2.6399335861206	0.0030293555464596
2.6411604881287	0.0028571246657521
2.6423871517181	0.0026872060261667
2.6436138153076	0.0025200932286680
2.6448404788971	0.0023562696296722
2.6460673809052	0.0021962088067085
2.6472940444946	0.0020403733942658
2.6485207080841	0.0018892135703936
2.6497476100922	0.0017431650776416
2.6509742736816	0.0016026478260756
2.6522009372711	0.0014680641470477
2.6534278392792	0.0013397969305515
2.6546545028687	0.0012182099744678
2.6558811664581	0.0011036482173949
2.6571078300476	0.00099643820431083
2.6583347320557	0.00089688826119527
2.6595613956451	0.00080528832040727
2.6607880592346	0.00072190933860838
2.6620149612427	0.00064700114307925
2.6632416248322	0.00058079068548977
2.6644682884216	0.00052348058670759
2.6656951904297	0.00047524884575978
2.6669218540192	0.00043625049875118
2.6681485176086	0.00040661951061338
2.6693751811981	0.00038647075416520
2.6706020832062	0.00037590131978504
2.6718287467957	0.00037499060272239
2.6730554103851	0.00038379870238714
2.6742823123932	0.00040236412314698
2.6755089759827	0.00043070156243630
2.6767356395721	0.00046880063018762
2.6779625415802	0.00051662669284269
2.6791892051697	0.00057412363821641
2.6804158687592	0.00064121698960662
2.6816425323486	0.00071781739825383
2.6828694343567	0.00080382334999740
2.6840960979462	0.00089912128169090
2.6853227615356	0.0010035843588412
2.6865496635437	0.0011170691577718
2.6877763271332	0.0012394147925079
2.6890029907227	0.0013704412849620
2.6902298927307	0.0015099516604096
2.6914565563202	0.0016577331116423
2.6926832199097	0.0018135614227504
2.6939098834991	0.0019772031810135
2.6951367855072	0.0021484179887921
2.6963634490967	0.0023269581142813
2.6975901126862	0.0025125679094344
2.6988170146942	0.0027049821801484
2.7000436782837	0.0029039250221103
2.7012703418732	0.0031091093551368
2.7024972438812	0.0033202397171408
2.7037239074707	0.0035370138939470
2.7049505710602	0.0037591243162751
2.7061772346497	0.0039862617850304
2.7074041366577	0.0042181154713035
2.7086308002472	0.0044543701224029
2.7098574638367	0.0046947076916695
2.7110843658447	0.0049388054758310
2.7123110294342	0.0051863342523575
2.7135376930237	0.0054369596764445
2.7147645950317	0.0056903436779976
2.7159912586212	0.0059461425989866
2.7172179222107	0.0062040123157203
2.7184445858002	0.0064636063762009
2.7196714878082	0.0067245764657855
2.7208981513977	0.0069865738041699
2.7221248149872	0.0072492505423725
2.7233517169952	0.0075122574344277
2.7245783805847	0.0077752475626767
2.7258050441742	0.0080378754064441
2.7270319461823	0.0082997968420386
2.7282586097717	0.0085606640204787
2.7294852733612	0.0088201267644763
2.7307119369507	0.0090778330340981
2.7319388389587	0.0093334214761853
2.7331655025482	0.0095865270122886
2.7343921661377	0.0098367799073458
2.7356190681458	0.010083813220263
2.7368457317352	0.010327262803912
2.7380723953247	0.010566772893071
2.7392992973328	0.010801996104419
2.7405259609222	0.011032586917281
2.7417526245117	0.011258206330240
2.7429792881012	0.011478509753942
2.7442061901093	0.011693151667714
2.7454328536987	0.011901779100299
2.7466595172882	0.012104036286473
2.7478864192963	0.012299571186304
2.7491130828857	0.012488037347794
2.7503397464752	0.012669093906879
2.7515666484833	0.012842410244048
2.7527933120728	0.013007666915655
2.7540199756622	0.013164543546736
2.7552466392517	0.013312729075551
2.7564735412598	0.013451913371682
2.7577002048492	0.013581793755293
2.7589268684387	0.013702068477869
2.7601537704468	0.013812446966767
2.7613804340363	0.013912648893893
2.7626070976257	0.014002406969666
2.7638339996338	0.014081461355090
2.7650606632233	0.014149566181004
2.7662873268127	0.014206484891474
2.7675139904022	0.014251985587180
2.7687408924103	0.014285853132606
2.7699675559998	0.014307883568108
2.7711942195892	0.014317890629172
2.7724211215973	0.014315703883767
2.7736477851868	0.014301175251603
2.7748744487762	0.014274172484875
2.7761013507843	0.014234573580325
2.7773280143738	0.014182270504534
2.7785546779633	0.014117164537311
2.7797813415527	0.014039169996977
2.7810082435608	0.013948217034340
2.7822349071503	0.013844256289303
2.7834615707397	0.013727262616158
2.7846884727478	0.013597238808870
2.7859151363373	0.013454213738441
2.7871417999268	0.013298233039677
2.7883684635162	0.013129356317222
2.7895953655243	0.012947657145560
2.7908220291138	0.012753215618432
2.7920486927032	0.012546126730740
2.7932755947113	0.012326499447227
2.7945022583008	0.012094468809664
2.7957289218903	0.011850193142891
2.7969558238983	0.011593856848776
2.7981824874878	0.011325665749609
2.7994091510773	0.011045845225453
2.8006358146667	0.010754629969597
2.8018627166748	0.010452263057232
2.8030893802643	0.010138997808099
2.8043160438538	0.0098150987178087
2.8055429458618	0.0094808470457792
2.8067696094513	0.0091365491971374
2.8079962730408	0.0087825292721391
2.8092231750488	0.0084191309288144
2.8104498386383	0.0080467136576772
2.8116765022278	0.0076656434684992
2.8129031658173	0.0072762891650200
2.8141300678253	0.0068790242075920
2.8153567314148	0.0064742262475193
2.8165833950043	0.0060622841119766
2.8178102970123	0.0056436010636389
2.8190369606018	0.0052185989916325
2.8202636241913	0.0047877156175673
2.8214905261993	0.0043513975106180
2.8227171897888	0.0039100968278944
2.8239438533783	0.0034642617683858
2.8251705169678	0.0030143382027745
2.8263974189758	0.0025607696734369
2.8276240825653	0.0021040041465312
2.8288507461548	0.0016444995999336
2.8300776481628	0.0011827287962660
2.8313043117523	0.00071917788591236
2.8325309753418	0.00025434157578275
2.8337578773499	-0.00021128510707058
2.8349845409393	-0.00067721470259130
2.8362112045288	-0.0011429717997089
2.8374378681183	-0.0016080917557701
2.8386647701263	-0.0020721144974232
2.8398914337158	-0.0025345773901790
2.8411180973053	-0.0029950041789562
2.8423449993134	-0.0034529045224190
2.8435716629028	-0.0039077745750546
2.8447983264923	-0.0043591060675681
2.8460252285004	-0.0048063974827528
2.8472518920898	-0.0052491626702249
2.8484785556793	-0.0056869359686971
2.8497052192688	-0.0061192689463496
2.8509321212769	-0.0065457215532660
2.8521587848663	-0.0069658532738686
2.8533854484558	-0.0073792133480310
2.8546123504639	-0.0077853379771113
2.8558390140533	-0.0081837568432093
2.8570656776428	-0.0085739977657795
2.8582925796509	-0.0089556006714702
2.8595192432404	-0.0093281287699938
2.8607459068298	-0.0096911638975143
2.8619725704193	-0.010044311173260
2.8631994724274	-0.010387182235718
2.8644261360168	-0.010719394311309
2.8656527996063	-0.011040557175875
2.8668797016144	-0.011350282467902
2.8681063652039	-0.011648179031909
2.8693330287933	-0.011933865956962
2.8705599308014	-0.012206989340484
2.8717865943909	-0.012467214837670
2.8730132579803	-0.012714238837361
2.8742399215698	-0.012947773560882
2.8754668235779	-0.013167547062039
2.8766934871674	-0.013373293913901
2.8779201507568	-0.013564748689532
2.8791470527649	-0.013741660863161
2.8803737163544	-0.013903781771660
2.8816003799438	-0.014050889760256
2.8828272819519	-0.014182795770466
2.8840539455414	-0.014299338683486
2.8852806091309	-0.014400387182832
2.8865072727203	-0.014485836029053
2.8877341747284	-0.014555593952537
2.8889608383179	-0.014609588310122
2.8901875019073	-0.014647755771875
2.8914144039154	-0.014670046046376
2.8926410675049	-0.014676439575851
2.8938677310944	-0.014666950330138
2.8950946331024	-0.014641623012722
2.8963212966919	-0.014600537717342
2.8975479602814	-0.014543796889484
2.8987746238708	-0.014471527189016
2.9000015258789	-0.014383872970939
2.9012281894684	-0.014280987903476
2.9024548530579	-0.014163048937917
2.9036817550659	-0.014030262827873
2.9049084186554	-0.013882861472666
2.9061350822449	-0.013721117749810
2.9073619842529	-0.013545339927077
2.9085886478424	-0.013355867937207
2.9098153114319	-0.013153062202036
2.9110419750214	-0.012937299907207
2.9122688770294	-0.012708963826299
2.9134955406189	-0.012468451634049
2.9147222042084	-0.012216173112392
2.9159491062164	-0.011952564120293
2.9171757698059	-0.011678085662425
2.9184024333954	-0.011393230408430
2.9196293354034	-0.011098517104983
2.9208559989929	-0.010794483125210
2.9220826625824	-0.010481675155461
2.9233093261719	-0.010160643607378
2.9245362281799	-0.0098319426178932
2.9257628917694	-0.0094961253926158
2.9269895553589	-0.0091537581756711
2.9282164573669	-0.0088054183870554
2.9294431209564	-0.0084516946226358
2.9306697845459	-0.0080931931734085
2.9318966865540	-0.0077305240556598
2.9331233501434	-0.0073642954230309
2.9343500137329	-0.0069951047189534
2.9355766773224	-0.0066235377453268
2.9368035793304	-0.0062501681968570
2.9380302429199	-0.0058755641803145
2.9392569065094	-0.0055002905428410
2.9404838085175	-0.0051249144598842
2.9417104721069	-0.0047500049695373
2.9429371356964	-0.0043761241249740
2.9441640377045	-0.0040038186125457
2.9453907012939	-0.0036336155608296
2.9466173648834	-0.0032660104334354
2.9478440284729	-0.0029014716856182
2.9490709304810	-0.0025404409971088
2.9502975940704	-0.0021833414211869
2.9515242576599	-0.0018305829726160
2.9527511596680	-0.0014825642574579
2.9539778232574	-0.0011396699119359
2.9552044868469	-0.00080226495629176
2.9564313888550	-0.00047068588901311
2.9576580524445	-0.00014523538993672
2.9588847160339	0.00017381989164278
2.9601113796234	0.00048624645569362
2.9613382816315	0.00079183815978467
2.9625649452209	0.0010904100490734
2.9637916088104	0.0013817950384691
2.9650185108185	0.0016658442327753
2.9662451744080	0.0019424319034442
2.9674718379974	0.0022114617750049
2.9686987400055	0.0024728707503527
2.9699254035950	0.0027266328688711
2.9711520671844	0.0029727546498179
2.9723787307739	0.0032112696208060
2.9736056327820	0.0034422297030687
2.9748322963715	0.0036657005548477
2.9760589599609	0.0038817615713924
2.9772858619690	0.0040905070491135
2.9785125255585	0.0042920531705022
2.9797391891479	0.0044865421950817
2.9809660911560	0.0046741445548832
2.9821927547455	0.0048550576902926
2.9834194183350	0.0050294981338084
2.9846460819244	0.0051976935938001
2.9858729839325	0.0053598745726049
2.9870996475220	0.0055162697099149
2.9883263111115	0.0056671095080674
2.9895532131195	0.0058126309886575
2.9907798767090	0.0059530837461352
2.9920065402985	0.0060887336730957
2.9932332038879	0.0062198643572628
2.9944601058960	0.0063467673026025
2.9956867694855	0.0064697368070483
2.9969134330750	0.0065890569239855
2.9981403350830	0.0067050009965897
2.9993669986725	0.0068178279325366
3.0005936622620	0.0069277859292924
3.0018205642700	0.0070351231843233
3.0030472278595	0.0071400869637728
3.0042738914490	0.0072429315187037
3.0055005550385	0.0073439059779048
3.0067274570465	0.0074432506226003
3.0079541206360	0.0075411875732243
3.0091807842255	0.0076379128731787
3.0104076862335	0.0077335974201560
3.0116343498230	0.0078283883631229
3.0128610134125	0.0079224165529013
3.0140879154205	0.0080158095806837
3.0153145790100	0.0081086941063404
3.0165412425995	0.0082011939957738
3.0177679061890	0.0082934247329831
3.0189948081970	0.0083854822441936
3.0202214717865	0.0084774326533079
3.0214481353760	0.0085693094879389
3.0226750373840	0.0086611099541187
3.0239017009735	0.0087528061121702
3.0251283645630	0.0088443495333195
3.0263552665710	0.0089356834068894
3.0275819301605	0.0090267453342676
3.0288085937500	0.0091174673289061
3.0300352573395	0.0092077674344182
3.0312621593475	0.0092975441366434
3.0324888229370	0.0093866707757115
3.0337154865265	0.0094749936833978
3.0349423885345	0.0095623340457678
3.0361690521240	0.0096484981477261
3.0373957157135	0.0097332848235965
3.0386226177216	0.0098164854571223
3.0398492813110	0.0098978886380792
3.0410759449005	0.0099772755056620
3.0423026084900	0.010054406709969
3.0435295104980	0.010129026137292
3.0447561740875	0.010200852528214
3.0459828376770	0.010269585065544
3.0472097396851	0.010334916412830
3.0484364032745	0.010396539233625
3.0496630668640	0.010454151779413
3.0508899688721	0.010507460683584
3.0521166324615	0.010556179098785
3.0533432960510	0.010600016452372
3.0545699596405	0.010638675652444
3.0557968616486	0.010671846568584
3.0570235252380	0.010699203237891
3.0582501888275	0.010720420628786
3.0594770908356	0.010735170915723
3.0607037544250	0.010743138380349
3.0619304180145	0.010744028724730
3.0631573200226	0.010737561620772
3.0643839836121	0.010723471641541
3.0656106472015	0.010701499879360
3.0668373107910	0.010671388357878
3.0680642127991	0.010632881894708
3.0692908763885	0.010585722513497
3.0705175399780	0.010529666207731
3.0717444419861	0.010464489459991
3.0729711055756	0.010389992035925
3.0741977691650	0.010306002572179
3.0754246711731	0.010212372057140
3.0766513347626	0.010108967311680
3.0778779983521	0.0099956709891558
3.0791046619415	0.0098723713308573
3.0803315639496	0.0097389686852694
3.0815582275391	0.0095953764393926
3.0827848911285	0.0094415312632918
3.0840117931366	0.0092773977667093
3.0852384567261	0.0091029759496450
3.0864651203156	0.0089182946830988
3.0876920223236	0.0087234098464251
3.0889186859131	0.0085183978080750
3.0901453495026	0.0083033535629511
3.0913720130920	0.0080783879384398
3.0925989151001	0.0078436275944114
3.0938255786896	0.0075992238707840
3.0950522422791	0.0073453555814922
3.0962791442871	0.0070822313427925
3.0975058078766	0.0068100914359093
3.0987324714661	0.0065291994251311
3.0999593734741	0.0062398370355368
3.1011860370636	0.0059423027560115
3.1024127006531	0.0056369076482952
3.1036393642426	0.0053239767439663
3.1048662662506	0.0050038550980389
3.1060929298401	0.0046769105829298
3.1073195934296	0.0043435394763947
3.1085464954376	0.0040041650645435
3.1097731590271	0.0036592325195670
3.1109998226166	0.0033092040102929
3.1122267246246	0.0029545505531132
3.1134533882141	0.0025957464240491
3.1146800518036	0.0022332700900733
3.1159067153931	0.0018676043255255
3.1171336174011	0.0014992412179708
3.1183602809906	0.0011286849621683
3.1195869445801	0.00075645337346941
3.1208138465881	0.00038307585055009
3.1220405101776	9.0883913799189e-06
3.1232671737671	-0.00036497233668342
3.1244940757751	-0.00073857378447428
3.1257207393646	-0.0011111898347735
3.1269474029541	-0.0014823005767539
3.1281740665436	-0.0018513905815780
3.1294009685516	-0.0022179461084306
3.1306276321411	-0.0025814548134804
3.1318542957306	-0.0029414067976177
3.1330811977386	-0.0032973005436361
3.1343078613281	-0.0036486480385065
3.1355345249176	-0.0039949780330062
3.1367614269257	-0.0043358416296542
3.1379880905151	-0.0046708094887435
3.1392147541046	-0.0049994695000350
3.1404414176941	-0.0053214225918055
3.1416683197021	-0.0056362804025412
3.1428949832916	-0.0059436643496156
3.1441216468811	-0.0062432107515633
3.1453485488892	-0.0065345745533705
3.1465752124786	-0.0068174339830875
3.1478018760681	-0.0070914952084422
3.1490287780762	-0.0073564974591136
3.1502554416656	-0.0076122079044580
3.1514821052551	-0.0078584216535091
3.1527087688446	-0.0080949552357197
3.1539356708527	-0.0083216466009617
3.1551623344421	-0.0085383513942361
3.1563889980316	-0.0087449457496405
3.1576159000397	-0.0089413281530142
3.1588425636292	-0.0091274185106158
3.1600692272186	-0.0093031609430909
3.1612961292267	-0.0094685256481171
3.1625227928162	-0.0096235079690814
3.1637494564056	-0.0097681283950806
3.1649761199951	-0.0099024297669530
3.1662030220032	-0.010026476345956
3.1674296855927	-0.010140353813767
3.1686563491821	-0.010244167409837
3.1698832511902	-0.010338039137423
3.1711099147797	-0.010422109626234
3.1723365783691	-0.010496535338461
3.1735634803772	-0.010561482980847
3.1747901439667	-0.010617133229971
3.1760168075562	-0.010663683526218
3.1772434711456	-0.010701344348490
3.1784703731537	-0.010730342008173
3.1796970367432	-0.010750916786492
3.1809237003326	-0.010763322003186
3.1821506023407	-0.010767817497253
3.1833772659302	-0.010764666832983
3.1846039295197	-0.010754132643342
3.1858305931091	-0.010736477561295
3.1870574951172	-0.010711962357163
3.1882841587067	-0.010680848732591
3.1895108222961	-0.010643407702446
3.1907377243042	-0.010599913075566
3.1919643878937	-0.010550651699305
3.1931910514832	-0.010495914146304
3.1944179534912	-0.010435986332595
3.1956446170807	-0.010371147654951
3.1968712806702	-0.010301665402949
3.1980979442596	-0.010227790102363
3.1993248462677	-0.010149758309126
3.2005515098572	-0.010067799128592
3.2017781734467	-0.0099821407347918
3.2030050754547	-0.0098930075764656
3.2042317390442	-0.0098006315529346
3.2054584026337	-0.0097052408382297
3.2066853046417	-0.0096070570871234
3.2079119682312	-0.0095062861219049
3.2091386318207	-0.0094031151384115
3.2103652954102	-0.0092977089807391
3.2115921974182	-0.0091902157291770
3.2128188610077	-0.0090807685628533
3.2140455245972	-0.0089694960042834
3.2152724266052	-0.0088565293699503
3.2164990901947	-0.0087419990450144
3.2177257537842	-0.0086260344833136
3.2189526557922	-0.0085087586194277
3.2201793193817	-0.0083902804180980
3.2214059829712	-0.0082706930115819
3.2226326465607	-0.0081500690430403
3.2238595485687	-0.0080284643918276
3.2250862121582	-0.0079059302806854
3.2263128757477	-0.0077825123444200
3.2275397777557	-0.0076582599431276
3.2287664413452	-0.0075332224369049
3.2299931049347	-0.0074074501171708
3.2312200069427	-0.0072809886187315
3.2324466705322	-0.0071538751944900
3.2336733341217	-0.0070261317305267
3.2348999977112	-0.0068977735936642
3.2361268997192	-0.0067688063718379
3.2373535633087	-0.0066392370499671
3.2385802268982	-0.0065090772695839
3.2398071289062	-0.0063783447258174
3.2410337924957	-0.0062470645643771
3.2422604560852	-0.0061152642592788
3.2434873580933	-0.0059829670935869
3.2447140216827	-0.0058501916937530
3.2459406852722	-0.0057169501669705
3.2471673488617	-0.0055832518264651
3.2483942508698	-0.0054491045884788
3.2496209144592	-0.0053145242854953
3.2508475780487	-0.0051795351319015
3.2520744800568	-0.0050441743806005
3.2533011436462	-0.0049084872007370
3.2545278072357	-0.0047725234180689
3.2557547092438	-0.0046363309957087
3.2569813728333	-0.0044999546371400
3.2582080364227	-0.0043634353205562
3.2594347000122	-0.0042268102988601
3.2606616020203	-0.0040901186875999
3.2618882656097	-0.0039534084498882
3.2631149291992	-0.0038167361635715
3.2643418312073	-0.0036801695823669
3.2655684947968	-0.0035437841434032
3.2667951583862	-0.0034076590090990
3.2680220603943	-0.0032718719448894
3.2692487239838	-0.0031364960595965
3.2704753875732	-0.0030015988741070
3.2717020511627	-0.0028672446496785
3.2729289531708	-0.0027334971819073
3.2741556167603	-0.0026004242245108
3.2753822803497	-0.0024680986534804
3.2766091823578	-0.0023366007953882
3.2778358459473	-0.0022060149349272
3.2790625095367	-0.0020764260552824
3.2802894115448	-0.0019479164620861
3.2815160751343	-0.0018205615924671
3.2827427387238	-0.0016944290837273
3.2839694023132	-0.0015695781912655
3.2851963043213	-0.0014460624661297
3.2864229679108	-0.0013239309191704
3.2876496315002	-0.0012032310478389
3.2888765335083	-0.0010840100003406
3.2901031970978	-0.00096631539054215
3.2913298606873	-0.00085019430844113
3.2925567626953	-0.00073569198139012
3.2937834262848	-0.00062284996965900
3.2950100898743	-0.00051170383812860
3.2962367534637	-0.00040228196303360
3.2974636554718	-0.00029460398945957
3.2986903190613	-0.00018868027837016
3.2999169826508	-8.4512474131770e-05
3.3011438846588	1.7905047570821e-05
3.3023705482483	0.00011858275684062
3.3035972118378	0.00021753346663900
3.3048241138458	0.00031477006268688
3.3060507774353	0.00041030437569134
3.3072774410248	0.00050414697034284
3.3085041046143	0.00059630954638124
3.3097310066223	0.00068680761614814
3.3109576702118	0.00077566428808495
3.3121843338013	0.00086291233310476
3.3134112358093	0.00094859482487664
3.3146378993988	0.0010327632771805
3.3158645629883	0.0011154736857861
3.3170914649963	0.0011967812897637
3.3183181285858	0.0012767359148711
3.3195447921753	0.0013553798198700
3.3207714557648	0.0014327465323731
3.3219983577728	0.0015088644577190
3.3232250213623	0.0015837604878470
3.3244516849518	0.0016574645414948
3.3256785869598	0.0017300116596743
3.3269052505493	0.0018014429369941
3.3281319141388	0.0018718023784459
3.3293588161469	0.0019411331741139
3.3305854797363	0.0020094721112400
3.3318121433258	0.0020768465474248
3.3330388069153	0.0021432719659060
3.3342657089233	0.0022087544202805
3.3354923725128	0.0022732915822417
3.3367190361023	0.0023368792608380
3.3379459381104	0.0023995125666261
3.3391726016998	0.0024611866101623
3.3403992652893	0.0025218941736966
3.3416261672974	0.0025816219858825
3.3428528308868	0.0026403476949781
3.3440794944763	0.0026980377733707
3.3453061580658	0.0027546475175768
3.3465330600739	0.0028101243078709
3.3477597236633	0.0028644108679146
3.3489863872528	0.0029174499213696
3.3502132892609	0.0029691844247282
3.3514399528503	0.0030195573344827
3.3526666164398	0.0030685081146657
3.3538935184479	0.0031159673817456
3.3551201820374	0.0031618527136743
3.3563468456268	0.0032060686498880
3.3575735092163	0.0032485083211213
3.3588004112244	0.0032890595030040
3.3600270748138	0.0033276113681495
3.3612537384033	0.0033640582114458
3.3624806404114	0.0033983041066676
3.3637073040009	0.0034302584826946
3.3649339675903	0.0034598335623741
3.3661608695984	0.0034869364462793
3.3673875331879	0.0035114658530802
3.3686141967773	0.0035333104897290
3.3698408603668	0.0035523495171219
3.3710677623749	0.0035684616304934
3.3722944259644	0.0035815285518765
3.3735210895538	0.0035914420150220
3.3747479915619	0.0035981074906886
3.3759746551514	0.0036014406941831
3.3772013187408	0.0036013633944094
3.3784282207489	0.0035977999214083
3.3796548843384	0.0035906697157770
3.3808815479279	0.0035798896569759
3.3821082115173	0.0035653759259731
3.3833351135254	0.0035470512229949
3.3845617771149	0.0035248508211225
3.3857884407043	0.0034987269900739
3.3870153427124	0.0034686492290348
3.3882420063019	0.0034346012398601
3.3894686698914	0.0033965727780014
3.3906953334808	0.0033545545302331
3.3919222354889	0.0033085343893617
3.3931488990784	0.0032584997825325
3.3943755626678	0.0032044399995357
3.3956024646759	0.0031463557388633
3.3968291282654	0.0030842658597976
3.3980557918549	0.0030182108748704
3.3992826938629	0.0029482524842024
3.4005093574524	0.0028744675219059
3.4017360210419	0.0027969405055046
3.4029626846313	0.0027157557196915
3.4041895866394	0.0026309930253774
3.4054162502289	0.0025427280925214
3.4066429138184	0.0024510391522199
3.4078698158264	0.0023560153786093
3.4090964794159	0.0022577650379390
3.4103231430054	0.0021564182825387
3.4115500450134	0.0020521262194961
3.4127767086029	0.0019450546242297
3.4140033721924	0.0018353740451857
3.4152300357819	0.0017232518875971
3.4164569377899	0.0016088470583782
3.4176836013794	0.0014923107810318
3.4189102649689	0.0013737931149080
3.4201371669769	0.0012534509878606
3.4213638305664	0.0011314557632431
3.4225904941559	0.0010079975472763
3.4238173961639	0.00088328385027125
3.4250440597534	0.00075753289274871
3.4262707233429	0.00063096440862864
3.4274973869324	0.00050379044841975
3.4287242889404	0.00037620973307639
3.4299509525299	0.00024840736296028
3.4311776161194	0.00012055999832228
3.4324045181274	-7.1562535595149e-06
3.4336311817169	-0.00013455827138387
3.4348578453064	-0.00026145129231736
3.4360847473145	-0.00038762891199440
3.4373114109039	-0.00051287771202624
3.4385380744934	-0.00063698505982757
3.4397647380829	-0.00075974769424647
3.4409916400909	-0.00088097766274586
3.4422183036804	-0.0010005037765950
3.4434449672699	-0.0011181680019945
3.4446718692780	-0.0012338195228949
3.4458985328674	-0.0013473078142852
3.4471251964569	-0.0014584783930331
3.4483520984650	-0.0015671716537327
3.4495787620544	-0.0016732264775783
3.4508054256439	-0.0017764873337001
3.4520320892334	-0.0018768105655909
3.4532589912415	-0.0019740702118725
3.4544856548309	-0.0020681591704488
3.4557123184204	-0.0021589868701994
3.4569392204285	-0.0022464734502137
3.4581658840179	-0.0023305446375161
3.4593925476074	-0.0024111252278090
3.4606194496155	-0.0024881397839636
3.4618461132050	-0.0025615124031901
3.4630727767944	-0.0026311744004488
3.4642994403839	-0.0026970691978931
3.4655263423920	-0.0027591579128057
3.4667530059814	-0.0028174209874123
3.4679796695709	-0.0028718556277454
3.4692065715790	-0.0029224706813693
3.4704332351685	-0.0029692803509533
3.4716598987579	-0.0030122990719974
3.4728868007660	-0.0030515387188643
3.4741134643555	-0.0030870118644089
3.4753401279449	-0.0031187350396067
3.4765667915344	-0.0031467368826270
3.4777936935425	-0.0031710618641227
3.4790203571320	-0.0031917716842145
3.4802470207214	-0.0032089431770146
3.4814739227295	-0.0032226634211838
3.4827005863190	-0.0032330239191651
3.4839272499084	-0.0032401147764176
3.4851541519165	-0.0032440226059407
3.4863808155060	-0.0032448330894113
3.4876074790955	-0.0032426342368126
3.4888341426849	-0.0032375224400312
3.4900610446930	-0.0032296052668244
3.4912877082825	-0.0032190019264817
3.4925143718719	-0.0032058395445347
3.4937412738800	-0.0031902468763292
3.4949679374695	-0.0031723487190902
3.4961946010590	-0.0031522607896477
3.4974215030670	-0.0031300918199122
3.4986481666565	-0.0031059456523508
3.4998748302460	-0.0030799293890595
3.5011014938354	-0.0030521594453603
3.5023283958435	-0.0030227652750909
3.5035550594330	-0.0029918896034360
3.5047817230225	-0.0029596798121929
3.5060086250305	-0.0029262807220221
3.5072352886200	-0.0028918245807290
3.5084619522095	-0.0028564271051437
3.5096888542175	-0.0028201860841364
3.5109155178070	-0.0027831871993840
3.5121421813965	-0.0027455124072731
3.5133688449860	-0.0027072494849563
3.5145957469940	-0.0026684957556427
3.5158224105835	-0.0026293594855815
3.5170490741730	-0.0025899549946189
3.5182759761810	-0.0025503947399557
3.5195026397705	-0.0025107802357525
3.5207293033600	-0.0024711973965168
3.5219562053680	-0.0024317149072886
3.5231828689575	-0.0023923877160996
3.5244095325470	-0.0023532630875707
3.5256361961365	-0.0023143868893385
3.5268630981445	-0.0022758070845157
3.5280897617340	-0.0022375748958439
3.5293164253235	-0.0021997394505888
3.5305433273315	-0.0021623452194035
3.5317699909210	-0.0021254266612232
3.5329966545105	-0.0020890068262815
3.5342235565186	-0.0020530992187560
3.5354502201080	-0.0020177119877189
3.5366768836975	-0.0019828523509204
3.5379035472870	-0.0019485286902636
3.5391304492950	-0.0019147504353896
3.5403571128845	-0.0018815244548023
3.5415837764740	-0.0018488493515179
3.5428106784821	-0.0018167113885283
3.5440373420715	-0.0017850827425718
3.5452640056610	-0.0017539247637615
3.5464909076691	-0.0017231935635209
3.5477175712585	-0.0016928461845964
3.5489442348480	-0.0016628467710689
3.5501708984375	-0.0016331673832610
3.5513978004456	-0.0016037847381085
3.5526244640350	-0.0015746733406559
3.5538511276245	-0.0015457987319678
3.5550780296326	-0.0015171116683632
3.5563046932220	-0.0014885487034917
3.5575313568115	-0.0014600366121158
3.5587582588196	-0.0014314992586151
3.5599849224091	-0.0014028656296432
3.5612115859985	-0.0013740757713094
3.5624382495880	-0.0013450803235173
3.5636651515961	-0.0013158370275050
3.5648918151855	-0.0012863038573414
3.5661184787750	-0.0012564321514219
3.5673453807831	-0.0012261620722711
3.5685720443726	-0.0011954237706959
3.5697987079620	-0.0011641401797533
3.5710256099701	-0.0011322352802381
3.5722522735596	-0.0010996400378644
3.5734789371490	-0.0010662961285561
3.5747056007385	-0.0010321560548618
3.5759325027466	-0.00099717930424958
3.5771591663361	-0.00096132629550993
3.5783858299255	-0.00092455372214317
3.5796127319336	-0.00088681234046817
3.5808393955231	-0.00084804825019091
3.5820660591125	-0.00080820667790249
3.5832927227020	-0.00076723756501451
3.5845196247101	-0.00072509970050305
3.5857462882996	-0.00068176240893081
3.5869729518890	-0.00063720357138664
3.5881998538971	-0.00059140619123355
3.5894265174866	-0.00054435466881841
3.5906531810760	-0.00049603154184297
3.5918800830841	-0.00044641745625995
3.5931067466736	-0.00039549291250296
3.5943334102631	-0.00034324184525758
3.5955600738525	-0.00028965508681722
3.5967869758606	-0.00023473246255890
3.5980136394501	-0.00017848238348961
3.5992403030396	-0.00012091991084162
3.6004672050476	-6.2063685618341e-05
3.6016938686371	-1.9338876882102e-06
3.6029205322266	5.9448473621160e-05
3.6041474342346	0.00012206081737531
3.6053740978241	0.00018587705562823
3.6066007614136	0.00025086558889598
3.6078274250031	0.00031698812381364
3.6090543270111	0.00038419943302870
3.6102809906006	0.00045244875946082
3.6115076541901	0.00052168138790876
3.6127345561981	0.00059184001293033
3.6139612197876	0.00066286535002291
3.6151878833771	0.00073469505878165
3.6164147853851	0.00080726295709610
3.6176414489746	0.00088049838086590
3.6188681125641	0.00095432577654719
3.6200947761536	0.0010286654578522
3.6213216781616	0.0011034350609407
3.6225483417511	0.0011785508831963
3.6237750053406	0.0012539284070954
3.6250019073486	0.0013294818345457
3.6262285709381	0.0014051224570721
3.6274552345276	0.0014807580737397
3.6286821365356	0.0015562919434160
3.6299088001251	0.0016316230176017
3.6311354637146	0.0017066481523216
3.6323621273041	0.0017812638543546
3.6335890293121	0.0018553679110482
3.6348156929016	0.0019288604380563
3.6360423564911	0.0020016438793391
3.6372692584991	0.0020736202131957
3.6384959220886	0.0021446901373565
3.6397225856781	0.0022147514391690
3.6409494876862	0.0022836998105049
3.6421761512756	0.0023514293134212
3.6434028148651	0.0024178358726203
3.6446294784546	0.0024828179739416
3.6458563804626	0.0025462780613452
3.6470830440521	0.0026081218384206
3.6483097076416	0.0026682573370636
3.6495366096497	0.0027265932876617
3.6507632732391	0.0027830388862640
3.6519899368286	0.0028375035617501
3.6532168388367	0.0028898986056447
3.6544435024261	0.0029401392675936
3.6556701660156	0.0029881456866860
3.6568968296051	0.0030338435899466
3.6581237316132	0.0030771624296904
3.6593503952026	0.0031180337537080
3.6605770587921	0.0031563905067742
3.6618039608002	0.0031921658664942
3.6630306243896	0.0032252958044410
3.6642572879791	0.0032557216472924
3.6654841899872	0.0032833919394761
3.6667108535767	0.0033082654699683
3.6679375171661	0.0033303103409708
3.6691641807556	0.0033495018724352
3.6703910827637	0.0033658172469586
3.6716177463531	0.0033792331814766
3.6728444099426	0.0033897235989571
3.6740713119507	0.0033972617238760
3.6752979755402	0.0034018238075078
3.6765246391296	0.0034033937845379
3.6777515411377	0.0034019658342004
3.6789782047272	0.0033975481055677
3.6802048683167	0.0033901589922607
3.6814315319061	0.0033798217773438
3.6826584339142	0.0033665583468974
3.6838850975037	0.0033503873273730
3.6851117610931	0.0033313210587949
3.6863386631012	0.0033093711826950
3.6875653266907	0.0032845558598638
3.6887919902802	0.0032569051254541
3.6900188922882	0.0032264667097479
3.6912455558777	0.0031933039426804
3.6924722194672	0.0031574901659042
3.6936988830566	0.0031191001180559
3.6949257850647	0.0030782022513449
3.6961524486542	0.0030348533764482
3.6973791122437	0.0029890995938331
3.6986060142517	0.0029409823473543
3.6998326778412	0.0028905477374792
3.7010593414307	0.0028378563001752
3.7022862434387	0.0027829848695546
3.7035129070282	0.0027260275091976
3.7047395706177	0.0026670871302485
3.7059662342072	0.0026062671095133
3.7071931362152	0.0025436617434025
3.7084197998047	0.0024793525226414
3.7096464633942	0.0024134097620845
3.7108733654022	0.0023459002841264
3.7121000289917	0.0022768944036216
3.7133266925812	0.0022064752411097
3.7145535945892	0.0021347398869693
3.7157802581787	0.0020617977716029
3.7170069217682	0.0019877613522112
3.7182335853577	0.0019127376144752
3.7194604873657	0.0018368205055594
3.7206871509552	0.0017600902356207
3.7219138145447	0.0016826166538522
3.7231407165527	0.0016044680960476
3.7243673801422	0.0015257201157510
3.7255940437317	0.0014464615378529
3.7268209457397	0.0013667945750058
3.7280476093292	0.0012868299381807
3.7292742729187	0.0012066774070263
3.7305009365082	0.0011264367494732
3.7317278385162	0.0010461925994605
3.7329545021057	0.00096601434051991
3.7341811656952	0.00088596064597368
3.7354080677032	0.00080608896678314
3.7366347312927	0.00072646304033697
3.7378613948822	0.00064715754706413
3.7390882968903	0.00056825741194189
3.7403149604797	0.00048985274042934
3.7415416240692	0.00041203130967915
3.7427682876587	0.00033487135078758
3.7439951896667	0.00025843828916550
3.7452218532562	0.00018278554489370
3.7464485168457	0.00010795966954902
3.7476754188538	3.4006880014203e-05
3.7489020824432	-3.9021277189022e-05
3.7501287460327	-0.00011106566671515
3.7513556480408	-0.00018206155800726
3.7525823116302	-0.00025194362387992
3.7538089752197	-0.00032065223786049
3.7550356388092	-0.00038813866558485
3.7562625408173	-0.00045436652726494
3.7574892044067	-0.00051930884364992
3.7587158679962	-0.00058294314658269
3.7599427700043	-0.00064524443587288
3.7611694335938	-0.00070618162862957
3.7623960971832	-0.00076571572571993
3.7636229991913	-0.00082380248932168
3.7648496627808	-0.00088039768161252
3.7660763263702	-0.00093546282732859
3.7673029899597	-0.00098896957933903
3.7685298919678	-0.0010409015230834
3.7697565555573	-0.0010912519646809
3.7709832191467	-0.0011400202056393
3.7722101211548	-0.0011872053146362
3.7734367847443	-0.0012328020529822
3.7746634483337	-0.0012767977314070
3.7758903503418	-0.0013191730249673
3.7771170139313	-0.0013599044177681
3.7783436775208	-0.0013989694416523
3.7795703411102	-0.0014363512163982
3.7807972431183	-0.0014720426406711
3.7820239067078	-0.0015060463920236
3.7832505702972	-0.0015383741119877
3.7844774723053	-0.0015690422151238
3.7857041358948	-0.0015980671159923
3.7869307994843	-0.0016254610382020
3.7881574630737	-0.0016512289876118
3.7893843650818	-0.0016753694508225
3.7906110286713	-0.0016978771891445
3.7918376922607	-0.0017187480116263
3.7930645942688	-0.0017379834316671
3.7942912578583	-0.0017555933445692
3.7955179214478	-0.0017715968424454
3.7967448234558	-0.0017860187217593
3.7979714870453	-0.0017988851759583
3.7991981506348	-0.0018102187896147
3.8004248142242	-0.0018200345803052
3.8016517162323	-0.0018283394165337
3.8028783798218	-0.0018351359758526
3.8041050434113	-0.0018404269358143
3.8053319454193	-0.0018442207947373
3.8065586090088	-0.0018465353641659
3.8077852725983	-0.0018473966047168
3.8090121746063	-0.0018468353664503
3.8102388381958	-0.0018448813352734
3.8114655017853	-0.0018415565136820
3.8126921653748	-0.0018368723103777
3.8139190673828	-0.0018308302387595
3.8151457309723	-0.0018234273884445
3.8163723945618	-0.0018146635266021
3.8175992965698	-0.0018045481992885
3.8188259601593	-0.0017931037582457
3.8200526237488	-0.0017803641967475
3.8212795257568	-0.0017663678154349
3.8225061893463	-0.0017511480255052
3.8237328529358	-0.0017347255488858
3.8249595165253	-0.0017171045765281
3.8261864185333	-0.0016982761444524
3.8274130821228	-0.0016782252350822
3.8286397457123	-0.0016569419531152
3.8298666477203	-0.0016344292089343
3.8310933113098	-0.0016107063274831
3.8323199748993	-0.0015858059050515
3.8335468769073	-0.0015597644960508
3.8347735404968	-0.0015326109714806
3.8360002040863	-0.0015043581370264
3.8372268676758	-0.0014750000555068
3.8384537696838	-0.0014445155393332
3.8396804332733	-0.0014128793263808
3.8409070968628	-0.0013800734886900
3.8421339988708	-0.0013460961636156
3.8433606624603	-0.0013109646970406
3.8445873260498	-0.0012747105211020
3.8458142280579	-0.0012373686768115
3.8470408916473	-0.0011989659396932
3.8482675552368	-0.0011595127871260
3.8494942188263	-0.0011190011864528
3.8507211208344	-0.0010774102993309
3.8519477844238	-0.0010347164934501
3.8531744480133	-0.00099090486764908
3.8544013500214	-0.00094597542192787
3.8556280136108	-0.00089994398877025
3.8568546772003	-0.00085283647058532
3.8580815792084	-0.00080467836232856
3.8593082427979	-0.00075548572931439
3.8605349063873	-0.00070526113267988
3.8617615699768	-0.00065399514278397
3.8629884719849	-0.00060167419724166
3.8642151355743	-0.00054828979773447
3.8654417991638	-0.00049384689191356
3.8666687011719	-0.00043836631812155
3.8678953647614	-0.00038188070175238
3.8691220283508	-0.00032442601514049
3.8703489303589	-0.00026603176956996
3.8715755939484	-0.00020671435049735
3.8728022575378	-0.00014647669740953
3.8740289211273	-8.5313586168922e-05
3.8752558231354	-2.3221167793963e-05
3.8764824867249	3.9793700125301e-05
3.8777091503143	0.00010370823292760
3.8789360523224	0.00016848492668942
3.8801627159119	0.00023407844128087
3.8813893795013	0.00030044489540160
3.8826162815094	0.00036754956818186
3.8838429450989	0.00043536970042624
3.8850696086884	0.00050389120588079
3.8862962722778	0.00057310087140650
3.8875231742859	0.00064297672361135
3.8887498378754	0.00071348220808432
3.8899765014648	0.00078456522896886
3.8912034034729	0.00085616391152143
3.8924300670624	0.00092821626458317
3.8936567306519	0.0010006688535213
3.8948836326599	0.0010734819807112
3.8961102962494	0.0011466292198747
3.8973369598389	0.0012200893834233
3.8985636234283	0.0012938368599862
3.8997905254364	0.0013678323011845
3.9010171890259	0.0014420190127566
3.9022438526154	0.0015163253992796
3.9034707546234	0.0015906732296571
3.9046974182129	0.0016649868339300
3.9059240818024	0.0017392025329173
3.9071509838104	0.0018132706172764
3.9083776473999	0.0018871527863666
3.9096043109894	0.0019608139991760
3.9108309745789	0.0020342131610960
3.9120578765869	0.0021072970703244
3.9132845401764	0.0021799982059747
3.9145112037659	0.0022522399667650
3.9157381057739	0.0023239436559379
3.9169647693634	0.0023950352333486
3.9181914329529	0.0024654502049088
3.9194183349609	0.0025351336225867
3.9206449985504	0.0026040349621326
3.9218716621399	0.0026721027679741
3.9230983257294	0.0027392783667892
3.9243252277374	0.0028054942376912
3.9255518913269	0.0028706772718579
3.9267785549164	0.0029347534291446
3.9280054569244	0.0029976526275277
3.9292321205139	0.0030593131668866
3.9304587841034	0.0031196810305119
3.9316856861115	0.0031787047628313
3.9329123497009	0.0032363315112889
3.9341390132904	0.0032925030682236
3.9353656768799	0.0033471537753940
3.9365925788879	0.0034002151805907
3.9378192424774	0.0034516211599112
3.9390459060669	0.0035013102460653
3.9402728080750	0.0035492279566824
3.9414994716644	0.0035953272599727
3.9427261352539	0.0036395601928234
3.9439530372620	0.0036818746011704
3.9451797008514	0.0037222085520625
3.9464063644409	0.0037604928947985
3.9476330280304	0.0037966577801853
3.9488599300385	0.0038306391797960
3.9500865936279	0.0038623840082437
3.9513132572174	0.0038918578065932
3.9525401592255	0.0039190393872559
3.9537668228149	0.0039439122192562
3.9549934864044	0.0039664534851909
3.9562203884125	0.0039866263978183
3.9574470520020	0.0040043750777841
3.9586737155914	0.0040196287445724
3.9599003791809	0.0040323142893612
3.9611272811890	0.0040423669852316
3.9623539447784	0.0040497425943613
3.9635806083679	0.0040544187650084
3.9648075103760	0.0040563931688666
3.9660341739655	0.0040556732565165
3.9672608375549	0.0040522599592805
3.9684877395630	0.0040461402386427
3.9697144031525	0.0040372824296355
3.9709410667419	0.0040256408974528
3.9721677303314	0.0040111681446433
3.9733946323395	0.0039938259869814
3.9746212959290	0.0039735967293382
3.9758479595184	0.0039504831656814
3.9770748615265	0.0039245039224625
3.9783015251160	0.0038956820499152
3.9795281887054	0.0038640329148620
3.9807548522949	0.0038295593112707
3.9819817543030	0.0037922500632703
3.9832084178925	0.0037520874757320
3.9844350814819	0.0037090587429702
3.9856619834900	0.0036631650291383
3.9868886470795	0.0036144284531474
3.9881153106689	0.0035628876648843
3.9893422126770	0.0035085943527520
3.9905688762665	0.0034515964798629
3.9917955398560	0.0033919345587492
3.9930222034454	0.0033296335022897
3.9942491054535	0.0032647086773068
3.9954757690430	0.0031971742864698
3.9967024326324	0.0031270550098270
3.9979293346405	0.0030543925240636
3.9991559982300	0.0029792496934533
4.0003829002380	0.0029017031192780
4.0016093254089	0.0028218370862305
4.0028362274170	0.0027397316880524
4.0040631294250	0.0026554553769529
4.0052895545959	0.0025690644979477
4.0065164566040	0.0024806086439639
4.0077433586121	0.0023901399690658
4.0089697837830	0.0022977218031883
4.0101966857910	0.0022034354042262
4.0114231109619	0.0021073785610497
4.0126500129700	0.0020096604712307
4.0138769149780	0.0019103924278170
4.0151033401489	0.0018096796702594
4.0163302421570	0.0017076170770451
4.0175571441650	0.0016042902134359
4.0187835693359	0.0014997809194028
4.0200104713440	0.0013941756915301
4.0212373733521	0.0012875713873655
4.0224637985229	0.0011800776701421
4.0236907005310	0.0010718147968873
4.0249176025391	0.00096290680812672
4.0261440277100	0.00085347419371828
4.0273709297180	0.00074363010935485
4.0285978317261	0.00063347909599543
4.0298242568970	0.00052312103798613
4.0310511589050	0.00041265779873356
4.0322780609131	0.00030219909967855
4.0335044860840	0.00019186534336768
4.0347313880920	8.1786085502245e-05
4.0359578132629	-2.7906136892852e-05
4.0371847152710	-0.00013708315964323
4.0384116172791	-0.00024562730686739
4.0396380424500	-0.00035343354102224
4.0408649444580	-0.00046040711458772
4.0420918464661	-0.00056645704898983
4.0433182716370	-0.00067148875677958
4.0445451736450	-0.00077539827907458
4.0457720756531	-0.00087807083036751
4.0469985008240	-0.00097938452381641
4.0482254028320	-0.0010792175307870
4.0494523048401	-0.0011774557642639
4.0506787300110	-0.0012739993399009
4.0519056320190	-0.0013687631580979
4.0531325340271	-0.0014616752741858
4.0543589591980	-0.0015526686329395
4.0555858612061	-0.0016416753642261
4.0568127632141	-0.0017286201473325
4.0580391883850	-0.0018134199781343
4.0592660903931	-0.0018959862645715
4.0604925155640	-0.0019762297160923
4.0617194175720	-0.0020540689583868
4.0629463195801	-0.0021294339094311
4.0641727447510	-0.0022022682242095
4.0653996467590	-0.0022725271992385
4.0666265487671	-0.0023401742801070
4.0678529739380	-0.0024051747750491
4.0690798759460	-0.0024674939922988
4.0703067779541	-0.0025270951446146
4.0715332031250	-0.0025839402806014
4.0727601051331	-0.0026379937771708
4.0739870071411	-0.0026892251335084
4.0752134323120	-0.0027376106008887
4.0764403343201	-0.0027831345796585
4.0776672363281	-0.0028257868252695
4.0788936614990	-0.0028655615169555
4.0801205635071	-0.0029024553950876
4.0813474655151	-0.0029364670626819
4.0825738906860	-0.0029675979167223
4.0838007926941	-0.0029958540108055
4.0850272178650	-0.0030212476849556
4.0862541198730	-0.0030437973327935
4.0874810218811	-0.0030635274015367
4.0887074470520	-0.0030804660636932
4.0899343490601	-0.0030946419574320
4.0911612510681	-0.0031060841865838
4.0923876762390	-0.0031148209236562
4.0936145782471	-0.0031208805739880
4.0948414802551	-0.0031242948025465
4.0960679054260	-0.0031251010950655
4.0972948074341	-0.0031233441550285
4.0985217094421	-0.0031190756708384
4.0997481346130	-0.0031123529188335
4.1009750366211	-0.0031032352708280
4.1022019386292	-0.0030917804688215
4.1034283638000	-0.0030780427623540
4.1046552658081	-0.0030620724428445
4.1058821678162	-0.0030439191032201
4.1071085929871	-0.0030236330348998
4.1083354949951	-0.0030012694187462
4.1095619201660	-0.0029768897220492
4.1107888221741	-0.0029505619313568
4.1120157241821	-0.0029223593883216
4.1132421493530	-0.0028923572972417
4.1144690513611	-0.0028606285341084
4.1156959533691	-0.0028272429481149
4.1169223785400	-0.0027922664303333
4.1181492805481	-0.0027557616122067
4.1193761825562	-0.0027177897281945
4.1206026077271	-0.0026784131769091
4.1218295097351	-0.0026376983150840
4.1230564117432	-0.0025957131292671
4.1242828369141	-0.0025525274686515
4.1255097389221	-0.0025082114152610
4.1267366409302	-0.0024628322571516
4.1279630661011	-0.0024164547212422
4.1291899681091	-0.0023691407404840
4.1304168701172	-0.0023209496866912
4.1316432952881	-0.0022719404660165
4.1328701972961	-0.0022221729159355
4.1340966224670	-0.0021717073395848
4.1353235244751	-0.0021206056699157
4.1365504264832	-0.0020689289085567
4.1377768516541	-0.0020167359616607
4.1390037536621	-0.0019640822429210
4.1402306556702	-0.0019110202556476
4.1414570808411	-0.0018575988942757
4.1426839828491	-0.0018038651905954
4.1439108848572	-0.0017498634988442
4.1451373100281	-0.0016956375911832
4.1463642120361	-0.0016412294935435
4.1475911140442	-0.0015866803005338
4.1488175392151	-0.0015320301754400
4.1500444412231	-0.0014773177681491
4.1512713432312	-0.0014225807972252
4.1524977684021	-0.0013678559334949
4.1537246704102	-0.0013131785672158
4.1549515724182	-0.0012585821095854
4.1561779975891	-0.0012040971778333
4.1574048995972	-0.0011497504310682
4.1586313247681	-0.0010955645702779
4.1598582267761	-0.0010415585711598
4.1610851287842	-0.00098774838261306
4.1623115539551	-0.00093414873117581
4.1635384559631	-0.00088077440159395
4.1647653579712	-0.00082764180842787
4.1659917831421	-0.00077476864680648
4.1672186851501	-0.00072217237902805
4.1684455871582	-0.00066986819729209
4.1696720123291	-0.00061786692822352
4.1708989143372	-0.00056617398513481
4.1721258163452	-0.00051479088142514
4.1733522415161	-0.00046371624921449
4.1745791435242	-0.00041294918628410
4.1758060455322	-0.00036249062395655
4.1770324707031	-0.00031234457856044
4.1782593727112	-0.00026251704548486
4.1794857978821	-0.00021301361266524
4.1807126998901	-0.00016383705951739
4.1819396018982	-0.00011498584353831
4.1831660270691	-6.6454042098485e-05
4.1843929290771	-1.8233204173157e-05
4.1856198310852	2.9684713808820e-05
4.1868462562561	7.7304561273195e-05
4.1880731582642	0.00012462654558476
4.1893000602722	0.00017164702876471
4.1905264854431	0.00021836116502527
4.1917533874512	0.00026476650964469
4.1929802894592	0.00031086587114260
4.1942067146301	0.00035666738403961
4.1954336166382	0.00040218245703727
4.1966605186462	0.00044742116006091
4.1978869438171	0.00049238780047745
4.1991138458252	0.00053707812912762
4.2003407478333	0.00058147945674136
4.2015671730042	0.00062557414639741
4.2027940750122	0.00066934514325112
4.2040205001831	0.00071278196992353
4.2052474021912	0.00075588357867673
4.2064743041992	0.00079865811858326
4.2077007293701	0.00084111723117530
4.2089276313782	0.00088326877448708
4.2101545333862	0.00092510966351256
4.2113809585571	0.00096662208670750
4.2126078605652	0.0010077746119350
4.2138347625732	0.0010485285893083
4.2150611877441	0.0010888471733779
4.2162880897522	0.0011287032393739
4.2175149917603	0.0011680836323649
4.2187414169312	0.0012069882359356
4.2199683189392	0.0012454220559448
4.2211952209473	0.0012833859072998
4.2224216461182	0.0013208664022386
4.2236485481262	0.0013578324578702
4.2248754501343	0.0013942363439128
4.2261018753052	0.0014300220645964
4.2273287773132	0.0014651357196271
4.2285552024841	0.0014995356323197
4.2297821044922	0.0015331965405494
4.2310090065002	0.0015661076176912
4.2322354316711	0.0015982646727934
4.2334623336792	0.0016296589747071
4.2346892356873	0.0016602680552751
4.2359156608582	0.0016900516347960
4.2371425628662	0.0017189532518387
4.2383694648743	0.0017469103913754
4.2395958900452	0.0017738640308380
4.2408227920532	0.0017997673712671
4.2420496940613	0.0018245906103402
4.2432761192322	0.0018483177991584
4.2445030212402	0.0018709393916652
4.2457299232483	0.0018924424657598
4.2469563484192	0.0019128019921482
4.2481832504272	0.0019319788552821
4.2494101524353	0.0019499217160046
4.2506365776062	0.0019665756262839
4.2518634796143	0.0019818902947009
4.2530899047852	0.0019958280026913
4.2543168067932	0.0020083645358682
4.2555437088013	0.0020194870885462
4.2567701339722	0.0020291858818382
4.2579970359802	0.0020374478772283
4.2592239379883	0.0020442507229745
4.2604503631592	0.0020495632197708
4.2616772651672	0.0020533483475447
4.2629041671753	0.0020555690862238
4.2641305923462	0.0020561956334859
4.2653574943542	0.0020552077330649
4.2665843963623	0.0020525963045657
4.2678108215332	0.0020483592525125
4.2690377235413	0.0020424958784133
4.2702646255493	0.0020350026898086
4.2714910507202	0.0020258729346097
4.2727179527283	0.0020150956697762
4.2739448547363	0.0020026587881148
4.2751712799072	0.0019885553047061
4.2763981819153	0.0019727828912437
4.2776246070862	0.0019553436432034
4.2788515090942	0.0019362438470125
4.2800784111023	0.0019154896726832
4.2813048362732	0.0018930868245661
4.2825317382812	0.0018690400756896
4.2837586402893	0.0018433553632349
4.2849850654602	0.0018160443287343
4.2862119674683	0.0017871249001473
4.2874388694763	0.0017566228052601
4.2886652946472	0.0017245681956410
4.2898921966553	0.0016909913392738
4.2911190986633	0.0016559190116823
4.2923455238342	0.0016193715855479
4.2935724258423	0.0015813641948625
4.2947993278503	0.0015419108094648
4.2960257530212	0.0015010302886367
4.2972526550293	0.0014587512705475
4.2984795570374	0.0014151139184833
4.2997059822083	0.0013701687566936
4.3009328842163	0.0013239703839645
4.3021593093872	0.0012765709543601
4.3033862113953	0.0012280142400414
4.3046131134033	0.0011783344671130
4.3058395385742	0.0011275581782684
4.3070664405823	0.0010757115669549
4.3082933425903	0.0010228271130472
4.3095197677612	0.00096894940361381
4.3107466697693	0.00091413554036990
4.3119735717773	0.00085845135618001
4.3131999969482	0.00080196413910016
4.3144268989563	0.00074473500717431
4.3156538009644	0.00068681454285979
4.3168802261353	0.00062824250198901
4.3181071281433	0.00056905287783593
4.3193340301514	0.00050928129348904
4.3205604553223	0.00044897219049744
4.3217873573303	0.00038818246684968
4.3230142593384	0.00032698045833968
4.3242406845093	0.00026544072898105
4.3254675865173	0.00020363621297292
4.3266940116882	0.00014163152081892
4.3279209136963	7.9479461419396e-05
4.3291478157043	1.7222750102519e-05
4.3303742408752	-4.5100594434189e-05
4.3316011428833	-0.00010745018516900
4.3328280448914	-0.00016977760242298
4.3340544700623	-0.00023202440934256
4.3352813720703	-0.00029412406729534
4.3365082740784	-0.00035600730916485
4.3377346992493	-0.00041760853491724
4.3389616012573	-0.00047886965330690
4.3401885032654	-0.00053974095499143
4.3414149284363	-0.00060017866780981
4.3426418304443	-0.00066014018375427
4.3438687324524	-0.00071957969339564
4.3450951576233	-0.00077844620682299
4.3463220596313	-0.00083668425213546
4.3475489616394	-0.00089423707686365
4.3487753868103	-0.00095105048967525
4.3500022888184	-0.0010070756543428
4.3512287139893	-0.0010622700210661
4.3524556159973	-0.0011165949981660
4.3536825180054	-0.0011700124014169
4.3549089431763	-0.0012224812526256
4.3561358451843	-0.0012739563826472
4.3573627471924	-0.0013243899447843
4.3585891723633	-0.0013737351400778
4.3598160743713	-0.0014219502918422
4.3610429763794	-0.0014690015232190
4.3622694015503	-0.0015148636884987
4.3634963035583	-0.0015595161821693
4.3647232055664	-0.0016029387479648
4.3659496307373	-0.0016451069386676
4.3671765327454	-0.0016859896713868
4.3684034347534	-0.0017255512066185
4.3696298599243	-0.0017637542914599
4.3708567619324	-0.0018005664460361
4.3720836639404	-0.0018359641544521
4.3733100891113	-0.0018699346110225
4.3745369911194	-0.0019024736247957
4.3757634162903	-0.0019335811957717
4.3769903182983	-0.0019632559269667
4.3782172203064	-0.0019914894364774
4.3794436454773	-0.0020182672888041
4.3806705474854	-0.0020435699261725
4.3818974494934	-0.0020673798862845
4.3831238746643	-0.0020896848291159
4.3843507766724	-0.0021104831248522
4.3855776786804	-0.0021297838538885
4.3868041038513	-0.0021476035472006
4.3880310058594	-0.0021639615297318
4.3892579078674	-0.0021788740996271
4.3904843330383	-0.0021923517342657
4.3917112350464	-0.0022043995559216
4.3929381370544	-0.0022150191944093
4.3941645622253	-0.0022242139093578
4.3953914642334	-0.0022319937124848
4.3966178894043	-0.0022383760660887
4.3978447914124	-0.0022433863487095
4.3990716934204	-0.0022470550611615
4.4002981185913	-0.0022494129370898
4.4015250205994	-0.0022504890803248
4.4027519226074	-0.0022503093350679
4.4039783477783	-0.0022488955873996
4.4052052497864	-0.0022462692577392
4.4064321517944	-0.0022424529306591
4.4076585769653	-0.0022374722175300
4.4088854789734	-0.0022313557565212
4.4101123809814	-0.0022241335827857
4.4113388061523	-0.0022158366627991
4.4125657081604	-0.0022064959630370
4.4137926101685	-0.0021961419843137
4.4150190353394	-0.0021848059259355
4.4162459373474	-0.0021725213155150
4.4174728393555	-0.0021593247074634
4.4186992645264	-0.0021452545188367
4.4199261665344	-0.0021303496323526
4.4211525917053	-0.0021146456710994
4.4223794937134	-0.0020981738343835
4.4236063957214	-0.0020809590350837
4.4248328208923	-0.0020630240906030
4.4260597229004	-0.0020443906541914
4.4272866249084	-0.0020250841043890
4.4285130500793	-0.0020051356405020
4.4297399520874	-0.0019845818169415
4.4309668540955	-0.0019634629134089
4.4321932792664	-0.0019418176962063
4.4334201812744	-0.0019196786452085
4.4346470832825	-0.0018970704404637
4.4358735084534	-0.0018740083323792
4.4371004104614	-0.0018505025655031
4.4383273124695	-0.0018265641992912
4.4395537376404	-0.0018022082513198
4.4407806396484	-0.0017774578882381
4.4420075416565	-0.0017523425631225
4.4432339668274	-0.0017268954543397
4.4444608688354	-0.0017011470627040
4.4456872940063	-0.0016751205548644
4.4469141960144	-0.0016488283872604
4.4481410980225	-0.0016222737031057
4.4493675231934	-0.0015954538248479
4.4505944252014	-0.0015683663077652
4.4518213272095	-0.0015410131309181
4.4530477523804	-0.0015134039567783
4.4542746543884	-0.0014855550834909
4.4555015563965	-0.0014574858359993
4.4567279815674	-0.0014292139094323
4.4579548835754	-0.0014007503632456
4.4591817855835	-0.0013720988063142
4.4604082107544	-0.0013432552805170
4.4616351127625	-0.0013142124516889
4.4628620147705	-0.0012849636841565
4.4640884399414	-0.0012555065331981
4.4653153419495	-0.0012258427450433
4.4665422439575	-0.0011959779076278
4.4677686691284	-0.0011659180745482
4.4689955711365	-0.0011356660397723
4.4702219963074	-0.0011052194749936
4.4714488983154	-0.0010745711624622
4.4726758003235	-0.0010437100427225
4.4739022254944	-0.0010126249399036
4.4751291275024	-0.00098130793776363
4.4763560295105	-0.00094975583488122
4.4775824546814	-0.00091796991182491
4.4788093566895	-0.00088595354463905
4.4800362586975	-0.00085371010936797
4.4812626838684	-0.00082124007167295
4.4824895858765	-0.00078854046296328
4.4837164878845	-0.00075560581171885
4.4849429130554	-0.00072242936585099
4.4861698150635	-0.00068900571204722
4.4873967170715	-0.00065533240558580
4.4886231422424	-0.00062141008675098
4.4898500442505	-0.00058724166592583
4.4910769462585	-0.00055283081019297
4.4923033714294	-0.00051818025531247
4.4935302734375	-0.00048329110722989
4.4947566986084	-0.00044816304580308
4.4959836006165	-0.00041279580909759
4.4972105026245	-0.00037719091051258
4.4984369277954	-0.00034135277383029
4.4996638298035	-0.00030528893694282
4.5008907318115	-0.00026900888769887
4.5021171569824	-0.00023252300161403
4.5033440589905	-0.00019584095571190
4.5045709609985	-0.00015897085540928
4.5057973861694	-0.00012191927817184
4.5070242881775	-8.4692575910594e-05
4.5082511901855	-4.7298708523158e-05
4.5094776153564	-9.7489455583855e-06
4.5107045173645	2.7941023290623e-05
4.5119314193726	6.5751133661252e-05
4.5131578445435	0.00010365834896220
4.5143847465515	0.00014163884043228
4.5156116485596	0.00017967002349906
4.5168380737305	0.00021773138723802
4.5180649757385	0.00025580459623598
4.5192914009094	0.00029387252288871
4.5205183029175	0.00033191806869581
4.5217452049255	0.00036992257810198
4.5229716300964	0.00040786463068798
4.5241985321045	0.00044571934267879
4.5254254341125	0.00048345891991630
4.5266518592834	0.00052105390932411
4.5278787612915	0.00055847410112619
4.5291056632996	0.00059568986762315
4.5303320884705	0.00063267280347645
4.5315589904785	0.00066939543467015
4.5327858924866	0.00070583110209554
4.5340123176575	0.00074195233173668
4.5352392196655	0.00077773077646270
4.5364661216736	0.00081313576083630
4.5376925468445	0.00084813515422866
4.5389194488525	0.00088269502157345
4.5401463508606	0.00091678067110479
4.5413727760315	0.00095035793492571
4.5425996780396	0.00098339351825416
4.5438261032104	0.0010158560471609
4.5450530052185	0.0010477160103619
4.5462799072266	0.0010789445368573
4.5475063323975	0.0011095121735707
4.5487332344055	0.0011393881868571
4.5499601364136	0.0011685403296724
4.5511865615845	0.0011969349579886
4.5524134635925	0.0012245377292857
4.5536403656006	0.0012513145338744
4.5548667907715	0.0012772326590493
4.5560936927795	0.0013022619532421
4.5573205947876	0.0013263745931908
4.5585470199585	0.0013495448511094
4.5597739219666	0.0013717475812882
4.5610008239746	0.0013929576380178
4.5622272491455	0.0014131490606815
4.5634541511536	0.0014322956558317
4.5646810531616	0.0014503708807752
4.5659074783325	0.0014673492405564
4.5671343803406	0.0014832073356956
4.5683608055115	0.0014979238621891
4.5695877075195	0.0015114799607545
4.5708146095276	0.0015238581690937
4.5720410346985	0.0015350410249084
4.5732679367065	0.0015450102509931
4.5744948387146	0.0015537466388196
4.5757212638855	0.0015612308634445
4.5769481658936	0.0015674452297390
4.5781750679016	0.0015723747201264
4.5794014930725	0.0015760086243972
4.5806283950806	0.0015783410053700
4.5818552970886	0.0015793697675690
4.5830817222595	0.0015790956094861
4.5843086242676	0.0015775191131979
4.5855355262756	0.0015746394637972
4.5867619514465	0.0015704531688243
4.5879888534546	0.0015649547567591
4.5892152786255	0.0015581380575895
4.5904421806335	0.0015499988803640
4.5916690826416	0.0015405362937599
4.5928955078125	0.0015297548379749
4.5941224098206	0.0015176637098193
4.5953493118286	0.0015042766463012
4.5965757369995	0.0014896098291501
4.5978026390076	0.0014736796729267
4.5990295410156	0.0014565018936992
4.6002559661865	0.0014380902284756
4.6014828681946	0.0014184571336955
4.6027097702026	0.0013976157642901
4.6039361953735	0.0013755810214207
4.6051630973816	0.0013523711822927
4.6063899993896	0.0013280090643093
4.6076164245605	0.0013025209773332
4.6088433265686	0.0012759356759489
4.6100702285767	0.0012482830788940
4.6112966537476	0.0012195927556604
4.6125235557556	0.0011898925295100
4.6137499809265	0.0011592081282288
4.6149768829346	0.0011275638826191
4.6162037849426	0.0010949848219752
4.6174302101135	0.0010614979546517
4.6186571121216	0.0010271349456161
4.6198840141296	0.00099193234927952
4.6211104393005	0.00095593114383519
4.6223373413086	0.00091917521785945
4.6235642433167	0.00088170880917460
4.6247906684875	0.00084357400191948
4.6260175704956	0.00080480909673497
4.6272444725037	0.00076544831972569
4.6284708976746	0.00072552269557491
4.6296977996826	0.00068506231764331
4.6309247016907	0.00064409896731377
4.6321511268616	0.00060266861692071
4.6333780288696	0.00056081183720380
4.6346049308777	0.00051857356447726
4.6358313560486	0.00047600080142729
4.6370582580566	0.00043313959031366
4.6382846832275	0.00039003312122077
4.6395115852356	0.00034672016045079
4.6407384872437	0.00030323560349643
4.6419649124146	0.00025961210485548
4.6431918144226	0.00021588266827166
4.6444187164307	0.00017208259669133
4.6456451416016	0.00012825052544940
4.6468720436096	8.4428102127276e-05
4.6480989456177	4.0658262150828e-05
4.6493253707886	-3.0167166187312e-06
4.6505522727966	-4.6556950110244e-05
4.6517791748047	-8.9925742940977e-05
4.6530055999756	-0.00013308922643773
4.6542325019836	-0.00017601544095669
4.6554594039917	-0.00021867324539926
4.6566858291626	-0.00026103152777068
4.6579127311707	-0.00030305917607620
4.6591396331787	-0.00034472555853426
4.6603660583496	-0.00038600133848377
4.6615929603577	-0.00042685883818194
4.6628193855286	-0.00046727148583159
4.6640462875366	-0.00050721265142784
4.6652731895447	-0.00054665445350111
4.6664996147156	-0.00058556732255965
4.6677265167236	-0.00062392081599683
4.6689534187317	-0.00066168507328257
4.6701798439026	-0.00069883302785456
4.6714067459106	-0.00073534244438633
4.6726336479187	-0.00077119667548686
4.6738600730896	-0.00080638390500098
4.6750869750977	-0.00084089452866465
4.6763138771057	-0.00087471702136099
4.6775403022766	-0.00090783508494496
4.6787672042847	-0.00094022677512839
4.6799941062927	-0.00097186514176428
4.6812205314636	-0.0010027220705524
4.6824474334717	-0.0010327728232369
4.6836743354797	-0.0010620001703501
4.6849007606506	-0.0010903964284807
4.6861276626587	-0.0011179626453668
4.6873540878296	-0.0011447045253590
4.6885809898376	-0.0011706270743161
4.6898078918457	-0.0011957301758230
4.6910343170166	-0.0012200055643916
4.6922612190247	-0.0012434378731996
4.6934881210327	-0.0012660067295656
4.6947145462036	-0.0012876923428848
4.6959414482117	-0.0013084791135043
4.6971683502197	-0.0013283592415974
4.6983947753906	-0.0013473320286721
4.6996216773987	-0.0013654018985108
4.7008485794067	-0.0013825747882947
4.7020750045776	-0.0013988547725603
4.7033019065857	-0.0014142424333841
4.7045288085938	-0.0014287340454757
4.7057552337646	-0.0014423253014684
4.7069821357727	-0.0014550120104104
4.7082090377808	-0.0014667923096567
4.7094354629517	-0.0014776679454371
4.7106623649597	-0.0014876425266266
4.7118887901306	-0.0014967201277614
4.7131156921387	-0.0015049033099785
4.7143425941467	-0.0015121924225241
4.7155690193176	-0.0015185857191682
4.7167959213257	-0.0015240814536810
4.7180228233337	-0.0015286791604012
4.7192492485046	-0.0015323812840506
4.7204761505127	-0.0015351932961494
4.7217030525208	-0.0015371211338788
4.7229294776917	-0.0015381702687591
4.7241563796997	-0.0015383431455120
4.7253832817078	-0.0015376391820610
4.7266097068787	-0.0015360566321760
4.7278366088867	-0.0015335956122726
4.7290635108948	-0.0015302606625482
4.7302899360657	-0.0015260616783053
4.7315168380737	-0.0015210129786283
4.7327437400818	-0.0015151300467551
4.7339701652527	-0.0015084255719557
4.7351970672607	-0.0015009051421657
4.7364234924316	-0.0014925658470020
4.7376503944397	-0.0014833980239928
4.7388772964478	-0.0014733892166987
4.7401037216187	-0.0014625304611400
4.7413306236267	-0.0014508208259940
4.7425575256348	-0.0014382698573172
4.7437839508057	-0.0014248962979764
4.7450108528137	-0.0014107238966972
4.7462377548218	-0.0013957753544673
4.7474641799927	-0.0013800663873553
4.7486910820007	-0.0013636032817885
4.7499179840088	-0.0013463832437992
4.7511444091797	-0.0013283975422382
4.7523713111877	-0.0013096366310492
4.7535982131958	-0.0012900951551273
4.7548246383667	-0.0012697750935331
4.7560515403748	-0.0012486863415688
4.7572784423828	-0.0012268434511498
4.7585048675537	-0.0012042636517435
4.7597317695618	-0.0011809626594186
4.7609581947327	-0.0011569523485377
4.7621850967407	-0.0011322417994961
4.7634119987488	-0.0011068375315517
4.7646384239197	-0.0010807458311319
4.7658653259277	-0.0010539733339101
4.7670922279358	-0.0010265278397128
4.7683186531067	-0.00099841691553593
4.7695455551147	-0.00096964783733711
4.7707724571228	-0.00094022648409009
4.7719988822937	-0.00091015850193799
4.7732257843018	-0.00087945105042309
4.7744526863098	-0.00084811542183161
4.7756791114807	-0.00081616791430861
4.7769060134888	-0.00078362977365032
4.7781329154968	-0.00075052492320538
4.7793593406677	-0.00071687583113089
4.7805862426758	-0.00068270042538643
4.7818126678467	-0.00064800970721990
4.7830395698547	-0.00061280833324417
4.7842664718628	-0.00057709781685844
4.7854928970337	-0.00054088130127639
4.7867197990417	-0.00050416833255440
4.7879467010498	-0.00046697788638994
4.7891731262207	-0.00042933807708323
4.7904000282288	-0.00039128272328526
4.7916269302368	-0.00035284602199681
4.7928533554077	-0.00031405710615218
4.7940802574158	-0.00027493643574417
4.7953071594238	-0.00023549594334327
4.7965335845947	-0.00019574262842070
4.7977604866028	-0.00015568405797239
4.7989873886108	-0.00011533384531504
4.8002138137817	-7.4714727816172e-05
4.8014407157898	-3.3858421375044e-05
4.8026676177979	7.1979029598879e-06
4.8038940429688	4.8416659410577e-05
4.8051209449768	8.9764667791314e-05
4.8063473701477	0.00013121578376740
4.8075742721558	0.00017275035497732
4.8088011741638	0.00021435189410113
4.8100275993347	0.00025600235676393
4.8112545013428	0.00029767781961709
4.8124814033508	0.00033934670500457
4.8137078285217	0.00038097097421996
4.8149347305298	0.00042251008562744
4.8161616325378	0.00046392553485930
4.8173880577087	0.00050518446369097
4.8186149597168	0.00054626038763672
4.8198418617249	0.00058713153703138
4.8210682868958	0.00062777695711702
4.8222951889038	0.00066817208426073
4.8235220909119	0.00070828560274094
4.8247485160828	0.00074807956116274
4.8259754180908	0.00078751170076430
4.8272023200989	0.00082654022844508
4.8284287452698	0.00086512794950977
4.8296556472778	0.00090324523625895
4.8308820724487	0.00094086898025125
4.8321089744568	0.00097797950729728
4.8333358764648	0.0010145558044314
4.8345623016357	0.0010505700483918
4.8357892036438	0.0010859856847674
4.8370161056519	0.0011207587085664
4.8382425308228	0.0011548420879990
4.8394694328308	0.0011881911195815
4.8406963348389	0.0012207694817334
4.8419227600098	0.0012525512138382
4.8431496620178	0.0012835194356740
4.8443765640259	0.0013136616908014
4.8456029891968	0.0013429638929665
4.8468298912048	0.0013714050874114
4.8480567932129	0.0013989546569064
4.8492832183838	0.0014255744172260
4.8505101203918	0.0014512226916850
4.8517370223999	0.0014758614124730
4.8529634475708	0.0014994606608525
4.8541903495789	0.0015220015775412
4.8554167747498	0.0015434746164829
4.8566436767578	0.0015638741897419
4.8578705787659	0.0015831927303225
4.8590970039368	0.0016014159191400
4.8603239059448	0.0016185203567147
4.8615508079529	0.0016344762407243
4.8627772331238	0.0016492523718625
4.8640041351318	0.0016628222074360
4.8652310371399	0.0016751693328843
4.8664574623108	0.0016862881602719
4.8676843643188	0.0016961819492280
4.8689112663269	0.0017048560548574
4.8701376914978	0.0017123122233897
4.8713645935059	0.0017185439355671
4.8725914955139	0.0017235355917364
4.8738179206848	0.0017272679833695
4.8750448226929	0.0017297223675996
4.8762717247009	0.0017308883834630
4.8774981498718	0.0017307682428509
4.8787250518799	0.0017293752171099
4.8799514770508	0.0017267293296754
4.8811783790588	0.0017228487413377
4.8824052810669	0.0017177448607981
4.8836317062378	0.0017114186193794
4.8848586082458	0.0017038612859324
4.8860855102539	0.0016950620338321
4.8873119354248	0.0016850155079737
4.8885388374329	0.0016737289261073
4.8897657394409	0.0016612249892205
4.8909921646118	0.0016475387383252
4.8922190666199	0.0016327091725543
4.8934459686279	0.0016167697031051
4.8946723937988	0.0015997408190742
4.8958992958069	0.0015816277591512
4.8971261978149	0.0015624254010618
4.8983526229858	0.0015421273419634
4.8995795249939	0.0015207366086543
4.9008064270020	0.0014982735738158
4.9020328521729	0.0014747768873349
4.9032597541809	0.0014502995181829
4.9044861793518	0.0014248972292989
4.9057130813599	0.0013986175181344
4.9069399833679	0.0013714905362576
4.9081664085388	0.0013435285072774
4.9093933105469	0.0013147316640243
4.9106202125549	0.0012850993080065
4.9118466377258	0.0012546414509416
4.9130735397339	0.0012233870802447
4.9143004417419	0.0011913842754439
4.9155268669128	0.0011586939217523
4.9167537689209	0.0011253776028752
4.9179806709290	0.0010914860758930
4.9192070960999	0.0010570520535111
4.9204339981079	0.0010220907861367
4.9216609001160	0.00098660797812045
4.9228873252869	0.00095061078900471
4.9241142272949	0.00091411895118654
4.9253411293030	0.00087717041606084
4.9265675544739	0.00083981960779056
4.9277944564819	0.00080212892498821
4.9290208816528	0.00076415727380663
4.9302477836609	0.00072594964876771
4.9314746856689	0.00068753270898014
4.9327011108398	0.00064891786314547
4.9339280128479	0.00061011093202978
4.9351549148560	0.00057112349895760
4.9363813400269	0.00053198193199933
4.9376082420349	0.00049273023614660
4.9388351440430	0.00045342498924583
4.9400615692139	0.00041412556311116
4.9412884712219	0.00037488256930374
4.9425153732300	0.00033572997199371
4.9437417984009	0.00029668421484530
4.9449687004089	0.00025775027461350
4.9461956024170	0.00021893234224990
4.9474220275879	0.00018024476594292
4.9486489295959	0.00014171809016261
4.9498758316040	0.00010339819709770
4.9511022567749	6.5339030697942e-05
4.9523291587830	2.7591657271842e-05
4.9535555839539	-9.8053151305066e-06
4.9547824859619	-4.6830256906105e-05
4.9560093879700	-8.3476094005164e-05
4.9572358131409	-0.00011974216613453
4.9584627151489	-0.00015562394401059
4.9596896171570	-0.00019110484572593
4.9609160423279	-0.00022615370107815
4.9621429443359	-0.00026072908076458
4.9633698463440	-0.00029478830401786
4.9645962715149	-0.00032829705742188
4.9658231735229	-0.00036123575409874
4.9670500755310	-0.00039359962102026
4.9682765007019	-0.00042539229616523
4.9695034027100	-0.00045661645708606
4.9707303047180	-0.00048726453678682
4.9719567298889	-0.00051731453277171
4.9731836318970	-0.00054673268459737
4.9744100570679	-0.00057548121549189
4.9756369590759	-0.00060352851869538
4.9768638610840	-0.00063085684087127
4.9780902862549	-0.00065746495965868
4.9793171882629	-0.00068336399272084
4.9805440902710	-0.00070856796810403
4.9817705154419	-0.00073308392893523
4.9829974174500	-0.00075690465746447
4.9842243194580	-0.00078000780194998
4.9854507446289	-0.00080236152280122
4.9866776466370	-0.00082393421325833
4.9879045486450	-0.00084470410365611
4.9891309738159	-0.00086466444190592
4.9903578758240	-0.00088382372632623
4.9915847778320	-0.00090219883713871
4.9928112030029	-0.00091980607248843
4.9940381050110	-0.00093665230087936
4.9952650070190	-0.00095273205079138
4.9964914321899	-0.00096802832558751
4.9977183341980	-0.00098252051975578
4.9989447593689	-0.00099619291722775
5.0001716613770	-0.0010090408613905
5.0013985633850	-0.0010210722684860
5.0026249885559	-0.0010323030874133
5.0038518905640	-0.0010427503148094
5.0050787925720	-0.0010524246608838
5.0063052177429	-0.0010613253107294
5.0075321197510	-0.0010694419033825
5.0087590217590	-0.0010767600033432
5.0099854469299	-0.0010832695988938
5.0112123489380	-0.0010889715049416
5.0124392509460	-0.0010938791092485
5.0136656761169	-0.0010980141814798
5.0148925781250	-0.0011013995390385
5.0161194801331	-0.0011040501995012
5.0173459053040	-0.0011059677926823
5.0185728073120	-0.0011071412591264
5.0197997093201	-0.0011075534857810
5.0210261344910	-0.0011071908520535
5.0222530364990	-0.0011060516117141
5.0234794616699	-0.0011041506659240
5.0247063636780	-0.0011015168856829
5.0259332656860	-0.0010981844970956
5.0271596908569	-0.0010941822547466
5.0283865928650	-0.0010895238956437
5.0296134948730	-0.0010842054616660
5.0308399200439	-0.0010782087920234
5.0320668220520	-0.0010715117678046
5.0332937240601	-0.0010640998370945
5.0345201492310	-0.0010559750953689
5.0357470512390	-0.0010471588466316
5.0369739532471	-0.0010376864811406
5.0382003784180	-0.0010275966487825
5.0394272804260	-0.0010169199667871
5.0406541824341	-0.0010056712199003
5.0418806076050	-0.00099384656641632
5.0431075096130	-0.00098142982460558
5.0443344116211	-0.00096840277547017
5.0455608367920	-0.00095475558191538
5.0467877388000	-0.00094049394829199
5.0480141639709	-0.00092564057558775
5.0492410659790	-0.00091022846754640
5.0504679679871	-0.00089429167564958
5.0516943931580	-0.00087785557843745
5.0529212951660	-0.00086093199206516
5.0541481971741	-0.00084351922851056
5.0553746223450	-0.00082560820737854
5.0566015243530	-0.00080719066318125
5.0578284263611	-0.00078826653771102
5.0590548515320	-0.00076884758891538
5.0602817535400	-0.00074895570287481
5.0615086555481	-0.00072861684020609
5.0627350807190	-0.00070785416755825
5.0639619827271	-0.00068668252788484
5.0651888847351	-0.00066510762553662
5.0664153099060	-0.00064312934409827
5.0676422119141	-0.00062074745073915
5.0688691139221	-0.00059796770801768
5.0700955390930	-0.00057480455143377
5.0713224411011	-0.00055127969244495
5.0725488662720	-0.00052741682156920
5.0737757682800	-0.00050323514733464
5.0750026702881	-0.00047874500160106
5.0762290954590	-0.00045394685002975
5.0774559974670	-0.00042883522110060
5.0786828994751	-0.00040340580744669
5.0799093246460	-0.00037766306195408
5.0811362266541	-0.00035162441781722
5.0823631286621	-0.00032531976466998
5.0835895538330	-0.00029878571513109
5.0848164558411	-0.00027205719379708
5.0860433578491	-0.00024515931727365
5.0872697830200	-0.00021810281032231
5.0884966850281	-0.00019088498083875
5.0897235870361	-0.00016349594807252
5.0909500122070	-0.00013592757750303
5.0921769142151	-0.00010818176087923
5.0934038162231	-8.0274861829821e-05
5.0946302413940	-5.2236558985896e-05
5.0958571434021	-2.4103799660224e-05
5.0970835685730	4.0876561797631e-06
5.0983104705811	3.2310977985617e-05
5.0995373725891	6.0552163631655e-05
5.1007637977600	8.8808752479963e-05
5.1019906997681	0.00011708421516232
5.1032176017761	0.00014538023970090
5.1044440269470	0.00017369027773384
5.1056709289551	0.00020199624123052
5.1068978309631	0.00023026979761198
5.1081242561340	0.00025847743381746
5.1093511581421	0.00028658704832196
5.1105780601501	0.00031457337900065
5.1118044853210	0.00034242024412379
5.1130313873291	0.00037011879612692
5.1142582893372	0.00039766309782863
5.1154847145081	0.00042504485463724
5.1167116165161	0.00045224936911836
5.1179385185242	0.00047925443504937
5.1191649436951	0.00050603278214112
5.1203918457031	0.00053255644161254
5.1216182708740	0.00055880122818053
5.1228451728821	0.00058474909747019
5.1240720748901	0.00061038776766509
5.1252985000610	0.00063570804195479
5.1265254020691	0.00066069955937564
5.1277523040771	0.00068534736055881
5.1289787292480	0.00070963037433103
5.1302056312561	0.00073352304752916
5.1314325332642	0.00075699843000621
5.1326589584351	0.00078003265662119
5.1338858604431	0.00080260727554560
5.1351127624512	0.00082470930647105
5.1363391876221	0.00084632891230285
5.1375660896301	0.00086745561566204
5.1387929916382	0.00088807434076443
5.1400194168091	0.00090816384181380
5.1412463188171	0.00092769821640104
5.1424732208252	0.00094665033975616
5.1436996459961	0.00096499687060714
5.1449265480042	0.00098272191826254
5.1461529731750	0.00099981797393411
5.1473798751831	0.0010162834078074
5.1486067771912	0.0010321179870516
5.1498332023621	0.0010473164729774
5.1510601043701	0.0010618646629155
5.1522870063782	0.0010757382260635
5.1535134315491	0.0010889064287767
5.1547403335571	0.0011013384209946
5.1559672355652	0.0011130103375763
5.1571936607361	0.0011239104205742
5.1584205627441	0.0011340401833877
5.1596474647522	0.0011434108018875
5.1608738899231	0.0011520355474204
5.1621007919312	0.0011599211720750
5.1633276939392	0.0011670629028231
5.1645541191101	0.0011734419967979
5.1657810211182	0.0011790296994150
5.1670079231262	0.0011837953934446
5.1682343482971	0.0011877149809152
5.1694612503052	0.0011907778680325
5.1706876754761	0.0011929894099012
5.1719145774841	0.0011943664867431
5.1731414794922	0.0011949302861467
5.1743679046631	0.0011946966405958
5.1755948066711	0.0011936696246266
5.1768217086792	0.0011918401578441
5.1780481338501	0.0011891892645508
5.1792750358582	0.0011856957571581
5.1805019378662	0.0011813460150734
5.1817283630371	0.0011761393398046
5.1829552650452	0.0011700901668519
5.1841821670532	0.0011632238747552
5.1854085922241	0.0011555681703612
5.1866354942322	0.0011471442412585
5.1878623962402	0.0011379604693502
5.1890888214111	0.0011280118487775
5.1903157234192	0.0011172844097018
5.1915421485901	0.0011057640658692
5.1927690505981	0.0010934461606666
5.1939959526062	0.0010803405893967
5.1952223777771	0.0010664726141840
5.1964492797852	0.0010518775088713
5.1976761817932	0.0010365919442847
5.1989026069641	0.0010206442093477
5.2001295089722	0.0010040495544672
5.2013564109802	0.00098680891096592
5.2025828361511	0.00096891488647088
5.2038097381592	0.00095036008860916
5.2050366401672	0.00093114573974162
5.2062630653381	0.00091128674102947
5.2074899673462	0.00089081225451082
5.2087168693542	0.00086975964950398
5.2099432945251	0.00084816745948046
5.2111701965332	0.00082606734940782
5.2123970985413	0.00080347969196737
5.2136235237122	0.00078041403321549
5.2148504257202	0.00075687409844249
5.2160768508911	0.00073286530096084
5.2173037528992	0.00070840120315552
5.2185306549072	0.00068350671790540
5.2197570800781	0.00065821671159938
5.2209839820862	0.00063257076544687
5.2222108840942	0.00060660607414320
5.2234373092651	0.00058035174151883
5.2246642112732	0.00055382610298693
5.2258911132812	0.00052703905384988
5.2271175384521	0.00049999699695036
5.2283444404602	0.00047270912909880
5.2295713424683	0.00044519247603603
5.2307977676392	0.00041747355135158
5.2320246696472	0.00038958649383858
5.2332515716553	0.00036156855640002
5.2344779968262	0.00033345466363244
5.2357048988342	0.00030527365743183
5.2369318008423	0.00027704684180208
5.2381582260132	0.00024878981639631
5.2393851280212	0.00022051593987271
5.2406115531921	0.00019224043353461
5.2418384552002	0.00016398273874074
5.2430653572083	0.00013576709898189
5.2442917823792	0.00010762098827399
5.2455186843872	7.9572317190468e-05
5.2467455863953	5.1646886277013e-05
5.2479720115662	2.3867036361480e-05
5.2491989135742	-3.7481468098122e-06
5.2504258155823	-3.1181229132926e-05
5.2516522407532	-5.8414774684934e-05
5.2528791427612	-8.5430081526283e-05
5.2541060447693	-0.00011220698070247
5.2553324699402	-0.00013872461568099
5.2565593719482	-0.00016496266471222
5.2577862739563	-0.00019090248679277
5.2590126991272	-0.00021652746363543
5.2602396011353	-0.00024182279594243
5.2614665031433	-0.00026677487767301
5.2626929283142	-0.00029137064120732
5.2639198303223	-0.00031559696071781
5.2651462554932	-0.00033944053575397
5.2663731575012	-0.00036288783303462
5.2676000595093	-0.00038592517375946
5.2688264846802	-0.00040853861719370
5.2700533866882	-0.00043071361142211
5.2712802886963	-0.00045243499334902
5.2725067138672	-0.00047368774539791
5.2737336158752	-0.00049445795593783
5.2749605178833	-0.00051473465282470
5.2761869430542	-0.00053451128769666
5.2774138450623	-0.00055378547403961
5.2786407470703	-0.00057255750289187
5.2798671722412	-0.00059082754887640
5.2810940742493	-0.00060859217774123
5.2823209762573	-0.00062584260012954
5.2835474014282	-0.00064256414771080
5.2847743034363	-0.00065873883431777
5.2860012054443	-0.00067435001255944
5.2872276306152	-0.00068938685581088
5.2884545326233	-0.00070384738501161
5.2896809577942	-0.00071773875970393
5.2909078598022	-0.00073107366915792
5.2921347618103	-0.00074386480264366
5.2933611869812	-0.00075611897045746
5.2945880889893	-0.00076783384429291
5.2958149909973	-0.00077899836469442
5.2970414161682	-0.00078959693200886
5.2982683181763	-0.00079961604205891
5.2994952201843	-0.00080905033973977
5.3007216453552	-0.00081790587864816
5.3019485473633	-0.00082619854947552
5.3031754493713	-0.00083394820103422
5.3044018745422	-0.00084117084043100
5.3056287765503	-0.00084787164814770
5.3068556785583	-0.00085404334822670
5.3080821037292	-0.00085966888582334
5.3093090057373	-0.00086472905240953
5.3105359077454	-0.00086921156616881
5.3117623329163	-0.00087311782408506
5.3129892349243	-0.00087646429892629
5.3142156600952	-0.00087927799904719
5.3154425621033	-0.00088158674770966
5.3166694641113	-0.00088341004448012
5.3178958892822	-0.00088475260417908
5.3191227912903	-0.00088560406584293
5.3203496932983	-0.00088594562839717
5.3215761184692	-0.00088575982954353
5.3228030204773	-0.00088504015002400
5.3240299224854	-0.00088379636872560
5.3252563476562	-0.00088205310748890
5.3264832496643	-0.00087984220590442
5.3277101516724	-0.00087719148723409
5.3289365768433	-0.00087411567801610
5.3301634788513	-0.00087061239173636
5.3313903808594	-0.00086666492279619
5.3326168060303	-0.00086225220002234
5.3338437080383	-0.00085735996253788
5.3350706100464	-0.00085198960732669
5.3362970352173	-0.00084615964442492
5.3375239372253	-0.00083990022540092
5.3387503623962	-0.00083324266597629
5.3399772644043	-0.00082620797911659
5.3412041664124	-0.00081880006473511
5.3424305915833	-0.00081100594252348
5.3436574935913	-0.00080280378460884
5.3448843955994	-0.00079417508095503
5.3461108207703	-0.00078511575702578
5.3473377227783	-0.00077564176172018
5.3485646247864	-0.00076578569132835
5.3497910499573	-0.00075558625394478
5.3510179519653	-0.00074507499812171
5.3522448539734	-0.00073426502058282
5.3534712791443	-0.00072314776480198
5.3546981811523	-0.00071169785223901
5.3559250831604	-0.00069988577160984
5.3571515083313	-0.00068769202334806
5.3583784103394	-0.00067511788802221
5.3596053123474	-0.00066218740539625
5.3608317375183	-0.00064894044771791
5.3620586395264	-0.00063541892450303
5.3632850646973	-0.00062165252165869
5.3645119667053	-0.00060764909721911
5.3657388687134	-0.00059339462313801
5.3669652938843	-0.00057886185823008
5.3681921958923	-0.00056402420159429
5.3694190979004	-0.00054886913858354
5.3706455230713	-0.00053340534213930
5.3718724250793	-0.00051766133401543
5.3730993270874	-0.00050167558947578
5.3743257522583	-0.00048548396443948
5.3755526542664	-0.00046910715172999
5.3767795562744	-0.00045254593715072
5.3780059814453	-0.00043578457552940
5.3792328834534	-0.00041880112257786
5.3804597854614	-0.00040157983312383
5.3816862106323	-0.00038412067806348
5.3829131126404	-0.00036644135252573
5.3841395378113	-0.00034857200807892
5.3853664398193	-0.00033054492087103
5.3865933418274	-0.00031238340307027
5.3878197669983	-0.00029409490525723
5.3890466690063	-0.00027567180222832
5.3902735710144	-0.00025709887268022
5.3914999961853	-0.00023836383479647
5.3927268981934	-0.00021946668857709
5.3939538002014	-0.00020042335381731
5.3951802253723	-0.00018126236682292
5.3964071273804	-0.00016201600374188
5.3976340293884	-0.00014270975952968
5.3988604545593	-0.00012335510109551
5.4000873565674	-0.00010394825949334
5.4013142585754	-8.4476007032208e-05
5.4025406837463	-6.4925443439279e-05
5.4037675857544	-4.5293832954485e-05
5.4049944877625	-2.5593944883440e-05
5.4062209129333	-5.8527994042379e-06
5.4074478149414	1.3895657502871e-05
5.4086742401123	3.3620566682657e-05
5.4099011421204	5.3302650485421e-05
5.4111280441284	7.2937560616992e-05
5.4123544692993	9.2532842245419e-05
5.4135813713074	0.00011209992226213
5.4148082733154	0.00013164477422833
5.4160346984863	0.00015116124995984
5.4172616004944	0.00017062989354599
5.4184885025024	0.00019002256158274
5.4197149276733	0.00020931039762218
5.4209418296814	0.00022847134096082
5.4221687316895	0.00024749428848736
5.4233951568604	0.00026637758128345
5.4246220588684	0.00028512338758446
5.4258489608765	0.00030373054323718
5.4270753860474	0.00032218918204308
5.4283022880554	0.00034047960070893
5.4295291900635	0.00035857636248693
5.4307556152344	0.00037645502015948
5.4319825172424	0.00039409857708961
5.4332089424133	0.00041150051401928
5.4344358444214	0.00042866234434769
5.4356627464294	0.00044558773515746
5.4368891716003	0.00046227511484176
5.4381160736084	0.00047871260903776
5.4393429756165	0.00049487757496536
5.4405694007874	0.00051074096700177
5.4417963027954	0.00052627542754635
5.4430232048035	0.00054146238835528
5.4442496299744	0.00055629597045481
5.4454765319824	0.00057078048121184
5.4467034339905	0.00058492337120697
5.4479298591614	0.00059872650308535
5.4491567611694	0.00061217974871397
5.4503836631775	0.00062525912653655
5.4516100883484	0.00063793163280934
5.4528369903564	0.00065016403095797
5.4540638923645	0.00066193251404911
5.4552903175354	0.00067322829272598
5.4565172195435	0.00068405742058530
5.4577436447144	0.00069443421671167
5.4589705467224	0.00070437160320580
5.4601974487305	0.00071387138450518
5.4614238739014	0.00072292058030143
5.4626507759094	0.00073149375384673
5.4638776779175	0.00073956075357273
5.4651041030884	0.00074709684122354
5.4663310050964	0.00075409049168229
5.4675579071045	0.00076054490637034
5.4687843322754	0.00076647335663438
5.4700112342834	0.00077189004514366
5.4712381362915	0.00077680021058768
5.4724645614624	0.00078119465615600
5.4736914634705	0.00078505044803023
5.4749183654785	0.00078833778388798
5.4761447906494	0.00079103052848950
5.4773716926575	0.00079311546869576
5.4785985946655	0.00079459685366601
5.4798250198364	0.00079549348447472
5.4810519218445	0.00079583085607737
5.4822783470154	0.00079562992323190
5.4835052490234	0.00079489906784147
5.4847321510315	0.00079363083932549
5.4859585762024	0.00079180626198649
5.4871854782104	0.00078940310049802
5.4884123802185	0.00078640534775332
5.4896388053894	0.00078280956950039
5.4908657073975	0.00077862537000328
5.4920926094055	0.00077387067722157
5.4933190345764	0.00076856359373778
5.4945459365845	0.00076271506259218
5.4957728385925	0.00075632584048435
5.4969992637634	0.00074938853504136
5.4982261657715	0.00074189458973706
5.4994530677795	0.00073384144343436
5.5006794929504	0.00072523718699813
5.5019063949585	0.00071610044687986
5.5031332969666	0.00070645543746650
5.5043597221375	0.00069632369559258
5.5055866241455	0.00068571756128222
5.5068130493164	0.00067463738378137
5.5080399513245	0.00066307530505583
5.5092668533325	0.00065102212829515
5.5104932785034	0.00063847634010017
5.5117201805115	0.00062544946558774
5.5129470825195	0.00061196630122140
5.5141735076904	0.00059805903583765
5.5154004096985	0.00058375787921250
5.5166273117065	0.00056908209808171
5.5178537368774	0.00055403634905815
5.5190806388855	0.00053861306514591
5.5203075408936	0.00052280118688941
5.5215339660645	0.00050659623229876
5.5227608680725	0.00049000873696059
5.5239877700806	0.00047306553460658
5.5252141952515	0.00045580434380099
5.5264410972595	0.00043826384353451
5.5276679992676	0.00042047223541886
5.5288944244385	0.00040244113188237
5.5301213264465	0.00038416651659645
5.5313477516174	0.00036563654430211
5.5325746536255	0.00034684329875745
5.5338015556335	0.00032779315370135
5.5350279808044	0.00030851137125865
5.5362548828125	0.00028903811471537
5.5374817848206	0.00026941855321638
5.5387082099915	0.00024968973593786
5.5399351119995	0.00022987060947344
5.5411620140076	0.00020995950035285
5.5423884391785	0.00018994028505404
5.5436153411865	0.00016979465726763
5.5448422431946	0.00014951598132029
5.5460686683655	0.00012911863450427
5.5472955703735	0.00010863867646549
5.5485224723816	8.8125641923398e-05
5.5497488975525	6.7628760007210e-05
5.5509757995605	4.7183166316245e-05
5.5522027015686	2.6801772037288e-05
5.5534291267395	6.4761629801069e-06
5.5546560287476	-1.3813982150168e-05
5.5558824539185	-3.4086966479663e-05
5.5571093559265	-5.4346259275917e-05
5.5583362579346	-7.4574345489964e-05
5.5595626831055	-9.4735289167147e-05
5.5607895851135	-0.00011478485248517
5.5620164871216	-0.00013468347606249
5.5632429122925	-0.00015440688002855
5.5644698143005	-0.00017395000031684
5.5656967163086	-0.00019332286319695
5.5669231414795	-0.00021254051534925
5.5681500434875	-0.00023161114950199
5.5693769454956	-0.00025052757700905
5.5706033706665	-0.00026926590362564
5.5718302726746	-0.00028779197600670
5.5730571746826	-0.00030607191729359
5.5742835998535	-0.00032408253173344
5.5755105018616	-0.00034181668888777
5.5767369270325	-0.00035928186844103
5.5779638290405	-0.00037649247678928
5.5791907310486	-0.00039345960249193
5.5804171562195	-0.00041018245974556
5.5816440582275	-0.00042664533248171
5.5828709602356	-0.00044282074668445
5.5840973854065	-0.00045867788139731
5.5853242874146	-0.00047419249312952
5.5865511894226	-0.00048935314407572
5.5877776145935	-0.00050416158046573
5.5890045166016	-0.00051862827967852
5.5902314186096	-0.00053276395192370
5.5914578437805	-0.00054657168220729
5.5926847457886	-0.00056004349607974
5.5939116477966	-0.00057316193124279
5.5951380729675	-0.00058590644039214
5.5963649749756	-0.00059826095821336
5.5975918769836	-0.00061021943110973
5.5988183021545	-0.00062178680673242
5.6000452041626	-0.00063297420274466
5.6012716293335	-0.00064379163086414
5.6024985313416	-0.00065424083732069
5.6037254333496	-0.00066431186860427
5.6049518585205	-0.00067398551618680
5.6061787605286	-0.00068323983578011
5.6074056625366	-0.00069205852923915
5.6086320877075	-0.00070043699815869
5.6098589897156	-0.00070838391548023
5.6110858917236	-0.00071591709274799
5.6123123168945	-0.00072305521462113
5.6135392189026	-0.00072980928234756
5.6147661209106	-0.00073617667658255
5.6159925460815	-0.00074214133201167
5.6172194480896	-0.00074767944170162
5.6184463500977	-0.00075276842107996
5.6196727752686	-0.00075739546446130
5.6208996772766	-0.00076156191062182
5.6221265792847	-0.00076528248609975
5.6233530044556	-0.00076857861131430
5.6245799064636	-0.00077146990224719
5.6258063316345	-0.00077396619599313
5.6270332336426	-0.00077606446575373
5.6282601356506	-0.00077775074169040
5.6294865608215	-0.00077900628093630
5.6307134628296	-0.00077981571666896
5.6319403648376	-0.00078017276246101
5.6331667900085	-0.00078008178388700
5.6343936920166	-0.00077955488814041
5.6356205940247	-0.00077860668534413
5.6368470191956	-0.00077724800212309
5.6380739212036	-0.00077548262197524
5.6393008232117	-0.00077330769272521
5.6405272483826	-0.00077071710256860
5.6417541503906	-0.00076770654413849
5.6429810523987	-0.00076427694875747
5.6442074775696	-0.00076043524313718
5.6454343795776	-0.00075619167182595
5.6466612815857	-0.00075155519880354
5.6478877067566	-0.00074652943294495
5.6491146087646	-0.00074111088179052
5.6503410339355	-0.00073529093060642
5.6515679359436	-0.00072906014975160
5.6527948379517	-0.00072241423185915
5.6540212631226	-0.00071535748429596
5.6552481651306	-0.00070790335303172
5.6564750671387	-0.00070007034810260
5.6577014923096	-0.00069187645567581
5.6589283943176	-0.00068333273520693
5.6601552963257	-0.00067444046726450
5.6613817214966	-0.00066519191022962
5.6626086235046	-0.00065557542257011
5.6638355255127	-0.00064558209851384
5.6650619506836	-0.00063521129777655
5.6662888526917	-0.00062447291566059
5.6675157546997	-0.00061338534578681
5.6687421798706	-0.00060196942649782
5.6699690818787	-0.00059024192159995
5.6711959838867	-0.00057821063091978
5.6724224090576	-0.00056587328435853
5.6736493110657	-0.00055322091793641
5.6748757362366	-0.00054024416022003
5.6761026382446	-0.00052693946054205
5.6773295402527	-0.00051331252325326
5.6785559654236	-0.00049937836593017
5.6797828674316	-0.00048515695380047
5.6810097694397	-0.00047066743718460
5.6822361946106	-0.00045592256356031
5.6834630966187	-0.00044092646567151
5.6846899986267	-0.00042567643686198
5.6859164237976	-0.00041016752948053
5.6871433258057	-0.00039439901593141
5.6883702278137	-0.00037837855052203
5.6895966529846	-0.00036212283885106
5.6908235549927	-0.00034565414534882
5.6920504570007	-0.00032899429788813
5.6932768821716	-0.00031215895432979
5.6945037841797	-0.00029515411006287
5.6957306861877	-0.00027797668008134
5.6969571113586	-0.00026061924290843
5.6981840133667	-0.00024307670537382
5.6994104385376	-0.00022535237076227
5.7006373405457	-0.00020746074733324
5.7018642425537	-0.00018942613678519
5.7030906677246	-0.00017127738101408
5.7043175697327	-0.00015304094995372
5.7055444717407	-0.00013473459694069
5.7067708969116	-0.00011636486306088
5.7079977989197	-9.7929034382105e-05
5.7092247009277	-7.9420708061662e-05
5.7104511260986	-6.0836548072984e-05
5.7116780281067	-4.2181512981188e-05
5.7129049301147	-2.3470794985769e-05
5.7141313552856	-4.7279213504225e-06
5.7153582572937	1.4020146409166e-05
5.7165851593018	3.2748946978245e-05
5.7178115844727	5.1441023970256e-05
5.7190384864807	7.0087284257170e-05
5.7202653884888	8.8684806542005e-05
5.7214918136597	0.00010723253944889
5.7227187156677	0.00012572639388964
5.7239451408386	0.00014415600162465
5.7251720428467	0.00016250432236120
5.7263989448547	0.00018074995023198
5.7276253700256	0.00019887127564289
5.7288522720337	0.00021685063256882
5.7300791740417	0.00023467621940654
5.7313055992126	0.00025234179338440
5.7325325012207	0.00026984370197169
5.7337594032288	0.00028717704117298
5.7349858283997	0.00030433243955486
5.7362127304077	0.00032129432656802
5.7374396324158	0.00033804171835072
5.7386660575867	0.00035455124452710
5.7398929595947	0.00037080101901665
5.7411198616028	0.00038677413249388
5.7423462867737	0.00040246048592962
5.7435731887817	0.00041785603389144
5.7448000907898	0.00043296033982188
5.7460265159607	0.00044777314178646
5.7472534179688	0.00046229071449488
5.7484798431396	0.00047650380292907
5.7497067451477	0.00049039715668187
5.7509336471558	0.00050395104335621
5.7521600723267	0.00051714398432523
5.7533869743347	0.00052995642181486
5.7546138763428	0.00054237281437963
5.7558403015137	0.00055438309209421
5.7570672035217	0.00056598283117637
5.7582941055298	0.00057717069284990
5.7595205307007	0.00058794615324587
5.7607474327087	0.00059830711688846
5.7619743347168	0.00060824851971120
5.7632007598877	0.00061776157235727
5.7644276618958	0.00062683457508683
5.7656545639038	0.00063545437296852
5.7668809890747	0.00064360833493993
5.7681078910828	0.00065128627466038
5.7693343162537	0.00065848149824888
5.7705612182617	0.00066519086249173
5.7717881202698	0.00067141390172765
5.7730145454407	0.00067715137265623
5.7742414474487	0.00068240321706980
5.7754683494568	0.00068716722307727
5.7766947746277	0.00069143867585808
5.7779216766357	0.00069521088153124
5.7791485786438	0.00069847662234679
5.7803750038147	0.00070122955366969
5.7816019058228	0.00070346542634070
5.7828288078308	0.00070518266875297
5.7840552330017	0.00070638209581375
5.7852821350098	0.00070706591941416
5.7865090370178	0.00070723693352193
5.7877354621887	0.00070689810672775
5.7889623641968	0.00070605170913041
5.7901892662048	0.00070469971979037
5.7914156913757	0.00070284382672980
5.7926425933838	0.00070048542693257
5.7938690185547	0.00069762580096722
5.7950959205627	0.00069426640402526
5.7963228225708	0.00069040863309056
5.7975492477417	0.00068605452543125
5.7987761497498	0.00068120704963803
5.8000030517578	0.00067587138619274
5.8012294769287	0.00067005469463766
5.8024563789368	0.00066376582253724
5.8036832809448	0.00065701466519386
5.8049097061157	0.00064981007017195
5.8061366081238	0.00064215896418318
5.8073635101318	0.00063406559638679
5.8085899353027	0.00062553194584325
5.8098168373108	0.00061655940953642
5.8110437393188	0.00060715118888766
5.8122701644897	0.00059731397777796
5.8134970664978	0.00058705941773951
5.8147239685059	0.00057640299201012
5.8159503936768	0.00056536210468039
5.8171772956848	0.00055395258823410
5.8184037208557	0.00054218614241108
5.8196306228638	0.00053006934467703
5.8208575248718	0.00051760498899966
5.8220839500427	0.00050479522906244
5.8233108520508	0.00049164541997015
5.8245377540588	0.00047816673759371
5.8257641792297	0.00046437687706202
5.8269910812378	0.00045029784087092
5.8282179832458	0.00043595186434686
5.8294444084167	0.00042135710828006
5.8306713104248	0.00040652469033375
5.8318982124329	0.00039145845221356
5.8331246376038	0.00037615746259689
5.8343515396118	0.00036062055733055
5.8355784416199	0.00034485172363929
5.8368048667908	0.00032886321423575
5.8380317687988	0.00031267554732040
5.8392586708069	0.00029631445067935
5.8404850959778	0.00027980562299490
5.8417119979858	0.00026316981529817
5.8429384231567	0.00024641968775541
5.8441653251648	0.00022956044995226
5.8453922271729	0.00021259309141897
5.8466186523438	0.00019551966397557
5.8478455543518	0.00017834786558524
5.8490724563599	0.00016109310672618
5.8502988815308	0.00014377727347892
5.8515257835388	0.00012642455112655
5.8527526855469	0.00010905641829595
5.8539791107178	9.1687565145548e-05
5.8552060127258	7.4325042078272e-05
5.8564329147339	5.6970748119056e-05
5.8576593399048	3.9626051147934e-05
5.8588862419128	2.2296710085357e-05
5.8601131439209	4.9958885028900e-06
5.8613395690918	-1.2256366971997e-05
5.8625664710999	-2.9437085686368e-05
5.8637933731079	-4.6525885409210e-05
5.8650197982788	-6.3509658502880e-05
5.8662467002869	-8.0384212196805e-05
5.8674731254578	-9.7152238595299e-05
5.8687000274658	-0.00011381800140953
5.8699269294739	-0.00013038079487160
5.8711533546448	-0.00014683014887851
5.8723802566528	-0.00016314482490998
5.8736071586609	-0.00017929641762748
5.8748335838318	-0.00019525609968696
5.8760604858398	-0.00021100189769641
5.8772873878479	-0.00022652374173049
5.8785138130188	-0.00024182433844544
5.8797407150269	-0.00025691482005641
5.8809676170349	-0.00027180754113942
5.8821940422058	-0.00028650852618739
5.8834209442139	-0.00030101282754913
5.8846478462219	-0.00031530437991023
5.8858742713928	-0.00032935943454504
5.8871011734009	-0.00034315328230150
5.8883280754089	-0.00035666645271704
5.8895545005798	-0.00036988846841268
5.8907814025879	-0.00038281787419692
5.8920078277588	-0.00039545842446387
5.8932347297668	-0.00040781378629617
5.8944616317749	-0.00041988334851339
5.8956880569458	-0.00043166067916900
5.8969149589539	-0.00044313550461084
5.8981418609619	-0.00045429763849825
5.8993682861328	-0.00046514073619619
5.9005951881409	-0.00047566401190124
5.9018220901489	-0.00048587075434625
5.9030485153198	-0.00049576419405639
5.9042754173279	-0.00050534249749035
5.9055023193359	-0.00051459588576108
5.9067287445068	-0.00052350707119331
5.9079556465149	-0.00053205655422062
5.9091825485229	-0.00054022885160521
5.9104089736938	-0.00054801860824227
5.9116358757019	-0.00055543339112774
5.9128627777100	-0.00056249089539051
5.9140892028809	-0.00056921213399619
5.9153161048889	-0.00057561194989830
5.9165425300598	-0.00058169162366539
5.9177694320679	-0.00058743637055159
5.9189963340759	-0.00059281883295625
5.9202227592468	-0.00059780827723444
5.9214496612549	-0.00060238130390644
5.9226765632629	-0.00060653052059934
5.9239029884338	-0.00061026768526062
5.9251298904419	-0.00061361899133772
5.9263567924500	-0.00061661569634452
5.9275832176208	-0.00061928207287565
5.9288101196289	-0.00062162638641894
5.9300370216370	-0.00062363804318011
5.9312634468079	-0.00062529201386496
5.9324903488159	-0.00062655849615112
5.9337172508240	-0.00062741420697421
5.9349436759949	-0.00062785053160042
5.9361705780029	-0.00062787625938654
5.9373974800110	-0.00062751327641308
5.9386239051819	-0.00062678696122020
5.9398508071899	-0.00062571611488238
5.9410772323608	-0.00062430626712739
5.9423041343689	-0.00062254874501377
5.9435310363770	-0.00062042544595897
5.9447574615479	-0.00061791751068085
5.9459843635559	-0.00061501387972385
5.9472112655640	-0.00061171641573310
5.9484376907349	-0.00060803937958553
5.9496645927429	-0.00060400436632335
5.9508914947510	-0.00059963174862787
5.9521179199219	-0.00059493363369256
5.9533448219299	-0.00058991054538637
5.9545717239380	-0.00058455322869122
5.9557981491089	-0.00057884806301445
5.9570250511169	-0.00057278404710814
5.9582519531250	-0.00056635861983523
5.9594783782959	-0.00055957870790735
5.9607052803040	-0.00055245833937079
5.9619321823120	-0.00054501270642504
5.9631586074829	-0.00053725275211036
5.9643855094910	-0.00052918179426342
5.9656119346619	-0.00052079639863223
5.9668388366699	-0.00051209068624303
5.9680657386780	-0.00050306215416640
5.9692921638489	-0.00049371563363820
5.9705190658569	-0.00048406503628939
5.9717459678650	-0.00047413009451702
5.9729723930359	-0.00046393071534112
5.9741992950439	-0.00045348046114668
5.9754261970520	-0.00044278244604357
5.9766526222229	-0.00043182980152778
5.9778795242310	-0.00042061036219820
5.9791064262390	-0.00040911367977969
5.9803328514099	-0.00039733783341944
5.9815597534180	-0.00038529234007001
5.9827866554260	-0.00037299733958207
5.9840130805969	-0.00036047823959962
5.9852399826050	-0.00034775870153680
5.9864664077759	-0.00033485447056592
5.9876933097839	-0.00032177081448026
5.9889202117920	-0.00030850438633934
5.9901466369629	-0.00029504869598895
5.9913735389709	-0.00028140054200776
5.9926004409790	-0.00026756449369714
5.9938268661499	-0.00025355388061143
5.9950537681580	-0.00023938764934428
5.9962806701660	-0.00022508487745654
5.9975070953369	-0.00021065914188512
5.9987339973450	-0.00019611553580035
