#Parameters = {L=90; W=90; d=0.8; d_antenna=50; gap=50; gap_volt_1=50; height_plate=120; my_die=5; r_aperature=10; t=0.035; t_bone=16; t_fat=10; t_muscle=20; t_plate=1; t_skin=2; voltage_monitor1=40; voltage_monitor2=200; width_plate=120}
#"Time / ns"	"i1 [Real / W^(1/2)]"
#---------------------------------
0.0000000000000	1.4106300794730e-18
0.0012267349520698	1.4106300794730e-18
0.0024534699041396	1.4106300794730e-18
0.0036802049726248	1.4106300794730e-18
0.0049069398082793	1.4106300794730e-18
0.0061336751095951	1.4106300794730e-18
0.0073604099452496	1.4106300794730e-18
0.0085871452465653	1.4106300794730e-18
0.0098138796165586	1.4106300794730e-18
0.011040614917874	1.4106300794730e-18
0.012267350219190	1.4106300794730e-18
0.013494085520506	1.4106300794730e-18
0.014720819890499	1.4106300794730e-18
0.015947554260492	1.4106300794730e-18
0.017174290493131	1.4106300794730e-18
0.018401024863124	1.4106300794730e-18
0.019627759233117	1.4106300794730e-18
0.020854495465755	1.4106300794730e-18
0.022081229835749	1.4106300794730e-18
0.023307964205742	1.4106300794730e-18
0.024534700438380	1.4106300794730e-18
0.025761434808373	1.4106300794730e-18
0.026988171041012	1.4106300794730e-18
0.028214905411005	1.4106300794730e-18
0.029441639780998	1.4106300794730e-18
0.030668376013637	1.4106300794730e-18
0.031895108520985	1.4106300794730e-18
0.033121846616268	1.4106300794730e-18
0.034348580986261	1.4106300794730e-18
0.035575315356255	1.4106300794730e-18
0.036802049726248	1.4106300794730e-18
0.038028784096241	1.4106300794730e-18
0.039255518466234	1.4106300794730e-18
0.040482256561518	1.4106300794730e-18
0.041708990931511	1.4106300794730e-18
0.042935725301504	1.4106300794730e-18
0.044162459671497	1.4106300794730e-18
0.045389194041491	1.4106300794730e-18
0.046615928411484	1.4106300794730e-18
0.047842666506767	1.4106300794730e-18
0.049069400876760	1.4106300794730e-18
0.050296135246754	1.4106300794730e-18
0.051522869616747	1.4106300794730e-18
0.052749603986740	1.4106300794730e-18
0.053976342082024	1.4106300794730e-18
0.055203076452017	1.4106300794730e-18
0.056429810822010	1.4106300794730e-18
0.057656545192003	1.4106300794730e-18
0.058883279561996	1.4106300794730e-18
0.060110013931990	1.4106300794730e-18
0.061336752027273	1.4106300794730e-18
0.062563486397266	1.4106300794730e-18
0.063790217041969	1.4106300794730e-18
0.065016955137253	1.4106300794730e-18
0.066243693232536	1.4106300794730e-18
0.067470423877239	1.4106300794730e-18
0.068697161972523	1.4106300794730e-18
0.069923892617226	1.4106300794730e-18
0.071150630712509	1.4106300794730e-18
0.072377368807793	1.4106300794730e-18
0.073604099452496	1.4106300794730e-18
0.074830837547779	1.4106300794730e-18
0.076057568192482	1.4106300794730e-18
0.077284306287766	1.4106300794730e-18
0.078511036932468	1.4106300794730e-18
0.079737775027752	1.4106301828706e-18
0.080964513123035	1.4106301828706e-18
0.082191243767738	1.4106301828706e-18
0.083417981863022	1.4106301828706e-18
0.084644712507725	1.4106301828706e-18
0.085871450603008	1.4106301828706e-18
0.087098188698292	1.4106302862682e-18
0.088324919342995	1.4106302862682e-18
0.089551657438278	1.4106303896658e-18
0.090778388082981	1.4106304930634e-18
0.092005126178265	1.4106305964609e-18
0.093231856822968	1.4106306998585e-18
0.094458594918251	1.4106309066537e-18
0.095685333013535	1.4106312168464e-18
0.096912063658237	1.4106315270391e-18
0.098138801753521	1.4106320440270e-18
0.099365532398224	1.4106326644125e-18
0.10059227049351	1.4106333881955e-18
0.10181900858879	1.4106345255688e-18
0.10304573923349	1.4106358697373e-18
0.10427247732878	1.4106377308937e-18
0.10549920797348	1.4106401090380e-18
0.10672594606876	1.4106432109653e-18
0.10795268416405	1.4106473468683e-18
0.10917941480875	1.4106527235423e-18
0.11040615290403	1.4106598579751e-18
0.11163288354874	1.4106691637570e-18
0.11285962164402	1.4106812612734e-18
0.11408635228872	1.4106970811027e-18
0.11531309038401	1.4107177606180e-18
0.11653982847929	1.4107448507830e-18
0.11776655912399	1.4107800059591e-18
0.11899329721928	1.4108259144831e-18
0.12022002786398	1.4108857816799e-18
0.12144676595926	1.4109636400551e-18
0.12267350405455	1.4110648662825e-18
0.12390023469925	1.4111964913975e-18
0.12512697279453	1.4113674075916e-18
0.12635371088982	1.4115891953933e-18
0.12758043408394	1.4118768474513e-18
0.12880717217922	1.4122495957148e-18
0.13003391027451	1.4127325657950e-18
0.13126064836979	1.4133577075429e-18
0.13248738646507	1.4141661731941e-18
0.13371410965919	1.4152110057054e-18
0.13494084775448	1.4165601372844e-18
0.13616758584976	1.4183010422811e-18
0.13739432394505	1.4205458036684e-18
0.13862106204033	1.4234406256197e-18
0.13984778523445	1.4271693490259e-18
0.14107452332973	1.4319678237593e-18
0.14230126142502	1.4381385911290e-18
0.14352799952030	1.4460681512760e-18
0.14475473761559	1.4562505378214e-18
0.14598146080971	1.4693161657894e-18
0.14720819890499	1.4860743280119e-18
0.14843493700027	1.5075625157720e-18
0.14966167509556	1.5350807468001e-18
0.15088839828968	1.5702953764402e-18
0.15211513638496	1.6153260550118e-18
0.15334187448025	1.6728672199628e-18
0.15456861257553	1.7463410208850e-18
0.15579535067081	1.8400905695844e-18
0.15702207386494	1.9597199113137e-18
0.15824881196022	2.1121901845177e-18
0.15947555005550	2.3063495334137e-18
0.16070228815079	2.5534161814693e-18
0.16192902624607	2.8675781373460e-18
0.16315574944019	3.2667659883870e-18
0.16438248753548	3.7736219427047e-18
0.16560922563076	4.4169294040739e-18
0.16683596372604	5.2331167862861e-18
0.16806270182133	6.2673775156984e-18
0.16928942501545	7.5770223874613e-18
0.17051616311073	9.2341687296898e-18
0.17174290120602	1.1329497457806e-17
0.17296963930130	1.3976943602202e-17
0.17419637739658	1.7319562259556e-17
0.17542310059071	2.1540183506297e-17
0.17664983868599	2.6862796271778e-17
0.17787657678127	3.3569570060913e-17
0.17910331487656	4.2014303256581e-17
0.18033005297184	5.2639626822004e-17
0.18155677616596	6.5998894808479e-17
0.18278351426125	8.2783355584135e-17
0.18401025235653	1.0386316675743e-16
0.18523699045181	1.3032548188128e-16
0.18646371364594	1.6350569471914e-16
0.18769045174122	2.0507893203822e-16
0.18891718983650	2.5713035072664e-16
0.19014392793179	3.2225352596422e-16
0.19137066602707	4.0367194751086e-16
0.19259738922119	5.0538919600109e-16
0.19382412731647	6.3247394306107e-16
0.19505086541176	7.9104878106156e-16
0.19627760350704	9.8875881762625e-16
0.19750434160233	1.2350829867096e-15
0.19873106479645	1.5417517946586e-15
0.19995780289173	1.9232708924532e-15
0.20118454098701	2.3975650854442e-15
0.20241127908230	2.9869791027799e-15
0.20363801717758	3.7190645968941e-15
0.20486474037170	4.6273308264549e-15
0.20609147846699	5.7533560977440e-15
0.20731821656227	7.1483346585771e-15
0.20854495465755	8.8752484907802e-15
0.20977169275284	1.1011531652325e-14
0.21099841594696	1.3652305943189e-14
0.21222515404224	1.6916881036191e-14
0.21345189213753	2.0947287415925e-14
0.21467863023281	2.5919360651912e-14
0.21590536832809	3.2048650300438e-14
0.21713209152222	3.9599000348309e-14
0.21835882961750	4.8893116795902e-14
0.21958556771278	6.0325422229172e-14
0.22081230580807	7.4382848784440e-14
0.22203902900219	9.1657774035567e-14
0.22326576709747	1.1286358945952e-13
0.22449250519276	1.3887583574443e-13
0.22571924328804	1.7076070375419e-13
0.22694598138332	2.0981561757102e-13
0.22817270457745	2.5761817267107e-13
0.22939944267273	3.1608521139023e-13
0.23062618076801	3.8759869879640e-13
0.23185291886330	4.7495205468193e-13
0.23307965695858	5.8157450209817e-13
0.23430638015270	7.1162200481270e-13
0.23553311824799	8.7012564037661e-13
0.23675985634327	1.0631715776852e-12
0.23798659443855	1.2981166705797e-12
0.23921333253384	1.5839556229136e-12
0.24044005572796	1.9314818841543e-12
0.24166679382324	2.3535665603924e-12
0.24289353191853	2.8658325712527e-12
0.24412027001381	3.4870947275556e-12
0.24534700810909	4.2399968085138e-12
0.24657373130322	5.1517683348490e-12
0.24780046939850	6.2551444059145e-12
0.24902720749378	7.5903701726721e-12
0.25025394558907	9.2040056132170e-12
0.25148066878319	1.1152681209103e-11
0.25270742177963	1.3504247199647e-11
0.25393414497375	1.6339936348420e-11
0.25516086816788	1.9756926997183e-11
0.25638762116432	2.3871389240315e-11
0.25761434435844	2.8823988335036e-11
0.25884109735489	3.4781143243290e-11
0.26006782054901	4.1939392930734e-11
0.26129454374313	5.0534642442868e-11
0.26252129673958	6.0847833716071e-11
0.26374801993370	7.3213324291999e-11
0.26497477293015	8.8028716260791e-11
0.26620149612427	1.0576716585886e-10
0.26742821931839	1.2700306084579e-10
0.26865497231483	1.5239337569639e-10
0.26988169550896	1.8272867940983e-10
0.27110844850540	2.1894559776303e-10
0.27233517169952	2.6215296600185e-10
0.27356189489365	3.1366248487430e-10
0.27478864789009	3.7502459471206e-10
0.27601537108421	4.4809878030350e-10
0.27724212408066	5.3505294639322e-10
0.27846884727478	6.3842287012505e-10
0.27969557046890	7.6121792202954e-10
0.28092232346535	9.0698182297899e-10
0.28214904665947	1.0798846261650e-09
0.28337579965591	1.2848292429979e-09
0.28460252285004	1.5275911646739e-09
0.28582924604416	1.8150917435733e-09
0.28705599904060	2.1551560536182e-09
0.28828272223473	2.5570994210966e-09
0.28950947523117	3.0318345611846e-09
0.29073619842529	3.5921332575128e-09
0.29196292161942	4.2529335608776e-09
0.29318967461586	5.0316928401628e-09
0.29441639780998	5.9491482851115e-09
0.29564315080643	7.0291124032451e-09
0.29686987400055	8.2991737926363e-09
0.29809659719467	9.7916998953451e-09
0.29932335019112	1.1544370792649e-08
0.30055007338524	1.3601022530452e-08
0.30177679657936	1.6012606351978e-08
0.30300354957581	1.8838532511722e-08
0.30423027276993	2.2149057699039e-08
0.30545702576637	2.6022679122661e-08
0.30668374896049	3.0551845497939e-08
0.30791047215462	3.5843605417085e-08
0.30913722515106	4.2021820689797e-08
0.31036394834518	4.9229683440899e-08
0.31159070134163	5.7632622230130e-08
0.31281742453575	6.7425290239953e-08
0.31404414772987	7.8827653737790e-08
0.31527090072632	9.2092200532079e-08
0.31649762392044	1.0751170265166e-07
0.31772437691689	1.2542304261842e-07
0.31895110011101	1.4621359412104e-07
0.32017782330513	1.7032837718034e-07
0.32140457630157	1.9828102892916e-07
0.32263129949570	2.3067063636972e-07
0.32385805249214	2.6815862952390e-07
0.32508477568626	3.1151543566921e-07
0.32631149888039	3.6162282412988e-07
0.32753825187683	4.1948902662625e-07
0.32876497507095	4.8626611715008e-07
0.32999172806740	5.6326928188355e-07
0.33121845126152	6.5203175836359e-07
0.33244517445564	7.5425703016663e-07
0.33367192745209	8.7188271891137e-07
0.33489865064621	1.0071285032609e-06
0.33612540364265	1.1625186289166e-06
0.33735212683678	1.3409210168902e-06
0.33857885003090	1.5455917719009e-06
0.33980560302734	1.7802499314712e-06
0.34103232622147	2.0491722807492e-06
0.34225907921791	2.3570221401314e-06
0.34348580241203	2.7091721221950e-06
0.34471252560616	3.1116971968004e-06
0.34593927860260	3.5714610930881e-06
0.34716600179672	4.0962117964227e-06
0.34839275479317	4.6946893235145e-06
0.34961947798729	5.3769872465637e-06
0.35084620118141	6.1541186369141e-06
0.35207295417786	7.0384990067396e-06
0.35329967737198	8.0441759564565e-06
0.35452643036842	9.1869305833825e-06
0.35575315356255	1.0484475751582e-05
0.35697987675667	1.1956674825342e-05
0.35820662975311	1.3625981409859e-05
0.35943335294724	1.5517833162448e-05
0.36066010594368	1.7659609511611e-05
0.36188682913780	2.0082507035113e-05
0.36311355233192	2.2821363018011e-05
0.36434030532837	2.5915049263858e-05
0.36556702852249	2.9406905014184e-05
0.36679378151894	3.3345208066748e-05
0.36802050471306	3.7785208405694e-05
0.36924722790718	4.2786014091689e-05
0.37047398090363	4.8413665354019e-05
0.37170070409775	5.4741947678849e-05
0.37292742729187	6.1852697399445e-05
0.37415418028831	6.9836620241404e-05
0.37538090348244	7.8794131695759e-05
0.37660765647888	8.8837550720200e-05
0.37783437967300	0.00010009213292506
0.37906110286713	0.00011269086098764
0.38028785586357	0.00012678353232332
0.38151457905769	0.00014253525296226
0.38274133205414	0.00016012793639675
0.38396805524826	0.00017976170056500
0.38519477844238	0.00020165661408100
0.38642153143883	0.00022606230049860
0.38764825463295	0.00025323985028081
0.38887500762939	0.00028347873012535
0.39010173082352	0.00031709784525447
0.39132845401764	0.00035444635432214
0.39255520701408	0.00039590595406480
0.39378193020821	0.00044189367326908
0.39500868320465	0.00049287098227069
0.39623540639877	0.00054934347281232
0.39746212959290	0.00061184045625851
0.39868888258934	0.00068095076130703
0.39991560578346	0.00075731496326625
0.40114235877991	0.00084162870189175
0.40236908197403	0.00093464693054557
0.40359580516815	0.0010371883399785
0.40482255816460	0.0011501734843478
0.40604928135872	0.0012745407875627
0.40727603435516	0.0014113223878667
0.40850275754929	0.0015616392483935
0.40972948074341	0.0017267006915063
0.41095623373985	0.0019078101031482
0.41218295693398	0.0021063706371933
0.41340970993042	0.0023239182773978
0.41463643312454	0.0025621028617024
0.41586315631866	0.0028226231224835
0.41708990931511	0.0031073470599949
0.41831663250923	0.0034182744566351
0.41954338550568	0.0037575454916805
0.42077010869980	0.0041274474933743
0.42199683189392	0.0045304214581847
0.42322358489037	0.0049691926687956
0.42445030808449	0.0054464479908347
0.42567706108093	0.0059651266783476
0.42690378427505	0.0065283658914268
0.42813050746918	0.0071394969709218
0.42935726046562	0.0078020514920354
0.43058398365974	0.0085197696462274
0.43181073665619	0.0092966975644231
0.43303745985031	0.010137080214918
0.43426418304443	0.011045204475522
0.43549093604088	0.012025717645884
0.43671765923500	0.013083513826132
0.43794438242912	0.014223733916879
0.43917113542557	0.015451775863767
0.44039785861969	0.016773296520114
0.44162461161613	0.018194563686848
0.44285133481026	0.019721493124962
0.44407805800438	0.021360520273447
0.44530481100082	0.023118380457163
0.44653153419495	0.025002082809806
0.44775828719139	0.027018908411264
0.44898501038551	0.029176410287619
0.45021173357964	0.031482655555010
0.45143848657608	0.033945843577385
0.45266520977020	0.036574020981789
0.45389196276665	0.039375793188810
0.45511868596077	0.042359996587038
0.45634540915489	0.045535713434219
0.45757216215134	0.048912230879068
0.45879888534546	0.052499048411846
0.46002563834190	0.056306637823582
0.46125236153603	0.060344167053699
0.46247908473015	0.064621612429619
0.46370583772659	0.069149091839790
0.46493256092072	0.073936834931374
0.46615931391716	0.078995130956173
0.46738603711128	0.084334313869476
0.46861276030540	0.089965216815472
0.46983951330185	0.095898248255253
0.47106623649597	0.10214309394360
0.47229298949242	0.10870985686779
0.47351971268654	0.11560849100351
0.47474643588066	0.12284875661135
0.47597318887711	0.13044013082981
0.47719991207123	0.13839179277420
0.47842666506767	0.14671391248703
0.47965338826180	0.15541359782219
0.48088011145592	0.16449877619743
0.48210686445236	0.17397680878639
0.48333358764648	0.18385446071625
0.48456034064293	0.19413784146309
0.48578706383705	0.20483228564262
0.48701378703117	0.21594314277172
0.48824054002762	0.22747403383255
0.48946726322174	0.23942698538303
0.49069401621819	0.25180366635323
0.49192073941231	0.26460471749306
0.49314746260643	0.27782958745956
0.49437421560287	0.29147645831108
0.49560093879700	0.30554234981537
0.49682769179344	0.32002413272858
0.49805441498756	0.33491444587708
0.49928113818169	0.35020592808723
0.50050789117813	0.36588957905769
0.50173461437225	0.38195481896400
0.50296133756638	0.39838930964470
0.50418806076050	0.41517910361290
0.50541484355927	0.43230900168419
0.50664156675339	0.44976115226746
0.50786828994751	0.46751552820206
0.50909501314163	0.48555070161819
0.51032173633575	0.50384336709976
0.51154851913452	0.52236825227737
0.51277524232864	0.54109817743301
0.51400196552277	0.56000393629074
0.51522868871689	0.57905483245850
0.51645541191101	0.59821712970734
0.51768219470978	0.61745578050613
0.51890891790390	0.63673400878906
0.52013564109802	0.65601301193237
0.52136236429214	0.67525225877762
0.52258908748627	0.69440948963165
0.52381587028503	0.71344041824341
0.52504259347916	0.73229926824570
0.52626931667328	0.75093924999237
0.52749603986740	0.76931184530258
0.52872276306152	0.78736740350723
0.52994954586029	0.80505484342575
0.53117626905441	0.82232236862183
0.53240299224854	0.83911681175232
0.53362971544266	0.85538291931152
0.53485643863678	0.87106794118881
0.53608322143555	0.88611727952957
0.53730994462967	0.90047597885132
0.53853666782379	0.91408908367157
0.53976339101791	0.92690181732178
0.54099011421204	0.93885952234268
0.54221689701080	0.94990605115891
0.54344362020493	0.95998877286911
0.54467034339905	0.96905648708344
0.54589706659317	0.97705787420273
0.54712378978729	0.98394322395325
0.54835057258606	0.98966413736343
0.54957729578018	0.99417412281036
0.55080401897430	0.99742805957794
0.55203074216843	0.99938023090363
0.55325746536255	0.99999469518661
0.55448424816132	0.99923413991928
0.55571097135544	0.99706423282623
0.55693769454956	0.99345368146896
0.55816441774368	0.98837435245514
0.55939114093781	0.98180156946182
0.56061792373657	0.97371041774750
0.56184464693069	0.96408522129059
0.56307137012482	0.95291423797607
0.56429809331894	0.94018781185150
0.56552481651306	0.92590057849884
0.56675159931183	0.91005122661591
0.56797832250595	0.89264279603958
0.56920504570007	0.87368160486221
0.57043176889420	0.85317623615265
0.57165849208832	0.83114749193192
0.57288527488708	0.80761617422104
0.57411199808121	0.78260755538940
0.57533872127533	0.75615149736404
0.57656544446945	0.72828215360641
0.57779216766357	0.69903802871704
0.57901895046234	0.66845887899399
0.58024567365646	0.63659399747849
0.58147239685059	0.60349589586258
0.58269912004471	0.56921988725662
0.58392584323883	0.53382486104965
0.58515262603760	0.49737358093262
0.58637934923172	0.45993217825890
0.58760607242584	0.42156934738159
0.58883279561996	0.38235628604889
0.59005951881409	0.34237086772919
0.59128630161285	0.30169099569321
0.59251302480698	0.26039701700211
0.59373974800110	0.21857127547264
0.59496647119522	0.17629794776440
0.59619319438934	0.13366270065308
0.59741997718811	0.090752005577087
0.59864670038223	0.047654584050179
0.59987342357635	0.0044592092745006
0.60110014677048	-0.038745269179344
0.60232686996460	-0.081869959831238
0.60355359315872	-0.12482625991106
0.60478037595749	-0.16752614080906
0.60600709915161	-0.20988200604916
0.60723382234573	-0.25180682539940
0.60846054553986	-0.29321694374084
0.60968726873398	-0.33402964472771
0.61091405153275	-0.37416419386864
0.61214077472687	-0.41354212164879
0.61336749792099	-0.45208752155304
0.61459422111511	-0.48972731828690
0.61582094430923	-0.52638852596283
0.61704772710800	-0.56200593709946
0.61827445030212	-0.59651690721512
0.61950117349625	-0.62986171245575
0.62072789669037	-0.66198432445526
0.62195461988449	-0.69283270835876
0.62318140268326	-0.72235888242722
0.62440812587738	-0.75051760673523
0.62563484907150	-0.77726715803146
0.62686157226562	-0.80257582664490
0.62808829545975	-0.82641297578812
0.62931507825851	-0.84875237941742
0.63054180145264	-0.86957228183746
0.63176852464676	-0.88885545730591
0.63299524784088	-0.90658909082413
0.63422197103500	-0.92276024818420
0.63544875383377	-0.93736863136292
0.63667547702789	-0.95041549205780
0.63790220022202	-0.96190547943115
0.63912892341614	-0.97184741497040
0.64035564661026	-0.98025399446487
0.64158242940903	-0.98714190721512
0.64280915260315	-0.99252974987030
0.64403587579727	-0.99643993377686
0.64526259899139	-0.99890339374542
0.64648932218552	-0.99995088577271
0.64771610498428	-0.99961614608765
0.64894282817841	-0.99793583154678
0.65016955137253	-0.99494916200638
0.65139627456665	-0.99069797992706
0.65262299776077	-0.98522275686264
0.65384978055954	-0.97857278585434
0.65507650375366	-0.97079670429230
0.65630322694778	-0.96194404363632
0.65752995014191	-0.95206576585770
0.65875667333603	-0.94121402502060
0.65998345613480	-0.92944198846817
0.66121017932892	-0.91680234670639
0.66243690252304	-0.90334916114807
0.66366362571716	-0.88913917541504
0.66489034891129	-0.87422728538513
0.66611713171005	-0.85866850614548
0.66734385490417	-0.84251743555069
0.66857057809830	-0.82582855224609
0.66979730129242	-0.80865544080734
0.67102402448654	-0.79105007648468
0.67225080728531	-0.77306592464447
0.67347753047943	-0.75475436449051
0.67470425367355	-0.73616534471512
0.67593097686768	-0.71734762191772
0.67715770006180	-0.69834858179092
0.67838448286057	-0.67921400070190
0.67961120605469	-0.65998822450638
0.68083792924881	-0.64071393013000
0.68206465244293	-0.62143230438232
0.68329137563705	-0.60218238830566
0.68451815843582	-0.58300155401230
0.68574488162994	-0.56392508745193
0.68697160482407	-0.54498648643494
0.68819832801819	-0.52621728181839
0.68942505121231	-0.50764787197113
0.69065183401108	-0.48930531740189
0.69187855720520	-0.47121524810791
0.69310528039932	-0.45340135693550
0.69433200359344	-0.43588548898697
0.69555872678757	-0.41868746280670
0.69678550958633	-0.40182533860207
0.69801223278046	-0.38531589508057
0.69923895597458	-0.36917370557785
0.70046567916870	-0.35341069102287
0.70169240236282	-0.33803781867027
0.70291918516159	-0.32306441664696
0.70414590835571	-0.30849814414978
0.70537263154984	-0.29434522986412
0.70659935474396	-0.28061044216156
0.70782607793808	-0.26729863882065
0.70905286073685	-0.25441038608551
0.71027958393097	-0.24194650352001
0.71150630712509	-0.22990657389164
0.71273303031921	-0.21828912198544
0.71395975351334	-0.20709162950516
0.71518653631210	-0.19631062448025
0.71641325950623	-0.18594244122505
0.71763998270035	-0.17598189413548
0.71886670589447	-0.16642226278782
0.72009342908859	-0.15725693106651
0.72132021188736	-0.14847862720490
0.72254693508148	-0.14007955789566
0.72377365827560	-0.13205142319202
0.72500038146973	-0.12438549846411
0.72622710466385	-0.11707385629416
0.72745388746262	-0.11010580509901
0.72868061065674	-0.10347164422274
0.72990733385086	-0.097161456942558
0.73113405704498	-0.091165155172348
0.73236078023911	-0.085472546517849
0.73358756303787	-0.080073326826096
0.73481428623199	-0.074957698583603
0.73604100942612	-0.070115208625793
0.73726773262024	-0.065535075962543
0.73849445581436	-0.061207074671984
0.73972117900848	-0.057121049612761
0.74094796180725	-0.053266968578100
0.74217468500137	-0.049634948372841
0.74340140819550	-0.046215299516916
0.74462813138962	-0.042999099940062
0.74585485458374	-0.039976291358471
0.74708163738251	-0.037137757986784
0.74830836057663	-0.034474607557058
0.74953508377075	-0.031978189945221
0.75076180696487	-0.029640102759004
0.75198853015900	-0.027452206239104
0.75321531295776	-0.025406893342733
0.75444203615189	-0.023496445268393
0.75566875934601	-0.021713307127357
0.75689548254013	-0.020050413906574
0.75812220573425	-0.018500976264477
0.75934898853302	-0.017058473080397
0.76057571172714	-0.015716660767794
0.76180243492126	-0.014469586312771
0.76302915811539	-0.013311775401235
0.76425588130951	-0.012237472459674
0.76548266410828	-0.011241484433413
0.76670938730240	-0.010318866930902
0.76793611049652	-0.0094649232923985
0.76916283369064	-0.0086751934140921
0.77038955688477	-0.0079454490914941
0.77161633968353	-0.0072718001902103
0.77284306287766	-0.0066504003480077
0.77406978607178	-0.0060775987803936
0.77529650926590	-0.0055500236339867
0.77652323246002	-0.0050644981674850
0.77775001525879	-0.0046180333010852
0.77897673845291	-0.0042078169062734
0.78020346164703	-0.0038312252145261
0.78143018484116	-0.0034858544822782
0.78265690803528	-0.0031692832708359
0.78388369083405	-0.0028793422970921
0.78511041402817	-0.0026140029076487
0.78633713722229	-0.0023713714908808
0.78756386041641	-0.0021496808622032
0.78879058361053	-0.0019472845597193
0.79001736640930	-0.0017626874614507
0.79124408960342	-0.0015944391489029
0.79247081279755	-0.0014411944430321
0.79369753599167	-0.0013017250457779
0.79492425918579	-0.0011748925317079
0.79615104198456	-0.0010596425272524
0.79737776517868	-0.00095499923918396
0.79860448837280	-0.00086006621131673
0.79983121156693	-0.00077402847819030
0.80105793476105	-0.00069608987541869
0.80228471755981	-0.00062554277246818
0.80351144075394	-0.00056173594202846
0.80473816394806	-0.00050407013623044
0.80596488714218	-0.00045199473970570
0.80719161033630	-0.00040500416071154
0.80841839313507	-0.00036264496156946
0.80964511632919	-0.00032448433921672
0.81087183952332	-0.00029012846061960
0.81209856271744	-0.00025922176428139
0.81332528591156	-0.00023143934959080
0.81455206871033	-0.00020648457575589
0.81577879190445	-0.00018408683536109
0.81700551509857	-0.00016400107415393
0.81823223829269	-0.00014600621943828
0.81945896148682	-0.00012989171955269
0.82068574428558	-0.00011547211033758
0.82191246747971	-0.00010257894609822
0.82313919067383	-9.1059424448758e-05
0.82436591386795	-8.0775040260050e-05
0.82559263706207	-7.1600334194954e-05
0.82681941986084	-6.3424093241338e-05
0.82804614305496	-5.6141718232539e-05
0.82927286624908	-4.9659622163745e-05
0.83049958944321	-4.3894226109842e-05
0.83172631263733	-3.8770172977820e-05
0.83295309543610	-3.4219556255266e-05
0.83417981863022	-3.0181256079231e-05
0.83540654182434	-2.6600655473885e-05
0.83663326501846	-2.3428903659806e-05
0.83785998821259	-2.0620471332222e-05
0.83908677101135	-1.8135609934689e-05
0.84031349420547	-1.5938694559736e-05
0.84154021739960	-1.3997814676259e-05
0.84276694059372	-1.2284420336073e-05
0.84399366378784	-1.0772983841889e-05
0.84522044658661	-9.4411316240439e-06
0.84644716978073	-8.2680999184959e-06
0.84767389297485	-7.2356069722446e-06
0.84890061616898	-6.3274933381763e-06
0.85012733936310	-5.5293735385931e-06
0.85135412216187	-4.8284487093042e-06
0.85258084535599	-4.2133419810853e-06
0.85380756855011	-3.6740166251548e-06
0.85503429174423	-3.2015730084822e-06
0.85626101493835	-2.7878779746970e-06
0.85748779773712	-2.4258954454126e-06
0.85871452093124	-2.1093972009112e-06
0.85994124412537	-1.8328737496631e-06
0.86116796731949	-1.5914557707220e-06
0.86239469051361	-1.3808432868245e-06
0.86362147331238	-1.1973094160567e-06
0.86484819650650	-1.0374395742474e-06
0.86607491970062	-8.9827153715305e-07
0.86730164289474	-7.7721432489852e-07
0.86852836608887	-6.7198914166511e-07
0.86975508928299	-5.8059310958924e-07
0.87098187208176	-5.0126760697822e-07
0.87220859527588	-4.3247996472928e-07
0.87343531847000	-3.7288339171937e-07
0.87466204166412	-3.2126902738128e-07
0.87588876485825	-2.7660072987601e-07
0.87711554765701	-2.3797228720923e-07
0.87834227085114	-2.0459165739339e-07
0.87956899404526	-1.7576722655122e-07
0.88079571723938	-1.5089547389380e-07
0.88202244043350	-1.2945906746609e-07
0.88324922323227	-1.1098988039748e-07
0.88447594642639	-9.5087450802112e-08
0.88570266962051	-8.1405147511759e-08
0.88692939281464	-6.9641686195610e-08
0.88815611600876	-5.9535413043932e-08
0.88938289880753	-5.0859252809232e-08
0.89060962200165	-4.3417678341484e-08
0.89183634519577	-3.7040457812054e-08
0.89306306838989	-3.1577318537757e-08
0.89428979158401	-2.6900679017672e-08
0.89551657438278	-2.2900247031998e-08
0.89674329757690	-1.9480760116153e-08
0.89797002077103	-1.6560003146537e-08
0.89919674396515	-1.4067063958123e-08
0.90042346715927	-1.1941825306394e-08
0.90165024995804	-1.0130530192498e-08
0.90287697315216	-8.5878184563626e-09
0.90410369634628	-7.2748260748767e-09
0.90533041954041	-6.1581659771548e-09
0.90655714273453	-5.2091757574146e-09
0.90778392553329	-4.4032701929098e-09
0.90901064872742	-3.7195242441612e-09
0.91023737192154	-3.1398910138591e-09
0.91146409511566	-2.6486899340483e-09
0.91269081830978	-2.2327335535977e-09
0.91391760110855	-1.8807528867626e-09
0.91514432430267	-1.5831261857002e-09
0.91637104749680	-1.3316440172773e-09
0.91759777069092	-1.1193074245242e-09
0.91882449388504	-9.4024599217590e-10
0.92005127668381	-7.8927225866110e-10
0.92127799987793	-6.6206629067977e-10
0.92250472307205	-5.5496462980642e-10
0.92373144626617	-4.6485565396992e-10
0.92495816946030	-3.8909869770620e-10
0.92618495225906	-3.2545441341902e-10
0.92741167545319	-2.7203847507984e-10
0.92863839864731	-2.2724128134755e-10
0.92986512184143	-1.8968521198204e-10
0.93109184503555	-1.5822274046506e-10
0.93231862783432	-1.3188439229594e-10
0.93354535102844	-1.0985169718314e-10
0.93477207422256	-9.1434235183208e-11
0.93599879741669	-7.6050041264430e-11
0.93722552061081	-6.3216168411095e-11
0.93845230340958	-5.2510787384996e-11
0.93967902660370	-4.3587113085497e-11
0.94090574979782	-3.6154034627200e-11
0.94213247299194	-2.9967070491743e-11
0.94335919618607	-2.4821068811409e-11
0.94458597898483	-2.0544009202150e-11
0.94581270217896	-1.6992771773028e-11
0.94703942537308	-1.4046273692780e-11
0.94826614856720	-1.1602383984122e-11
0.94949287176132	-9.5768427910148e-12
0.95071965456009	-7.8992585042514e-12
0.95194637775421	-6.5108686671256e-12
0.95317310094833	-5.3626564994191e-12
0.95439982414246	-4.4137662275068e-12
0.95562654733658	-3.6306517688101e-12
0.95685333013535	-2.9843475780889e-12
0.95808005332947	-2.4513377439028e-12
0.95930677652359	-2.0120823410186e-12
0.96053349971771	-1.6503531397385e-12
0.96176022291183	-1.3526841322400e-12
0.96298700571060	-1.1079089035082e-12
0.96421372890472	-9.0684073748501e-13
0.96544045209885	-7.4178244926712e-13
0.96666717529297	-6.0633263817764e-13
0.96789389848709	-4.9526089609606e-13
0.96912068128586	-4.0424586421339e-13
0.97034740447998	-3.2972005659625e-13
0.97157412767410	-2.6874051486762e-13
0.97280085086823	-2.1888233955360e-13
0.97402757406235	-1.7817163217894e-13
0.97525435686111	-1.4492893647342e-13
0.97648108005524	-1.1780402770899e-13
0.97770780324936	-9.5687075884338e-14
0.97893452644348	-7.7666612561828e-14
0.98016124963760	-6.2994558571242e-14
0.98138803243637	-5.1057435053936e-14
0.98261475563049	-4.1356071941567e-14
0.98384147882462	-3.3476324333035e-14
0.98506820201874	-2.7078455783528e-14
0.98629492521286	-2.1887556667815e-14
0.98752170801163	-1.7678990460153e-14
0.98874843120575	-1.4269337258012e-14
0.98997515439987	-1.1508950903568e-14
0.99120187759399	-9.2759298031824e-15
0.99242860078812	-7.4718792215716e-15
0.99365538358688	-6.0143227136283e-15
0.99488210678101	-4.8375656745128e-15
0.99610882997513	-3.8882014063513e-15
0.99733555316925	-3.1228465756513e-15
0.99856227636337	-2.5062840935649e-15
0.99978905916214	-2.0099490444952e-15
1.0010157823563	-1.6108520013418e-15
1.0022424459457	-1.2901074116336e-15
1.0034692287445	-1.0324290835296e-15
1.0046960115433	-8.2556685596983e-16
1.0059226751328	-6.5962013141071e-16
1.0071494579315	-5.2659297176971e-16
1.0083761215210	-4.2003257417553e-16
1.0096029043198	-3.3474191504074e-16
1.0108296871185	-2.6656214200366e-16
1.0120563507080	-2.1205738502774e-16
1.0132831335068	-1.6851643723263e-16
1.0145097970963	-1.3375915492610e-16
1.0157365798950	-1.0603374824178e-16
1.0169633626938	-8.3933679266066e-17
1.0181900262833	-6.6330415563100e-17
1.0194168090820	-5.2325579430643e-17
1.0206434726715	-4.1188439515563e-17
1.0218702554703	-3.2335237915972e-17
1.0230970382690	-2.5302713784168e-17
1.0243237018585	-1.9720500309605e-17
1.0255504846573	-1.5292728222062e-17
1.0267771482468	-1.1783205196611e-17
1.0280039310455	-9.0038328434989e-18
1.0292307138443	-6.8054072189662e-18
1.0304573774338	-5.0663886076587e-18
1.0316841602325	-3.6917736618635e-18
1.0329108238220	-2.6059934355644e-18
1.0341376066208	-1.7489820017857e-18
1.0353643894196	-1.0730316153009e-18
1.0365910530090	-5.4027808357026e-19
1.0378178358078	-1.2090341959244e-19
1.0390444993973	2.0910488697775e-19
1.0402712821960	4.6868410228894e-19
1.0414980649948	6.7271647218127e-19
1.0427247285843	8.3297160062393e-19
1.0439515113831	9.5875061661722e-19
1.0451781749725	1.0573985221091e-18
1.0464049577713	1.1347002047134e-18
1.0476317405701	1.1952030898476e-18
1.0488584041595	1.2425609376751e-18
1.0500851869583	1.2796027058907e-18
1.0513118505478	1.3085544409204e-18
1.0525386333466	1.3311665603378e-18
1.0537654161453	1.3488144587067e-18
1.0549920797348	1.3625778135213e-18
1.0562188625336	1.3732979708625e-18
1.0574455261230	1.3816455674116e-18
1.0586723089218	1.3881428643281e-18
1.0598990917206	1.3931963174853e-18
1.0611257553101	1.3971238744313e-18
1.0623525381088	1.4001742063376e-18
1.0635792016983	1.4025415972508e-18
1.0648059844971	1.4043771110300e-18
1.0660327672958	1.4057987243103e-18
1.0672594308853	1.4068999085007e-18
1.0684862136841	1.4077521113268e-18
1.0697128772736	1.4084112708774e-18
1.0709396600723	1.4089207107372e-18
1.0721664428711	1.4093141385160e-18
1.0733931064606	1.4096177138009e-18
1.0746198892593	1.4098517025166e-18
1.0758465528488	1.4100320278902e-18
1.0770733356476	1.4101708908355e-18
1.0783001184464	1.4102778039297e-18
1.0795267820358	1.4103600050030e-18
1.0807535648346	1.4104231809223e-18
1.0819802284241	1.4104716743857e-18
1.0832070112228	1.4105088975133e-18
1.0844337940216	1.4105374352444e-18
1.0856604576111	1.4105592521331e-18
1.0868872404099	1.4105760025405e-18
1.0881139039993	1.4105888238400e-18
1.0893406867981	1.4105986466098e-18
1.0905674695969	1.4106060912353e-18
1.0917941331863	1.4106118814996e-18
1.0930209159851	1.4106162241978e-18
1.0942475795746	1.4106195329202e-18
1.0954743623734	1.4106221178596e-18
1.0967011451721	1.4106239790160e-18
1.0979278087616	1.4106255299797e-18
1.0991545915604	1.4106265639554e-18
1.1003812551498	1.4106274945336e-18
1.1016080379486	1.4106281149191e-18
1.1028348207474	1.4106286319070e-18
1.1040614843369	1.4106289420997e-18
1.1052882671356	1.4106292522924e-18
1.1065149307251	1.4106294590876e-18
1.1077417135239	1.4106296658827e-18
1.1089684963226	1.4106297692803e-18
1.1101951599121	1.4106298726779e-18
1.1114219427109	1.4106298726779e-18
1.1126486063004	1.4106299760755e-18
1.1138753890991	1.4106299760755e-18
1.1151021718979	1.4106299760755e-18
1.1163288354874	1.4106300794730e-18
1.1175556182861	1.4106300794730e-18
1.1187822818756	1.4106300794730e-18
1.1200090646744	1.4106300794730e-18
1.1212358474731	1.4106300794730e-18
1.1224625110626	1.4106300794730e-18
1.1236892938614	1.4106300794730e-18
1.1249159574509	1.4106300794730e-18
1.1261427402496	1.4106300794730e-18
1.1273695230484	1.4106300794730e-18
1.1285961866379	1.4106300794730e-18
1.1298229694366	1.4106300794730e-18
1.1310496330261	1.4106300794730e-18
1.1322764158249	1.4106300794730e-18
1.1335031986237	1.4106300794730e-18
1.1347298622131	1.4106300794730e-18
1.1359566450119	1.4106300794730e-18
1.1371833086014	1.4106300794730e-18
1.1384100914001	1.4106300794730e-18
1.1396368741989	1.4106300794730e-18
1.1408635377884	1.4106300794730e-18
1.1420903205872	1.4106300794730e-18
1.1433169841766	1.4106300794730e-18
1.1445437669754	1.4106300794730e-18
1.1457705497742	1.4106300794730e-18
1.1469972133636	1.4106300794730e-18
1.1482239961624	1.4106300794730e-18
1.1494506597519	1.4106300794730e-18
1.1506774425507	1.4106300794730e-18
1.1519042253494	1.4106300794730e-18
1.1531308889389	1.4106300794730e-18
1.1543576717377	1.4106300794730e-18
1.1555843353271	1.4106300794730e-18
1.1568111181259	1.4106300794730e-18
1.1580379009247	1.4106300794730e-18
1.1592645645142	1.4106300794730e-18
1.1604913473129	1.4106300794730e-18
1.1617180109024	1.4106300794730e-18
1.1629447937012	1.4106300794730e-18
1.1641715764999	1.4106300794730e-18
1.1653982400894	1.4106300794730e-18
1.1666250228882	1.4106300794730e-18
1.1678516864777	1.4106300794730e-18
1.1690784692764	1.4106300794730e-18
1.1703052520752	1.4106300794730e-18
1.1715319156647	1.4106300794730e-18
1.1727586984634	1.4106300794730e-18
1.1739853620529	1.4106300794730e-18
1.1752121448517	1.4106300794730e-18
1.1764389276505	1.4106300794730e-18
1.1776655912399	1.4106300794730e-18
1.1788923740387	1.4106300794730e-18
1.1801190376282	1.4106300794730e-18
1.1813458204269	1.4106300794730e-18
1.1825726032257	1.4106300794730e-18
1.1837992668152	1.4106300794730e-18
1.1850260496140	1.4106300794730e-18
1.1862527132034	1.4106300794730e-18
1.1874794960022	1.4106300794730e-18
1.1887062788010	1.4106300794730e-18
1.1899329423904	1.4106300794730e-18
1.1911597251892	1.4106300794730e-18
1.1923863887787	1.4106300794730e-18
1.1936131715775	1.4106300794730e-18
1.1948399543762	1.4106300794730e-18
1.1960666179657	1.4106300794730e-18
1.1972934007645	1.4106300794730e-18
1.1985200643539	1.4106300794730e-18
1.1997468471527	1.4106300794730e-18
1.2009735107422	1.4106300794730e-18
1.2022002935410	1.4106300794730e-18
1.2034270763397	1.4106300794730e-18
1.2046537399292	1.4106300794730e-18
1.2058805227280	1.4106300794730e-18
1.2071071863174	1.4106300794730e-18
1.2083339691162	1.4106300794730e-18
1.2095607519150	1.4106300794730e-18
1.2107874155045	1.4106300794730e-18
1.2120141983032	1.4106300794730e-18
1.2132408618927	1.4106300794730e-18
1.2144676446915	1.4106300794730e-18
1.2156944274902	1.4106300794730e-18
1.2169210910797	1.4106300794730e-18
1.2181478738785	1.4106300794730e-18
1.2193745374680	1.4106300794730e-18
1.2206013202667	1.4106300794730e-18
1.2218281030655	1.4106300794730e-18
1.2230547666550	1.4106300794730e-18
1.2242815494537	1.4106300794730e-18
1.2255082130432	1.4106300794730e-18
1.2267349958420	1.4106300794730e-18
1.2279617786407	1.4106300794730e-18
1.2291884422302	1.4106300794730e-18
1.2304152250290	1.4106300794730e-18
1.2316418886185	1.4106300794730e-18
1.2328686714172	1.4106300794730e-18
1.2340954542160	1.4106300794730e-18
1.2353221178055	1.4106300794730e-18
1.2365489006042	1.4106300794730e-18
1.2377755641937	1.4106300794730e-18
1.2390023469925	1.4106300794730e-18
1.2402291297913	1.4106300794730e-18
1.2414557933807	1.4106300794730e-18
1.2426825761795	1.4106300794730e-18
1.2439092397690	1.4106300794730e-18
1.2451360225677	1.4106300794730e-18
1.2463628053665	1.4106300794730e-18
1.2475894689560	1.4106300794730e-18
1.2488162517548	1.4106300794730e-18
1.2500429153442	1.4106300794730e-18
1.2512696981430	1.4106300794730e-18
1.2524964809418	1.4106300794730e-18
1.2537231445312	1.4106300794730e-18
1.2549499273300	1.4106300794730e-18
1.2561765909195	1.4106300794730e-18
1.2574033737183	1.4106300794730e-18
1.2586301565170	1.4106300794730e-18
1.2598568201065	1.4106300794730e-18
1.2610836029053	1.4106300794730e-18
1.2623102664948	1.4106300794730e-18
1.2635370492935	1.4106300794730e-18
1.2647638320923	1.4106300794730e-18
1.2659904956818	1.4106300794730e-18
1.2672172784805	1.4106300794730e-18
1.2684439420700	1.4106300794730e-18
1.2696707248688	1.4106300794730e-18
1.2708975076675	1.4106300794730e-18
1.2721241712570	1.4106300794730e-18
1.2733509540558	1.4106300794730e-18
1.2745776176453	1.4106300794730e-18
1.2758044004440	1.4106300794730e-18
1.2770311832428	1.4106300794730e-18
1.2782578468323	1.4106300794730e-18
1.2794846296310	1.4106300794730e-18
1.2807112932205	1.4106300794730e-18
1.2819380760193	1.4106300794730e-18
1.2831648588181	1.4106300794730e-18
1.2843915224075	1.4106300794730e-18
1.2856183052063	1.4106300794730e-18
1.2868449687958	1.4106300794730e-18
1.2880717515945	1.4106300794730e-18
1.2892985343933	1.4106300794730e-18
1.2905251979828	1.4106300794730e-18
1.2917519807816	1.4106300794730e-18
1.2929786443710	1.4106300794730e-18
1.2942054271698	1.4106300794730e-18
1.2954322099686	1.4106300794730e-18
1.2966588735580	1.4106300794730e-18
1.2978856563568	1.4106300794730e-18
1.2991123199463	1.4106300794730e-18
1.3003391027451	1.4106300794730e-18
1.3015658855438	1.4106300794730e-18
1.3027925491333	1.4106300794730e-18
1.3040193319321	1.4106300794730e-18
1.3052459955215	1.4106300794730e-18
1.3064727783203	1.4106300794730e-18
1.3076995611191	1.4106300794730e-18
1.3089262247086	1.4106300794730e-18
1.3101530075073	1.4106300794730e-18
1.3113796710968	1.4106300794730e-18
1.3126064538956	1.4106300794730e-18
1.3138332366943	1.4106300794730e-18
1.3150599002838	1.4106300794730e-18
1.3162866830826	1.4106300794730e-18
1.3175133466721	1.4106300794730e-18
1.3187401294708	1.4106300794730e-18
1.3199669122696	1.4106300794730e-18
1.3211935758591	1.4106300794730e-18
1.3224203586578	1.4106300794730e-18
1.3236470222473	1.4106300794730e-18
1.3248738050461	1.4106300794730e-18
1.3261005878448	1.4106300794730e-18
1.3273272514343	1.4106300794730e-18
1.3285540342331	1.4106300794730e-18
1.3297806978226	1.4106300794730e-18
1.3310074806213	1.4106300794730e-18
1.3322342634201	1.4106300794730e-18
1.3334609270096	1.4106300794730e-18
1.3346877098083	1.4106300794730e-18
1.3359143733978	1.4106300794730e-18
1.3371411561966	1.4106300794730e-18
1.3383679389954	1.4106300794730e-18
1.3395946025848	1.4106300794730e-18
1.3408213853836	1.4106300794730e-18
1.3420480489731	1.4106300794730e-18
1.3432748317719	1.4106300794730e-18
1.3445016145706	1.4106300794730e-18
1.3457282781601	1.4106300794730e-18
1.3469550609589	1.4106300794730e-18
1.3481817245483	1.4106300794730e-18
1.3494085073471	1.4106300794730e-18
1.3506352901459	1.4106300794730e-18
1.3518619537354	1.4106300794730e-18
1.3530887365341	1.4106300794730e-18
1.3543154001236	1.4106300794730e-18
1.3555421829224	1.4106300794730e-18
1.3567689657211	1.4106300794730e-18
1.3579956293106	1.4106300794730e-18
1.3592224121094	1.4106300794730e-18
1.3604490756989	1.4106300794730e-18
1.3616758584976	1.4106300794730e-18
1.3629026412964	1.4106300794730e-18
1.3641293048859	1.4106300794730e-18
1.3653560876846	1.4106300794730e-18
1.3665827512741	1.4106300794730e-18
1.3678095340729	1.4106300794730e-18
1.3690363168716	1.4106300794730e-18
1.3702629804611	1.4106300794730e-18
1.3714897632599	1.4106300794730e-18
1.3727164268494	1.4106300794730e-18
1.3739432096481	1.4106300794730e-18
1.3751699924469	1.4106300794730e-18
1.3763966560364	1.4106300794730e-18
1.3776234388351	1.4106300794730e-18
1.3788501024246	1.4106300794730e-18
1.3800768852234	1.4106300794730e-18
1.3813036680222	1.4106300794730e-18
1.3825303316116	1.4106300794730e-18
1.3837571144104	1.4106300794730e-18
1.3849837779999	1.4106300794730e-18
1.3862105607986	1.4106300794730e-18
1.3874373435974	1.4106300794730e-18
1.3886640071869	1.4106300794730e-18
1.3898907899857	1.4106300794730e-18
1.3911174535751	1.4106300794730e-18
1.3923442363739	1.4106300794730e-18
1.3935710191727	1.4106300794730e-18
1.3947976827621	1.4106300794730e-18
1.3960244655609	1.4106300794730e-18
1.3972511291504	1.4106300794730e-18
1.3984779119492	1.4106300794730e-18
1.3997046947479	1.4106300794730e-18
1.4009313583374	1.4106300794730e-18
1.4021581411362	1.4106300794730e-18
1.4033848047256	1.4106300794730e-18
1.4046115875244	1.4106300794730e-18
1.4058383703232	1.4106300794730e-18
1.4070650339127	1.4106300794730e-18
1.4082918167114	1.4106300794730e-18
1.4095184803009	1.4106300794730e-18
1.4107452630997	1.4106300794730e-18
1.4119720458984	1.4106300794730e-18
1.4131987094879	1.4106300794730e-18
1.4144254922867	1.4106300794730e-18
1.4156521558762	1.4106300794730e-18
1.4168789386749	1.4106300794730e-18
1.4181057214737	1.4106300794730e-18
1.4193323850632	1.4106300794730e-18
1.4205591678619	1.4106300794730e-18
1.4217858314514	1.4106300794730e-18
1.4230126142502	1.4106300794730e-18
1.4242393970490	1.4106300794730e-18
1.4254660606384	1.4106300794730e-18
1.4266928434372	1.4106300794730e-18
1.4279195070267	1.4106300794730e-18
1.4291462898254	1.4106300794730e-18
1.4303730726242	1.4106300794730e-18
1.4315997362137	1.4106300794730e-18
1.4328265190125	1.4106300794730e-18
1.4340531826019	1.4106300794730e-18
1.4352799654007	1.4106300794730e-18
1.4365067481995	1.4106300794730e-18
1.4377334117889	1.4106300794730e-18
1.4389601945877	1.4106300794730e-18
1.4401868581772	1.4106300794730e-18
1.4414136409760	1.4106300794730e-18
1.4426404237747	1.4106300794730e-18
1.4438670873642	1.4106300794730e-18
1.4450938701630	1.4106300794730e-18
1.4463205337524	1.4106300794730e-18
1.4475473165512	1.4106300794730e-18
1.4487740993500	1.4106300794730e-18
1.4500007629395	1.4106300794730e-18
1.4512275457382	1.4106300794730e-18
1.4524542093277	1.4106300794730e-18
1.4536809921265	1.4106300794730e-18
1.4549077749252	1.4106300794730e-18
1.4561344385147	1.4106300794730e-18
1.4573612213135	1.4106300794730e-18
1.4585878849030	1.4106300794730e-18
1.4598146677017	1.4106300794730e-18
1.4610414505005	1.4106300794730e-18
1.4622681140900	1.4106300794730e-18
1.4634948968887	1.4106300794730e-18
1.4647215604782	1.4106300794730e-18
1.4659483432770	1.4106300794730e-18
1.4671751260757	1.4106300794730e-18
1.4684017896652	1.4106300794730e-18
1.4696285724640	1.4106300794730e-18
1.4708552360535	1.4106300794730e-18
1.4720820188522	1.4106300794730e-18
1.4733086824417	1.4106300794730e-18
1.4745354652405	1.4106300794730e-18
1.4757622480392	1.4106300794730e-18
1.4769889116287	1.4106300794730e-18
1.4782156944275	1.4106300794730e-18
1.4794423580170	1.4106300794730e-18
1.4806691408157	1.4106300794730e-18
1.4818959236145	1.4106300794730e-18
1.4831225872040	1.4106300794730e-18
1.4843493700027	1.4106300794730e-18
1.4855760335922	1.4106300794730e-18
1.4868028163910	1.4106300794730e-18
1.4880295991898	1.4106300794730e-18
1.4892562627792	1.4106300794730e-18
1.4904830455780	1.4106300794730e-18
1.4917097091675	1.4106300794730e-18
1.4929364919662	1.4106300794730e-18
1.4941632747650	1.4106300794730e-18
1.4953899383545	1.4106300794730e-18
1.4966167211533	1.4106300794730e-18
1.4978433847427	1.4106300794730e-18
1.4990701675415	1.4106300794730e-18
1.5002969503403	1.4106300794730e-18
1.5015236139297	1.4106300794730e-18
1.5027503967285	1.4106300794730e-18
1.5039770603180	1.4106300794730e-18
1.5052038431168	1.4106300794730e-18
1.5064306259155	1.4106300794730e-18
1.5076572895050	1.4106300794730e-18
1.5088840723038	1.4106300794730e-18
1.5101107358932	1.4106300794730e-18
1.5113375186920	1.4106300794730e-18
1.5125643014908	1.4106300794730e-18
1.5137909650803	1.4106300794730e-18
1.5150177478790	1.4106300794730e-18
1.5162444114685	1.4106300794730e-18
1.5174711942673	1.4106300794730e-18
1.5186979770660	1.4106300794730e-18
1.5199246406555	1.4106300794730e-18
1.5211514234543	1.4106300794730e-18
1.5223780870438	1.4106300794730e-18
1.5236048698425	1.4106300794730e-18
1.5248316526413	1.4106300794730e-18
1.5260583162308	1.4106300794730e-18
1.5272850990295	1.4106300794730e-18
1.5285117626190	1.4106300794730e-18
1.5297385454178	1.4106300794730e-18
1.5309653282166	1.4106300794730e-18
1.5321919918060	1.4106300794730e-18
1.5334187746048	1.4106300794730e-18
1.5346454381943	1.4106300794730e-18
1.5358722209930	1.4106300794730e-18
1.5370990037918	1.4106300794730e-18
1.5383256673813	1.4106300794730e-18
1.5395524501801	1.4106300794730e-18
1.5407791137695	1.4106300794730e-18
1.5420058965683	1.4106300794730e-18
1.5432326793671	1.4106300794730e-18
1.5444593429565	1.4106300794730e-18
1.5456861257553	1.4106300794730e-18
1.5469127893448	1.4106300794730e-18
1.5481395721436	1.4106300794730e-18
1.5493663549423	1.4106300794730e-18
1.5505930185318	1.4106300794730e-18
1.5518198013306	1.4106300794730e-18
1.5530464649200	1.4106300794730e-18
1.5542732477188	1.4106300794730e-18
1.5555000305176	1.4106300794730e-18
1.5567266941071	1.4106300794730e-18
1.5579534769058	1.4106300794730e-18
1.5591801404953	1.4106300794730e-18
1.5604069232941	1.4106300794730e-18
1.5616337060928	1.4106300794730e-18
1.5628603696823	1.4106300794730e-18
1.5640871524811	1.4106300794730e-18
1.5653138160706	1.4106300794730e-18
1.5665405988693	1.4106300794730e-18
1.5677673816681	1.4106300794730e-18
1.5689940452576	1.4106300794730e-18
1.5702208280563	1.4106300794730e-18
1.5714474916458	1.4106300794730e-18
1.5726742744446	1.4106300794730e-18
1.5739010572433	1.4106300794730e-18
1.5751277208328	1.4106300794730e-18
1.5763545036316	1.4106300794730e-18
1.5775811672211	1.4106300794730e-18
1.5788079500198	1.4106300794730e-18
1.5800347328186	1.4106300794730e-18
1.5812613964081	1.4106300794730e-18
1.5824881792068	1.4106300794730e-18
1.5837148427963	1.4106300794730e-18
1.5849416255951	1.4106300794730e-18
1.5861684083939	1.4106300794730e-18
1.5873950719833	1.4106300794730e-18
1.5886218547821	1.4106300794730e-18
1.5898485183716	1.4106300794730e-18
1.5910753011703	1.4106300794730e-18
1.5923020839691	1.4106300794730e-18
1.5935287475586	1.4106300794730e-18
1.5947555303574	1.4106300794730e-18
1.5959821939468	1.4106300794730e-18
1.5972089767456	1.4106300794730e-18
1.5984357595444	1.4106300794730e-18
1.5996624231339	1.4106300794730e-18
1.6008892059326	1.4106300794730e-18
1.6021158695221	1.4106300794730e-18
1.6033426523209	1.4106300794730e-18
1.6045694351196	1.4106300794730e-18
1.6057960987091	1.4106300794730e-18
1.6070228815079	1.4106300794730e-18
1.6082495450974	1.4106300794730e-18
1.6094763278961	1.4106300794730e-18
1.6107031106949	1.4106300794730e-18
1.6119297742844	1.4106300794730e-18
1.6131565570831	1.4106300794730e-18
1.6143832206726	1.4106300794730e-18
1.6156100034714	1.4106300794730e-18
1.6168367862701	1.4106300794730e-18
1.6180634498596	1.4106300794730e-18
1.6192902326584	1.4106300794730e-18
1.6205168962479	1.4106300794730e-18
1.6217436790466	1.4106300794730e-18
1.6229704618454	1.4106300794730e-18
1.6241971254349	1.4106300794730e-18
1.6254239082336	1.4106300794730e-18
1.6266505718231	1.4106300794730e-18
1.6278773546219	1.4106300794730e-18
1.6291041374207	1.4106300794730e-18
1.6303308010101	1.4106300794730e-18
1.6315575838089	1.4106300794730e-18
1.6327842473984	1.4106300794730e-18
1.6340110301971	1.4106300794730e-18
1.6352378129959	1.4106300794730e-18
1.6364644765854	1.4106300794730e-18
1.6376912593842	1.4106300794730e-18
1.6389179229736	1.4106300794730e-18
1.6401447057724	1.4106300794730e-18
1.6413714885712	1.4106300794730e-18
1.6425981521606	1.4106300794730e-18
1.6438249349594	1.4106300794730e-18
1.6450515985489	1.4106300794730e-18
1.6462783813477	1.4106300794730e-18
1.6475051641464	1.4106300794730e-18
1.6487318277359	1.4106300794730e-18
1.6499586105347	1.4106300794730e-18
1.6511852741241	1.4106300794730e-18
1.6524120569229	1.4106300794730e-18
1.6536388397217	1.4106300794730e-18
1.6548655033112	1.4106300794730e-18
1.6560922861099	1.4106300794730e-18
1.6573189496994	1.4106300794730e-18
1.6585457324982	1.4106300794730e-18
1.6597725152969	1.4106300794730e-18
1.6609991788864	1.4106300794730e-18
1.6622259616852	1.4106300794730e-18
1.6634526252747	1.4106300794730e-18
1.6646794080734	1.4106300794730e-18
1.6659061908722	1.4106300794730e-18
1.6671328544617	1.4106300794730e-18
1.6683596372604	1.4106300794730e-18
1.6695863008499	1.4106300794730e-18
1.6708130836487	1.4106300794730e-18
1.6720398664474	1.4106300794730e-18
1.6732665300369	1.4106300794730e-18
1.6744933128357	1.4106300794730e-18
1.6757199764252	1.4106300794730e-18
1.6769467592239	1.4106300794730e-18
1.6781735420227	1.4106300794730e-18
1.6794002056122	1.4106300794730e-18
1.6806269884109	1.4106300794730e-18
1.6818536520004	1.4106300794730e-18
1.6830804347992	1.4106300794730e-18
1.6843072175980	1.4106300794730e-18
1.6855338811874	1.4106300794730e-18
1.6867606639862	1.4106300794730e-18
1.6879873275757	1.4106300794730e-18
1.6892141103745	1.4106300794730e-18
1.6904408931732	1.4106300794730e-18
1.6916675567627	1.4106300794730e-18
1.6928943395615	1.4106300794730e-18
1.6941210031509	1.4106300794730e-18
1.6953477859497	1.4106300794730e-18
1.6965745687485	1.4106300794730e-18
1.6978012323380	1.4106300794730e-18
1.6990280151367	1.4106300794730e-18
1.7002546787262	1.4106300794730e-18
1.7014814615250	1.4106300794730e-18
1.7027082443237	1.4106300794730e-18
1.7039349079132	1.4106300794730e-18
1.7051616907120	1.4106300794730e-18
1.7063883543015	1.4106300794730e-18
1.7076151371002	1.4106300794730e-18
1.7088419198990	1.4106300794730e-18
1.7100685834885	1.4106300794730e-18
1.7112953662872	1.4106300794730e-18
1.7125220298767	1.4106300794730e-18
1.7137488126755	1.4106300794730e-18
1.7149755954742	1.4106300794730e-18
1.7162022590637	1.4106300794730e-18
1.7174290418625	1.4106300794730e-18
1.7186557054520	1.4106300794730e-18
1.7198824882507	1.4106300794730e-18
1.7211092710495	1.4106300794730e-18
1.7223359346390	1.4106300794730e-18
1.7235627174377	1.4106300794730e-18
1.7247893810272	1.4106300794730e-18
1.7260161638260	1.4106300794730e-18
1.7272429466248	1.4106300794730e-18
1.7284696102142	1.4106300794730e-18
1.7296963930130	1.4106300794730e-18
1.7309230566025	1.4106300794730e-18
1.7321498394012	1.4106300794730e-18
1.7333766222000	1.4106300794730e-18
1.7346032857895	1.4106300794730e-18
1.7358300685883	1.4106300794730e-18
1.7370567321777	1.4106300794730e-18
1.7382835149765	1.4106300794730e-18
1.7395101785660	1.4106300794730e-18
1.7407369613647	1.4106300794730e-18
1.7419637441635	1.4106300794730e-18
1.7431904077530	1.4106300794730e-18
1.7444171905518	1.4106300794730e-18
1.7456438541412	1.4106300794730e-18
1.7468706369400	1.4106300794730e-18
1.7480974197388	1.4106300794730e-18
1.7493240833282	1.4106300794730e-18
1.7505508661270	1.4106300794730e-18
1.7517775297165	1.4106300794730e-18
1.7530043125153	1.4106300794730e-18
1.7542310953140	1.4106300794730e-18
1.7554577589035	1.4106300794730e-18
1.7566845417023	1.4106300794730e-18
1.7579112052917	1.4106300794730e-18
1.7591379880905	1.4106300794730e-18
1.7603647708893	1.4106300794730e-18
1.7615914344788	1.4106300794730e-18
1.7628182172775	1.4106300794730e-18
1.7640448808670	1.4106300794730e-18
1.7652716636658	1.4106300794730e-18
1.7664984464645	1.4106300794730e-18
1.7677251100540	1.4106300794730e-18
1.7689518928528	1.4106300794730e-18
1.7701785564423	1.4106300794730e-18
1.7714053392410	1.4106300794730e-18
1.7726321220398	1.4106300794730e-18
1.7738587856293	1.4106300794730e-18
1.7750855684280	1.4106300794730e-18
1.7763122320175	1.4106300794730e-18
1.7775390148163	1.4106300794730e-18
1.7787657976151	1.4106300794730e-18
1.7799924612045	1.4106300794730e-18
1.7812192440033	1.4106300794730e-18
1.7824459075928	1.4106300794730e-18
1.7836726903915	1.4106300794730e-18
1.7848994731903	1.4106300794730e-18
1.7861261367798	1.4106300794730e-18
1.7873529195786	1.4106300794730e-18
1.7885795831680	1.4106300794730e-18
1.7898063659668	1.4106300794730e-18
1.7910331487656	1.4106300794730e-18
1.7922598123550	1.4106300794730e-18
1.7934865951538	1.4106300794730e-18
1.7947132587433	1.4106300794730e-18
1.7959400415421	1.4106300794730e-18
1.7971668243408	1.4106300794730e-18
1.7983934879303	1.4106300794730e-18
1.7996202707291	1.4106300794730e-18
1.8008469343185	1.4106300794730e-18
1.8020737171173	1.4106300794730e-18
1.8033004999161	1.4106300794730e-18
1.8045271635056	1.4106300794730e-18
1.8057539463043	1.4106300794730e-18
1.8069806098938	1.4106300794730e-18
1.8082073926926	1.4106300794730e-18
1.8094341754913	1.4106300794730e-18
1.8106608390808	1.4106300794730e-18
1.8118876218796	1.4106300794730e-18
1.8131142854691	1.4106300794730e-18
1.8143410682678	1.4106300794730e-18
1.8155678510666	1.4106300794730e-18
1.8167945146561	1.4106300794730e-18
1.8180212974548	1.4106300794730e-18
1.8192479610443	1.4106300794730e-18
1.8204747438431	1.4106300794730e-18
1.8217015266418	1.4106300794730e-18
1.8229281902313	1.4106300794730e-18
1.8241549730301	1.4106300794730e-18
1.8253816366196	1.4106300794730e-18
1.8266084194183	1.4106300794730e-18
1.8278352022171	1.4106300794730e-18
1.8290618658066	1.4106300794730e-18
1.8302886486053	1.4106300794730e-18
1.8315153121948	1.4106300794730e-18
1.8327420949936	1.4106300794730e-18
1.8339688777924	1.4106300794730e-18
1.8351955413818	1.4106300794730e-18
1.8364223241806	1.4106300794730e-18
1.8376489877701	1.4106300794730e-18
1.8388757705688	1.4106300794730e-18
1.8401025533676	1.4106300794730e-18
1.8413292169571	1.4106300794730e-18
1.8425559997559	1.4106300794730e-18
1.8437826633453	1.4106300794730e-18
1.8450094461441	1.4106300794730e-18
1.8462362289429	1.4106300794730e-18
1.8474628925323	1.4106300794730e-18
1.8486896753311	1.4106300794730e-18
1.8499163389206	1.4106300794730e-18
1.8511431217194	1.4106300794730e-18
1.8523699045181	1.4106300794730e-18
1.8535965681076	1.4106300794730e-18
1.8548233509064	1.4106300794730e-18
1.8560500144958	1.4106300794730e-18
1.8572767972946	1.4106300794730e-18
1.8585035800934	1.4106300794730e-18
1.8597302436829	1.4106300794730e-18
1.8609570264816	1.4106300794730e-18
1.8621836900711	1.4106300794730e-18
1.8634104728699	1.4106300794730e-18
1.8646372556686	1.4106300794730e-18
1.8658639192581	1.4106300794730e-18
1.8670907020569	1.4106300794730e-18
1.8683173656464	1.4106300794730e-18
1.8695441484451	1.4106300794730e-18
1.8707709312439	1.4106300794730e-18
1.8719975948334	1.4106300794730e-18
1.8732243776321	1.4106300794730e-18
1.8744510412216	1.4106300794730e-18
1.8756778240204	1.4106300794730e-18
1.8769046068192	1.4106300794730e-18
1.8781312704086	1.4106300794730e-18
1.8793580532074	1.4106300794730e-18
1.8805847167969	1.4106300794730e-18
1.8818114995956	1.4106300794730e-18
1.8830382823944	1.4106300794730e-18
1.8842649459839	1.4106300794730e-18
1.8854917287827	1.4106300794730e-18
1.8867183923721	1.4106300794730e-18
1.8879451751709	1.4106300794730e-18
1.8891719579697	1.4106300794730e-18
1.8903986215591	1.4106300794730e-18
1.8916254043579	1.4106300794730e-18
1.8928520679474	1.4106300794730e-18
1.8940788507462	1.4106300794730e-18
1.8953056335449	1.4106300794730e-18
1.8965322971344	1.4106300794730e-18
1.8977590799332	1.4106300794730e-18
1.8989857435226	1.4106300794730e-18
1.9002125263214	1.4106300794730e-18
1.9014393091202	1.4106300794730e-18
1.9026659727097	1.4106300794730e-18
1.9038927555084	1.4106300794730e-18
1.9051194190979	1.4106300794730e-18
1.9063462018967	1.4106300794730e-18
1.9075729846954	1.4106300794730e-18
1.9087996482849	1.4106300794730e-18
1.9100264310837	1.4106300794730e-18
1.9112530946732	1.4106300794730e-18
1.9124798774719	1.4106300794730e-18
1.9137066602707	1.4106300794730e-18
1.9149333238602	1.4106300794730e-18
1.9161601066589	1.4106300794730e-18
1.9173867702484	1.4106300794730e-18
1.9186135530472	1.4106300794730e-18
1.9198403358459	1.4106300794730e-18
1.9210669994354	1.4106300794730e-18
1.9222937822342	1.4106300794730e-18
1.9235204458237	1.4106300794730e-18
1.9247472286224	1.4106300794730e-18
1.9259740114212	1.4106300794730e-18
1.9272006750107	1.4106300794730e-18
1.9284274578094	1.4106300794730e-18
1.9296541213989	1.4106300794730e-18
1.9308809041977	1.4106300794730e-18
1.9321076869965	1.4106300794730e-18
1.9333343505859	1.4106300794730e-18
1.9345611333847	1.4106300794730e-18
1.9357877969742	1.4106300794730e-18
1.9370145797729	1.4106300794730e-18
1.9382413625717	1.4106300794730e-18
1.9394680261612	1.4106300794730e-18
1.9406948089600	1.4106300794730e-18
1.9419214725494	1.4106300794730e-18
1.9431482553482	1.4106300794730e-18
1.9443750381470	1.4106300794730e-18
1.9456017017365	1.4106300794730e-18
1.9468284845352	1.4106300794730e-18
1.9480551481247	1.4106300794730e-18
1.9492819309235	1.4106300794730e-18
1.9505087137222	1.4106300794730e-18
1.9517353773117	1.4106300794730e-18
1.9529621601105	1.4106300794730e-18
1.9541888237000	1.4106300794730e-18
1.9554156064987	1.4106300794730e-18
1.9566423892975	1.4106300794730e-18
1.9578690528870	1.4106300794730e-18
1.9590958356857	1.4106300794730e-18
1.9603224992752	1.4106300794730e-18
1.9615492820740	1.4106300794730e-18
1.9627760648727	1.4106300794730e-18
1.9640027284622	1.4106300794730e-18
1.9652295112610	1.4106300794730e-18
1.9664561748505	1.4106300794730e-18
1.9676829576492	1.4106300794730e-18
1.9689097404480	1.4106300794730e-18
1.9701364040375	1.4106300794730e-18
1.9713631868362	1.4106300794730e-18
1.9725898504257	1.4106300794730e-18
1.9738166332245	1.4106300794730e-18
1.9750434160233	1.4106300794730e-18
1.9762700796127	1.4106300794730e-18
1.9774968624115	1.4106300794730e-18
1.9787235260010	1.4106300794730e-18
1.9799503087997	1.4106300794730e-18
1.9811770915985	1.4106300794730e-18
1.9824037551880	1.4106300794730e-18
1.9836305379868	1.4106300794730e-18
1.9848572015762	1.4106300794730e-18
1.9860839843750	1.4106300794730e-18
1.9873107671738	1.4106300794730e-18
1.9885374307632	1.4106300794730e-18
1.9897642135620	1.4106300794730e-18
1.9909908771515	1.4106300794730e-18
1.9922176599503	1.4106300794730e-18
1.9934444427490	1.4106300794730e-18
1.9946711063385	1.4106300794730e-18
1.9958978891373	1.4106300794730e-18
1.9971245527267	1.4106300794730e-18
1.9983513355255	1.4106300794730e-18
1.9995781183243	1.4106300794730e-18
2.0008049011230	1.4106300794730e-18
2.0020315647125	1.4106300794730e-18
2.0032582283020	1.4106300794730e-18
2.0044848918915	1.4106300794730e-18
2.0057117938995	1.4106300794730e-18
2.0069384574890	1.4106300794730e-18
2.0081651210785	1.4106300794730e-18
2.0093920230865	1.4106300794730e-18
2.0106186866760	1.4106300794730e-18
2.0118453502655	1.4106300794730e-18
2.0130722522736	1.4106300794730e-18
2.0142989158630	1.4106300794730e-18
2.0155255794525	1.4106300794730e-18
2.0167522430420	1.4106300794730e-18
2.0179791450500	1.4106300794730e-18
2.0192058086395	1.4106300794730e-18
2.0204324722290	1.4106300794730e-18
2.0216593742371	1.4106300794730e-18
2.0228860378265	1.4106300794730e-18
2.0241127014160	1.4106300794730e-18
2.0253396034241	1.4106300794730e-18
2.0265662670135	1.4106300794730e-18
2.0277929306030	1.4106300794730e-18
2.0290195941925	1.4106300794730e-18
2.0302464962006	1.4106300794730e-18
2.0314731597900	1.4106300794730e-18
2.0326998233795	1.4106300794730e-18
2.0339267253876	1.4106300794730e-18
2.0351533889771	1.4106300794730e-18
2.0363800525665	1.4106300794730e-18
2.0376069545746	1.4106300794730e-18
2.0388336181641	1.4106300794730e-18
2.0400602817535	1.4106300794730e-18
2.0412869453430	1.4106300794730e-18
2.0425138473511	1.4106300794730e-18
2.0437405109406	1.4106300794730e-18
2.0449671745300	1.4106300794730e-18
2.0461940765381	1.4106300794730e-18
2.0474207401276	1.4106300794730e-18
2.0486474037170	1.4106300794730e-18
2.0498743057251	1.4106300794730e-18
2.0511009693146	1.4106300794730e-18
2.0523276329041	1.4106300794730e-18
2.0535542964935	1.4106300794730e-18
2.0547811985016	1.4106300794730e-18
2.0560078620911	1.4106300794730e-18
2.0572345256805	1.4106300794730e-18
2.0584614276886	1.4106300794730e-18
2.0596880912781	1.4106300794730e-18
2.0609147548676	1.4106300794730e-18
2.0621416568756	1.4106300794730e-18
2.0633683204651	1.4106300794730e-18
2.0645949840546	1.4106300794730e-18
2.0658216476440	1.4106300794730e-18
2.0670485496521	1.4106300794730e-18
2.0682752132416	1.4106300794730e-18
2.0695018768311	1.4106300794730e-18
2.0707287788391	1.4106300794730e-18
2.0719554424286	1.4106300794730e-18
2.0731821060181	1.4106300794730e-18
2.0744090080261	1.4106300794730e-18
2.0756356716156	1.4106300794730e-18
2.0768623352051	1.4106300794730e-18
2.0780889987946	1.4106300794730e-18
2.0793159008026	1.4106300794730e-18
2.0805425643921	1.4106300794730e-18
2.0817692279816	1.4106300794730e-18
2.0829961299896	1.4106300794730e-18
2.0842227935791	1.4106300794730e-18
2.0854494571686	1.4106300794730e-18
2.0866763591766	1.4106300794730e-18
2.0879030227661	1.4106300794730e-18
2.0891296863556	1.4106300794730e-18
2.0903563499451	1.4106300794730e-18
2.0915832519531	1.4106300794730e-18
2.0928099155426	1.4106300794730e-18
2.0940365791321	1.4106300794730e-18
2.0952634811401	1.4106300794730e-18
2.0964901447296	1.4106300794730e-18
2.0977168083191	1.4106300794730e-18
2.0989437103271	1.4106300794730e-18
2.1001703739166	1.4106300794730e-18
2.1013970375061	1.4106300794730e-18
2.1026237010956	1.4106300794730e-18
2.1038506031036	1.4106300794730e-18
2.1050772666931	1.4106300794730e-18
2.1063039302826	1.4106300794730e-18
2.1075308322906	1.4106300794730e-18
2.1087574958801	1.4106300794730e-18
2.1099841594696	1.4106300794730e-18
2.1112110614777	1.4106300794730e-18
2.1124377250671	1.4106300794730e-18
2.1136643886566	1.4106300794730e-18
2.1148910522461	1.4106300794730e-18
2.1161179542542	1.4106300794730e-18
2.1173446178436	1.4106300794730e-18
2.1185712814331	1.4106300794730e-18
2.1197981834412	1.4106300794730e-18
2.1210248470306	1.4106300794730e-18
2.1222515106201	1.4106300794730e-18
2.1234784126282	1.4106300794730e-18
2.1247050762177	1.4106300794730e-18
2.1259317398071	1.4106300794730e-18
2.1271584033966	1.4106300794730e-18
2.1283853054047	1.4106300794730e-18
2.1296119689941	1.4106300794730e-18
2.1308386325836	1.4106300794730e-18
2.1320655345917	1.4106300794730e-18
2.1332921981812	1.4106300794730e-18
2.1345188617706	1.4106300794730e-18
2.1357455253601	1.4106300794730e-18
2.1369724273682	1.4106300794730e-18
2.1381990909576	1.4106300794730e-18
2.1394257545471	1.4106300794730e-18
2.1406526565552	1.4106300794730e-18
2.1418793201447	1.4106300794730e-18
2.1431059837341	1.4106300794730e-18
2.1443328857422	1.4106300794730e-18
2.1455595493317	1.4106300794730e-18
2.1467862129211	1.4106300794730e-18
2.1480128765106	1.4106300794730e-18
2.1492397785187	1.4106300794730e-18
2.1504664421082	1.4106300794730e-18
2.1516931056976	1.4106300794730e-18
2.1529200077057	1.4106300794730e-18
2.1541466712952	1.4106300794730e-18
2.1553733348846	1.4106300794730e-18
2.1566002368927	1.4106300794730e-18
2.1578269004822	1.4106300794730e-18
2.1590535640717	1.4106300794730e-18
2.1602802276611	1.4106300794730e-18
2.1615071296692	1.4106300794730e-18
2.1627337932587	1.4106300794730e-18
2.1639604568481	1.4106300794730e-18
2.1651873588562	1.4106300794730e-18
2.1664140224457	1.4106300794730e-18
2.1676406860352	1.4106300794730e-18
2.1688675880432	1.4106300794730e-18
2.1700942516327	1.4106300794730e-18
2.1713209152222	1.4106300794730e-18
2.1725475788116	1.4106300794730e-18
2.1737744808197	1.4106300794730e-18
2.1750011444092	1.4106300794730e-18
2.1762278079987	1.4106300794730e-18
2.1774547100067	1.4106300794730e-18
2.1786813735962	1.4106300794730e-18
2.1799080371857	1.4106300794730e-18
2.1811349391937	1.4106300794730e-18
2.1823616027832	1.4106300794730e-18
2.1835882663727	1.4106300794730e-18
2.1848149299622	1.4106300794730e-18
2.1860418319702	1.4106300794730e-18
2.1872684955597	1.4106300794730e-18
2.1884951591492	1.4106300794730e-18
2.1897220611572	1.4106300794730e-18
2.1909487247467	1.4106300794730e-18
2.1921753883362	1.4106300794730e-18
2.1934022903442	1.4106300794730e-18
2.1946289539337	1.4106300794730e-18
2.1958556175232	1.4106300794730e-18
2.1970822811127	1.4106300794730e-18
2.1983091831207	1.4106300794730e-18
2.1995358467102	1.4106300794730e-18
2.2007625102997	1.4106300794730e-18
2.2019894123077	1.4106300794730e-18
2.2032160758972	1.4106300794730e-18
2.2044427394867	1.4106300794730e-18
2.2056696414948	1.4106300794730e-18
2.2068963050842	1.4106300794730e-18
2.2081229686737	1.4106300794730e-18
2.2093496322632	1.4106300794730e-18
2.2105765342712	1.4106300794730e-18
2.2118031978607	1.4106300794730e-18
2.2130298614502	1.4106300794730e-18
2.2142567634583	1.4106300794730e-18
2.2154834270477	1.4106300794730e-18
2.2167100906372	1.4106300794730e-18
2.2179369926453	1.4106300794730e-18
2.2191636562347	1.4106300794730e-18
2.2203903198242	1.4106300794730e-18
2.2216169834137	1.4106300794730e-18
2.2228438854218	1.4106300794730e-18
2.2240705490112	1.4106300794730e-18
2.2252972126007	1.4106300794730e-18
2.2265241146088	1.4106300794730e-18
2.2277507781982	1.4106300794730e-18
2.2289774417877	1.4106300794730e-18
2.2302043437958	1.4106300794730e-18
2.2314310073853	1.4106300794730e-18
2.2326576709747	1.4106300794730e-18
2.2338843345642	1.4106300794730e-18
2.2351112365723	1.4106300794730e-18
2.2363379001617	1.4106300794730e-18
2.2375645637512	1.4106300794730e-18
2.2387914657593	1.4106300794730e-18
2.2400181293488	1.4106300794730e-18
2.2412447929382	1.4106300794730e-18
2.2424716949463	1.4106300794730e-18
2.2436983585358	1.4106300794730e-18
2.2449250221252	1.4106300794730e-18
2.2461516857147	1.4106300794730e-18
2.2473785877228	1.4106300794730e-18
2.2486052513123	1.4106300794730e-18
2.2498319149017	1.4106300794730e-18
2.2510588169098	1.4106300794730e-18
2.2522854804993	1.4106300794730e-18
2.2535121440887	1.4106300794730e-18
2.2547390460968	1.4106300794730e-18
2.2559657096863	1.4106300794730e-18
2.2571923732758	1.4106300794730e-18
2.2584190368652	1.4106300794730e-18
2.2596459388733	1.4106300794730e-18
2.2608726024628	1.4106300794730e-18
2.2620992660522	1.4106300794730e-18
2.2633261680603	1.4106300794730e-18
2.2645528316498	1.4106300794730e-18
2.2657794952393	1.4106300794730e-18
2.2670063972473	1.4106300794730e-18
2.2682330608368	1.4106300794730e-18
2.2694597244263	1.4106300794730e-18
2.2706863880157	1.4106300794730e-18
2.2719132900238	1.4106300794730e-18
2.2731399536133	1.4106300794730e-18
2.2743666172028	1.4106300794730e-18
2.2755935192108	1.4106300794730e-18
2.2768201828003	1.4106300794730e-18
2.2780468463898	1.4106300794730e-18
2.2792737483978	1.4106300794730e-18
2.2805004119873	1.4106300794730e-18
2.2817270755768	1.4106300794730e-18
2.2829537391663	1.4106300794730e-18
2.2841806411743	1.4106300794730e-18
2.2854073047638	1.4106300794730e-18
2.2866339683533	1.4106300794730e-18
2.2878608703613	1.4106300794730e-18
2.2890875339508	1.4106300794730e-18
2.2903141975403	1.4106300794730e-18
2.2915410995483	1.4106300794730e-18
2.2927677631378	1.4106300794730e-18
2.2939944267273	1.4106300794730e-18
2.2952210903168	1.4106300794730e-18
2.2964479923248	1.4106300794730e-18
2.2976746559143	1.4106300794730e-18
2.2989013195038	1.4106300794730e-18
2.3001282215118	1.4106300794730e-18
2.3013548851013	1.4106300794730e-18
2.3025815486908	1.4106300794730e-18
2.3038084506989	1.4106300794730e-18
2.3050351142883	1.4106300794730e-18
2.3062617778778	1.4106300794730e-18
2.3074884414673	1.4106300794730e-18
2.3087153434753	1.4106300794730e-18
2.3099420070648	1.4106300794730e-18
2.3111686706543	1.4106300794730e-18
2.3123955726624	1.4106300794730e-18
2.3136222362518	1.4106300794730e-18
2.3148488998413	1.4106300794730e-18
2.3160758018494	1.4106300794730e-18
2.3173024654388	1.4106300794730e-18
2.3185291290283	1.4106300794730e-18
2.3197557926178	1.4106300794730e-18
2.3209826946259	1.4106300794730e-18
2.3222093582153	1.4106300794730e-18
2.3234360218048	1.4106300794730e-18
2.3246629238129	1.4106300794730e-18
2.3258895874023	1.4106300794730e-18
2.3271162509918	1.4106300794730e-18
2.3283431529999	1.4106300794730e-18
2.3295698165894	1.4106300794730e-18
2.3307964801788	1.4106300794730e-18
2.3320231437683	1.4106300794730e-18
2.3332500457764	1.4106300794730e-18
2.3344767093658	1.4106300794730e-18
2.3357033729553	1.4106300794730e-18
2.3369302749634	1.4106300794730e-18
2.3381569385529	1.4106300794730e-18
2.3393836021423	1.4106300794730e-18
2.3406105041504	1.4106300794730e-18
2.3418371677399	1.4106300794730e-18
2.3430638313293	1.4106300794730e-18
2.3442904949188	1.4106300794730e-18
2.3455173969269	1.4106300794730e-18
2.3467440605164	1.4106300794730e-18
2.3479707241058	1.4106300794730e-18
2.3491976261139	1.4106300794730e-18
2.3504242897034	1.4106300794730e-18
2.3516509532928	1.4106300794730e-18
2.3528778553009	1.4106300794730e-18
2.3541045188904	1.4106300794730e-18
2.3553311824799	1.4106300794730e-18
2.3565578460693	1.4106300794730e-18
2.3577847480774	1.4106300794730e-18
2.3590114116669	1.4106300794730e-18
2.3602380752563	1.4106300794730e-18
2.3614649772644	1.4106300794730e-18
2.3626916408539	1.4106300794730e-18
2.3639183044434	1.4106300794730e-18
2.3651452064514	1.4106300794730e-18
2.3663718700409	1.4106300794730e-18
2.3675985336304	1.4106300794730e-18
2.3688251972198	1.4106300794730e-18
2.3700520992279	1.4106300794730e-18
2.3712787628174	1.4106300794730e-18
2.3725054264069	1.4106300794730e-18
2.3737323284149	1.4106300794730e-18
2.3749589920044	1.4106300794730e-18
2.3761856555939	1.4106300794730e-18
2.3774125576019	1.4106300794730e-18
2.3786392211914	1.4106300794730e-18
2.3798658847809	1.4106300794730e-18
2.3810925483704	1.4106300794730e-18
2.3823194503784	1.4106300794730e-18
2.3835461139679	1.4106300794730e-18
2.3847727775574	1.4106300794730e-18
2.3859996795654	1.4106300794730e-18
2.3872263431549	1.4106300794730e-18
2.3884530067444	1.4106300794730e-18
2.3896799087524	1.4106300794730e-18
2.3909065723419	1.4106300794730e-18
2.3921332359314	1.4106300794730e-18
2.3933598995209	1.4106300794730e-18
2.3945868015289	1.4106300794730e-18
2.3958134651184	1.4106300794730e-18
2.3970401287079	1.4106300794730e-18
2.3982670307159	1.4106300794730e-18
2.3994936943054	1.4106300794730e-18
2.4007203578949	1.4106300794730e-18
2.4019470214844	1.4106300794730e-18
2.4031739234924	1.4106300794730e-18
2.4044005870819	1.4106300794730e-18
2.4056272506714	1.4106300794730e-18
2.4068541526794	1.4106300794730e-18
2.4080808162689	1.4106300794730e-18
2.4093074798584	1.4106300794730e-18
2.4105343818665	1.4106300794730e-18
2.4117610454559	1.4106300794730e-18
2.4129877090454	1.4106300794730e-18
2.4142143726349	1.4106300794730e-18
2.4154412746429	1.4106300794730e-18
2.4166679382324	1.4106300794730e-18
2.4178946018219	1.4106300794730e-18
2.4191215038300	1.4106300794730e-18
2.4203481674194	1.4106300794730e-18
2.4215748310089	1.4106300794730e-18
2.4228017330170	1.4106300794730e-18
2.4240283966064	1.4106300794730e-18
2.4252550601959	1.4106300794730e-18
2.4264817237854	1.4106300794730e-18
2.4277086257935	1.4106300794730e-18
2.4289352893829	1.4106300794730e-18
2.4301619529724	1.4106300794730e-18
2.4313888549805	1.4106300794730e-18
2.4326155185699	1.4106300794730e-18
2.4338421821594	1.4106300794730e-18
2.4350690841675	1.4106300794730e-18
2.4362957477570	1.4106300794730e-18
2.4375224113464	1.4106300794730e-18
2.4387490749359	1.4106300794730e-18
2.4399759769440	1.4106300794730e-18
2.4412026405334	1.4106300794730e-18
2.4424293041229	1.4106300794730e-18
2.4436562061310	1.4106300794730e-18
2.4448828697205	1.4106300794730e-18
2.4461095333099	1.4106300794730e-18
2.4473364353180	1.4106300794730e-18
2.4485630989075	1.4106300794730e-18
2.4497897624969	1.4106300794730e-18
2.4510164260864	1.4106300794730e-18
2.4522433280945	1.4106300794730e-18
2.4534699916840	1.4106300794730e-18
2.4546966552734	1.4106300794730e-18
2.4559235572815	1.4106300794730e-18
2.4571502208710	1.4106300794730e-18
2.4583768844604	1.4106300794730e-18
2.4596037864685	1.4106300794730e-18
2.4608304500580	1.4106300794730e-18
2.4620571136475	1.4106300794730e-18
2.4632837772369	1.4106300794730e-18
2.4645106792450	1.4106300794730e-18
2.4657373428345	1.4106300794730e-18
2.4669640064240	1.4106300794730e-18
2.4681909084320	1.4106300794730e-18
2.4694175720215	1.4106300794730e-18
2.4706442356110	1.4106300794730e-18
2.4718711376190	1.4106300794730e-18
2.4730978012085	1.4106300794730e-18
2.4743244647980	1.4106300794730e-18
2.4755511283875	1.4106300794730e-18
2.4767780303955	1.4106300794730e-18
2.4780046939850	1.4106300794730e-18
2.4792313575745	1.4106300794730e-18
2.4804582595825	1.4106300794730e-18
2.4816849231720	1.4106300794730e-18
2.4829115867615	1.4106300794730e-18
2.4841384887695	1.4106300794730e-18
2.4853651523590	1.4106300794730e-18
2.4865918159485	1.4106300794730e-18
2.4878184795380	1.4106300794730e-18
2.4890453815460	1.4106300794730e-18
2.4902720451355	1.4106300794730e-18
2.4914987087250	1.4106300794730e-18
2.4927256107330	1.4106300794730e-18
2.4939522743225	1.4106300794730e-18
2.4951789379120	1.4106300794730e-18
2.4964058399200	1.4106300794730e-18
2.4976325035095	1.4106300794730e-18
2.4988591670990	1.4106300794730e-18
2.5000858306885	1.4106300794730e-18
2.5013127326965	1.4106300794730e-18
2.5025393962860	1.4106300794730e-18
2.5037660598755	1.4106300794730e-18
2.5049929618835	1.4106300794730e-18
2.5062196254730	1.4106300794730e-18
2.5074462890625	1.4106300794730e-18
2.5086731910706	1.4106300794730e-18
2.5098998546600	1.4106300794730e-18
2.5111265182495	1.4106300794730e-18
2.5123531818390	1.4106300794730e-18
2.5135800838470	1.4106300794730e-18
2.5148067474365	1.4106300794730e-18
2.5160334110260	1.4106300794730e-18
2.5172603130341	1.4106300794730e-18
2.5184869766235	1.4106300794730e-18
2.5197136402130	1.4106300794730e-18
2.5209405422211	1.4106300794730e-18
2.5221672058105	1.4106300794730e-18
2.5233938694000	1.4106300794730e-18
2.5246205329895	1.4106300794730e-18
2.5258474349976	1.4106300794730e-18
2.5270740985870	1.4106300794730e-18
2.5283007621765	1.4106300794730e-18
2.5295276641846	1.4106300794730e-18
2.5307543277740	1.4106300794730e-18
2.5319809913635	1.4106300794730e-18
2.5332078933716	1.4106300794730e-18
2.5344345569611	1.4106300794730e-18
2.5356612205505	1.4106300794730e-18
2.5368878841400	1.4106300794730e-18
2.5381147861481	1.4106300794730e-18
2.5393414497375	1.4106300794730e-18
2.5405681133270	1.4106300794730e-18
2.5417950153351	1.4106300794730e-18
2.5430216789246	1.4106300794730e-18
2.5442483425140	1.4106300794730e-18
2.5454752445221	1.4106300794730e-18
2.5467019081116	1.4106300794730e-18
2.5479285717010	1.4106300794730e-18
2.5491552352905	1.4106300794730e-18
2.5503821372986	1.4106300794730e-18
2.5516088008881	1.4106300794730e-18
2.5528354644775	1.4106300794730e-18
2.5540623664856	1.4106300794730e-18
2.5552890300751	1.4106300794730e-18
2.5565156936646	1.4106300794730e-18
2.5577425956726	1.4106300794730e-18
2.5589692592621	1.4106300794730e-18
2.5601959228516	1.4106300794730e-18
2.5614225864410	1.4106300794730e-18
2.5626494884491	1.4106300794730e-18
2.5638761520386	1.4106300794730e-18
2.5651028156281	1.4106300794730e-18
2.5663297176361	1.4106300794730e-18
2.5675563812256	1.4106300794730e-18
2.5687830448151	1.4106300794730e-18
2.5700099468231	1.4106300794730e-18
2.5712366104126	1.4106300794730e-18
2.5724632740021	1.4106300794730e-18
2.5736899375916	1.4106300794730e-18
2.5749168395996	1.4106300794730e-18
2.5761435031891	1.4106300794730e-18
2.5773701667786	1.4106300794730e-18
2.5785970687866	1.4106300794730e-18
2.5798237323761	1.4106300794730e-18
2.5810503959656	1.4106300794730e-18
2.5822772979736	1.4106300794730e-18
2.5835039615631	1.4106300794730e-18
2.5847306251526	1.4106300794730e-18
2.5859572887421	1.4106300794730e-18
2.5871841907501	1.4106300794730e-18
2.5884108543396	1.4106300794730e-18
2.5896375179291	1.4106300794730e-18
2.5908644199371	1.4106300794730e-18
2.5920910835266	1.4106300794730e-18
2.5933177471161	1.4106300794730e-18
2.5945446491241	1.4106300794730e-18
2.5957713127136	1.4106300794730e-18
2.5969979763031	1.4106300794730e-18
2.5982246398926	1.4106300794730e-18
2.5994515419006	1.4106300794730e-18
2.6006782054901	1.4106300794730e-18
2.6019048690796	1.4106300794730e-18
2.6031317710876	1.4106300794730e-18
2.6043584346771	1.4106300794730e-18
2.6055850982666	1.4106300794730e-18
2.6068120002747	1.4106300794730e-18
2.6080386638641	1.4106300794730e-18
2.6092653274536	1.4106300794730e-18
2.6104919910431	1.4106300794730e-18
2.6117188930511	1.4106300794730e-18
2.6129455566406	1.4106300794730e-18
2.6141722202301	1.4106300794730e-18
2.6153991222382	1.4106300794730e-18
2.6166257858276	1.4106300794730e-18
2.6178524494171	1.4106300794730e-18
2.6190793514252	1.4106300794730e-18
2.6203060150146	1.4106300794730e-18
2.6215326786041	1.4106300794730e-18
2.6227593421936	1.4106300794730e-18
2.6239862442017	1.4106300794730e-18
2.6252129077911	1.4106300794730e-18
2.6264395713806	1.4106300794730e-18
2.6276664733887	1.4106300794730e-18
2.6288931369781	1.4106300794730e-18
2.6301198005676	1.4106300794730e-18
2.6313467025757	1.4106300794730e-18
2.6325733661652	1.4106300794730e-18
2.6338000297546	1.4106300794730e-18
2.6350266933441	1.4106300794730e-18
2.6362535953522	1.4106300794730e-18
2.6374802589417	1.4106300794730e-18
2.6387069225311	1.4106300794730e-18
2.6399338245392	1.4106300794730e-18
2.6411604881287	1.4106300794730e-18
2.6423871517181	1.4106300794730e-18
2.6436140537262	1.4106300794730e-18
2.6448407173157	1.4106300794730e-18
2.6460673809052	1.4106300794730e-18
2.6472940444946	1.4106300794730e-18
2.6485209465027	1.4106300794730e-18
2.6497476100922	1.4106300794730e-18
2.6509742736816	1.4106300794730e-18
2.6522011756897	1.4106300794730e-18
2.6534278392792	1.4106300794730e-18
2.6546545028687	1.4106300794730e-18
2.6558814048767	1.4106300794730e-18
2.6571080684662	1.4106300794730e-18
2.6583347320557	1.4106300794730e-18
2.6595613956451	1.4106300794730e-18
2.6607882976532	1.4106300794730e-18
2.6620149612427	1.4106300794730e-18
2.6632416248322	1.4106300794730e-18
2.6644685268402	1.4106300794730e-18
2.6656951904297	1.4106300794730e-18
2.6669218540192	1.4106300794730e-18
2.6681485176086	1.4106300794730e-18
2.6693754196167	1.4106300794730e-18
2.6706020832062	1.4106300794730e-18
2.6718287467957	1.4106300794730e-18
2.6730556488037	1.4106300794730e-18
2.6742823123932	1.4106300794730e-18
2.6755089759827	1.4106300794730e-18
2.6767358779907	1.4106300794730e-18
2.6779625415802	1.4106300794730e-18
2.6791892051697	1.4106300794730e-18
2.6804158687592	1.4106300794730e-18
2.6816427707672	1.4106300794730e-18
2.6828694343567	1.4106300794730e-18
2.6840960979462	1.4106300794730e-18
2.6853229999542	1.4106300794730e-18
2.6865496635437	1.4106300794730e-18
2.6877763271332	1.4106300794730e-18
2.6890032291412	1.4106300794730e-18
2.6902298927307	1.4106300794730e-18
2.6914565563202	1.4106300794730e-18
2.6926832199097	1.4106300794730e-18
2.6939101219177	1.4106300794730e-18
2.6951367855072	1.4106300794730e-18
2.6963634490967	1.4106300794730e-18
2.6975903511047	1.4106300794730e-18
2.6988170146942	1.4106300794730e-18
2.7000436782837	1.4106300794730e-18
2.7012705802917	1.4106300794730e-18
2.7024972438812	1.4106300794730e-18
2.7037239074707	1.4106300794730e-18
2.7049505710602	1.4106300794730e-18
2.7061774730682	1.4106300794730e-18
2.7074041366577	1.4106300794730e-18
2.7086308002472	1.4106300794730e-18
2.7098577022552	1.4106300794730e-18
2.7110843658447	1.4106300794730e-18
2.7123110294342	1.4106300794730e-18
2.7135379314423	1.4106300794730e-18
2.7147645950317	1.4106300794730e-18
2.7159912586212	1.4106300794730e-18
2.7172179222107	1.4106300794730e-18
2.7184448242188	1.4106300794730e-18
2.7196714878082	1.4106300794730e-18
2.7208981513977	1.4106300794730e-18
2.7221250534058	1.4106300794730e-18
2.7233517169952	1.4106300794730e-18
2.7245783805847	1.4106300794730e-18
2.7258052825928	1.4106300794730e-18
2.7270319461823	1.4106300794730e-18
2.7282586097717	1.4106300794730e-18
2.7294852733612	1.4106300794730e-18
2.7307121753693	1.4106300794730e-18
2.7319388389587	1.4106300794730e-18
2.7331655025482	1.4106300794730e-18
2.7343924045563	1.4106300794730e-18
2.7356190681458	1.4106300794730e-18
2.7368457317352	1.4106300794730e-18
2.7380726337433	1.4106300794730e-18
2.7392992973328	1.4106300794730e-18
2.7405259609222	1.4106300794730e-18
2.7417526245117	1.4106300794730e-18
2.7429795265198	1.4106300794730e-18
2.7442061901093	1.4106300794730e-18
2.7454328536987	1.4106300794730e-18
2.7466597557068	1.4106300794730e-18
2.7478864192963	1.4106300794730e-18
2.7491130828857	1.4106300794730e-18
2.7503399848938	1.4106300794730e-18
2.7515666484833	1.4106300794730e-18
2.7527933120728	1.4106300794730e-18
2.7540199756622	1.4106300794730e-18
2.7552468776703	1.4106300794730e-18
2.7564735412598	1.4106300794730e-18
2.7577002048492	1.4106300794730e-18
2.7589271068573	1.4106300794730e-18
2.7601537704468	1.4106300794730e-18
2.7613804340363	1.4106300794730e-18
2.7626073360443	1.4106300794730e-18
2.7638339996338	1.4106300794730e-18
2.7650606632233	1.4106300794730e-18
2.7662873268127	1.4106300794730e-18
2.7675142288208	1.4106300794730e-18
2.7687408924103	1.4106300794730e-18
2.7699675559998	1.4106300794730e-18
2.7711944580078	1.4106300794730e-18
2.7724211215973	1.4106300794730e-18
2.7736477851868	1.4106300794730e-18
2.7748746871948	1.4106300794730e-18
2.7761013507843	1.4106300794730e-18
2.7773280143738	1.4106300794730e-18
2.7785546779633	1.4106300794730e-18
2.7797815799713	1.4106300794730e-18
2.7810082435608	1.4106300794730e-18
2.7822349071503	1.4106300794730e-18
2.7834618091583	1.4106300794730e-18
2.7846884727478	1.4106300794730e-18
2.7859151363373	1.4106300794730e-18
2.7871420383453	1.4106300794730e-18
2.7883687019348	1.4106300794730e-18
2.7895953655243	1.4106300794730e-18
2.7908220291138	1.4106300794730e-18
2.7920489311218	1.4106300794730e-18
2.7932755947113	1.4106300794730e-18
2.7945022583008	1.4106300794730e-18
2.7957291603088	1.4106300794730e-18
2.7969558238983	1.4106300794730e-18
2.7981824874878	1.4106300794730e-18
2.7994093894958	1.4106300794730e-18
2.8006360530853	1.4106300794730e-18
2.8018627166748	1.4106300794730e-18
2.8030893802643	1.4106300794730e-18
2.8043162822723	1.4106300794730e-18
2.8055429458618	1.4106300794730e-18
2.8067696094513	1.4106300794730e-18
2.8079965114594	1.4106300794730e-18
2.8092231750488	1.4106300794730e-18
2.8104498386383	1.4106300794730e-18
2.8116767406464	1.4106300794730e-18
2.8129034042358	1.4106300794730e-18
2.8141300678253	1.4106300794730e-18
2.8153567314148	1.4106300794730e-18
2.8165836334229	1.4106300794730e-18
2.8178102970123	1.4106300794730e-18
2.8190369606018	1.4106300794730e-18
2.8202638626099	1.4106300794730e-18
2.8214905261993	1.4106300794730e-18
2.8227171897888	1.4106300794730e-18
2.8239440917969	1.4106300794730e-18
2.8251707553864	1.4106300794730e-18
2.8263974189758	1.4106300794730e-18
2.8276240825653	1.4106300794730e-18
2.8288509845734	1.4106300794730e-18
2.8300776481628	1.4106300794730e-18
2.8313043117523	1.4106300794730e-18
2.8325312137604	1.4106300794730e-18
2.8337578773499	1.4106300794730e-18
2.8349845409393	1.4106300794730e-18
2.8362114429474	1.4106300794730e-18
2.8374381065369	1.4106300794730e-18
2.8386647701263	1.4106300794730e-18
2.8398914337158	1.4106300794730e-18
2.8411183357239	1.4106300794730e-18
2.8423449993134	1.4106300794730e-18
2.8435716629028	1.4106300794730e-18
2.8447985649109	1.4106300794730e-18
2.8460252285004	1.4106300794730e-18
2.8472518920898	1.4106300794730e-18
2.8484787940979	1.4106300794730e-18
2.8497054576874	1.4106300794730e-18
2.8509321212769	1.4106300794730e-18
2.8521587848663	1.4106300794730e-18
2.8533856868744	1.4106300794730e-18
2.8546123504639	1.4106300794730e-18
2.8558390140533	1.4106300794730e-18
2.8570659160614	1.4106300794730e-18
2.8582925796509	1.4106300794730e-18
2.8595192432404	1.4106300794730e-18
2.8607461452484	1.4106300794730e-18
2.8619728088379	1.4106300794730e-18
2.8631994724274	1.4106300794730e-18
2.8644261360168	1.4106300794730e-18
2.8656530380249	1.4106300794730e-18
2.8668797016144	1.4106300794730e-18
2.8681063652039	1.4106300794730e-18
2.8693332672119	1.4106300794730e-18
2.8705599308014	1.4106300794730e-18
2.8717865943909	1.4106300794730e-18
2.8730134963989	1.4106300794730e-18
2.8742401599884	1.4106300794730e-18
2.8754668235779	1.4106300794730e-18
2.8766934871674	1.4106300794730e-18
2.8779203891754	1.4106300794730e-18
2.8791470527649	1.4106300794730e-18
2.8803737163544	1.4106300794730e-18
2.8816006183624	1.4106300794730e-18
2.8828272819519	1.4106300794730e-18
2.8840539455414	1.4106300794730e-18
2.8852808475494	1.4106300794730e-18
2.8865075111389	1.4106300794730e-18
2.8877341747284	1.4106300794730e-18
2.8889608383179	1.4106300794730e-18
2.8901877403259	1.4106300794730e-18
2.8914144039154	1.4106300794730e-18
2.8926410675049	1.4106300794730e-18
2.8938679695129	1.4106300794730e-18
2.8950946331024	1.4106300794730e-18
2.8963212966919	1.4106300794730e-18
2.8975481987000	1.4106300794730e-18
2.8987748622894	1.4106300794730e-18
2.9000015258789	1.4106300794730e-18
2.9012281894684	1.4106300794730e-18
2.9024550914764	1.4106300794730e-18
2.9036817550659	1.4106300794730e-18
2.9049084186554	1.4106300794730e-18
2.9061353206635	1.4106300794730e-18
2.9073619842529	1.4106300794730e-18
2.9085886478424	1.4106300794730e-18
2.9098155498505	1.4106300794730e-18
2.9110422134399	1.4106300794730e-18
2.9122688770294	1.4106300794730e-18
2.9134955406189	1.4106300794730e-18
2.9147224426270	1.4106300794730e-18
2.9159491062164	1.4106300794730e-18
2.9171757698059	1.4106300794730e-18
2.9184026718140	1.4106300794730e-18
2.9196293354034	1.4106300794730e-18
2.9208559989929	1.4106300794730e-18
2.9220829010010	1.4106300794730e-18
2.9233095645905	1.4106300794730e-18
2.9245362281799	1.4106300794730e-18
2.9257628917694	1.4106300794730e-18
2.9269897937775	1.4106300794730e-18
2.9282164573669	1.4106300794730e-18
2.9294431209564	1.4106300794730e-18
2.9306700229645	1.4106300794730e-18
2.9318966865540	1.4106300794730e-18
2.9331233501434	1.4106300794730e-18
2.9343502521515	1.4106300794730e-18
2.9355769157410	1.4106300794730e-18
2.9368035793304	1.4106300794730e-18
2.9380302429199	1.4106300794730e-18
2.9392571449280	1.4106300794730e-18
2.9404838085175	1.4106300794730e-18
2.9417104721069	1.4106300794730e-18
2.9429373741150	1.4106300794730e-18
2.9441640377045	1.4106300794730e-18
2.9453907012939	1.4106300794730e-18
2.9466173648834	1.4106300794730e-18
2.9478442668915	1.4106300794730e-18
2.9490709304810	1.4106300794730e-18
2.9502975940704	1.4106300794730e-18
2.9515244960785	1.4106300794730e-18
2.9527511596680	1.4106300794730e-18
2.9539778232574	1.4106300794730e-18
2.9552047252655	1.4106300794730e-18
2.9564313888550	1.4106300794730e-18
2.9576580524445	1.4106300794730e-18
2.9588847160339	1.4106300794730e-18
2.9601116180420	1.4106300794730e-18
2.9613382816315	1.4106300794730e-18
2.9625649452209	1.4106300794730e-18
2.9637918472290	1.4106300794730e-18
2.9650185108185	1.4106300794730e-18
2.9662451744080	1.4106300794730e-18
2.9674720764160	1.4106300794730e-18
2.9686987400055	1.4106300794730e-18
2.9699254035950	1.4106300794730e-18
2.9711520671844	1.4106300794730e-18
2.9723789691925	1.4106300794730e-18
2.9736056327820	1.4106300794730e-18
2.9748322963715	1.4106300794730e-18
2.9760591983795	1.4106300794730e-18
2.9772858619690	1.4106300794730e-18
2.9785125255585	1.4106300794730e-18
2.9797394275665	1.4106300794730e-18
2.9809660911560	1.4106300794730e-18
2.9821927547455	1.4106300794730e-18
2.9834194183350	1.4106300794730e-18
2.9846463203430	1.4106300794730e-18
2.9858729839325	1.4106300794730e-18
2.9870996475220	1.4106300794730e-18
2.9883265495300	1.4106300794730e-18
2.9895532131195	1.4106300794730e-18
2.9907798767090	1.4106300794730e-18
2.9920067787170	1.4106300794730e-18
2.9932334423065	1.4106300794730e-18
2.9944601058960	1.4106300794730e-18
2.9956867694855	1.4106300794730e-18
2.9969136714935	1.4106300794730e-18
2.9981403350830	1.4106300794730e-18
2.9993669986725	1.4106300794730e-18
3.0005939006805	1.4106300794730e-18
3.0018205642700	1.4106300794730e-18
3.0030472278595	1.4106300794730e-18
3.0042741298676	1.4106300794730e-18
3.0055007934570	1.4106300794730e-18
3.0067274570465	1.4106300794730e-18
3.0079541206360	1.4106300794730e-18
3.0091810226440	1.4106300794730e-18
3.0104076862335	1.4106300794730e-18
3.0116343498230	1.4106300794730e-18
3.0128612518311	1.4106300794730e-18
3.0140879154205	1.4106300794730e-18
3.0153145790100	1.4106300794730e-18
3.0165414810181	1.4106300794730e-18
3.0177681446075	1.4106300794730e-18
3.0189948081970	1.4106300794730e-18
3.0202214717865	1.4106300794730e-18
3.0214483737946	1.4106300794730e-18
3.0226750373840	1.4106300794730e-18
3.0239017009735	1.4106300794730e-18
3.0251286029816	1.4106300794730e-18
3.0263552665710	1.4106300794730e-18
3.0275819301605	1.4106300794730e-18
3.0288088321686	1.4106300794730e-18
3.0300354957581	1.4106300794730e-18
3.0312621593475	1.4106300794730e-18
3.0324888229370	1.4106300794730e-18
3.0337157249451	1.4106300794730e-18
3.0349423885345	1.4106300794730e-18
3.0361690521240	1.4106300794730e-18
3.0373959541321	1.4106300794730e-18
3.0386226177216	1.4106300794730e-18
3.0398492813110	1.4106300794730e-18
3.0410761833191	1.4106300794730e-18
3.0423028469086	1.4106300794730e-18
3.0435295104980	1.4106300794730e-18
3.0447561740875	1.4106300794730e-18
3.0459830760956	1.4106300794730e-18
3.0472097396851	1.4106300794730e-18
3.0484364032745	1.4106300794730e-18
3.0496633052826	1.4106300794730e-18
3.0508899688721	1.4106300794730e-18
3.0521166324615	1.4106300794730e-18
3.0533435344696	1.4106300794730e-18
3.0545701980591	1.4106300794730e-18
3.0557968616486	1.4106300794730e-18
3.0570235252380	1.4106300794730e-18
3.0582504272461	1.4106300794730e-18
3.0594770908356	1.4106300794730e-18
3.0607037544250	1.4106300794730e-18
3.0619306564331	1.4106300794730e-18
3.0631573200226	1.4106300794730e-18
3.0643839836121	1.4106300794730e-18
3.0656108856201	1.4106300794730e-18
3.0668375492096	1.4106300794730e-18
3.0680642127991	1.4106300794730e-18
3.0692908763885	1.4106300794730e-18
3.0705177783966	1.4106300794730e-18
3.0717444419861	1.4106300794730e-18
3.0729711055756	1.4106300794730e-18
3.0741980075836	1.4106300794730e-18
3.0754246711731	1.4106300794730e-18
3.0766513347626	1.4106300794730e-18
3.0778782367706	1.4106300794730e-18
3.0791049003601	1.4106300794730e-18
3.0803315639496	1.4106300794730e-18
3.0815582275391	1.4106300794730e-18
3.0827851295471	1.4106300794730e-18
3.0840117931366	1.4106300794730e-18
3.0852384567261	1.4106300794730e-18
3.0864653587341	1.4106300794730e-18
3.0876920223236	1.4106300794730e-18
3.0889186859131	1.4106300794730e-18
3.0901455879211	1.4106300794730e-18
3.0913722515106	1.4106300794730e-18
3.0925989151001	1.4106300794730e-18
3.0938255786896	1.4106300794730e-18
3.0950524806976	1.4106300794730e-18
3.0962791442871	1.4106300794730e-18
3.0975058078766	1.4106300794730e-18
3.0987327098846	1.4106300794730e-18
3.0999593734741	1.4106300794730e-18
3.1011860370636	1.4106300794730e-18
3.1024129390717	1.4106300794730e-18
3.1036396026611	1.4106300794730e-18
3.1048662662506	1.4106300794730e-18
3.1060929298401	1.4106300794730e-18
3.1073198318481	1.4106300794730e-18
3.1085464954376	1.4106300794730e-18
3.1097731590271	1.4106300794730e-18
3.1110000610352	1.4106300794730e-18
3.1122267246246	1.4106300794730e-18
3.1134533882141	1.4106300794730e-18
3.1146802902222	1.4106300794730e-18
3.1159069538116	1.4106300794730e-18
3.1171336174011	1.4106300794730e-18
3.1183602809906	1.4106300794730e-18
3.1195871829987	1.4106300794730e-18
3.1208138465881	1.4106300794730e-18
3.1220405101776	1.4106300794730e-18
3.1232674121857	1.4106300794730e-18
3.1244940757751	1.4106300794730e-18
3.1257207393646	1.4106300794730e-18
3.1269476413727	1.4106300794730e-18
3.1281743049622	1.4106300794730e-18
3.1294009685516	1.4106300794730e-18
3.1306276321411	1.4106300794730e-18
3.1318545341492	1.4106300794730e-18
3.1330811977386	1.4106300794730e-18
3.1343078613281	1.4106300794730e-18
3.1355347633362	1.4106300794730e-18
3.1367614269257	1.4106300794730e-18
3.1379880905151	1.4106300794730e-18
3.1392149925232	1.4106300794730e-18
3.1404416561127	1.4106300794730e-18
3.1416683197021	1.4106300794730e-18
3.1428949832916	1.4106300794730e-18
3.1441218852997	1.4106300794730e-18
3.1453485488892	1.4106300794730e-18
3.1465752124786	1.4106300794730e-18
3.1478021144867	1.4106300794730e-18
3.1490287780762	1.4106300794730e-18
3.1502554416656	1.4106300794730e-18
3.1514823436737	1.4106300794730e-18
3.1527090072632	1.4106300794730e-18
3.1539356708527	1.4106300794730e-18
3.1551623344421	1.4106300794730e-18
3.1563892364502	1.4106300794730e-18
3.1576159000397	1.4106300794730e-18
3.1588425636292	1.4106300794730e-18
3.1600694656372	1.4106300794730e-18
3.1612961292267	1.4106300794730e-18
3.1625227928162	1.4106300794730e-18
3.1637496948242	1.4106300794730e-18
3.1649763584137	1.4106300794730e-18
3.1662030220032	1.4106300794730e-18
3.1674296855927	1.4106300794730e-18
3.1686565876007	1.4106300794730e-18
3.1698832511902	1.4106300794730e-18
3.1711099147797	1.4106300794730e-18
3.1723368167877	1.4106300794730e-18
3.1735634803772	1.4106300794730e-18
3.1747901439667	1.4106300794730e-18
3.1760170459747	1.4106300794730e-18
3.1772437095642	1.4106300794730e-18
3.1784703731537	1.4106300794730e-18
3.1796970367432	1.4106300794730e-18
3.1809239387512	1.4106300794730e-18
3.1821506023407	1.4106300794730e-18
3.1833772659302	1.4106300794730e-18
3.1846041679382	1.4106300794730e-18
3.1858308315277	1.4106300794730e-18
3.1870574951172	1.4106300794730e-18
3.1882843971252	1.4106300794730e-18
3.1895110607147	1.4106300794730e-18
3.1907377243042	1.4106300794730e-18
3.1919643878937	1.4106300794730e-18
3.1931912899017	1.4106300794730e-18
3.1944179534912	1.4106300794730e-18
3.1956446170807	1.4106300794730e-18
3.1968715190887	1.4106300794730e-18
3.1980981826782	1.4106300794730e-18
3.1993248462677	1.4106300794730e-18
3.2005517482758	1.4106300794730e-18
3.2017784118652	1.4106300794730e-18
3.2030050754547	1.4106300794730e-18
3.2042317390442	1.4106300794730e-18
3.2054586410522	1.4106300794730e-18
3.2066853046417	1.4106300794730e-18
3.2079119682312	1.4106300794730e-18
3.2091388702393	1.4106300794730e-18
3.2103655338287	1.4106300794730e-18
3.2115921974182	1.4106300794730e-18
3.2128188610077	1.4106300794730e-18
3.2140457630157	1.4106300794730e-18
3.2152724266052	1.4106300794730e-18
3.2164990901947	1.4106300794730e-18
3.2177259922028	1.4106300794730e-18
3.2189526557922	1.4106300794730e-18
3.2201793193817	1.4106300794730e-18
3.2214062213898	1.4106300794730e-18
3.2226328849792	1.4106300794730e-18
3.2238595485687	1.4106300794730e-18
3.2250862121582	1.4106300794730e-18
3.2263131141663	1.4106300794730e-18
3.2275397777557	1.4106300794730e-18
3.2287664413452	1.4106300794730e-18
3.2299933433533	1.4106300794730e-18
3.2312200069427	1.4106300794730e-18
3.2324466705322	1.4106300794730e-18
3.2336735725403	1.4106300794730e-18
3.2349002361298	1.4106300794730e-18
3.2361268997192	1.4106300794730e-18
3.2373535633087	1.4106300794730e-18
3.2385804653168	1.4106300794730e-18
3.2398071289062	1.4106300794730e-18
3.2410337924957	1.4106300794730e-18
3.2422606945038	1.4106300794730e-18
3.2434873580933	1.4106300794730e-18
3.2447140216827	1.4106300794730e-18
3.2459409236908	1.4106300794730e-18
3.2471675872803	1.4106300794730e-18
3.2483942508698	1.4106300794730e-18
3.2496209144592	1.4106300794730e-18
3.2508478164673	1.4106300794730e-18
3.2520744800568	1.4106300794730e-18
3.2533011436462	1.4106300794730e-18
3.2545280456543	1.4106300794730e-18
3.2557547092438	1.4106300794730e-18
3.2569813728333	1.4106300794730e-18
3.2582082748413	1.4106300794730e-18
3.2594349384308	1.4106300794730e-18
3.2606616020203	1.4106300794730e-18
3.2618882656097	1.4106300794730e-18
3.2631151676178	1.4106300794730e-18
3.2643418312073	1.4106300794730e-18
3.2655684947968	1.4106300794730e-18
3.2667953968048	1.4106300794730e-18
3.2680220603943	1.4106300794730e-18
3.2692487239838	1.4106300794730e-18
3.2704756259918	1.4106300794730e-18
3.2717022895813	1.4106300794730e-18
3.2729289531708	1.4106300794730e-18
3.2741556167603	1.4106300794730e-18
3.2753825187683	1.4106300794730e-18
3.2766091823578	1.4106300794730e-18
3.2778358459473	1.4106300794730e-18
3.2790627479553	1.4106300794730e-18
3.2802894115448	1.4106300794730e-18
3.2815160751343	1.4106300794730e-18
3.2827429771423	1.4106300794730e-18
3.2839696407318	1.4106300794730e-18
3.2851963043213	1.4106300794730e-18
3.2864229679108	1.4106300794730e-18
3.2876498699188	1.4106300794730e-18
3.2888765335083	1.4106300794730e-18
3.2901031970978	1.4106300794730e-18
3.2913300991058	1.4106300794730e-18
3.2925567626953	1.4106300794730e-18
3.2937834262848	1.4106300794730e-18
3.2950103282928	1.4106300794730e-18
3.2962369918823	1.4106300794730e-18
3.2974636554718	1.4106300794730e-18
3.2986903190613	1.4106300794730e-18
3.2999172210693	1.4106300794730e-18
3.3011438846588	1.4106300794730e-18
3.3023705482483	1.4106300794730e-18
3.3035974502563	1.4106300794730e-18
3.3048241138458	1.4106300794730e-18
3.3060507774353	1.4106300794730e-18
3.3072776794434	1.4106300794730e-18
3.3085043430328	1.4106300794730e-18
3.3097310066223	1.4106300794730e-18
3.3109576702118	1.4106300794730e-18
3.3121845722198	1.4106300794730e-18
3.3134112358093	1.4106300794730e-18
3.3146378993988	1.4106300794730e-18
3.3158648014069	1.4106300794730e-18
3.3170914649963	1.4106300794730e-18
3.3183181285858	1.4106300794730e-18
3.3195450305939	1.4106300794730e-18
3.3207716941833	1.4106300794730e-18
3.3219983577728	1.4106300794730e-18
3.3232250213623	1.4106300794730e-18
3.3244519233704	1.4106300794730e-18
3.3256785869598	1.4106300794730e-18
3.3269052505493	1.4106300794730e-18
3.3281321525574	1.4106300794730e-18
3.3293588161469	1.4106300794730e-18
3.3305854797363	1.4106300794730e-18
3.3318123817444	1.4106300794730e-18
3.3330390453339	1.4106300794730e-18
3.3342657089233	1.4106300794730e-18
3.3354923725128	1.4106300794730e-18
3.3367192745209	1.4106300794730e-18
3.3379459381104	1.4106300794730e-18
3.3391726016998	1.4106300794730e-18
3.3403995037079	1.4106300794730e-18
3.3416261672974	1.4106300794730e-18
3.3428528308868	1.4106300794730e-18
3.3440797328949	1.4106300794730e-18
3.3453063964844	1.4106300794730e-18
3.3465330600739	1.4106300794730e-18
3.3477597236633	1.4106300794730e-18
3.3489866256714	1.4106300794730e-18
3.3502132892609	1.4106300794730e-18
3.3514399528503	1.4106300794730e-18
3.3526668548584	1.4106300794730e-18
3.3538935184479	1.4106300794730e-18
3.3551201820374	1.4106300794730e-18
3.3563470840454	1.4106300794730e-18
3.3575737476349	1.4106300794730e-18
3.3588004112244	1.4106300794730e-18
3.3600270748138	1.4106300794730e-18
3.3612539768219	1.4106300794730e-18
3.3624806404114	1.4106300794730e-18
3.3637073040009	1.4106300794730e-18
3.3649342060089	1.4106300794730e-18
3.3661608695984	1.4106300794730e-18
3.3673875331879	1.4106300794730e-18
3.3686144351959	1.4106300794730e-18
3.3698410987854	1.4106300794730e-18
3.3710677623749	1.4106300794730e-18
3.3722944259644	1.4106300794730e-18
3.3735213279724	1.4106300794730e-18
3.3747479915619	1.4106300794730e-18
3.3759746551514	1.4106300794730e-18
3.3772015571594	1.4106300794730e-18
3.3784282207489	1.4106300794730e-18
3.3796548843384	1.4106300794730e-18
3.3808817863464	1.4106300794730e-18
3.3821084499359	1.4106300794730e-18
3.3833351135254	1.4106300794730e-18
3.3845617771149	1.4106300794730e-18
3.3857886791229	1.4106300794730e-18
3.3870153427124	1.4106300794730e-18
3.3882420063019	1.4106300794730e-18
3.3894689083099	1.4106300794730e-18
3.3906955718994	1.4106300794730e-18
3.3919222354889	1.4106300794730e-18
3.3931491374969	1.4106300794730e-18
3.3943758010864	1.4106300794730e-18
3.3956024646759	1.4106300794730e-18
3.3968291282654	1.4106300794730e-18
3.3980560302734	1.4106300794730e-18
3.3992826938629	1.4106300794730e-18
3.4005093574524	1.4106300794730e-18
3.4017362594604	1.4106300794730e-18
3.4029629230499	1.4106300794730e-18
3.4041895866394	1.4106300794730e-18
3.4054164886475	1.4106300794730e-18
3.4066431522369	1.4106300794730e-18
3.4078698158264	1.4106300794730e-18
3.4090964794159	1.4106300794730e-18
3.4103233814240	1.4106300794730e-18
3.4115500450134	1.4106300794730e-18
3.4127767086029	1.4106300794730e-18
3.4140036106110	1.4106300794730e-18
3.4152302742004	1.4106300794730e-18
3.4164569377899	1.4106300794730e-18
3.4176838397980	1.4106300794730e-18
3.4189105033875	1.4106300794730e-18
3.4201371669769	1.4106300794730e-18
3.4213638305664	1.4106300794730e-18
3.4225907325745	1.4106300794730e-18
3.4238173961639	1.4106300794730e-18
3.4250440597534	1.4106300794730e-18
3.4262709617615	1.4106300794730e-18
3.4274976253510	1.4106300794730e-18
3.4287242889404	1.4106300794730e-18
3.4299511909485	1.4106300794730e-18
3.4311778545380	1.4106300794730e-18
3.4324045181274	1.4106300794730e-18
3.4336311817169	1.4106300794730e-18
3.4348580837250	1.4106300794730e-18
3.4360847473145	1.4106300794730e-18
3.4373114109039	1.4106300794730e-18
3.4385383129120	1.4106300794730e-18
3.4397649765015	1.4106300794730e-18
3.4409916400909	1.4106300794730e-18
3.4422185420990	1.4106300794730e-18
3.4434452056885	1.4106300794730e-18
3.4446718692780	1.4106300794730e-18
3.4458985328674	1.4106300794730e-18
3.4471254348755	1.4106300794730e-18
3.4483520984650	1.4106300794730e-18
3.4495787620544	1.4106300794730e-18
3.4508056640625	1.4106300794730e-18
3.4520323276520	1.4106300794730e-18
3.4532589912415	1.4106300794730e-18
3.4544858932495	1.4106300794730e-18
3.4557125568390	1.4106300794730e-18
3.4569392204285	1.4106300794730e-18
3.4581658840179	1.4106300794730e-18
3.4593927860260	1.4106300794730e-18
3.4606194496155	1.4106300794730e-18
3.4618461132050	1.4106300794730e-18
3.4630730152130	1.4106300794730e-18
3.4642996788025	1.4106300794730e-18
3.4655263423920	1.4106300794730e-18
3.4667532444000	1.4106300794730e-18
3.4679799079895	1.4106300794730e-18
3.4692065715790	1.4106300794730e-18
3.4704332351685	1.4106300794730e-18
3.4716601371765	1.4106300794730e-18
3.4728868007660	1.4106300794730e-18
3.4741134643555	1.4106300794730e-18
3.4753403663635	1.4106300794730e-18
3.4765670299530	1.4106300794730e-18
3.4777936935425	1.4106300794730e-18
3.4790203571320	1.4106300794730e-18
3.4802472591400	1.4106300794730e-18
3.4814739227295	1.4106300794730e-18
3.4827005863190	1.4106300794730e-18
3.4839274883270	1.4106300794730e-18
3.4851541519165	1.4106300794730e-18
3.4863808155060	1.4106300794730e-18
3.4876077175140	1.4106300794730e-18
3.4888343811035	1.4106300794730e-18
3.4900610446930	1.4106300794730e-18
3.4912877082825	1.4106300794730e-18
3.4925146102905	1.4106300794730e-18
3.4937412738800	1.4106300794730e-18
3.4949679374695	1.4106300794730e-18
3.4961948394775	1.4106300794730e-18
3.4974215030670	1.4106300794730e-18
3.4986481666565	1.4106300794730e-18
3.4998750686646	1.4106300794730e-18
3.5011017322540	1.4106300794730e-18
3.5023283958435	1.4106300794730e-18
3.5035550594330	1.4106300794730e-18
3.5047819614410	1.4106300794730e-18
3.5060086250305	1.4106300794730e-18
3.5072352886200	1.4106300794730e-18
3.5084621906281	1.4106300794730e-18
3.5096888542175	1.4106300794730e-18
3.5109155178070	1.4106300794730e-18
3.5121424198151	1.4106300794730e-18
3.5133690834045	1.4106300794730e-18
3.5145957469940	1.4106300794730e-18
3.5158224105835	1.4106300794730e-18
3.5170493125916	1.4106300794730e-18
3.5182759761810	1.4106300794730e-18
3.5195026397705	1.4106300794730e-18
3.5207295417786	1.4106300794730e-18
3.5219562053680	1.4106300794730e-18
3.5231828689575	1.4106300794730e-18
3.5244097709656	1.4106300794730e-18
3.5256364345551	1.4106300794730e-18
3.5268630981445	1.4106300794730e-18
3.5280897617340	1.4106300794730e-18
3.5293166637421	1.4106300794730e-18
3.5305433273315	1.4106300794730e-18
3.5317699909210	1.4106300794730e-18
3.5329968929291	1.4106300794730e-18
3.5342235565186	1.4106300794730e-18
3.5354502201080	1.4106300794730e-18
3.5366771221161	1.4106300794730e-18
3.5379037857056	1.4106300794730e-18
3.5391304492950	1.4106300794730e-18
3.5403571128845	1.4106300794730e-18
3.5415840148926	1.4106300794730e-18
3.5428106784821	1.4106300794730e-18
3.5440373420715	1.4106300794730e-18
3.5452642440796	1.4106300794730e-18
3.5464909076691	1.4106300794730e-18
3.5477175712585	1.4106300794730e-18
3.5489444732666	1.4106300794730e-18
3.5501711368561	1.4106300794730e-18
3.5513978004456	1.4106300794730e-18
3.5526244640350	1.4106300794730e-18
3.5538513660431	1.4106300794730e-18
3.5550780296326	1.4106300794730e-18
3.5563046932220	1.4106300794730e-18
3.5575315952301	1.4106300794730e-18
3.5587582588196	1.4106300794730e-18
3.5599849224091	1.4106300794730e-18
3.5612118244171	1.4106300794730e-18
3.5624384880066	1.4106300794730e-18
3.5636651515961	1.4106300794730e-18
3.5648918151855	1.4106300794730e-18
3.5661187171936	1.4106300794730e-18
3.5673453807831	1.4106300794730e-18
3.5685720443726	1.4106300794730e-18
3.5697989463806	1.4106300794730e-18
3.5710256099701	1.4106300794730e-18
3.5722522735596	1.4106300794730e-18
3.5734791755676	1.4106300794730e-18
3.5747058391571	1.4106300794730e-18
3.5759325027466	1.4106300794730e-18
3.5771591663361	1.4106300794730e-18
3.5783860683441	1.4106300794730e-18
3.5796127319336	1.4106300794730e-18
3.5808393955231	1.4106300794730e-18
3.5820662975311	1.4106300794730e-18
3.5832929611206	1.4106300794730e-18
3.5845196247101	1.4106300794730e-18
3.5857465267181	1.4106300794730e-18
3.5869731903076	1.4106300794730e-18
3.5881998538971	1.4106300794730e-18
3.5894265174866	1.4106300794730e-18
3.5906534194946	1.4106300794730e-18
3.5918800830841	1.4106300794730e-18
3.5931067466736	1.4106300794730e-18
3.5943336486816	1.4106300794730e-18
3.5955603122711	1.4106300794730e-18
3.5967869758606	1.4106300794730e-18
3.5980138778687	1.4106300794730e-18
3.5992405414581	1.4106300794730e-18
3.6004672050476	1.4106300794730e-18
3.6016938686371	1.4106300794730e-18
3.6029207706451	1.4106300794730e-18
3.6041474342346	1.4106300794730e-18
3.6053740978241	1.4106300794730e-18
3.6066009998322	1.4106300794730e-18
3.6078276634216	1.4106300794730e-18
3.6090543270111	1.4106300794730e-18
3.6102812290192	1.4106300794730e-18
3.6115078926086	1.4106300794730e-18
3.6127345561981	1.4106300794730e-18
3.6139612197876	1.4106300794730e-18
3.6151881217957	1.4106300794730e-18
3.6164147853851	1.4106300794730e-18
3.6176414489746	1.4106300794730e-18
3.6188683509827	1.4106300794730e-18
3.6200950145721	1.4106300794730e-18
3.6213216781616	1.4106300794730e-18
3.6225485801697	1.4106300794730e-18
3.6237752437592	1.4106300794730e-18
3.6250019073486	1.4106300794730e-18
3.6262285709381	1.4106300794730e-18
3.6274554729462	1.4106300794730e-18
3.6286821365356	1.4106300794730e-18
3.6299088001251	1.4106300794730e-18
3.6311357021332	1.4106300794730e-18
3.6323623657227	1.4106300794730e-18
3.6335890293121	1.4106300794730e-18
3.6348159313202	1.4106300794730e-18
3.6360425949097	1.4106300794730e-18
3.6372692584991	1.4106300794730e-18
3.6384959220886	1.4106300794730e-18
3.6397228240967	1.4106300794730e-18
3.6409494876862	1.4106300794730e-18
3.6421761512756	1.4106300794730e-18
3.6434030532837	1.4106300794730e-18
3.6446297168732	1.4106300794730e-18
3.6458563804626	1.4106300794730e-18
3.6470832824707	1.4106300794730e-18
3.6483099460602	1.4106300794730e-18
3.6495366096497	1.4106300794730e-18
3.6507632732391	1.4106300794730e-18
3.6519901752472	1.4106300794730e-18
3.6532168388367	1.4106300794730e-18
3.6544435024261	1.4106300794730e-18
3.6556704044342	1.4106300794730e-18
3.6568970680237	1.4106300794730e-18
3.6581237316132	1.4106300794730e-18
3.6593506336212	1.4106300794730e-18
3.6605772972107	1.4106300794730e-18
3.6618039608002	1.4106300794730e-18
3.6630306243896	1.4106300794730e-18
3.6642575263977	1.4106300794730e-18
3.6654841899872	1.4106300794730e-18
3.6667108535767	1.4106300794730e-18
3.6679377555847	1.4106300794730e-18
3.6691644191742	1.4106300794730e-18
3.6703910827637	1.4106300794730e-18
3.6716179847717	1.4106300794730e-18
3.6728446483612	1.4106300794730e-18
3.6740713119507	1.4106300794730e-18
3.6752979755402	1.4106300794730e-18
3.6765248775482	1.4106300794730e-18
3.6777515411377	1.4106300794730e-18
3.6789782047272	1.4106300794730e-18
3.6802051067352	1.4106300794730e-18
3.6814317703247	1.4106300794730e-18
3.6826584339142	1.4106300794730e-18
3.6838853359222	1.4106300794730e-18
3.6851119995117	1.4106300794730e-18
3.6863386631012	1.4106300794730e-18
3.6875653266907	1.4106300794730e-18
3.6887922286987	1.4106300794730e-18
3.6900188922882	1.4106300794730e-18
3.6912455558777	1.4106300794730e-18
3.6924724578857	1.4106300794730e-18
3.6936991214752	1.4106300794730e-18
3.6949257850647	1.4106300794730e-18
3.6961526870728	1.4106300794730e-18
3.6973793506622	1.4106300794730e-18
3.6986060142517	1.4106300794730e-18
3.6998326778412	1.4106300794730e-18
3.7010595798492	1.4106300794730e-18
3.7022862434387	1.4106300794730e-18
3.7035129070282	1.4106300794730e-18
3.7047398090363	1.4106300794730e-18
3.7059664726257	1.4106300794730e-18
3.7071931362152	1.4106300794730e-18
3.7084200382233	1.4106300794730e-18
3.7096467018127	1.4106300794730e-18
3.7108733654022	1.4106300794730e-18
3.7121000289917	1.4106300794730e-18
3.7133269309998	1.4106300794730e-18
3.7145535945892	1.4106300794730e-18
3.7157802581787	1.4106300794730e-18
3.7170071601868	1.4106300794730e-18
3.7182338237762	1.4106300794730e-18
3.7194604873657	1.4106300794730e-18
3.7206873893738	1.4106300794730e-18
3.7219140529633	1.4106300794730e-18
3.7231407165527	1.4106300794730e-18
3.7243673801422	1.4106300794730e-18
3.7255942821503	1.4106300794730e-18
3.7268209457397	1.4106300794730e-18
3.7280476093292	1.4106300794730e-18
3.7292745113373	1.4106300794730e-18
3.7305011749268	1.4106300794730e-18
3.7317278385162	1.4106300794730e-18
3.7329547405243	1.4106300794730e-18
3.7341814041138	1.4106300794730e-18
3.7354080677032	1.4106300794730e-18
3.7366347312927	1.4106300794730e-18
3.7378616333008	1.4106300794730e-18
3.7390882968903	1.4106300794730e-18
3.7403149604797	1.4106300794730e-18
3.7415418624878	1.4106300794730e-18
3.7427685260773	1.4106300794730e-18
3.7439951896667	1.4106300794730e-18
3.7452218532562	1.4106300794730e-18
3.7464487552643	1.4106300794730e-18
3.7476754188538	1.4106300794730e-18
3.7489020824432	1.4106300794730e-18
3.7501289844513	1.4106300794730e-18
3.7513556480408	1.4106300794730e-18
3.7525823116302	1.4106300794730e-18
3.7538092136383	1.4106300794730e-18
3.7550358772278	1.4106300794730e-18
3.7562625408173	1.4106300794730e-18
3.7574892044067	1.4106300794730e-18
3.7587161064148	1.4106300794730e-18
3.7599427700043	1.4106300794730e-18
3.7611694335938	1.4106300794730e-18
3.7623963356018	1.4106300794730e-18
3.7636229991913	1.4106300794730e-18
3.7648496627808	1.4106300794730e-18
3.7660765647888	1.4106300794730e-18
3.7673032283783	1.4106300794730e-18
3.7685298919678	1.4106300794730e-18
3.7697565555573	1.4106300794730e-18
3.7709834575653	1.4106300794730e-18
3.7722101211548	1.4106300794730e-18
3.7734367847443	1.4106300794730e-18
3.7746636867523	1.4106300794730e-18
3.7758903503418	1.4106300794730e-18
3.7771170139313	1.4106300794730e-18
3.7783439159393	1.4106300794730e-18
3.7795705795288	1.4106300794730e-18
3.7807972431183	1.4106300794730e-18
3.7820239067078	1.4106300794730e-18
3.7832508087158	1.4106300794730e-18
3.7844774723053	1.4106300794730e-18
3.7857041358948	1.4106300794730e-18
3.7869310379028	1.4106300794730e-18
3.7881577014923	1.4106300794730e-18
3.7893843650818	1.4106300794730e-18
3.7906112670898	1.4106300794730e-18
3.7918379306793	1.4106300794730e-18
3.7930645942688	1.4106300794730e-18
3.7942912578583	1.4106300794730e-18
3.7955181598663	1.4106300794730e-18
3.7967448234558	1.4106300794730e-18
3.7979714870453	1.4106300794730e-18
3.7991983890533	1.4106300794730e-18
3.8004250526428	1.4106300794730e-18
3.8016517162323	1.4106300794730e-18
3.8028786182404	1.4106300794730e-18
3.8041052818298	1.4106300794730e-18
3.8053319454193	1.4106300794730e-18
3.8065586090088	1.4106300794730e-18
3.8077855110168	1.4106300794730e-18
3.8090121746063	1.4106300794730e-18
3.8102388381958	1.4106300794730e-18
3.8114657402039	1.4106300794730e-18
3.8126924037933	1.4106300794730e-18
3.8139190673828	1.4106300794730e-18
3.8151459693909	1.4106300794730e-18
3.8163726329803	1.4106300794730e-18
3.8175992965698	1.4106300794730e-18
3.8188259601593	1.4106300794730e-18
3.8200528621674	1.4106300794730e-18
3.8212795257568	1.4106300794730e-18
3.8225061893463	1.4106300794730e-18
3.8237330913544	1.4106300794730e-18
3.8249597549438	1.4106300794730e-18
3.8261864185333	1.4106300794730e-18
3.8274133205414	1.4106300794730e-18
3.8286399841309	1.4106300794730e-18
3.8298666477203	1.4106300794730e-18
3.8310933113098	1.4106300794730e-18
3.8323202133179	1.4106300794730e-18
3.8335468769073	1.4106300794730e-18
3.8347735404968	1.4106300794730e-18
3.8360004425049	1.4106300794730e-18
3.8372271060944	1.4106300794730e-18
3.8384537696838	1.4106300794730e-18
3.8396806716919	1.4106300794730e-18
3.8409073352814	1.4106300794730e-18
3.8421339988708	1.4106300794730e-18
3.8433606624603	1.4106300794730e-18
3.8445875644684	1.4106300794730e-18
3.8458142280579	1.4106300794730e-18
3.8470408916473	1.4106300794730e-18
3.8482677936554	1.4106300794730e-18
3.8494944572449	1.4106300794730e-18
3.8507211208344	1.4106300794730e-18
3.8519480228424	1.4106300794730e-18
3.8531746864319	1.4106300794730e-18
3.8544013500214	1.4106300794730e-18
3.8556280136108	1.4106300794730e-18
3.8568549156189	1.4106300794730e-18
3.8580815792084	1.4106300794730e-18
3.8593082427979	1.4106300794730e-18
3.8605351448059	1.4106300794730e-18
3.8617618083954	1.4106300794730e-18
3.8629884719849	1.4106300794730e-18
3.8642153739929	1.4106300794730e-18
3.8654420375824	1.4106300794730e-18
3.8666687011719	1.4106300794730e-18
3.8678953647614	1.4106300794730e-18
3.8691222667694	1.4106300794730e-18
3.8703489303589	1.4106300794730e-18
3.8715755939484	1.4106300794730e-18
3.8728024959564	1.4106300794730e-18
3.8740291595459	1.4106300794730e-18
3.8752558231354	1.4106300794730e-18
3.8764827251434	1.4106300794730e-18
3.8777093887329	1.4106300794730e-18
3.8789360523224	1.4106300794730e-18
3.8801627159119	1.4106300794730e-18
3.8813896179199	1.4106300794730e-18
3.8826162815094	1.4106300794730e-18
3.8838429450989	1.4106300794730e-18
3.8850698471069	1.4106300794730e-18
3.8862965106964	1.4106300794730e-18
3.8875231742859	1.4106300794730e-18
3.8887500762939	1.4106300794730e-18
3.8899767398834	1.4106300794730e-18
3.8912034034729	1.4106300794730e-18
3.8924300670624	1.4106300794730e-18
3.8936569690704	1.4106300794730e-18
3.8948836326599	1.4106300794730e-18
3.8961102962494	1.4106300794730e-18
3.8973371982574	1.4106300794730e-18
3.8985638618469	1.4106300794730e-18
3.8997905254364	1.4106300794730e-18
3.9010174274445	1.4106300794730e-18
3.9022440910339	1.4106300794730e-18
3.9034707546234	1.4106300794730e-18
3.9046974182129	1.4106300794730e-18
3.9059243202209	1.4106300794730e-18
3.9071509838104	1.4106300794730e-18
3.9083776473999	1.4106300794730e-18
3.9096045494080	1.4106300794730e-18
3.9108312129974	1.4106300794730e-18
3.9120578765869	1.4106300794730e-18
3.9132847785950	1.4106300794730e-18
3.9145114421844	1.4106300794730e-18
3.9157381057739	1.4106300794730e-18
3.9169647693634	1.4106300794730e-18
3.9181916713715	1.4106300794730e-18
3.9194183349609	1.4106300794730e-18
3.9206449985504	1.4106300794730e-18
3.9218719005585	1.4106300794730e-18
3.9230985641479	1.4106300794730e-18
3.9243252277374	1.4106300794730e-18
3.9255521297455	1.4106300794730e-18
3.9267787933350	1.4106300794730e-18
3.9280054569244	1.4106300794730e-18
3.9292321205139	1.4106300794730e-18
3.9304590225220	1.4106300794730e-18
3.9316856861115	1.4106300794730e-18
3.9329123497009	1.4106300794730e-18
3.9341392517090	1.4106300794730e-18
3.9353659152985	1.4106300794730e-18
3.9365925788879	1.4106300794730e-18
3.9378194808960	1.4106300794730e-18
3.9390461444855	1.4106300794730e-18
3.9402728080750	1.4106300794730e-18
3.9414994716644	1.4106300794730e-18
3.9427263736725	1.4106300794730e-18
3.9439530372620	1.4106300794730e-18
3.9451797008514	1.4106300794730e-18
3.9464066028595	1.4106300794730e-18
3.9476332664490	1.4106300794730e-18
3.9488599300385	1.4106300794730e-18
3.9500868320465	1.4106300794730e-18
3.9513134956360	1.4106300794730e-18
3.9525401592255	1.4106300794730e-18
3.9537668228149	1.4106300794730e-18
3.9549937248230	1.4106300794730e-18
3.9562203884125	1.4106300794730e-18
3.9574470520020	1.4106300794730e-18
3.9586739540100	1.4106300794730e-18
3.9599006175995	1.4106300794730e-18
3.9611272811890	1.4106300794730e-18
3.9623541831970	1.4106300794730e-18
3.9635808467865	1.4106300794730e-18
3.9648075103760	1.4106300794730e-18
3.9660341739655	1.4106300794730e-18
3.9672610759735	1.4106300794730e-18
3.9684877395630	1.4106300794730e-18
3.9697144031525	1.4106300794730e-18
3.9709413051605	1.4106300794730e-18
3.9721679687500	1.4106300794730e-18
3.9733946323395	1.4106300794730e-18
3.9746215343475	1.4106300794730e-18
3.9758481979370	1.4106300794730e-18
3.9770748615265	1.4106300794730e-18
3.9783015251160	1.4106300794730e-18
3.9795284271240	1.4106300794730e-18
3.9807550907135	1.4106300794730e-18
3.9819817543030	1.4106300794730e-18
3.9832086563110	1.4106300794730e-18
3.9844353199005	1.4106300794730e-18
3.9856619834900	1.4106300794730e-18
3.9868888854980	1.4106300794730e-18
3.9881155490875	1.4106300794730e-18
3.9893422126770	1.4106300794730e-18
3.9905688762665	1.4106300794730e-18
3.9917957782745	1.4106300794730e-18
3.9930224418640	1.4106300794730e-18
3.9942491054535	1.4106300794730e-18
3.9954760074615	1.4106300794730e-18
3.9967026710510	1.4106300794730e-18
3.9979293346405	1.4106300794730e-18
3.9991562366486	1.4106300794730e-18
4.0003829002380	1.4106300794730e-18
4.0016098022461	1.4106300794730e-18
4.0028362274170	1.4106300794730e-18
4.0040631294250	1.4106300794730e-18
4.0052895545959	1.4106300794730e-18
4.0065164566040	1.4106300794730e-18
4.0077433586121	1.4106300794730e-18
4.0089697837830	1.4106300794730e-18
4.0101966857910	1.4106300794730e-18
4.0114235877991	1.4106300794730e-18
4.0126500129700	1.4106300794730e-18
4.0138769149780	1.4106300794730e-18
4.0151038169861	1.4106300794730e-18
4.0163302421570	1.4106300794730e-18
4.0175571441650	1.4106300794730e-18
4.0187840461731	1.4106300794730e-18
4.0200104713440	1.4106300794730e-18
4.0212373733521	1.4106300794730e-18
4.0224642753601	1.4106300794730e-18
4.0236907005310	1.4106300794730e-18
4.0249176025391	1.4106300794730e-18
4.0261445045471	1.4106300794730e-18
4.0273709297180	1.4106300794730e-18
4.0285978317261	1.4106300794730e-18
4.0298242568970	1.4106300794730e-18
4.0310511589050	1.4106300794730e-18
4.0322780609131	1.4106300794730e-18
4.0335044860840	1.4106300794730e-18
4.0347313880920	1.4106300794730e-18
4.0359582901001	1.4106300794730e-18
4.0371847152710	1.4106300794730e-18
4.0384116172791	1.4106300794730e-18
4.0396385192871	1.4106300794730e-18
4.0408649444580	1.4106300794730e-18
4.0420918464661	1.4106300794730e-18
4.0433187484741	1.4106300794730e-18
4.0445451736450	1.4106300794730e-18
4.0457720756531	1.4106300794730e-18
4.0469989776611	1.4106300794730e-18
4.0482254028320	1.4106300794730e-18
4.0494523048401	1.4106300794730e-18
4.0506792068481	1.4106300794730e-18
4.0519056320190	1.4106300794730e-18
4.0531325340271	1.4106300794730e-18
4.0543589591980	1.4106300794730e-18
4.0555858612061	1.4106300794730e-18
4.0568127632141	1.4106300794730e-18
4.0580391883850	1.4106300794730e-18
4.0592660903931	1.4106300794730e-18
4.0604929924011	1.4106300794730e-18
4.0617194175720	1.4106300794730e-18
4.0629463195801	1.4106300794730e-18
4.0641732215881	1.4106300794730e-18
4.0653996467590	1.4106300794730e-18
4.0666265487671	1.4106300794730e-18
4.0678534507751	1.4106300794730e-18
4.0690798759460	1.4106300794730e-18
4.0703067779541	1.4106300794730e-18
4.0715336799622	1.4106300794730e-18
4.0727601051331	1.4106300794730e-18
4.0739870071411	1.4106300794730e-18
4.0752139091492	1.4106300794730e-18
4.0764403343201	1.4106300794730e-18
4.0776672363281	1.4106300794730e-18
4.0788936614990	1.4106300794730e-18
4.0801205635071	1.4106300794730e-18
4.0813474655151	1.4106300794730e-18
4.0825738906860	1.4106300794730e-18
4.0838007926941	1.4106300794730e-18
4.0850276947021	1.4106300794730e-18
4.0862541198730	1.4106300794730e-18
4.0874810218811	1.4106300794730e-18
4.0887079238892	1.4106300794730e-18
4.0899343490601	1.4106300794730e-18
4.0911612510681	1.4106300794730e-18
4.0923881530762	1.4106300794730e-18
4.0936145782471	1.4106300794730e-18
4.0948414802551	1.4106300794730e-18
4.0960683822632	1.4106300794730e-18
4.0972948074341	1.4106300794730e-18
4.0985217094421	1.4106300794730e-18
4.0997486114502	1.4106300794730e-18
4.1009750366211	1.4106300794730e-18
4.1022019386292	1.4106300794730e-18
4.1034283638000	1.4106300794730e-18
4.1046552658081	1.4106300794730e-18
4.1058821678162	1.4106300794730e-18
4.1071085929871	1.4106300794730e-18
4.1083354949951	1.4106300794730e-18
4.1095623970032	1.4106300794730e-18
4.1107888221741	1.4106300794730e-18
4.1120157241821	1.4106300794730e-18
4.1132426261902	1.4106300794730e-18
4.1144690513611	1.4106300794730e-18
4.1156959533691	1.4106300794730e-18
4.1169228553772	1.4106300794730e-18
4.1181492805481	1.4106300794730e-18
4.1193761825562	1.4106300794730e-18
4.1206030845642	1.4106300794730e-18
4.1218295097351	1.4106300794730e-18
4.1230564117432	1.4106300794730e-18
4.1242833137512	1.4106300794730e-18
4.1255097389221	1.4106300794730e-18
4.1267366409302	1.4106300794730e-18
4.1279630661011	1.4106300794730e-18
4.1291899681091	1.4106300794730e-18
4.1304168701172	1.4106300794730e-18
4.1316432952881	1.4106300794730e-18
4.1328701972961	1.4106300794730e-18
4.1340970993042	1.4106300794730e-18
4.1353235244751	1.4106300794730e-18
4.1365504264832	1.4106300794730e-18
4.1377773284912	1.4106300794730e-18
4.1390037536621	1.4106300794730e-18
4.1402306556702	1.4106300794730e-18
4.1414575576782	1.4106300794730e-18
4.1426839828491	1.4106300794730e-18
4.1439108848572	1.4106300794730e-18
4.1451377868652	1.4106300794730e-18
4.1463642120361	1.4106300794730e-18
4.1475911140442	1.4106300794730e-18
4.1488180160522	1.4106300794730e-18
4.1500444412231	1.4106300794730e-18
4.1512713432312	1.4106300794730e-18
4.1524977684021	1.4106300794730e-18
4.1537246704102	1.4106300794730e-18
4.1549515724182	1.4106300794730e-18
4.1561779975891	1.4106300794730e-18
4.1574048995972	1.4106300794730e-18
4.1586318016052	1.4106300794730e-18
4.1598582267761	1.4106300794730e-18
4.1610851287842	1.4106300794730e-18
4.1623120307922	1.4106300794730e-18
4.1635384559631	1.4106300794730e-18
4.1647653579712	1.4106300794730e-18
4.1659922599792	1.4106300794730e-18
4.1672186851501	1.4106300794730e-18
4.1684455871582	1.4106300794730e-18
4.1696724891663	1.4106300794730e-18
4.1708989143372	1.4106300794730e-18
4.1721258163452	1.4106300794730e-18
4.1733527183533	1.4106300794730e-18
4.1745791435242	1.4106300794730e-18
4.1758060455322	1.4106300794730e-18
4.1770324707031	1.4106300794730e-18
4.1782593727112	1.4106300794730e-18
4.1794862747192	1.4106300794730e-18
4.1807126998901	1.4106300794730e-18
4.1819396018982	1.4106300794730e-18
4.1831665039062	1.4106300794730e-18
4.1843929290771	1.4106300794730e-18
4.1856198310852	1.4106300794730e-18
4.1868467330933	1.4106300794730e-18
4.1880731582642	1.4106300794730e-18
4.1893000602722	1.4106300794730e-18
4.1905269622803	1.4106300794730e-18
4.1917533874512	1.4106300794730e-18
4.1929802894592	1.4106300794730e-18
4.1942071914673	1.4106300794730e-18
4.1954336166382	1.4106300794730e-18
4.1966605186462	1.4106300794730e-18
4.1978874206543	1.4106300794730e-18
4.1991138458252	1.4106300794730e-18
4.2003407478333	1.4106300794730e-18
4.2015671730042	1.4106300794730e-18
4.2027940750122	1.4106300794730e-18
4.2040209770203	1.4106300794730e-18
4.2052474021912	1.4106300794730e-18
4.2064743041992	1.4106300794730e-18
4.2077012062073	1.4106300794730e-18
4.2089276313782	1.4106300794730e-18
4.2101545333862	1.4106300794730e-18
4.2113814353943	1.4106300794730e-18
4.2126078605652	1.4106300794730e-18
4.2138347625732	1.4106300794730e-18
4.2150616645813	1.4106300794730e-18
4.2162880897522	1.4106300794730e-18
4.2175149917603	1.4106300794730e-18
4.2187418937683	1.4106300794730e-18
4.2199683189392	1.4106300794730e-18
4.2211952209473	1.4106300794730e-18
4.2224221229553	1.4106300794730e-18
4.2236485481262	1.4106300794730e-18
4.2248754501343	1.4106300794730e-18
4.2261018753052	1.4106300794730e-18
4.2273287773132	1.4106300794730e-18
4.2285556793213	1.4106300794730e-18
4.2297821044922	1.4106300794730e-18
4.2310090065002	1.4106300794730e-18
4.2322359085083	1.4106300794730e-18
4.2334623336792	1.4106300794730e-18
4.2346892356873	1.4106300794730e-18
4.2359161376953	1.4106300794730e-18
4.2371425628662	1.4106300794730e-18
4.2383694648743	1.4106300794730e-18
4.2395963668823	1.4106300794730e-18
4.2408227920532	1.4106300794730e-18
4.2420496940613	1.4106300794730e-18
4.2432765960693	1.4106300794730e-18
4.2445030212402	1.4106300794730e-18
4.2457299232483	1.4106300794730e-18
4.2469568252563	1.4106300794730e-18
4.2481832504272	1.4106300794730e-18
4.2494101524353	1.4106300794730e-18
4.2506365776062	1.4106300794730e-18
4.2518634796143	1.4106300794730e-18
4.2530903816223	1.4106300794730e-18
4.2543168067932	1.4106300794730e-18
4.2555437088013	1.4106300794730e-18
4.2567706108093	1.4106300794730e-18
4.2579970359802	1.4106300794730e-18
4.2592239379883	1.4106300794730e-18
4.2604508399963	1.4106300794730e-18
4.2616772651672	1.4106300794730e-18
4.2629041671753	1.4106300794730e-18
4.2641310691833	1.4106300794730e-18
4.2653574943542	1.4106300794730e-18
4.2665843963623	1.4106300794730e-18
4.2678112983704	1.4106300794730e-18
4.2690377235413	1.4106300794730e-18
4.2702646255493	1.4106300794730e-18
4.2714910507202	1.4106300794730e-18
4.2727179527283	1.4106300794730e-18
4.2739448547363	1.4106300794730e-18
4.2751712799072	1.4106300794730e-18
4.2763981819153	1.4106300794730e-18
4.2776250839233	1.4106300794730e-18
4.2788515090942	1.4106300794730e-18
4.2800784111023	1.4106300794730e-18
4.2813053131104	1.4106300794730e-18
4.2825317382812	1.4106300794730e-18
4.2837586402893	1.4106300794730e-18
4.2849855422974	1.4106300794730e-18
4.2862119674683	1.4106300794730e-18
4.2874388694763	1.4106300794730e-18
4.2886657714844	1.4106300794730e-18
4.2898921966553	1.4106300794730e-18
4.2911190986633	1.4106300794730e-18
4.2923460006714	1.4106300794730e-18
4.2935724258423	1.4106300794730e-18
4.2947993278503	1.4106300794730e-18
4.2960257530212	1.4106300794730e-18
4.2972526550293	1.4106300794730e-18
4.2984795570374	1.4106300794730e-18
4.2997059822083	1.4106300794730e-18
4.3009328842163	1.4106300794730e-18
4.3021597862244	1.4106300794730e-18
4.3033862113953	1.4106300794730e-18
4.3046131134033	1.4106300794730e-18
4.3058400154114	1.4106300794730e-18
4.3070664405823	1.4106300794730e-18
4.3082933425903	1.4106300794730e-18
4.3095202445984	1.4106300794730e-18
4.3107466697693	1.4106300794730e-18
4.3119735717773	1.4106300794730e-18
4.3132004737854	1.4106300794730e-18
4.3144268989563	1.4106300794730e-18
4.3156538009644	1.4106300794730e-18
4.3168807029724	1.4106300794730e-18
4.3181071281433	1.4106300794730e-18
4.3193340301514	1.4106300794730e-18
4.3205604553223	1.4106300794730e-18
4.3217873573303	1.4106300794730e-18
4.3230142593384	1.4106300794730e-18
4.3242406845093	1.4106300794730e-18
4.3254675865173	1.4106300794730e-18
4.3266944885254	1.4106300794730e-18
4.3279209136963	1.4106300794730e-18
4.3291478157043	1.4106300794730e-18
4.3303747177124	1.4106300794730e-18
4.3316011428833	1.4106300794730e-18
4.3328280448914	1.4106300794730e-18
4.3340549468994	1.4106300794730e-18
4.3352813720703	1.4106300794730e-18
4.3365082740784	1.4106300794730e-18
4.3377351760864	1.4106300794730e-18
4.3389616012573	1.4106300794730e-18
4.3401885032654	1.4106300794730e-18
4.3414154052734	1.4106300794730e-18
4.3426418304443	1.4106300794730e-18
4.3438687324524	1.4106300794730e-18
4.3450951576233	1.4106300794730e-18
4.3463220596313	1.4106300794730e-18
4.3475489616394	1.4106300794730e-18
4.3487753868103	1.4106300794730e-18
4.3500022888184	1.4106300794730e-18
4.3512291908264	1.4106300794730e-18
4.3524556159973	1.4106300794730e-18
4.3536825180054	1.4106300794730e-18
4.3549094200134	1.4106300794730e-18
4.3561358451843	1.4106300794730e-18
4.3573627471924	1.4106300794730e-18
4.3585896492004	1.4106300794730e-18
4.3598160743713	1.4106300794730e-18
4.3610429763794	1.4106300794730e-18
4.3622698783875	1.4106300794730e-18
4.3634963035583	1.4106300794730e-18
4.3647232055664	1.4106300794730e-18
4.3659501075745	1.4106300794730e-18
4.3671765327454	1.4106300794730e-18
4.3684034347534	1.4106300794730e-18
4.3696298599243	1.4106300794730e-18
4.3708567619324	1.4106300794730e-18
4.3720836639404	1.4106300794730e-18
4.3733100891113	1.4106300794730e-18
4.3745369911194	1.4106300794730e-18
4.3757638931274	1.4106300794730e-18
4.3769903182983	1.4106300794730e-18
4.3782172203064	1.4106300794730e-18
4.3794441223145	1.4106300794730e-18
4.3806705474854	1.4106300794730e-18
4.3818974494934	1.4106300794730e-18
4.3831243515015	1.4106300794730e-18
4.3843507766724	1.4106300794730e-18
4.3855776786804	1.4106300794730e-18
4.3868045806885	1.4106300794730e-18
4.3880310058594	1.4106300794730e-18
4.3892579078674	1.4106300794730e-18
4.3904848098755	1.4106300794730e-18
4.3917112350464	1.4106300794730e-18
4.3929381370544	1.4106300794730e-18
4.3941645622253	1.4106300794730e-18
4.3953914642334	1.4106300794730e-18
4.3966183662415	1.4106300794730e-18
4.3978447914124	1.4106300794730e-18
4.3990716934204	1.4106300794730e-18
4.4002985954285	1.4106300794730e-18
4.4015250205994	1.4106300794730e-18
4.4027519226074	1.4106300794730e-18
4.4039788246155	1.4106300794730e-18
4.4052052497864	1.4106300794730e-18
4.4064321517944	1.4106300794730e-18
4.4076590538025	1.4106300794730e-18
4.4088854789734	1.4106300794730e-18
4.4101123809814	1.4106300794730e-18
4.4113392829895	1.4106300794730e-18
4.4125657081604	1.4106300794730e-18
4.4137926101685	1.4106300794730e-18
4.4150195121765	1.4106300794730e-18
4.4162459373474	1.4106300794730e-18
4.4174728393555	1.4106300794730e-18
4.4186992645264	1.4106300794730e-18
4.4199261665344	1.4106300794730e-18
4.4211530685425	1.4106300794730e-18
4.4223794937134	1.4106300794730e-18
4.4236063957214	1.4106300794730e-18
4.4248332977295	1.4106300794730e-18
4.4260597229004	1.4106300794730e-18
4.4272866249084	1.4106300794730e-18
4.4285135269165	1.4106300794730e-18
4.4297399520874	1.4106300794730e-18
4.4309668540955	1.4106300794730e-18
4.4321937561035	1.4106300794730e-18
4.4334201812744	1.4106300794730e-18
4.4346470832825	1.4106300794730e-18
4.4358739852905	1.4106300794730e-18
4.4371004104614	1.4106300794730e-18
4.4383273124695	1.4106300794730e-18
4.4395542144775	1.4106300794730e-18
4.4407806396484	1.4106300794730e-18
4.4420075416565	1.4106300794730e-18
4.4432339668274	1.4106300794730e-18
4.4444608688354	1.4106300794730e-18
4.4456877708435	1.4106300794730e-18
4.4469141960144	1.4106300794730e-18
4.4481410980225	1.4106300794730e-18
4.4493680000305	1.4106300794730e-18
4.4505944252014	1.4106300794730e-18
4.4518213272095	1.4106300794730e-18
4.4530482292175	1.4106300794730e-18
4.4542746543884	1.4106300794730e-18
4.4555015563965	1.4106300794730e-18
4.4567284584045	1.4106300794730e-18
4.4579548835754	1.4106300794730e-18
4.4591817855835	1.4106300794730e-18
4.4604086875916	1.4106300794730e-18
4.4616351127625	1.4106300794730e-18
4.4628620147705	1.4106300794730e-18
4.4640889167786	1.4106300794730e-18
4.4653153419495	1.4106300794730e-18
4.4665422439575	1.4106300794730e-18
4.4677686691284	1.4106300794730e-18
4.4689955711365	1.4106300794730e-18
4.4702224731445	1.4106300794730e-18
4.4714488983154	1.4106300794730e-18
4.4726758003235	1.4106300794730e-18
4.4739027023315	1.4106300794730e-18
4.4751291275024	1.4106300794730e-18
4.4763560295105	1.4106300794730e-18
4.4775829315186	1.4106300794730e-18
4.4788093566895	1.4106300794730e-18
4.4800362586975	1.4106300794730e-18
4.4812631607056	1.4106300794730e-18
4.4824895858765	1.4106300794730e-18
4.4837164878845	1.4106300794730e-18
4.4849433898926	1.4106300794730e-18
4.4861698150635	1.4106300794730e-18
4.4873967170715	1.4106300794730e-18
4.4886236190796	1.4106300794730e-18
4.4898500442505	1.4106300794730e-18
4.4910769462585	1.4106300794730e-18
4.4923033714294	1.4106300794730e-18
4.4935302734375	1.4106300794730e-18
4.4947571754456	1.4106300794730e-18
4.4959836006165	1.4106300794730e-18
4.4972105026245	1.4106300794730e-18
4.4984374046326	1.4106300794730e-18
4.4996638298035	1.4106300794730e-18
4.5008907318115	1.4106300794730e-18
4.5021176338196	1.4106300794730e-18
4.5033440589905	1.4106300794730e-18
4.5045709609985	1.4106300794730e-18
4.5057978630066	1.4106300794730e-18
4.5070242881775	1.4106300794730e-18
4.5082511901855	1.4106300794730e-18
4.5094780921936	1.4106300794730e-18
4.5107045173645	1.4106300794730e-18
4.5119314193726	1.4106300794730e-18
4.5131583213806	1.4106300794730e-18
4.5143847465515	1.4106300794730e-18
4.5156116485596	1.4106300794730e-18
4.5168380737305	1.4106300794730e-18
4.5180649757385	1.4106300794730e-18
4.5192918777466	1.4106300794730e-18
4.5205183029175	1.4106300794730e-18
4.5217452049255	1.4106300794730e-18
4.5229721069336	1.4106300794730e-18
4.5241985321045	1.4106300794730e-18
4.5254254341125	1.4106300794730e-18
4.5266523361206	1.4106300794730e-18
4.5278787612915	1.4106300794730e-18
4.5291056632996	1.4106300794730e-18
4.5303325653076	1.4106300794730e-18
4.5315589904785	1.4106300794730e-18
4.5327858924866	1.4106300794730e-18
4.5340127944946	1.4106300794730e-18
4.5352392196655	1.4106300794730e-18
4.5364661216736	1.4106300794730e-18
4.5376925468445	1.4106300794730e-18
4.5389194488525	1.4106300794730e-18
4.5401463508606	1.4106300794730e-18
4.5413727760315	1.4106300794730e-18
4.5425996780396	1.4106300794730e-18
4.5438265800476	1.4106300794730e-18
4.5450530052185	1.4106300794730e-18
4.5462799072266	1.4106300794730e-18
4.5475068092346	1.4106300794730e-18
4.5487332344055	1.4106300794730e-18
4.5499601364136	1.4106300794730e-18
4.5511870384216	1.4106300794730e-18
4.5524134635925	1.4106300794730e-18
4.5536403656006	1.4106300794730e-18
4.5548672676086	1.4106300794730e-18
4.5560936927795	1.4106300794730e-18
4.5573205947876	1.4106300794730e-18
4.5585474967957	1.4106300794730e-18
4.5597739219666	1.4106300794730e-18
4.5610008239746	1.4106300794730e-18
4.5622272491455	1.4106300794730e-18
4.5634541511536	1.4106300794730e-18
4.5646810531616	1.4106300794730e-18
4.5659074783325	1.4106300794730e-18
4.5671343803406	1.4106300794730e-18
4.5683612823486	1.4106300794730e-18
4.5695877075195	1.4106300794730e-18
4.5708146095276	1.4106300794730e-18
4.5720415115356	1.4106300794730e-18
4.5732679367065	1.4106300794730e-18
4.5744948387146	1.4106300794730e-18
4.5757217407227	1.4106300794730e-18
4.5769481658936	1.4106300794730e-18
4.5781750679016	1.4106300794730e-18
4.5794019699097	1.4106300794730e-18
4.5806283950806	1.4106300794730e-18
4.5818552970886	1.4106300794730e-18
4.5830821990967	1.4106300794730e-18
4.5843086242676	1.4106300794730e-18
4.5855355262756	1.4106300794730e-18
4.5867619514465	1.4106300794730e-18
4.5879888534546	1.4106300794730e-18
4.5892157554626	1.4106300794730e-18
4.5904421806335	1.4106300794730e-18
4.5916690826416	1.4106300794730e-18
4.5928959846497	1.4106300794730e-18
4.5941224098206	1.4106300794730e-18
4.5953493118286	1.4106300794730e-18
4.5965762138367	1.4106300794730e-18
4.5978026390076	1.4106300794730e-18
4.5990295410156	1.4106300794730e-18
4.6002564430237	1.4106300794730e-18
4.6014828681946	1.4106300794730e-18
4.6027097702026	1.4106300794730e-18
4.6039366722107	1.4106300794730e-18
4.6051630973816	1.4106300794730e-18
4.6063899993896	1.4106300794730e-18
4.6076169013977	1.4106300794730e-18
4.6088433265686	1.4106300794730e-18
4.6100702285767	1.4106300794730e-18
4.6112966537476	1.4106300794730e-18
4.6125235557556	1.4106300794730e-18
4.6137504577637	1.4106300794730e-18
4.6149768829346	1.4106300794730e-18
4.6162037849426	1.4106300794730e-18
4.6174306869507	1.4106300794730e-18
4.6186571121216	1.4106300794730e-18
4.6198840141296	1.4106300794730e-18
4.6211109161377	1.4106300794730e-18
4.6223373413086	1.4106300794730e-18
4.6235642433167	1.4106300794730e-18
4.6247911453247	1.4106300794730e-18
4.6260175704956	1.4106300794730e-18
4.6272444725037	1.4106300794730e-18
4.6284713745117	1.4106300794730e-18
4.6296977996826	1.4106300794730e-18
4.6309247016907	1.4106300794730e-18
4.6321516036987	1.4106300794730e-18
4.6333780288696	1.4106300794730e-18
4.6346049308777	1.4106300794730e-18
4.6358313560486	1.4106300794730e-18
4.6370582580566	1.4106300794730e-18
4.6382851600647	1.4106300794730e-18
4.6395115852356	1.4106300794730e-18
4.6407384872437	1.4106300794730e-18
4.6419653892517	1.4106300794730e-18
4.6431918144226	1.4106300794730e-18
4.6444187164307	1.4106300794730e-18
4.6456456184387	1.4106300794730e-18
4.6468720436096	1.4106300794730e-18
4.6480989456177	1.4106300794730e-18
4.6493258476257	1.4106300794730e-18
4.6505522727966	1.4106300794730e-18
4.6517791748047	1.4106300794730e-18
4.6530060768127	1.4106300794730e-18
4.6542325019836	1.4106300794730e-18
4.6554594039917	1.4106300794730e-18
4.6566863059998	1.4106300794730e-18
4.6579127311707	1.4106300794730e-18
4.6591396331787	1.4106300794730e-18
4.6603660583496	1.4106300794730e-18
4.6615929603577	1.4106300794730e-18
4.6628198623657	1.4106300794730e-18
4.6640462875366	1.4106300794730e-18
4.6652731895447	1.4106300794730e-18
4.6665000915527	1.4106300794730e-18
4.6677265167236	1.4106300794730e-18
4.6689534187317	1.4106300794730e-18
4.6701803207397	1.4106300794730e-18
4.6714067459106	1.4106300794730e-18
4.6726336479187	1.4106300794730e-18
4.6738605499268	1.4106300794730e-18
4.6750869750977	1.4106300794730e-18
4.6763138771057	1.4106300794730e-18
4.6775407791138	1.4106300794730e-18
4.6787672042847	1.4106300794730e-18
4.6799941062927	1.4106300794730e-18
4.6812210083008	1.4106300794730e-18
4.6824474334717	1.4106300794730e-18
4.6836743354797	1.4106300794730e-18
4.6849007606506	1.4106300794730e-18
4.6861276626587	1.4106300794730e-18
4.6873545646667	1.4106300794730e-18
4.6885809898376	1.4106300794730e-18
4.6898078918457	1.4106300794730e-18
4.6910347938538	1.4106300794730e-18
4.6922612190247	1.4106300794730e-18
4.6934881210327	1.4106300794730e-18
4.6947150230408	1.4106300794730e-18
4.6959414482117	1.4106300794730e-18
4.6971683502197	1.4106300794730e-18
4.6983952522278	1.4106300794730e-18
4.6996216773987	1.4106300794730e-18
4.7008485794067	1.4106300794730e-18
4.7020754814148	1.4106300794730e-18
4.7033019065857	1.4106300794730e-18
4.7045288085938	1.4106300794730e-18
4.7057557106018	1.4106300794730e-18
4.7069821357727	1.4106300794730e-18
4.7082090377808	1.4106300794730e-18
4.7094354629517	1.4106300794730e-18
4.7106623649597	1.4106300794730e-18
4.7118892669678	1.4106300794730e-18
4.7131156921387	1.4106300794730e-18
4.7143425941467	1.4106300794730e-18
4.7155694961548	1.4106300794730e-18
4.7167959213257	1.4106300794730e-18
4.7180228233337	1.4106300794730e-18
4.7192497253418	1.4106300794730e-18
4.7204761505127	1.4106300794730e-18
4.7217030525208	1.4106300794730e-18
4.7229299545288	1.4106300794730e-18
4.7241563796997	1.4106300794730e-18
4.7253832817078	1.4106300794730e-18
4.7266101837158	1.4106300794730e-18
4.7278366088867	1.4106300794730e-18
4.7290635108948	1.4106300794730e-18
4.7302904129028	1.4106300794730e-18
4.7315168380737	1.4106300794730e-18
4.7327437400818	1.4106300794730e-18
4.7339701652527	1.4106300794730e-18
4.7351970672607	1.4106300794730e-18
4.7364239692688	1.4106300794730e-18
4.7376503944397	1.4106300794730e-18
4.7388772964478	1.4106300794730e-18
4.7401041984558	1.4106300794730e-18
4.7413306236267	1.4106300794730e-18
4.7425575256348	1.4106300794730e-18
4.7437844276428	1.4106300794730e-18
4.7450108528137	1.4106300794730e-18
4.7462377548218	1.4106300794730e-18
4.7474646568298	1.4106300794730e-18
4.7486910820007	1.4106300794730e-18
4.7499179840088	1.4106300794730e-18
4.7511448860168	1.4106300794730e-18
4.7523713111877	1.4106300794730e-18
4.7535982131958	1.4106300794730e-18
4.7548251152039	1.4106300794730e-18
4.7560515403748	1.4106300794730e-18
4.7572784423828	1.4106300794730e-18
4.7585048675537	1.4106300794730e-18
4.7597317695618	1.4106300794730e-18
4.7609586715698	1.4106300794730e-18
4.7621850967407	1.4106300794730e-18
4.7634119987488	1.4106300794730e-18
4.7646389007568	1.4106300794730e-18
4.7658653259277	1.4106300794730e-18
4.7670922279358	1.4106300794730e-18
4.7683191299438	1.4106300794730e-18
4.7695455551147	1.4106300794730e-18
4.7707724571228	1.4106300794730e-18
4.7719993591309	1.4106300794730e-18
4.7732257843018	1.4106300794730e-18
4.7744526863098	1.4106300794730e-18
4.7756795883179	1.4106300794730e-18
4.7769060134888	1.4106300794730e-18
4.7781329154968	1.4106300794730e-18
4.7793598175049	1.4106300794730e-18
4.7805862426758	1.4106300794730e-18
4.7818131446838	1.4106300794730e-18
4.7830395698547	1.4106300794730e-18
4.7842664718628	1.4106300794730e-18
4.7854933738708	1.4106300794730e-18
4.7867197990417	1.4106300794730e-18
4.7879467010498	1.4106300794730e-18
4.7891736030579	1.4106300794730e-18
4.7904000282288	1.4106300794730e-18
4.7916269302368	1.4106300794730e-18
4.7928538322449	1.4106300794730e-18
4.7940802574158	1.4106300794730e-18
4.7953071594238	1.4106300794730e-18
4.7965340614319	1.4106300794730e-18
4.7977604866028	1.4106300794730e-18
4.7989873886108	1.4106300794730e-18
4.8002142906189	1.4106300794730e-18
4.8014407157898	1.4106300794730e-18
4.8026676177979	1.4106300794730e-18
4.8038940429688	1.4106300794730e-18
4.8051209449768	1.4106300794730e-18
4.8063478469849	1.4106300794730e-18
4.8075742721558	1.4106300794730e-18
4.8088011741638	1.4106300794730e-18
4.8100280761719	1.4106300794730e-18
4.8112545013428	1.4106300794730e-18
4.8124814033508	1.4106300794730e-18
4.8137083053589	1.4106300794730e-18
4.8149347305298	1.4106300794730e-18
4.8161616325378	1.4106300794730e-18
4.8173885345459	1.4106300794730e-18
4.8186149597168	1.4106300794730e-18
4.8198418617249	1.4106300794730e-18
4.8210687637329	1.4106300794730e-18
4.8222951889038	1.4106300794730e-18
4.8235220909119	1.4106300794730e-18
4.8247489929199	1.4106300794730e-18
4.8259754180908	1.4106300794730e-18
4.8272023200989	1.4106300794730e-18
4.8284287452698	1.4106300794730e-18
4.8296556472778	1.4106300794730e-18
4.8308825492859	1.4106300794730e-18
4.8321089744568	1.4106300794730e-18
4.8333358764648	1.4106300794730e-18
4.8345627784729	1.4106300794730e-18
4.8357892036438	1.4106300794730e-18
4.8370161056519	1.4106300794730e-18
4.8382430076599	1.4106300794730e-18
4.8394694328308	1.4106300794730e-18
4.8406963348389	1.4106300794730e-18
4.8419232368469	1.4106300794730e-18
4.8431496620178	1.4106300794730e-18
4.8443765640259	1.4106300794730e-18
4.8456034660339	1.4106300794730e-18
4.8468298912048	1.4106300794730e-18
4.8480567932129	1.4106300794730e-18
4.8492836952209	1.4106300794730e-18
4.8505101203918	1.4106300794730e-18
4.8517370223999	1.4106300794730e-18
4.8529634475708	1.4106300794730e-18
4.8541903495789	1.4106300794730e-18
4.8554172515869	1.4106300794730e-18
4.8566436767578	1.4106300794730e-18
4.8578705787659	1.4106300794730e-18
4.8590974807739	1.4106300794730e-18
4.8603239059448	1.4106300794730e-18
4.8615508079529	1.4106300794730e-18
4.8627777099609	1.4106300794730e-18
4.8640041351318	1.4106300794730e-18
4.8652310371399	1.4106300794730e-18
4.8664579391479	1.4106300794730e-18
4.8676843643188	1.4106300794730e-18
4.8689112663269	1.4106300794730e-18
4.8701381683350	1.4106300794730e-18
4.8713645935059	1.4106300794730e-18
4.8725914955139	1.4106300794730e-18
4.8738183975220	1.4106300794730e-18
4.8750448226929	1.4106300794730e-18
4.8762717247009	1.4106300794730e-18
4.8774981498718	1.4106300794730e-18
4.8787250518799	1.4106300794730e-18
4.8799519538879	1.4106300794730e-18
4.8811783790588	1.4106300794730e-18
4.8824052810669	1.4106300794730e-18
4.8836321830750	1.4106300794730e-18
4.8848586082458	1.4106300794730e-18
4.8860855102539	1.4106300794730e-18
4.8873124122620	1.4106300794730e-18
4.8885388374329	1.4106300794730e-18
4.8897657394409	1.4106300794730e-18
4.8909926414490	1.4106300794730e-18
4.8922190666199	1.4106300794730e-18
4.8934459686279	1.4106300794730e-18
4.8946728706360	1.4106300794730e-18
4.8958992958069	1.4106300794730e-18
4.8971261978149	1.4106300794730e-18
4.8983530998230	1.4106300794730e-18
4.8995795249939	1.4106300794730e-18
4.9008064270020	1.4106300794730e-18
4.9020328521729	1.4106300794730e-18
4.9032597541809	1.4106300794730e-18
4.9044866561890	1.4106300794730e-18
4.9057130813599	1.4106300794730e-18
4.9069399833679	1.4106300794730e-18
4.9081668853760	1.4106300794730e-18
4.9093933105469	1.4106300794730e-18
4.9106202125549	1.4106300794730e-18
4.9118471145630	1.4106300794730e-18
4.9130735397339	1.4106300794730e-18
4.9143004417419	1.4106300794730e-18
4.9155273437500	1.4106300794730e-18
4.9167537689209	1.4106300794730e-18
4.9179806709290	1.4106300794730e-18
4.9192075729370	1.4106300794730e-18
4.9204339981079	1.4106300794730e-18
4.9216609001160	1.4106300794730e-18
4.9228878021240	1.4106300794730e-18
4.9241142272949	1.4106300794730e-18
4.9253411293030	1.4106300794730e-18
4.9265675544739	1.4106300794730e-18
4.9277944564819	1.4106300794730e-18
4.9290213584900	1.4106300794730e-18
4.9302477836609	1.4106300794730e-18
4.9314746856689	1.4106300794730e-18
4.9327015876770	1.4106300794730e-18
4.9339280128479	1.4106300794730e-18
4.9351549148560	1.4106300794730e-18
4.9363818168640	1.4106300794730e-18
4.9376082420349	1.4106300794730e-18
4.9388351440430	1.4106300794730e-18
4.9400620460510	1.4106300794730e-18
4.9412884712219	1.4106300794730e-18
4.9425153732300	1.4106300794730e-18
4.9437422752380	1.4106300794730e-18
4.9449687004089	1.4106300794730e-18
4.9461956024170	1.4106300794730e-18
4.9474225044250	1.4106300794730e-18
4.9486489295959	1.4106300794730e-18
4.9498758316040	1.4106300794730e-18
4.9511022567749	1.4106300794730e-18
4.9523291587830	1.4106300794730e-18
4.9535560607910	1.4106300794730e-18
4.9547824859619	1.4106300794730e-18
4.9560093879700	1.4106300794730e-18
4.9572362899780	1.4106300794730e-18
4.9584627151489	1.4106300794730e-18
4.9596896171570	1.4106300794730e-18
4.9609165191650	1.4106300794730e-18
4.9621429443359	1.4106300794730e-18
4.9633698463440	1.4106300794730e-18
4.9645967483521	1.4106300794730e-18
4.9658231735229	1.4106300794730e-18
4.9670500755310	1.4106300794730e-18
4.9682769775391	1.4106300794730e-18
4.9695034027100	1.4106300794730e-18
4.9707303047180	1.4106300794730e-18
4.9719572067261	1.4106300794730e-18
4.9731836318970	1.4106300794730e-18
4.9744105339050	1.4106300794730e-18
4.9756369590759	1.4106300794730e-18
4.9768638610840	1.4106300794730e-18
4.9780907630920	1.4106300794730e-18
4.9793171882629	1.4106300794730e-18
4.9805440902710	1.4106300794730e-18
4.9817709922791	1.4106300794730e-18
4.9829974174500	1.4106300794730e-18
4.9842243194580	1.4106300794730e-18
4.9854512214661	1.4106300794730e-18
4.9866776466370	1.4106300794730e-18
4.9879045486450	1.4106300794730e-18
4.9891314506531	1.4106300794730e-18
4.9903578758240	1.4106300794730e-18
4.9915847778320	1.4106300794730e-18
4.9928116798401	1.4106300794730e-18
4.9940381050110	1.4106300794730e-18
4.9952650070190	1.4106300794730e-18
4.9964919090271	1.4106300794730e-18
4.9977183341980	1.4106300794730e-18
4.9989452362061	1.4106300794730e-18
5.0001716613770	1.4106300794730e-18
5.0013985633850	1.4106300794730e-18
5.0026254653931	1.4106300794730e-18
5.0038518905640	1.4106300794730e-18
5.0050787925720	1.4106300794730e-18
5.0063056945801	1.4106300794730e-18
5.0075321197510	1.4106300794730e-18
5.0087590217590	1.4106300794730e-18
5.0099859237671	1.4106300794730e-18
5.0112123489380	1.4106300794730e-18
5.0124392509460	1.4106300794730e-18
5.0136661529541	1.4106300794730e-18
5.0148925781250	1.4106300794730e-18
5.0161194801331	1.4106300794730e-18
5.0173463821411	1.4106300794730e-18
5.0185728073120	1.4106300794730e-18
5.0197997093201	1.4106300794730e-18
5.0210266113281	1.4106300794730e-18
5.0222530364990	1.4106300794730e-18
5.0234799385071	1.4106300794730e-18
5.0247063636780	1.4106300794730e-18
5.0259332656860	1.4106300794730e-18
5.0271601676941	1.4106300794730e-18
5.0283865928650	1.4106300794730e-18
5.0296134948730	1.4106300794730e-18
5.0308403968811	1.4106300794730e-18
5.0320668220520	1.4106300794730e-18
5.0332937240601	1.4106300794730e-18
5.0345206260681	1.4106300794730e-18
5.0357470512390	1.4106300794730e-18
5.0369739532471	1.4106300794730e-18
5.0382008552551	1.4106300794730e-18
5.0394272804260	1.4106300794730e-18
5.0406541824341	1.4106300794730e-18
5.0418810844421	1.4106300794730e-18
5.0431075096130	1.4106300794730e-18
5.0443344116211	1.4106300794730e-18
5.0455613136292	1.4106300794730e-18
5.0467877388000	1.4106300794730e-18
5.0480146408081	1.4106300794730e-18
5.0492410659790	1.4106300794730e-18
5.0504679679871	1.4106300794730e-18
5.0516948699951	1.4106300794730e-18
5.0529212951660	1.4106300794730e-18
5.0541481971741	1.4106300794730e-18
5.0553750991821	1.4106300794730e-18
5.0566015243530	1.4106300794730e-18
5.0578284263611	1.4106300794730e-18
5.0590553283691	1.4106300794730e-18
5.0602817535400	1.4106300794730e-18
5.0615086555481	1.4106300794730e-18
5.0627355575562	1.4106300794730e-18
5.0639619827271	1.4106300794730e-18
5.0651888847351	1.4106300794730e-18
5.0664157867432	1.4106300794730e-18
5.0676422119141	1.4106300794730e-18
5.0688691139221	1.4106300794730e-18
5.0700955390930	1.4106300794730e-18
5.0713224411011	1.4106300794730e-18
5.0725493431091	1.4106300794730e-18
5.0737757682800	1.4106300794730e-18
5.0750026702881	1.4106300794730e-18
5.0762295722961	1.4106300794730e-18
5.0774559974670	1.4106300794730e-18
5.0786828994751	1.4106300794730e-18
5.0799098014832	1.4106300794730e-18
5.0811362266541	1.4106300794730e-18
5.0823631286621	1.4106300794730e-18
5.0835900306702	1.4106300794730e-18
5.0848164558411	1.4106300794730e-18
5.0860433578491	1.4106300794730e-18
5.0872702598572	1.4106300794730e-18
5.0884966850281	1.4106300794730e-18
5.0897235870361	1.4106300794730e-18
5.0909504890442	1.4106300794730e-18
5.0921769142151	1.4106300794730e-18
5.0934038162231	1.4106300794730e-18
5.0946302413940	1.4106300794730e-18
5.0958571434021	1.4106300794730e-18
5.0970840454102	1.4106300794730e-18
5.0983104705811	1.4106300794730e-18
5.0995373725891	1.4106300794730e-18
5.1007642745972	1.4106300794730e-18
5.1019906997681	1.4106300794730e-18
5.1032176017761	1.4106300794730e-18
5.1044445037842	1.4106300794730e-18
5.1056709289551	1.4106300794730e-18
5.1068978309631	1.4106300794730e-18
5.1081247329712	1.4106300794730e-18
5.1093511581421	1.4106300794730e-18
5.1105780601501	1.4106300794730e-18
5.1118049621582	1.4106300794730e-18
5.1130313873291	1.4106300794730e-18
5.1142582893372	1.4106300794730e-18
5.1154851913452	1.4106300794730e-18
5.1167116165161	1.4106300794730e-18
5.1179385185242	1.4106300794730e-18
5.1191649436951	1.4106300794730e-18
5.1203918457031	1.4106300794730e-18
5.1216187477112	1.4106300794730e-18
5.1228451728821	1.4106300794730e-18
5.1240720748901	1.4106300794730e-18
5.1252989768982	1.4106300794730e-18
5.1265254020691	1.4106300794730e-18
5.1277523040771	1.4106300794730e-18
5.1289792060852	1.4106300794730e-18
5.1302056312561	1.4106300794730e-18
5.1314325332642	1.4106300794730e-18
5.1326594352722	1.4106300794730e-18
5.1338858604431	1.4106300794730e-18
5.1351127624512	1.4106300794730e-18
5.1363396644592	1.4106300794730e-18
5.1375660896301	1.4106300794730e-18
5.1387929916382	1.4106300794730e-18
5.1400198936462	1.4106300794730e-18
5.1412463188171	1.4106300794730e-18
5.1424732208252	1.4106300794730e-18
5.1436996459961	1.4106300794730e-18
5.1449265480042	1.4106300794730e-18
5.1461534500122	1.4106300794730e-18
5.1473798751831	1.4106300794730e-18
5.1486067771912	1.4106300794730e-18
5.1498336791992	1.4106300794730e-18
5.1510601043701	1.4106300794730e-18
5.1522870063782	1.4106300794730e-18
5.1535139083862	1.4106300794730e-18
5.1547403335571	1.4106300794730e-18
5.1559672355652	1.4106300794730e-18
5.1571941375732	1.4106300794730e-18
5.1584205627441	1.4106300794730e-18
5.1596474647522	1.4106300794730e-18
5.1608743667603	1.4106300794730e-18
5.1621007919312	1.4106300794730e-18
5.1633276939392	1.4106300794730e-18
5.1645545959473	1.4106300794730e-18
5.1657810211182	1.4106300794730e-18
5.1670079231262	1.4106300794730e-18
5.1682343482971	1.4106300794730e-18
5.1694612503052	1.4106300794730e-18
5.1706881523132	1.4106300794730e-18
5.1719145774841	1.4106300794730e-18
5.1731414794922	1.4106300794730e-18
5.1743683815002	1.4106300794730e-18
5.1755948066711	1.4106300794730e-18
5.1768217086792	1.4106300794730e-18
5.1780486106873	1.4106300794730e-18
5.1792750358582	1.4106300794730e-18
5.1805019378662	1.4106300794730e-18
5.1817288398743	1.4106300794730e-18
5.1829552650452	1.4106300794730e-18
5.1841821670532	1.4106300794730e-18
5.1854090690613	1.4106300794730e-18
5.1866354942322	1.4106300794730e-18
5.1878623962402	1.4106300794730e-18
5.1890892982483	1.4106300794730e-18
5.1903157234192	1.4106300794730e-18
5.1915426254272	1.4106300794730e-18
5.1927690505981	1.4106300794730e-18
5.1939959526062	1.4106300794730e-18
5.1952228546143	1.4106300794730e-18
5.1964492797852	1.4106300794730e-18
5.1976761817932	1.4106300794730e-18
5.1989030838013	1.4106300794730e-18
5.2001295089722	1.4106300794730e-18
5.2013564109802	1.4106300794730e-18
5.2025833129883	1.4106300794730e-18
5.2038097381592	1.4106300794730e-18
5.2050366401672	1.4106300794730e-18
5.2062635421753	1.4106300794730e-18
5.2074899673462	1.4106300794730e-18
5.2087168693542	1.4106300794730e-18
5.2099437713623	1.4106300794730e-18
5.2111701965332	1.4106300794730e-18
5.2123970985413	1.4106300794730e-18
5.2136240005493	1.4106300794730e-18
5.2148504257202	1.4106300794730e-18
5.2160773277283	1.4106300794730e-18
5.2173037528992	1.4106300794730e-18
5.2185306549072	1.4106300794730e-18
5.2197575569153	1.4106300794730e-18
5.2209839820862	1.4106300794730e-18
5.2222108840942	1.4106300794730e-18
5.2234377861023	1.4106300794730e-18
5.2246642112732	1.4106300794730e-18
5.2258911132812	1.4106300794730e-18
5.2271180152893	1.4106300794730e-18
5.2283444404602	1.4106300794730e-18
5.2295713424683	1.4106300794730e-18
5.2307982444763	1.4106300794730e-18
5.2320246696472	1.4106300794730e-18
5.2332515716553	1.4106300794730e-18
5.2344784736633	1.4106300794730e-18
5.2357048988342	1.4106300794730e-18
5.2369318008423	1.4106300794730e-18
5.2381587028503	1.4106300794730e-18
5.2393851280212	1.4106300794730e-18
5.2406120300293	1.4106300794730e-18
5.2418384552002	1.4106300794730e-18
5.2430653572083	1.4106300794730e-18
5.2442922592163	1.4106300794730e-18
5.2455186843872	1.4106300794730e-18
5.2467455863953	1.4106300794730e-18
5.2479724884033	1.4106300794730e-18
5.2491989135742	1.4106300794730e-18
5.2504258155823	1.4106300794730e-18
5.2516527175903	1.4106300794730e-18
5.2528791427612	1.4106300794730e-18
5.2541060447693	1.4106300794730e-18
5.2553329467773	1.4106300794730e-18
5.2565593719482	1.4106300794730e-18
5.2577862739563	1.4106300794730e-18
5.2590131759644	1.4106300794730e-18
5.2602396011353	1.4106300794730e-18
5.2614665031433	1.4106300794730e-18
5.2626934051514	1.4106300794730e-18
5.2639198303223	1.4106300794730e-18
5.2651467323303	1.4106300794730e-18
5.2663731575012	1.4106300794730e-18
5.2676000595093	1.4106300794730e-18
5.2688269615173	1.4106300794730e-18
5.2700533866882	1.4106300794730e-18
5.2712802886963	1.4106300794730e-18
5.2725071907043	1.4106300794730e-18
5.2737336158752	1.4106300794730e-18
5.2749605178833	1.4106300794730e-18
5.2761874198914	1.4106300794730e-18
5.2774138450623	1.4106300794730e-18
5.2786407470703	1.4106300794730e-18
5.2798676490784	1.4106300794730e-18
5.2810940742493	1.4106300794730e-18
5.2823209762573	1.4106300794730e-18
5.2835478782654	1.4106300794730e-18
5.2847743034363	1.4106300794730e-18
5.2860012054443	1.4106300794730e-18
5.2872281074524	1.4106300794730e-18
5.2884545326233	1.4106300794730e-18
5.2896814346313	1.4106300794730e-18
5.2909078598022	1.4106300794730e-18
5.2921347618103	1.4106300794730e-18
5.2933616638184	1.4106300794730e-18
5.2945880889893	1.4106300794730e-18
5.2958149909973	1.4106300794730e-18
5.2970418930054	1.4106300794730e-18
5.2982683181763	1.4106300794730e-18
5.2994952201843	1.4106300794730e-18
5.3007221221924	1.4106300794730e-18
5.3019485473633	1.4106300794730e-18
5.3031754493713	1.4106300794730e-18
5.3044023513794	1.4106300794730e-18
5.3056287765503	1.4106300794730e-18
5.3068556785583	1.4106300794730e-18
5.3080825805664	1.4106300794730e-18
5.3093090057373	1.4106300794730e-18
5.3105359077454	1.4106300794730e-18
5.3117628097534	1.4106300794730e-18
5.3129892349243	1.4106300794730e-18
5.3142161369324	1.4106300794730e-18
5.3154425621033	1.4106300794730e-18
5.3166694641113	1.4106300794730e-18
5.3178963661194	1.4106300794730e-18
5.3191227912903	1.4106300794730e-18
5.3203496932983	1.4106300794730e-18
5.3215765953064	1.4106300794730e-18
5.3228030204773	1.4106300794730e-18
5.3240299224854	1.4106300794730e-18
5.3252568244934	1.4106300794730e-18
5.3264832496643	1.4106300794730e-18
5.3277101516724	1.4106300794730e-18
5.3289370536804	1.4106300794730e-18
5.3301634788513	1.4106300794730e-18
5.3313903808594	1.4106300794730e-18
5.3326172828674	1.4106300794730e-18
5.3338437080383	1.4106300794730e-18
5.3350706100464	1.4106300794730e-18
5.3362970352173	1.4106300794730e-18
5.3375239372253	1.4106300794730e-18
5.3387508392334	1.4106300794730e-18
5.3399772644043	1.4106300794730e-18
5.3412041664124	1.4106300794730e-18
5.3424310684204	1.4106300794730e-18
5.3436574935913	1.4106300794730e-18
5.3448843955994	1.4106300794730e-18
5.3461112976074	1.4106300794730e-18
5.3473377227783	1.4106300794730e-18
5.3485646247864	1.4106300794730e-18
5.3497915267944	1.4106300794730e-18
5.3510179519653	1.4106300794730e-18
5.3522448539734	1.4106300794730e-18
5.3534717559814	1.4106300794730e-18
5.3546981811523	1.4106300794730e-18
5.3559250831604	1.4106300794730e-18
5.3571519851685	1.4106300794730e-18
5.3583784103394	1.4106300794730e-18
5.3596053123474	1.4106300794730e-18
5.3608317375183	1.4106300794730e-18
5.3620586395264	1.4106300794730e-18
5.3632855415344	1.4106300794730e-18
5.3645119667053	1.4106300794730e-18
5.3657388687134	1.4106300794730e-18
5.3669657707214	1.4106300794730e-18
5.3681921958923	1.4106300794730e-18
5.3694190979004	1.4106300794730e-18
5.3706459999084	1.4106300794730e-18
5.3718724250793	1.4106300794730e-18
5.3730993270874	1.4106300794730e-18
5.3743262290955	1.4106300794730e-18
5.3755526542664	1.4106300794730e-18
5.3767795562744	1.4106300794730e-18
5.3780064582825	1.4106300794730e-18
5.3792328834534	1.4106300794730e-18
5.3804597854614	1.4106300794730e-18
5.3816866874695	1.4106300794730e-18
5.3829131126404	1.4106300794730e-18
5.3841400146484	1.4106300794730e-18
5.3853664398193	1.4106300794730e-18
5.3865933418274	1.4106300794730e-18
5.3878202438354	1.4106300794730e-18
5.3890466690063	1.4106300794730e-18
5.3902735710144	1.4106300794730e-18
5.3915004730225	1.4106300794730e-18
5.3927268981934	1.4106300794730e-18
5.3939538002014	1.4106300794730e-18
5.3951807022095	1.4106300794730e-18
5.3964071273804	1.4106300794730e-18
5.3976340293884	1.4106300794730e-18
5.3988609313965	1.4106300794730e-18
5.4000873565674	1.4106300794730e-18
5.4013142585754	1.4106300794730e-18
5.4025411605835	1.4106300794730e-18
5.4037675857544	1.4106300794730e-18
5.4049944877625	1.4106300794730e-18
5.4062213897705	1.4106300794730e-18
5.4074478149414	1.4106300794730e-18
5.4086747169495	1.4106300794730e-18
5.4099011421204	1.4106300794730e-18
5.4111280441284	1.4106300794730e-18
5.4123549461365	1.4106300794730e-18
5.4135813713074	1.4106300794730e-18
5.4148082733154	1.4106300794730e-18
5.4160351753235	1.4106300794730e-18
5.4172616004944	1.4106300794730e-18
5.4184885025024	1.4106300794730e-18
5.4197154045105	1.4106300794730e-18
5.4209418296814	1.4106300794730e-18
5.4221687316895	1.4106300794730e-18
5.4233956336975	1.4106300794730e-18
5.4246220588684	1.4106300794730e-18
5.4258489608765	1.4106300794730e-18
5.4270758628845	1.4106300794730e-18
5.4283022880554	1.4106300794730e-18
5.4295291900635	1.4106300794730e-18
5.4307560920715	1.4106300794730e-18
5.4319825172424	1.4106300794730e-18
5.4332094192505	1.4106300794730e-18
5.4344358444214	1.4106300794730e-18
5.4356627464294	1.4106300794730e-18
5.4368896484375	1.4106300794730e-18
5.4381160736084	1.4106300794730e-18
5.4393429756165	1.4106300794730e-18
5.4405698776245	1.4106300794730e-18
5.4417963027954	1.4106300794730e-18
5.4430232048035	1.4106300794730e-18
5.4442501068115	1.4106300794730e-18
5.4454765319824	1.4106300794730e-18
5.4467034339905	1.4106300794730e-18
5.4479303359985	1.4106300794730e-18
5.4491567611694	1.4106300794730e-18
5.4503836631775	1.4106300794730e-18
5.4516105651855	1.4106300794730e-18
5.4528369903564	1.4106300794730e-18
5.4540638923645	1.4106300794730e-18
5.4552907943726	1.4106300794730e-18
5.4565172195435	1.4106300794730e-18
5.4577441215515	1.4106300794730e-18
5.4589705467224	1.4106300794730e-18
5.4601974487305	1.4106300794730e-18
5.4614243507385	1.4106300794730e-18
5.4626507759094	1.4106300794730e-18
5.4638776779175	1.4106300794730e-18
5.4651045799255	1.4106300794730e-18
5.4663310050964	1.4106300794730e-18
5.4675579071045	1.4106300794730e-18
5.4687848091125	1.4106300794730e-18
5.4700112342834	1.4106300794730e-18
5.4712381362915	1.4106300794730e-18
5.4724650382996	1.4106300794730e-18
5.4736914634705	1.4106300794730e-18
5.4749183654785	1.4106300794730e-18
5.4761452674866	1.4106300794730e-18
5.4773716926575	1.4106300794730e-18
5.4785985946655	1.4106300794730e-18
5.4798254966736	1.4106300794730e-18
5.4810519218445	1.4106300794730e-18
5.4822788238525	1.4106300794730e-18
5.4835052490234	1.4106300794730e-18
5.4847321510315	1.4106300794730e-18
5.4859590530396	1.4106300794730e-18
5.4871854782104	1.4106300794730e-18
5.4884123802185	1.4106300794730e-18
5.4896392822266	1.4106300794730e-18
5.4908657073975	1.4106300794730e-18
5.4920926094055	1.4106300794730e-18
5.4933195114136	1.4106300794730e-18
5.4945459365845	1.4106300794730e-18
5.4957728385925	1.4106300794730e-18
5.4969997406006	1.4106300794730e-18
5.4982261657715	1.4106300794730e-18
5.4994530677795	1.4106300794730e-18
5.5006799697876	1.4106300794730e-18
5.5019063949585	1.4106300794730e-18
5.5031332969666	1.4106300794730e-18
5.5043601989746	1.4106300794730e-18
5.5055866241455	1.4106300794730e-18
5.5068135261536	1.4106300794730e-18
5.5080399513245	1.4106300794730e-18
5.5092668533325	1.4106300794730e-18
5.5104937553406	1.4106300794730e-18
5.5117201805115	1.4106300794730e-18
5.5129470825195	1.4106300794730e-18
5.5141739845276	1.4106300794730e-18
5.5154004096985	1.4106300794730e-18
5.5166273117065	1.4106300794730e-18
5.5178542137146	1.4106300794730e-18
5.5190806388855	1.4106300794730e-18
5.5203075408936	1.4106300794730e-18
5.5215344429016	1.4106300794730e-18
5.5227608680725	1.4106300794730e-18
5.5239877700806	1.4106300794730e-18
5.5252146720886	1.4106300794730e-18
5.5264410972595	1.4106300794730e-18
5.5276679992676	1.4106300794730e-18
5.5288949012756	1.4106300794730e-18
5.5301213264465	1.4106300794730e-18
5.5313482284546	1.4106300794730e-18
5.5325746536255	1.4106300794730e-18
5.5338015556335	1.4106300794730e-18
5.5350284576416	1.4106300794730e-18
5.5362548828125	1.4106300794730e-18
5.5374817848206	1.4106300794730e-18
5.5387086868286	1.4106300794730e-18
5.5399351119995	1.4106300794730e-18
5.5411620140076	1.4106300794730e-18
5.5423889160156	1.4106300794730e-18
5.5436153411865	1.4106300794730e-18
5.5448422431946	1.4106300794730e-18
5.5460691452026	1.4106300794730e-18
5.5472955703735	1.4106300794730e-18
5.5485224723816	1.4106300794730e-18
5.5497493743896	1.4106300794730e-18
5.5509757995605	1.4106300794730e-18
5.5522027015686	1.4106300794730e-18
5.5534296035767	1.4106300794730e-18
5.5546560287476	1.4106300794730e-18
5.5558829307556	1.4106300794730e-18
5.5571093559265	1.4106300794730e-18
5.5583362579346	1.4106300794730e-18
5.5595631599426	1.4106300794730e-18
5.5607895851135	1.4106300794730e-18
5.5620164871216	1.4106300794730e-18
5.5632433891296	1.4106300794730e-18
5.5644698143005	1.4106300794730e-18
5.5656967163086	1.4106300794730e-18
5.5669236183167	1.4106300794730e-18
5.5681500434875	1.4106300794730e-18
5.5693769454956	1.4106300794730e-18
5.5706038475037	1.4106300794730e-18
5.5718302726746	1.4106300794730e-18
5.5730571746826	1.4106300794730e-18
5.5742840766907	1.4106300794730e-18
5.5755105018616	1.4106300794730e-18
5.5767374038696	1.4106300794730e-18
5.5779643058777	1.4106300794730e-18
5.5791907310486	1.4106300794730e-18
5.5804176330566	1.4106300794730e-18
5.5816440582275	1.4106300794730e-18
5.5828709602356	1.4106300794730e-18
5.5840978622437	1.4106300794730e-18
5.5853242874146	1.4106300794730e-18
5.5865511894226	1.4106300794730e-18
5.5877780914307	1.4106300794730e-18
5.5890045166016	1.4106300794730e-18
5.5902314186096	1.4106300794730e-18
5.5914583206177	1.4106300794730e-18
5.5926847457886	1.4106300794730e-18
5.5939116477966	1.4106300794730e-18
5.5951385498047	1.4106300794730e-18
5.5963649749756	1.4106300794730e-18
5.5975918769836	1.4106300794730e-18
5.5988187789917	1.4106300794730e-18
5.6000452041626	1.4106300794730e-18
5.6012721061707	1.4106300794730e-18
5.6024990081787	1.4106300794730e-18
5.6037254333496	1.4106300794730e-18
5.6049523353577	1.4106300794730e-18
5.6061787605286	1.4106300794730e-18
5.6074056625366	1.4106300794730e-18
5.6086325645447	1.4106300794730e-18
5.6098589897156	1.4106300794730e-18
5.6110858917236	1.4106300794730e-18
5.6123127937317	1.4106300794730e-18
5.6135392189026	1.4106300794730e-18
5.6147661209106	1.4106300794730e-18
5.6159930229187	1.4106300794730e-18
5.6172194480896	1.4106300794730e-18
5.6184463500977	1.4106300794730e-18
5.6196732521057	1.4106300794730e-18
5.6208996772766	1.4106300794730e-18
5.6221265792847	1.4106300794730e-18
5.6233534812927	1.4106300794730e-18
5.6245799064636	1.4106300794730e-18
5.6258068084717	1.4106300794730e-18
5.6270332336426	1.4106300794730e-18
5.6282601356506	1.4106300794730e-18
5.6294870376587	1.4106300794730e-18
5.6307134628296	1.4106300794730e-18
5.6319403648376	1.4106300794730e-18
5.6331672668457	1.4106300794730e-18
5.6343936920166	1.4106300794730e-18
5.6356205940247	1.4106300794730e-18
5.6368474960327	1.4106300794730e-18
5.6380739212036	1.4106300794730e-18
5.6393008232117	1.4106300794730e-18
5.6405277252197	1.4106300794730e-18
5.6417541503906	1.4106300794730e-18
5.6429810523987	1.4106300794730e-18
5.6442079544067	1.4106300794730e-18
5.6454343795776	1.4106300794730e-18
5.6466612815857	1.4106300794730e-18
5.6478881835938	1.4106300794730e-18
5.6491146087646	1.4106300794730e-18
5.6503415107727	1.4106300794730e-18
5.6515679359436	1.4106300794730e-18
5.6527948379517	1.4106300794730e-18
5.6540217399597	1.4106300794730e-18
5.6552481651306	1.4106300794730e-18
5.6564750671387	1.4106300794730e-18
5.6577019691467	1.4106300794730e-18
5.6589283943176	1.4106300794730e-18
5.6601552963257	1.4106300794730e-18
5.6613821983337	1.4106300794730e-18
5.6626086235046	1.4106300794730e-18
5.6638355255127	1.4106300794730e-18
5.6650624275208	1.4106300794730e-18
5.6662888526917	1.4106300794730e-18
5.6675157546997	1.4106300794730e-18
5.6687426567078	1.4106300794730e-18
5.6699690818787	1.4106300794730e-18
5.6711959838867	1.4106300794730e-18
5.6724228858948	1.4106300794730e-18
5.6736493110657	1.4106300794730e-18
5.6748762130737	1.4106300794730e-18
5.6761026382446	1.4106300794730e-18
5.6773295402527	1.4106300794730e-18
5.6785564422607	1.4106300794730e-18
5.6797828674316	1.4106300794730e-18
5.6810097694397	1.4106300794730e-18
5.6822366714478	1.4106300794730e-18
5.6834630966187	1.4106300794730e-18
5.6846899986267	1.4106300794730e-18
5.6859169006348	1.4106300794730e-18
5.6871433258057	1.4106300794730e-18
5.6883702278137	1.4106300794730e-18
5.6895971298218	1.4106300794730e-18
5.6908235549927	1.4106300794730e-18
5.6920504570007	1.4106300794730e-18
5.6932773590088	1.4106300794730e-18
5.6945037841797	1.4106300794730e-18
5.6957306861877	1.4106300794730e-18
5.6969575881958	1.4106300794730e-18
5.6981840133667	1.4106300794730e-18
5.6994109153748	1.4106300794730e-18
5.7006373405457	1.4106300794730e-18
5.7018642425537	1.4106300794730e-18
5.7030911445618	1.4106300794730e-18
5.7043175697327	1.4106300794730e-18
5.7055444717407	1.4106300794730e-18
5.7067713737488	1.4106300794730e-18
5.7079977989197	1.4106300794730e-18
5.7092247009277	1.4106300794730e-18
5.7104516029358	1.4106300794730e-18
5.7116780281067	1.4106300794730e-18
5.7129049301147	1.4106300794730e-18
5.7141318321228	1.4106300794730e-18
5.7153582572937	1.4106300794730e-18
5.7165851593018	1.4106300794730e-18
5.7178120613098	1.4106300794730e-18
5.7190384864807	1.4106300794730e-18
5.7202653884888	1.4106300794730e-18
5.7214922904968	1.4106300794730e-18
5.7227187156677	1.4106300794730e-18
5.7239456176758	1.4106300794730e-18
5.7251720428467	1.4106300794730e-18
5.7263989448547	1.4106300794730e-18
5.7276258468628	1.4106300794730e-18
5.7288522720337	1.4106300794730e-18
5.7300791740417	1.4106300794730e-18
5.7313060760498	1.4106300794730e-18
5.7325325012207	1.4106300794730e-18
5.7337594032288	1.4106300794730e-18
5.7349863052368	1.4106300794730e-18
5.7362127304077	1.4106300794730e-18
5.7374396324158	1.4106300794730e-18
5.7386665344238	1.4106300794730e-18
5.7398929595947	1.4106300794730e-18
5.7411198616028	1.4106300794730e-18
5.7423467636108	1.4106300794730e-18
5.7435731887817	1.4106300794730e-18
5.7448000907898	1.4106300794730e-18
5.7460269927979	1.4106300794730e-18
5.7472534179688	1.4106300794730e-18
5.7484803199768	1.4106300794730e-18
5.7497067451477	1.4106300794730e-18
5.7509336471558	1.4106300794730e-18
5.7521605491638	1.4106300794730e-18
5.7533869743347	1.4106300794730e-18
5.7546138763428	1.4106300794730e-18
5.7558407783508	1.4106300794730e-18
5.7570672035217	1.4106300794730e-18
5.7582941055298	1.4106300794730e-18
5.7595210075378	1.4106300794730e-18
5.7607474327087	1.4106300794730e-18
5.7619743347168	1.4106300794730e-18
5.7632012367249	1.4106300794730e-18
5.7644276618958	1.4106300794730e-18
5.7656545639038	1.4106300794730e-18
5.7668814659119	1.4106300794730e-18
5.7681078910828	1.4106300794730e-18
5.7693347930908	1.4106300794730e-18
5.7705616950989	1.4106300794730e-18
5.7717881202698	1.4106300794730e-18
5.7730150222778	1.4106300794730e-18
5.7742414474487	1.4106300794730e-18
5.7754683494568	1.4106300794730e-18
5.7766952514648	1.4106300794730e-18
5.7779216766357	1.4106300794730e-18
5.7791485786438	1.4106300794730e-18
5.7803754806519	1.4106300794730e-18
5.7816019058228	1.4106300794730e-18
5.7828288078308	1.4106300794730e-18
5.7840557098389	1.4106300794730e-18
5.7852821350098	1.4106300794730e-18
5.7865090370178	1.4106300794730e-18
5.7877359390259	1.4106300794730e-18
5.7889623641968	1.4106300794730e-18
5.7901892662048	1.4106300794730e-18
5.7914161682129	1.4106300794730e-18
5.7926425933838	1.4106300794730e-18
5.7938694953918	1.4106300794730e-18
5.7950963973999	1.4106300794730e-18
5.7963228225708	1.4106300794730e-18
5.7975497245789	1.4106300794730e-18
5.7987761497498	1.4106300794730e-18
5.8000030517578	1.4106300794730e-18
5.8012299537659	1.4106300794730e-18
5.8024563789368	1.4106300794730e-18
5.8036832809448	1.4106300794730e-18
5.8049101829529	1.4106300794730e-18
5.8061366081238	1.4106300794730e-18
5.8073635101318	1.4106300794730e-18
5.8085904121399	1.4106300794730e-18
5.8098168373108	1.4106300794730e-18
5.8110437393188	1.4106300794730e-18
5.8122706413269	1.4106300794730e-18
5.8134970664978	1.4106300794730e-18
5.8147239685059	1.4106300794730e-18
5.8159508705139	1.4106300794730e-18
5.8171772956848	1.4106300794730e-18
5.8184041976929	1.4106300794730e-18
5.8196310997009	1.4106300794730e-18
5.8208575248718	1.4106300794730e-18
5.8220844268799	1.4106300794730e-18
5.8233108520508	1.4106300794730e-18
5.8245377540588	1.4106300794730e-18
5.8257646560669	1.4106300794730e-18
5.8269910812378	1.4106300794730e-18
5.8282179832458	1.4106300794730e-18
5.8294448852539	1.4106300794730e-18
5.8306713104248	1.4106300794730e-18
5.8318982124329	1.4106300794730e-18
5.8331251144409	1.4106300794730e-18
5.8343515396118	1.4106300794730e-18
5.8355784416199	1.4106300794730e-18
5.8368053436279	1.4106300794730e-18
5.8380317687988	1.4106300794730e-18
5.8392586708069	1.4106300794730e-18
5.8404855728149	1.4106300794730e-18
5.8417119979858	1.4106300794730e-18
5.8429388999939	1.4106300794730e-18
5.8441658020020	1.4106300794730e-18
5.8453922271729	1.4106300794730e-18
5.8466191291809	1.4106300794730e-18
5.8478455543518	1.4106300794730e-18
5.8490724563599	1.4106300794730e-18
5.8502993583679	1.4106300794730e-18
5.8515257835388	1.4106300794730e-18
5.8527526855469	1.4106300794730e-18
5.8539795875549	1.4106300794730e-18
5.8552060127258	1.4106300794730e-18
5.8564329147339	1.4106300794730e-18
5.8576598167419	1.4106300794730e-18
5.8588862419128	1.4106300794730e-18
5.8601131439209	1.4106300794730e-18
5.8613400459290	1.4106300794730e-18
5.8625664710999	1.4106300794730e-18
5.8637933731079	1.4106300794730e-18
5.8650202751160	1.4106300794730e-18
5.8662467002869	1.4106300794730e-18
5.8674736022949	1.4106300794730e-18
5.8687005043030	1.4106300794730e-18
5.8699269294739	1.4106300794730e-18
5.8711538314819	1.4106300794730e-18
5.8723802566528	1.4106300794730e-18
5.8736071586609	1.4106300794730e-18
5.8748340606689	1.4106300794730e-18
5.8760604858398	1.4106300794730e-18
5.8772873878479	1.4106300794730e-18
5.8785142898560	1.4106300794730e-18
5.8797407150269	1.4106300794730e-18
5.8809676170349	1.4106300794730e-18
5.8821945190430	1.4106300794730e-18
5.8834209442139	1.4106300794730e-18
5.8846478462219	1.4106300794730e-18
5.8858747482300	1.4106300794730e-18
5.8871011734009	1.4106300794730e-18
5.8883280754089	1.4106300794730e-18
5.8895549774170	1.4106300794730e-18
5.8907814025879	1.4106300794730e-18
5.8920083045959	1.4106300794730e-18
5.8932347297668	1.4106300794730e-18
5.8944616317749	1.4106300794730e-18
5.8956885337830	1.4106300794730e-18
5.8969149589539	1.4106300794730e-18
5.8981418609619	1.4106300794730e-18
5.8993687629700	1.4106300794730e-18
5.9005951881409	1.4106300794730e-18
5.9018220901489	1.4106300794730e-18
5.9030489921570	1.4106300794730e-18
5.9042754173279	1.4106300794730e-18
5.9055023193359	1.4106300794730e-18
5.9067292213440	1.4106300794730e-18
5.9079556465149	1.4106300794730e-18
5.9091825485229	1.4106300794730e-18
5.9104094505310	1.4106300794730e-18
5.9116358757019	1.4106300794730e-18
5.9128627777100	1.4106300794730e-18
5.9140896797180	1.4106300794730e-18
5.9153161048889	1.4106300794730e-18
5.9165430068970	1.4106300794730e-18
5.9177694320679	1.4106300794730e-18
5.9189963340759	1.4106300794730e-18
5.9202232360840	1.4106300794730e-18
5.9214496612549	1.4106300794730e-18
5.9226765632629	1.4106300794730e-18
5.9239034652710	1.4106300794730e-18
5.9251298904419	1.4106300794730e-18
5.9263567924500	1.4106300794730e-18
5.9275836944580	1.4106300794730e-18
5.9288101196289	1.4106300794730e-18
5.9300370216370	1.4106300794730e-18
5.9312639236450	1.4106300794730e-18
5.9324903488159	1.4106300794730e-18
5.9337172508240	1.4106300794730e-18
5.9349441528320	1.4106300794730e-18
5.9361705780029	1.4106300794730e-18
5.9373974800110	1.4106300794730e-18
5.9386243820190	1.4106300794730e-18
5.9398508071899	1.4106300794730e-18
5.9410777091980	1.4106300794730e-18
5.9423041343689	1.4106300794730e-18
5.9435310363770	1.4106300794730e-18
5.9447579383850	1.4106300794730e-18
5.9459843635559	1.4106300794730e-18
5.9472112655640	1.4106300794730e-18
5.9484381675720	1.4106300794730e-18
5.9496645927429	1.4106300794730e-18
5.9508914947510	1.4106300794730e-18
5.9521183967590	1.4106300794730e-18
5.9533448219299	1.4106300794730e-18
5.9545717239380	1.4106300794730e-18
5.9557986259460	1.4106300794730e-18
5.9570250511169	1.4106300794730e-18
5.9582519531250	1.4106300794730e-18
5.9594788551331	1.4106300794730e-18
5.9607052803040	1.4106300794730e-18
5.9619321823120	1.4106300794730e-18
5.9631590843201	1.4106300794730e-18
5.9643855094910	1.4106300794730e-18
5.9656124114990	1.4106300794730e-18
5.9668388366699	1.4106300794730e-18
5.9680657386780	1.4106300794730e-18
5.9692926406860	1.4106300794730e-18
5.9705190658569	1.4106300794730e-18
5.9717459678650	1.4106300794730e-18
5.9729728698730	1.4106300794730e-18
5.9741992950439	1.4106300794730e-18
5.9754261970520	1.4106300794730e-18
5.9766530990601	1.4106300794730e-18
5.9778795242310	1.4106300794730e-18
5.9791064262390	1.4106300794730e-18
5.9803333282471	1.4106300794730e-18
5.9815597534180	1.4106300794730e-18
5.9827866554260	1.4106300794730e-18
5.9840135574341	1.4106300794730e-18
5.9852399826050	1.4106300794730e-18
5.9864668846130	1.4106300794730e-18
5.9876937866211	1.4106300794730e-18
5.9889202117920	1.4106300794730e-18
5.9901471138000	1.4106300794730e-18
5.9913735389709	1.4106300794730e-18
5.9926004409790	1.4106300794730e-18
5.9938273429871	1.4106300794730e-18
5.9950537681580	1.4106300794730e-18
5.9962806701660	1.4106300794730e-18
5.9975075721741	1.4106300794730e-18
5.9987339973450	1.4106300794730e-18
