        Time / ns                i1/real
----------------------------------------------------------------------
                       0                   1.4106301e-18
            0.0011329313                   1.4106301e-18
            0.0022658627                   1.4106301e-18
             0.003398794                   1.4106301e-18
            0.0045317253                   1.4106301e-18
            0.0056646569                   1.4106301e-18
             0.006797588                   1.4106301e-18
            0.0079305191                   1.4106301e-18
            0.0090634506                   1.4106301e-18
             0.010196382                   1.4106301e-18
             0.011329314                   1.4106301e-18
             0.012462245                   1.4106301e-18
             0.013595176                   1.4106301e-18
             0.014728107                   1.4106301e-18
             0.015861038                   1.4106301e-18
              0.01699397                   1.4106301e-18
             0.018126901                   1.4106301e-18
             0.019259833                   1.4106301e-18
             0.020392764                   1.4106301e-18
             0.021525696                   1.4106301e-18
             0.022658627                   1.4106301e-18
             0.023791559                   1.4106301e-18
             0.024924491                   1.4106301e-18
              0.02605742                   1.4106301e-18
             0.027190352                   1.4106301e-18
             0.028323283                   1.4106301e-18
             0.029456215                   1.4106301e-18
             0.030589147                   1.4106301e-18
             0.031722076                   1.4106301e-18
             0.032855008                   1.4106301e-18
             0.033987939                   1.4106301e-18
             0.035120871                   1.4106301e-18
             0.036253802                   1.4106301e-18
             0.037386734                   1.4106301e-18
             0.038519666                   1.4106301e-18
             0.039652597                   1.4106301e-18
             0.040785529                   1.4106301e-18
              0.04191846                   1.4106301e-18
             0.043051392                   1.4106301e-18
             0.044184323                   1.4106301e-18
             0.045317255                   1.4106301e-18
             0.046450187                   1.4106301e-18
             0.047583118                   1.4106301e-18
              0.04871605                   1.4106301e-18
             0.049848981                   1.4106301e-18
             0.050981913                   1.4106301e-18
             0.052114841                   1.4106301e-18
             0.053247772                   1.4106301e-18
             0.054380704                   1.4106301e-18
             0.055513635                   1.4106301e-18
             0.056646567                   1.4106301e-18
             0.057779498                   1.4106301e-18
              0.05891243                   1.4106301e-18
             0.060045362                   1.4106301e-18
             0.061178293                   1.4106301e-18
             0.062311225                   1.4106301e-18
             0.063444152                   1.4106301e-18
             0.064577088                   1.4106301e-18
             0.065710016                   1.4106301e-18
             0.066842951                   1.4106301e-18
             0.067975879                   1.4106301e-18
             0.069108814                   1.4106301e-18
             0.070241742                   1.4106301e-18
             0.071374677                   1.4106301e-18
             0.072507605                   1.4106301e-18
              0.07364054                   1.4106301e-18
             0.074773468                   1.4106301e-18
             0.075906403                   1.4106301e-18
             0.077039331                   1.4106301e-18
             0.078172266                   1.4106301e-18
             0.079305194                   1.4106302e-18
              0.08043813                   1.4106302e-18
             0.081571057                   1.4106302e-18
             0.082703985                   1.4106302e-18
             0.083836921                   1.4106302e-18
             0.084969848                   1.4106302e-18
             0.086102784                   1.4106302e-18
             0.087235712                   1.4106303e-18
             0.088368647                   1.4106303e-18
             0.089501575                   1.4106304e-18
              0.09063451                   1.4106305e-18
             0.091767438                   1.4106306e-18
             0.092900373                   1.4106307e-18
             0.094033301                   1.4106308e-18
             0.095166236                   1.4106311e-18
             0.096299164                   1.4106313e-18
             0.097432099                   1.4106317e-18
             0.098565027                   1.4106323e-18
             0.099697962                   1.4106328e-18
              0.10083089                   1.4106336e-18
              0.10196383                   1.4106346e-18
              0.10309675                    1.410636e-18
              0.10422968                   1.4106376e-18
              0.10536262                   1.4106398e-18
              0.10649554                   1.4106426e-18
              0.10762848                   1.4106461e-18
              0.10876141                   1.4106508e-18
              0.10989434                   1.4106567e-18
              0.11102727                   1.4106642e-18
              0.11216021                   1.4106739e-18
              0.11329313                   1.4106863e-18
              0.11442607                   1.4107023e-18
                0.115559                   1.4107226e-18
              0.11669193                   1.4107487e-18
              0.11782486                    1.410782e-18
               0.1189578                   1.4108245e-18
              0.12009072                   1.4108788e-18
              0.12122366                   1.4109479e-18
              0.12235659                   1.4110361e-18
              0.12348951                   1.4111486e-18
              0.12462245                   1.4112916e-18
              0.12575538                   1.4114738e-18
               0.1268883                   1.4117055e-18
              0.12802124                   1.4119998e-18
              0.12915418                    1.412374e-18
              0.13028711                    1.412849e-18
              0.13142003                   1.4134511e-18
              0.13255297                   1.4142154e-18
               0.1336859                   1.4151838e-18
              0.13481884                   1.4164093e-18
              0.13595176                   1.4179619e-18
              0.13708469                   1.4199259e-18
              0.13821763                   1.4224068e-18
              0.13935056                   1.4255441e-18
              0.14048348                   1.4295055e-18
              0.14161642                   1.4345003e-18
              0.14274935                   1.4408061e-18
              0.14388229                   1.4487534e-18
              0.14501521                   1.4587561e-18
              0.14614815                   1.4713619e-18
              0.14728108                   1.4872199e-18
                0.148414                   1.5071433e-18
              0.14954694                   1.5322081e-18
              0.15067987                    1.563681e-18
              0.15181281                   1.6031519e-18
              0.15294573                   1.6527207e-18
              0.15407866                   1.7148487e-18
               0.1552116                   1.7926251e-18
              0.15634453                   1.8901269e-18
              0.15747745                   2.0121084e-18
              0.15861039                     2.16454e-18
              0.15974332                   2.3552944e-18
              0.16087626                   2.5935032e-18
              0.16200918                   2.8906418e-18
              0.16314211                   3.2618285e-18
              0.16427505                   3.7245048e-18
              0.16540797                   4.3006063e-18
              0.16654091                   5.0190052e-18
              0.16767384                   5.9128293e-18
              0.16880678                   7.0237775e-18
               0.1699397                   8.4066845e-18
              0.17107263                   1.0124123e-17
              0.17220557                   1.2254924e-17
               0.1733385                   1.4902653e-17
              0.17447142                   1.8184844e-17
              0.17560436                   2.2249698e-17
              0.17673729                   2.7291742e-17
              0.17787023                   3.3530514e-17
              0.17900315                   4.1243083e-17
              0.18013608                    5.079282e-17
              0.18126902                   6.2587483e-17
              0.18240196                   7.7142222e-17
              0.18353488                   9.5132044e-17
              0.18466781                   1.1731005e-16
              0.18580075                   1.4462876e-16
              0.18693367                    1.783351e-16
               0.1880666                   2.1981228e-16
              0.18919954                   2.7081253e-16
              0.19033247                   3.3362402e-16
              0.19146539                   4.1077548e-16
              0.19259833                   5.0547411e-16
              0.19373126                    6.218881e-16
               0.1948642                   7.6462178e-16
              0.19599712                   9.3951063e-16
              0.19713005                   1.1541046e-15
              0.19826299                   1.4167413e-15
              0.19939592                   1.7379785e-15
              0.20052885                   2.1314157e-15
              0.20166178                   2.6120662e-15
              0.20279472                   3.1989258e-15
              0.20392765                   3.9163534e-15
              0.20506057                   4.7912309e-15
              0.20619351                   5.8575471e-15
              0.20732644                   7.1586854e-15
              0.20845936                   8.7425142e-15
               0.2095923                   1.0669507e-14
              0.21072523                   1.3016496e-14
              0.21185817                   1.5868241e-14
              0.21299109                   1.9331738e-14
              0.21412402                   2.3542295e-14
              0.21525696                   2.8649151e-14
              0.21638989                   3.4840556e-14
              0.21752281                   4.2353453e-14
              0.21865575                   5.1449144e-14
              0.21978869                   6.2456984e-14
              0.22092162                   7.5789547e-14
              0.22205454                   9.1901774e-14
              0.22318748                   1.1136667e-13
              0.22432041                   1.3489855e-13
              0.22545335                   1.6328505e-13
              0.22658627                   1.9751747e-13
               0.2277192                   2.3882556e-13
              0.22885214                   2.8856526e-13
              0.22998506                    3.484419e-13
              0.23111799                   4.2056056e-13
              0.23225093                   5.0724236e-13
              0.23338386                   6.1140459e-13
              0.23451678                   7.3663005e-13
              0.23564972                   8.8686995e-13
              0.23678266                   1.0670863e-12
              0.23791559                   1.2833426e-12
              0.23904851                   1.5423266e-12
              0.24018145                    1.852431e-12
              0.24131438                   2.2238589e-12
              0.24244732                   2.6678657e-12
              0.24358024                   3.1985668e-12
              0.24471317                   3.8330324e-12
              0.24584611                   4.5900987e-12
              0.24697903                   5.4933705e-12
              0.24811196                   6.5712444e-12
               0.2492449                    7.855063e-12
              0.25037783                   9.3840786e-12
              0.25151077                   1.1205256e-11
               0.2526437                   1.3370455e-11
              0.25377661                   1.5944572e-11
              0.25490955                   1.9004843e-11
              0.25604248                   2.2636575e-11
              0.25717542                   2.6946464e-11
              0.25830835                   3.2060785e-11
              0.25944129                   3.8119081e-11
              0.26057422                    4.529576e-11
              0.26170716                   5.3796082e-11
              0.26284006                   6.3846997e-11
                0.263973                   7.5731976e-11
              0.26510593                   8.9782744e-11
              0.26623887                   1.0636629e-10
               0.2673718                    1.259407e-10
              0.26850474                     1.49039e-10
              0.26963767                   1.7625119e-10
              0.27077058                   2.0831337e-10
              0.27190351                   2.4607691e-10
              0.27303645                   2.9048505e-10
              0.27416939                   3.4271366e-10
              0.27530232                   4.0411482e-10
              0.27643526                    4.761877e-10
              0.27756819                   5.6079991e-10
              0.27870113                   6.6008626e-10
              0.27983403                   7.7641549e-10
              0.28096697                   9.1273722e-10
               0.2820999                   1.0724018e-09
              0.28323284                   1.2591309e-09
              0.28436577                   1.4775555e-09
              0.28549871                   1.7329034e-09
              0.28663164                   2.0309872e-09
              0.28776458                   2.3790361e-09
              0.28889748                   2.7851588e-09
              0.29003042                   3.2583816e-09
              0.29116336                   3.8099239e-09
              0.29229629                   4.4522888e-09
              0.29342923                   5.1994107e-09
              0.29456216                   6.0686003e-09
               0.2956951                   7.0790223e-09
                0.296828                   8.2520621e-09
              0.29796094                   9.6142747e-09
              0.29909387                   1.1194858e-08
              0.30022681                   1.3026444e-08
              0.30135974                   1.5149526e-08
              0.30249268                   1.7608327e-08
              0.30362561                   2.0452342e-08
              0.30475855                    2.374296e-08
              0.30589145                   2.7546758e-08
              0.30702439                   3.1938363e-08
              0.30815732                   3.7010302e-08
              0.30929026                   4.2862201e-08
               0.3104232                   4.9605912e-08
              0.31155613                    5.738007e-08
              0.31268907                   6.6332845e-08
              0.31382197                   7.6630911e-08
              0.31495491                   8.8480739e-08
              0.31608784                   1.0210137e-07
              0.31722078                   1.1773969e-07
              0.31835371                   1.3570136e-07
              0.31948665                   1.5630825e-07
              0.32061958                    1.799238e-07
              0.32175252                   2.0699791e-07
              0.32288542                   2.3800057e-07
              0.32401836                   2.7346368e-07
              0.32515129                   3.1404542e-07
              0.32628423                   3.6042783e-07
              0.32741717                   4.1338475e-07
               0.3285501                   4.7387314e-07
              0.32968304                   5.4287682e-07
              0.33081594                   6.2151457e-07
              0.33194888                    7.111696e-07
              0.33308181                   8.1325203e-07
              0.33421475                   9.2936972e-07
              0.33534768                   1.0615098e-06
              0.33648062                   1.2116807e-06
              0.33761355                    1.382179e-06
              0.33874649                   1.5758422e-06
              0.33987939                   1.7955131e-06
              0.34101233                   2.0444515e-06
              0.34214526                   2.3266846e-06
               0.3432782                   2.6462103e-06
              0.34441113                    3.007628e-06
              0.34554407                   3.4166176e-06
              0.34667701                   3.8787662e-06
              0.34780994                   4.4005224e-06
              0.34894285                   4.9898481e-06
              0.35007578                   5.6545005e-06
              0.35120872                   6.4034648e-06
              0.35234165                   7.2478333e-06
              0.35347459                   8.1983062e-06
              0.35460752                   9.2673245e-06
              0.35574046                   1.0470245e-05
              0.35687336                    1.182173e-05
               0.3580063                   1.3338899e-05
              0.35913923                   1.5042878e-05
              0.36027217                   1.6953629e-05
               0.3614051                   1.9094556e-05
              0.36253804                   2.1494538e-05
              0.36367097                   2.4180572e-05
              0.36480391                   2.7184451e-05
              0.36593682                   3.0545405e-05
              0.36706975                    3.429969e-05
              0.36820269                   3.8490227e-05
              0.36933562                   4.3169955e-05
              0.37046856                   4.8387254e-05
              0.37160149                   5.4199663e-05
              0.37273443                   6.0678187e-05
              0.37386733                   6.7886918e-05
              0.37500027                   7.5902506e-05
               0.3761332                   8.4819556e-05
              0.37726614                   9.4722389e-05
              0.37839907                   0.00010571263
              0.37953201                   0.00011791495
              0.38066494                   0.00013144003
              0.38179788                   0.00014642162
              0.38293079                   0.00016302269
              0.38406372                   0.00018138776
              0.38519666                   0.00020169152
              0.38632959                   0.00022414565
              0.38746253                   0.00024893746
              0.38859546                   0.00027629366
               0.3897284                   0.00030648714
              0.39086133                   0.00033975908
              0.39199424                   0.00037640159
              0.39312717                   0.00041676409
              0.39426011                   0.00046115479
              0.39539304                    0.0005099476
              0.39652598                   0.00056358654
              0.39765891                   0.00062246289
              0.39879185                   0.00068705156
              0.39992476                   0.00075791299
              0.40105769                   0.00083553995
              0.40219063                   0.00092053169
              0.40332356                    0.0010135899
               0.4044565                     0.001115331
              0.40558943                    0.0012265053
              0.40672237                    0.0013479851
               0.4078553                     0.001480535
              0.40898821                    0.0016250882
              0.41012114                      0.00178272
              0.41125408                    0.0019543723
              0.41238701                     0.002141196
              0.41351995                    0.0023445073
              0.41465288                    0.0025654566
              0.41578582                    0.0028054523
              0.41691872                    0.0030660927
              0.41805166                    0.0033487715
               0.4191846                    0.0036551994
              0.42031753                    0.0039872997
              0.42145047                    0.0043467474
               0.4225834                    0.0047356035
              0.42371634                    0.0051561631
              0.42484927                    0.0056104218
              0.42598218                    0.0061008409
              0.42711511                    0.0066301371
              0.42824805                    0.0072006648
              0.42938098                    0.0078153415
              0.43051392                    0.0084773488
              0.43164685                    0.0091894427
              0.43277979                    0.0099550476
              0.43391269                     0.010777859
              0.43504563                     0.011661069
              0.43617857                     0.012608658
               0.4373115                     0.013624878
              0.43844444                     0.014713386
              0.43957737                     0.015878772
              0.44071031                     0.017125871
              0.44184324                     0.018458834
              0.44297615                     0.019882895
              0.44410908                      0.02140349
              0.44524202                     0.023025278
              0.44637495                     0.024754167
              0.44750789                       0.0265962
              0.44864082                     0.028556539
              0.44977376                     0.030641776
              0.45090669                     0.032858547
               0.4520396                     0.035212494
              0.45317253                     0.037710886
              0.45430547                     0.040360909
              0.45543841                     0.043168642
              0.45657134                     0.046141993
              0.45770428                     0.049288623
              0.45883721                     0.052614983
              0.45997012                     0.056129549
              0.46110305                     0.059840359
              0.46223599                     0.063754119
              0.46336892                     0.067879781
              0.46450186                       0.0722256
              0.46563479                     0.076798409
              0.46676773                     0.081607483
              0.46790066                      0.08666113
              0.46903357                     0.091966107
               0.4701665                      0.09753184
              0.47129944                      0.10336643
              0.47243237                      0.10947637
              0.47356531                      0.11587098
              0.47469825                      0.12255789
              0.47583118                      0.12954307
              0.47696409                      0.13683544
              0.47809702                      0.14444183
              0.47922996                      0.15236738
              0.48036289                      0.16062032
              0.48149583                      0.16920631
              0.48262876                       0.1781293
               0.4837617                      0.18739644
              0.48489463                      0.19701181
              0.48602754                      0.20697789
              0.48716047                      0.21730025
              0.48829341                      0.22798106
              0.48942634                      0.23902082
              0.49055928                      0.25042319
              0.49169222                      0.26218787
              0.49282515                      0.27431312
              0.49395806                      0.28680012
              0.49509099                      0.29964575
              0.49622393                      0.31284559
              0.49735686                      0.32639787
               0.4984898                      0.34029627
              0.49962273                      0.35453326
              0.50075567                       0.3691037
              0.50188857                      0.38399774
              0.50302154                       0.3992044
              0.50415444                      0.41471469
              0.50528741                      0.43051493
              0.50642031                      0.44659048
              0.50755322                      0.46292809
              0.50868618                       0.4795101
              0.50981909                      0.49631789
              0.51095206                      0.51333374
              0.51208496                      0.53053588
              0.51321793                      0.54790169
              0.51435083                      0.56540877
              0.51548374                      0.58303118
               0.5166167                       0.6007424
              0.51774961                      0.61851519
              0.51888257                      0.63631982
              0.52001548                      0.65412593
              0.52114844                      0.67190146
              0.52228135                      0.68961328
              0.52341431                      0.70722747
              0.52454722                      0.72470742
              0.52568012                      0.74201721
              0.52681309                      0.75911969
                0.527946                      0.77597427
              0.52907896                       0.7925427
              0.53021187                       0.8087855
              0.53134483                      0.82465839
              0.53247774                      0.84012198
              0.53361064                      0.85513508
              0.53474361                      0.86965054
              0.53587651                      0.88362885
              0.53700948                      0.89702785
              0.53814238                      0.90979874
              0.53927535                      0.92190284
              0.54040825                      0.93329829
              0.54154116                      0.94393557
              0.54267412                      0.95377809
              0.54380703                      0.96278554
              0.54493999                      0.97090876
               0.5460729                      0.97811472
              0.54720587                      0.98436582
              0.54833877                      0.98961449
              0.54947174                      0.99383271
              0.55060464                      0.99698669
              0.55173755                      0.99903202
              0.55287051                      0.99994683
              0.55400342                      0.99970233
              0.55513638                      0.99825877
              0.55626929                      0.99560153
              0.55740225                      0.99170804
              0.55853516                      0.98654449
              0.55966806                      0.98010463
              0.56080103                      0.97237313
              0.56193393                       0.9633233
               0.5630669                      0.95295799
              0.56419981                      0.94127011
              0.56533277                      0.92824131
              0.56646568                      0.91388404
              0.56759858                      0.89819974
              0.56873155                      0.88118011
              0.56986445                      0.86284679
              0.57099742                      0.84321052
              0.57213032                      0.82227349
              0.57326329                      0.80006659
              0.57439619                      0.77661008
              0.57552916                      0.75191694
              0.57666206                      0.72602701
              0.57779497                       0.6989699
              0.57892793                      0.67076945
              0.58006084                      0.64147377
               0.5811938                      0.61112136
              0.58232671                      0.57974666
              0.58345968                      0.54740494
              0.58459258                      0.51414323
              0.58572549                      0.48000553
              0.58685845                      0.44505334
              0.58799136                      0.40934098
              0.58912432                      0.37292108
              0.59025723                      0.33585995
              0.59139019                      0.29821801
               0.5925231                      0.26005509
                0.593656                      0.22144075
              0.59478897                      0.18244009
              0.59592187                      0.14311849
              0.59705484                      0.10354703
              0.59818774                     0.063793905
              0.59932071                     0.023928199
              0.60045362                    -0.015979247
              0.60158652                    -0.055858862
              0.60271949                    -0.095639803
              0.60385239                     -0.13525328
              0.60498536                     -0.17463009
              0.60611826                     -0.21369964
              0.60725123                     -0.25239691
              0.60838413                     -0.29065481
               0.6095171                     -0.32840499
                 0.61065                      -0.3655878
              0.61178291                      -0.4021399
              0.61291587                      -0.4379971
              0.61404878                     -0.47310659
              0.61518174                     -0.50741023
              0.61631465                      -0.5408498
              0.61744761                     -0.57338035
              0.61858052                     -0.60495043
              0.61971343                     -0.63550919
              0.62084639                     -0.66502064
               0.6219793                     -0.69344103
              0.62311226                     -0.72072792
              0.62424517                     -0.74685514
              0.62537813                     -0.77178735
              0.62651104                     -0.79549164
              0.62764394                     -0.81795168
              0.62877691                     -0.83914119
              0.62990981                      -0.8590374
              0.63104278                     -0.87763387
              0.63217568                     -0.89491361
              0.63330865                     -0.91086417
              0.63444155                     -0.92548865
              0.63557452                     -0.93877953
              0.63670743                      -0.9507342
              0.63784033                     -0.96136516
               0.6389733                     -0.97067374
               0.6401062                      -0.9786669
              0.64123917                     -0.98536551
              0.64237207                     -0.99077934
              0.64350504                     -0.99492425
              0.64463794                     -0.99782848
              0.64577085                     -0.99950933
              0.64690381                     -0.99999064
              0.64803672                     -0.99930686
              0.64916968                     -0.99748188
              0.65030259                     -0.99454629
              0.65143555                     -0.99053949
              0.65256846                     -0.98549104
              0.65370136                     -0.97943681
              0.65483433                     -0.97241992
              0.65596724                     -0.96447432
               0.6571002                      -0.9556399
              0.65823311                     -0.94596213
              0.65936607                     -0.93547809
              0.66049898                      -0.9242304
              0.66163188                     -0.91226554
              0.66276485                     -0.89962256
              0.66389775                     -0.88634533
              0.66503072                     -0.87248021
              0.66616362                      -0.8580671
              0.66729659                     -0.84314984
              0.66842949                     -0.82777351
              0.66956246                     -0.81197786
              0.67069536                     -0.79580557
              0.67182827                     -0.77929944
              0.67296124                     -0.76249802
              0.67409414                     -0.74544185
              0.67522711                     -0.72817075
              0.67636001                     -0.71072137
              0.67749298                     -0.69313109
              0.67862588                     -0.67543614
              0.67975879                      -0.6576705
              0.68089175                      -0.6398679
              0.68202466                     -0.62206048
              0.68315762                      -0.6042791
              0.68429053                     -0.58655328
              0.68542349                     -0.56891084
               0.6865564                     -0.55137908
               0.6876893                     -0.53398311
              0.68882227                     -0.51674616
              0.68995517                     -0.49969202
              0.69108814                     -0.48284107
              0.69222105                     -0.46621212
              0.69335401                     -0.44982511
              0.69448692                     -0.43369597
              0.69561988                     -0.41783914
              0.69675279                     -0.40227082
              0.69788569                     -0.38700256
              0.69901866                     -0.37204477
              0.70015156                     -0.35741001
              0.70128453                     -0.34310573
              0.70241743                     -0.32913861
               0.7035504                      -0.3155179
               0.7046833                     -0.30224723
              0.70581621                     -0.28933004
              0.70694917                     -0.27677238
              0.70808208                     -0.26457468
              0.70921504                     -0.25273734
              0.71034795                     -0.24126384
              0.71148092                     -0.23015164
              0.71261382                     -0.21939874
              0.71374673                     -0.20900618
              0.71487969                     -0.19896908
               0.7160126                     -0.18928343
              0.71714556                     -0.17994826
              0.71827847                     -0.17095681
              0.71941143                     -0.16230343
              0.72054434                     -0.15398557
              0.72167724                     -0.14599501
              0.72281021                     -0.13832492
              0.72394311                     -0.13097145
              0.72507608                     -0.12392537
              0.72620898                     -0.11717903
              0.72734195                     -0.11072765
              0.72847486                     -0.10456135
              0.72960782                    -0.098671988
              0.73074073                    -0.093054131
              0.73187363                    -0.087697595
               0.7330066                    -0.082594022
               0.7341395                    -0.077737615
              0.73527247                    -0.073118143
              0.73640537                      -0.0687273
              0.73753834                    -0.064559095
              0.73867124                    -0.060603537
              0.73980415                     -0.05685252
              0.74093711                    -0.053300094
              0.74207002                    -0.049936645
              0.74320298                    -0.046754453
              0.74433589                    -0.043747723
              0.74546885                    -0.040907383
              0.74660176                    -0.038226198
              0.74773467                    -0.035698634
              0.74886763                    -0.033316277
              0.75000054                    -0.031072432
               0.7511335                    -0.028961927
              0.75226641                    -0.026977045
              0.75339937                    -0.025111701
              0.75453228                    -0.023361092
              0.75566524                     -0.02171828
              0.75679815                    -0.020177785
              0.75793105                      -0.0187352
              0.75906402                    -0.017384371
              0.76019692                    -0.016120421
              0.76132989                    -0.014939357
              0.76246279                    -0.013835782
              0.76359576                    -0.012805404
              0.76472867                    -0.011844651
              0.76586157                    -0.010948836
              0.76699454                    -0.010114218
              0.76812744                   -0.0093376432
              0.76926041                   -0.0086150803
              0.77039331                   -0.0079433005
              0.77152628                   -0.0073195496
              0.77265918                   -0.0067403913
              0.77379209                   -0.0062030661
              0.77492505                   -0.0057051945
              0.77605796                   -0.0052438728
              0.77719092                   -0.0048167631
              0.77832383                   -0.0044218316
              0.77945679                   -0.0040566437
               0.7805897                   -0.0037192381
              0.78172266                   -0.0034078909
              0.78285557                     -0.00312058
              0.78398848                   -0.0028556725
              0.78512144                   -0.0026117212
              0.78625435                   -0.0023870599
              0.78738731                   -0.0021803398
              0.78852022                   -0.0019903576
              0.78965318                   -0.0018157505
              0.79078609                    -0.001655414
              0.79191899                   -0.0015083558
              0.79305196                   -0.0013734698
              0.79418486                   -0.0012498584
              0.79531783                   -0.0011367105
              0.79645073                   -0.0010331349
               0.7975837                  -0.00093840773
               0.7987166                  -0.00085187127
              0.79984951                  -0.00077281299
              0.80098248                  -0.00070065365
              0.80211538                  -0.00063486386
              0.80324835                  -0.00057487813
              0.80438125                  -0.00052023621
              0.80551422                  -0.00047051554
              0.80664712                  -0.00042527047
              0.80778003                  -0.00038413797
              0.80891299                  -0.00034678326
               0.8100459                  -0.00031285759
              0.81117886                  -0.00028207671
              0.81231177                  -0.00025417737
              0.81344473                  -0.00022888854
              0.81457764                  -0.00020598916
               0.8157106                  -0.00018527378
              0.81684351                  -0.00016653319
              0.81797642                  -0.00014959673
              0.81910938                  -0.00013430517
              0.82024229                  -0.00012049816
              0.82137525                  -0.00010804479
              0.82250816                  -9.6822565e-05
              0.82364112                  -8.6709391e-05
              0.82477403                  -7.7605546e-05
              0.82590693                  -6.9417452e-05
               0.8270399                  -6.2052757e-05
               0.8281728                  -5.5436016e-05
              0.82930577                  -4.9496219e-05
              0.83043867                  -4.4163982e-05
              0.83157164                  -3.9382605e-05
              0.83270454                  -3.5098579e-05
              0.83383745                  -3.1260108e-05
              0.83497041                  -2.7824857e-05
              0.83610332                  -2.4752779e-05
              0.83723629                  -2.2005461e-05
              0.83836919                  -1.9551502e-05
              0.83950216                  -1.7361128e-05
              0.84063506                  -1.5406036e-05
              0.84176803                  -1.3663081e-05
              0.84290093                  -1.2110277e-05
              0.84403384                    -1.07269e-05
               0.8451668                  -9.4960033e-06
              0.84629971                  -8.4014582e-06
              0.84743267                   -7.428187e-06
              0.84856558                  -6.5638587e-06
              0.84969854                  -5.7967181e-06
              0.85083145                  -5.1158645e-06
              0.85196435                  -4.5123834e-06
              0.85309732                  -3.9777619e-06
              0.85423023                  -3.5041687e-06
              0.85536319                  -3.0851998e-06
               0.8564961                    -2.71473e-06
              0.85762906                  -2.3871678e-06
              0.85876197                   -2.097941e-06
              0.85989487                  -1.8426711e-06
              0.86102784                  -1.6173901e-06
              0.86216074                  -1.4188545e-06
              0.86329371                  -1.2439539e-06
              0.86442661                  -1.0898897e-06
              0.86555958                  -9.5437508e-07
              0.86669248                  -8.3521428e-07
              0.86782539                  -7.3044595e-07
              0.86895835                  -6.3846744e-07
              0.87009126                  -5.5773842e-07
              0.87122422                  -4.8689265e-07
              0.87235713                  -4.2481383e-07
               0.8734901                  -3.7042821e-07
                0.874623                  -3.2278973e-07
              0.87575597                  -2.8112566e-07
              0.87688887                  -2.4469213e-07
              0.87802178                    -2.12838e-07
              0.87915474                  -1.8503162e-07
              0.88028765                  -1.6076076e-07
              0.88142061                  -1.3958002e-07
              0.88255352                  -1.2112579e-07
              0.88368648                  -1.0504753e-07
              0.88481939                  -9.1042374e-08
              0.88595229                  -7.8863138e-08
              0.88708526                  -6.8271412e-08
              0.88821816                  -5.9062458e-08
              0.88935113                  -5.1069275e-08
              0.89048404                  -4.4130672e-08
                0.891617                  -3.8109093e-08
              0.89274991                  -3.2892359e-08
              0.89388281                  -2.8372156e-08
              0.89501578                  -2.4456609e-08
              0.89614868                  -2.1070816e-08
              0.89728165                  -1.8142437e-08
              0.89841455                  -1.5610462e-08
              0.89954752                   -1.342518e-08
              0.90068042                  -1.1538561e-08
              0.90181339                  -9.9103374e-09
              0.90294629                  -8.5077074e-09
               0.9040792                  -7.2989734e-09
              0.90521216                  -6.2577121e-09
              0.90634507                  -5.3624083e-09
              0.90747803                  -4.5922679e-09
              0.90861094                  -3.9300527e-09
              0.90974391                  -3.3617338e-09
              0.91087681                   -2.873751e-09
              0.91200972                  -2.4549238e-09
              0.91314268                  -2.0961584e-09
              0.91427559                  -1.7886637e-09
              0.91540855                  -1.5252311e-09
              0.91654146                  -1.2999998e-09
              0.91767442                  -1.1073044e-09
              0.91880733                  -9.4252384e-10
              0.91994023                  -8.0190321e-10
               0.9210732                  -6.8181283e-10
               0.9222061                   -5.793076e-10
              0.92333907                  -4.9199561e-10
              0.92447197                  -4.1756509e-10
              0.92560494                  -3.5415001e-10
              0.92673784                  -3.0023553e-10
              0.92787075                  -2.5435784e-10
              0.92900372                  -2.1534138e-10
              0.93013662                  -1.8223237e-10
              0.93126959                  -1.5410934e-10
              0.93240249                  -1.3023596e-10
              0.93353546                  -1.1001516e-10
              0.93466836                  -9.2870246e-11
              0.93580133                   -7.834268e-11
              0.93693423                  -6.6060823e-11
              0.93806714                  -5.5665871e-11
               0.9392001                  -4.6873883e-11
              0.94033301                  -3.9454891e-11
              0.94146597                  -3.3186929e-11
              0.94259888                  -2.7895334e-11
              0.94373184                  -2.3438185e-11
              0.94486475                   -1.967939e-11
              0.94599766                  -1.6511984e-11
              0.94713062                  -1.3848866e-11
              0.94826353                  -1.1607095e-11
              0.94939649                    -9.72153e-12
               0.9505294                   -8.139025e-12
              0.95166236                  -6.8093183e-12
              0.95279527                  -5.6929648e-12
              0.95392817                  -4.7577246e-12
              0.95506114                  -3.9733121e-12
              0.95619404                  -3.3159777e-12
              0.95732701                   -2.766277e-12
              0.95845991                  -2.3060642e-12
              0.95959288                   -1.921121e-12
              0.96072578                  -1.5997874e-12
              0.96185875                  -1.3312528e-12
              0.96299165                  -1.1070534e-12
              0.96412456                  -9.2023719e-13
              0.96525753                  -7.6440015e-13
              0.96639043                  -6.3453236e-13
               0.9675234                  -5.2651264e-13
               0.9686563                  -4.3656878e-13
              0.96978927                  -3.6175194e-13
              0.97092217                  -2.9963315e-13
              0.97205508                  -2.4800287e-13
              0.97318804                  -2.0513527e-13
              0.97432095                  -1.6960683e-13
              0.97545391                  -1.4013068e-13
              0.97658682                   -1.157024e-13
              0.97771978                  -9.5492523e-14
              0.97885269                  -7.8755734e-14
              0.97998559                  -6.4910771e-14
              0.98111856                  -5.3477066e-14
              0.98225147                  -4.4025368e-14
              0.98338443                  -3.6221185e-14
              0.98451734                  -2.9787682e-14
               0.9856503                   -2.447902e-14
              0.98678321                  -2.0103793e-14
              0.98791611                  -1.6503424e-14
              0.98904908                  -1.3537913e-14
              0.99018198                  -1.1098345e-14
              0.99131495                  -9.0943979e-15
              0.99244785                  -7.4467884e-15
              0.99358082                  -6.0938883e-15
              0.99471372                  -4.9845433e-15
              0.99584669                  -4.0741048e-15
              0.99697959                  -3.3278961e-15
               0.9981125                  -2.7171097e-15
              0.99924546                  -2.2167416e-15
               1.0003784                  -1.8073887e-15
               1.0015113                  -1.4729197e-15
               1.0026443                  -1.1994101e-15
               1.0037771                  -9.7606349e-16
               1.0049101                  -7.9389756e-16
               1.0060431                  -6.4520109e-16
               1.0071759                  -5.2400015e-16
               1.0083089                  -4.2532126e-16
               1.0094419                  -3.4491775e-16
               1.0105748                  -2.7950248e-16
               1.0117077                  -2.2633718e-16
               1.0128406                  -1.8309608e-16
               1.0139736                  -1.4798053e-16
               1.0151064                  -1.1949131e-16
               1.0162394                  -9.6361783e-17
               1.0173724                  -7.7613205e-17
               1.0185053                  -6.2429359e-17
               1.0196382                  -5.0124227e-17
               1.0207711                  -4.0168185e-17
               1.0219041                  -3.2119344e-17
                1.023037                  -2.5608218e-17
               1.0241699                  -2.0349795e-17
               1.0253029                  -1.6106179e-17
               1.0264359                   -1.267947e-17
               1.0275687                  -9.9171378e-18
               1.0287017                  -7.6918276e-18
               1.0298346                  -5.8981224e-18
               1.0309675                  -4.4548486e-18
               1.0321004                  -3.2942065e-18
               1.0332334                  -2.3603547e-18
               1.0343664                  -1.6103313e-18
               1.0354992                  -1.0082432e-18
               1.0366322                  -5.2467342e-19
               1.0377651                  -1.3700974e-19
               1.0388981                   1.7364407e-19
                1.040031                   4.2269917e-19
               1.0411639                   6.2199148e-19
               1.0422969                   7.8141379e-19
               1.0434297                   9.0899529e-19
               1.0445627                   1.0108971e-18
               1.0456957                   1.0922697e-18
               1.0468286                   1.1572732e-18
               1.0479615                   1.2090971e-18
               1.0490944                    1.250408e-18
               1.0502274                   1.2833495e-18
               1.0513602                   1.3095637e-18
               1.0524932                   1.3304234e-18
               1.0536262                   1.3470272e-18
               1.0547591                   1.3602159e-18
                1.055892                   1.3706924e-18
                1.057025                   1.3790164e-18
               1.0581579                    1.385616e-18
               1.0592908                   1.3908494e-18
               1.0604237                   1.3950001e-18
               1.0615567                   1.3982848e-18
               1.0626897                    1.400885e-18
               1.0638225                   1.4029436e-18
               1.0649555                   1.4045696e-18
               1.0660884                   1.4058547e-18
               1.0672213                   1.4068701e-18
               1.0683542                   1.4076707e-18
               1.0694872                   1.4083024e-18
               1.0706202                   1.4088006e-18
                1.071753                   1.4091927e-18
                1.072886                   1.4095015e-18
                1.074019                   1.4097447e-18
               1.0751518                   1.4099357e-18
               1.0762848                   1.4100858e-18
               1.0774177                   1.4102039e-18
               1.0785507                   1.4102964e-18
               1.0796835                    1.410369e-18
               1.0808165                    1.410426e-18
               1.0819495                   1.4104705e-18
               1.0830823                   1.4105055e-18
               1.0842153                   1.4105329e-18
               1.0853482                   1.4105543e-18
               1.0864812                   1.4105709e-18
               1.0876141                   1.4105841e-18
                1.088747                   1.4105942e-18
                 1.08988                   1.4106022e-18
               1.0910128                   1.4106084e-18
               1.0921458                   1.4106132e-18
               1.0932788                   1.4106171e-18
               1.0944117                   1.4106199e-18
               1.0955446                   1.4106222e-18
               1.0966775                    1.410624e-18
               1.0978105                   1.4106253e-18
               1.0989435                   1.4106265e-18
               1.1000763                   1.4106273e-18
               1.1012093                   1.4106279e-18
               1.1023422                   1.4106284e-18
               1.1034751                   1.4106288e-18
               1.1046081                    1.410629e-18
                1.105741                   1.4106294e-18
                1.106874                   1.4106295e-18
               1.1080068                   1.4106297e-18
               1.1091398                   1.4106298e-18
               1.1102728                   1.4106299e-18
               1.1114056                   1.4106299e-18
               1.1125386                     1.41063e-18
               1.1136715                     1.41063e-18
               1.1148045                     1.41063e-18
               1.1159374                   1.4106301e-18
               1.1170703                   1.4106301e-18
               1.1182033                   1.4106301e-18
               1.1193361                   1.4106301e-18
               1.1204691                   1.4106301e-18
               1.1216021                   1.4106301e-18
                1.122735                   1.4106301e-18
               1.1238679                   1.4106301e-18
               1.1250008                   1.4106301e-18
               1.1261338                   1.4106301e-18
               1.1272666                   1.4106301e-18
               1.1283996                   1.4106301e-18
               1.1295326                   1.4106301e-18
               1.1306655                   1.4106301e-18
               1.1317984                   1.4106301e-18
               1.1329314                   1.4106301e-18
               1.1340643                   1.4106301e-18
               1.1351972                   1.4106301e-18
               1.1363301                   1.4106301e-18
               1.1374631                   1.4106301e-18
               1.1385961                   1.4106301e-18
               1.1397289                   1.4106301e-18
               1.1408619                   1.4106301e-18
               1.1419948                   1.4106301e-18
               1.1431277                   1.4106301e-18
               1.1442606                   1.4106301e-18
               1.1453936                   1.4106301e-18
               1.1465266                   1.4106301e-18
               1.1476594                   1.4106301e-18
               1.1487924                   1.4106301e-18
               1.1499254                   1.4106301e-18
               1.1510583                   1.4106301e-18
               1.1521912                   1.4106301e-18
               1.1533241                   1.4106301e-18
               1.1544571                   1.4106301e-18
               1.1555899                   1.4106301e-18
               1.1567229                   1.4106301e-18
               1.1578559                   1.4106301e-18
               1.1589888                   1.4106301e-18
               1.1601217                   1.4106301e-18
               1.1612546                   1.4106301e-18
               1.1623876                   1.4106301e-18
               1.1635205                   1.4106301e-18
               1.1646534                   1.4106301e-18
               1.1657864                   1.4106301e-18
               1.1669194                   1.4106301e-18
               1.1680522                   1.4106301e-18
               1.1691852                   1.4106301e-18
               1.1703181                   1.4106301e-18
                1.171451                   1.4106301e-18
               1.1725839                   1.4106301e-18
               1.1737169                   1.4106301e-18
               1.1748499                   1.4106301e-18
               1.1759827                   1.4106301e-18
               1.1771157                   1.4106301e-18
               1.1782486                   1.4106301e-18
               1.1793815                   1.4106301e-18
               1.1805145                   1.4106301e-18
               1.1816474                   1.4106301e-18
               1.1827804                   1.4106301e-18
               1.1839132                   1.4106301e-18
               1.1850462                   1.4106301e-18
               1.1861792                   1.4106301e-18
                1.187312                   1.4106301e-18
                1.188445                   1.4106301e-18
               1.1895779                   1.4106301e-18
               1.1907109                   1.4106301e-18
               1.1918437                   1.4106301e-18
               1.1929767                   1.4106301e-18
               1.1941097                   1.4106301e-18
               1.1952425                   1.4106301e-18
               1.1963755                   1.4106301e-18
               1.1975085                   1.4106301e-18
               1.1986414                   1.4106301e-18
               1.1997743                   1.4106301e-18
               1.2009072                   1.4106301e-18
               1.2020402                   1.4106301e-18
                1.203173                   1.4106301e-18
                1.204306                   1.4106301e-18
                1.205439                   1.4106301e-18
               1.2065719                   1.4106301e-18
               1.2077048                   1.4106301e-18
               1.2088377                   1.4106301e-18
               1.2099707                   1.4106301e-18
               1.2111037                   1.4106301e-18
               1.2122365                   1.4106301e-18
               1.2133695                   1.4106301e-18
               1.2145025                   1.4106301e-18
               1.2156353                   1.4106301e-18
               1.2167683                   1.4106301e-18
               1.2179012                   1.4106301e-18
               1.2190342                   1.4106301e-18
                1.220167                   1.4106301e-18
                  1.2213                   1.4106301e-18
                1.222433                   1.4106301e-18
               1.2235658                   1.4106301e-18
               1.2246988                   1.4106301e-18
               1.2258317                   1.4106301e-18
               1.2269647                   1.4106301e-18
               1.2280976                   1.4106301e-18
               1.2292305                   1.4106301e-18
               1.2303635                   1.4106301e-18
               1.2314963                   1.4106301e-18
               1.2326293                   1.4106301e-18
               1.2337623                   1.4106301e-18
               1.2348952                   1.4106301e-18
               1.2360281                   1.4106301e-18
                1.237161                   1.4106301e-18
                1.238294                   1.4106301e-18
               1.2394269                   1.4106301e-18
               1.2405598                   1.4106301e-18
               1.2416928                   1.4106301e-18
               1.2428257                   1.4106301e-18
               1.2439586                   1.4106301e-18
               1.2450916                   1.4106301e-18
               1.2462245                   1.4106301e-18
               1.2473574                   1.4106301e-18
               1.2484903                   1.4106301e-18
               1.2496233                   1.4106301e-18
               1.2507563                   1.4106301e-18
               1.2518891                   1.4106301e-18
               1.2530221                   1.4106301e-18
                1.254155                   1.4106301e-18
               1.2552879                   1.4106301e-18
               1.2564209                   1.4106301e-18
               1.2575538                   1.4106301e-18
               1.2586868                   1.4106301e-18
               1.2598196                   1.4106301e-18
               1.2609526                   1.4106301e-18
               1.2620856                   1.4106301e-18
               1.2632184                   1.4106301e-18
               1.2643514                   1.4106301e-18
               1.2654843                   1.4106301e-18
               1.2666173                   1.4106301e-18
               1.2677501                   1.4106301e-18
               1.2688831                   1.4106301e-18
               1.2700161                   1.4106301e-18
                1.271149                   1.4106301e-18
               1.2722819                   1.4106301e-18
               1.2734149                   1.4106301e-18
               1.2745478                   1.4106301e-18
               1.2756807                   1.4106301e-18
               1.2768136                   1.4106301e-18
               1.2779466                   1.4106301e-18
               1.2790796                   1.4106301e-18
               1.2802124                   1.4106301e-18
               1.2813454                   1.4106301e-18
               1.2824783                   1.4106301e-18
               1.2836112                   1.4106301e-18
               1.2847441                   1.4106301e-18
               1.2858771                   1.4106301e-18
               1.2870101                   1.4106301e-18
               1.2881429                   1.4106301e-18
               1.2892759                   1.4106301e-18
               1.2904088                   1.4106301e-18
               1.2915417                   1.4106301e-18
               1.2926747                   1.4106301e-18
               1.2938076                   1.4106301e-18
               1.2949406                   1.4106301e-18
               1.2960734                   1.4106301e-18
               1.2972064                   1.4106301e-18
               1.2983394                   1.4106301e-18
               1.2994722                   1.4106301e-18
               1.3006052                   1.4106301e-18
               1.3017381                   1.4106301e-18
               1.3028711                   1.4106301e-18
                1.304004                   1.4106301e-18
               1.3051369                   1.4106301e-18
               1.3062699                   1.4106301e-18
               1.3074027                   1.4106301e-18
               1.3085357                   1.4106301e-18
               1.3096687                   1.4106301e-18
               1.3108016                   1.4106301e-18
               1.3119345                   1.4106301e-18
               1.3130674                   1.4106301e-18
               1.3142004                   1.4106301e-18
               1.3153332                   1.4106301e-18
               1.3164662                   1.4106301e-18
               1.3175992                   1.4106301e-18
               1.3187321                   1.4106301e-18
                1.319865                   1.4106301e-18
                1.320998                   1.4106301e-18
               1.3221309                   1.4106301e-18
               1.3232638                   1.4106301e-18
               1.3243967                   1.4106301e-18
               1.3255297                   1.4106301e-18
               1.3266627                   1.4106301e-18
               1.3277955                   1.4106301e-18
               1.3289285                   1.4106301e-18
               1.3300614                   1.4106301e-18
               1.3311944                   1.4106301e-18
               1.3323272                   1.4106301e-18
               1.3334602                   1.4106301e-18
               1.3345932                   1.4106301e-18
                1.335726                   1.4106301e-18
                1.336859                   1.4106301e-18
                1.337992                   1.4106301e-18
               1.3391249                   1.4106301e-18
               1.3402578                   1.4106301e-18
               1.3413907                   1.4106301e-18
               1.3425237                   1.4106301e-18
               1.3436565                   1.4106301e-18
               1.3447895                   1.4106301e-18
               1.3459225                   1.4106301e-18
               1.3470554                   1.4106301e-18
               1.3481883                   1.4106301e-18
               1.3493212                   1.4106301e-18
               1.3504542                   1.4106301e-18
               1.3515871                   1.4106301e-18
                 1.35272                   1.4106301e-18
                1.353853                   1.4106301e-18
                1.354986                   1.4106301e-18
               1.3561188                   1.4106301e-18
               1.3572518                   1.4106301e-18
               1.3583847                   1.4106301e-18
               1.3595176                   1.4106301e-18
               1.3606505                   1.4106301e-18
               1.3617835                   1.4106301e-18
               1.3629165                   1.4106301e-18
               1.3640493                   1.4106301e-18
               1.3651823                   1.4106301e-18
               1.3663152                   1.4106301e-18
               1.3674481                   1.4106301e-18
               1.3685811                   1.4106301e-18
                1.369714                   1.4106301e-18
                1.370847                   1.4106301e-18
               1.3719798                   1.4106301e-18
               1.3731128                   1.4106301e-18
               1.3742458                   1.4106301e-18
               1.3753786                   1.4106301e-18
               1.3765116                   1.4106301e-18
               1.3776445                   1.4106301e-18
               1.3787775                   1.4106301e-18
               1.3799103                   1.4106301e-18
               1.3810433                   1.4106301e-18
               1.3821763                   1.4106301e-18
               1.3833091                   1.4106301e-18
               1.3844421                   1.4106301e-18
               1.3855751                   1.4106301e-18
                1.386708                   1.4106301e-18
               1.3878409                   1.4106301e-18
               1.3889738                   1.4106301e-18
               1.3901068                   1.4106301e-18
               1.3912398                   1.4106301e-18
               1.3923726                   1.4106301e-18
               1.3935056                   1.4106301e-18
               1.3946385                   1.4106301e-18
               1.3957714                   1.4106301e-18
               1.3969043                   1.4106301e-18
               1.3980373                   1.4106301e-18
               1.3991703                   1.4106301e-18
               1.4003031                   1.4106301e-18
               1.4014361                   1.4106301e-18
               1.4025691                   1.4106301e-18
               1.4037019                   1.4106301e-18
               1.4048349                   1.4106301e-18
               1.4059678                   1.4106301e-18
               1.4071008                   1.4106301e-18
               1.4082336                   1.4106301e-18
               1.4093666                   1.4106301e-18
               1.4104996                   1.4106301e-18
               1.4116324                   1.4106301e-18
               1.4127654                   1.4106301e-18
               1.4138983                   1.4106301e-18
               1.4150313                   1.4106301e-18
               1.4161642                   1.4106301e-18
               1.4172971                   1.4106301e-18
               1.4184301                   1.4106301e-18
               1.4195629                   1.4106301e-18
               1.4206959                   1.4106301e-18
               1.4218289                   1.4106301e-18
               1.4229618                   1.4106301e-18
               1.4240947                   1.4106301e-18
               1.4252276                   1.4106301e-18
               1.4263606                   1.4106301e-18
               1.4274935                   1.4106301e-18
               1.4286264                   1.4106301e-18
               1.4297594                   1.4106301e-18
               1.4308923                   1.4106301e-18
               1.4320252                   1.4106301e-18
               1.4331582                   1.4106301e-18
               1.4342911                   1.4106301e-18
                1.435424                   1.4106301e-18
               1.4365569                   1.4106301e-18
               1.4376899                   1.4106301e-18
               1.4388229                   1.4106301e-18
               1.4399557                   1.4106301e-18
               1.4410887                   1.4106301e-18
               1.4422216                   1.4106301e-18
               1.4433545                   1.4106301e-18
               1.4444875                   1.4106301e-18
               1.4456204                   1.4106301e-18
               1.4467534                   1.4106301e-18
               1.4478862                   1.4106301e-18
               1.4490192                   1.4106301e-18
               1.4501522                   1.4106301e-18
               1.4512851                   1.4106301e-18
                1.452418                   1.4106301e-18
               1.4535509                   1.4106301e-18
               1.4546839                   1.4106301e-18
               1.4558167                   1.4106301e-18
               1.4569497                   1.4106301e-18
               1.4580827                   1.4106301e-18
               1.4592156                   1.4106301e-18
               1.4603485                   1.4106301e-18
               1.4614815                   1.4106301e-18
               1.4626144                   1.4106301e-18
               1.4637473                   1.4106301e-18
               1.4648802                   1.4106301e-18
               1.4660132                   1.4106301e-18
               1.4671462                   1.4106301e-18
                1.468279                   1.4106301e-18
                1.469412                   1.4106301e-18
               1.4705449                   1.4106301e-18
               1.4716778                   1.4106301e-18
               1.4728107                   1.4106301e-18
               1.4739437                   1.4106301e-18
               1.4750767                   1.4106301e-18
               1.4762095                   1.4106301e-18
               1.4773425                   1.4106301e-18
               1.4784755                   1.4106301e-18
               1.4796083                   1.4106301e-18
               1.4807413                   1.4106301e-18
               1.4818742                   1.4106301e-18
               1.4830072                   1.4106301e-18
                 1.48414                   1.4106301e-18
                1.485273                   1.4106301e-18
                1.486406                   1.4106301e-18
               1.4875388                   1.4106301e-18
               1.4886718                   1.4106301e-18
               1.4898047                   1.4106301e-18
               1.4909377                   1.4106301e-18
               1.4920706                   1.4106301e-18
               1.4932035                   1.4106301e-18
               1.4943365                   1.4106301e-18
               1.4954693                   1.4106301e-18
               1.4966023                   1.4106301e-18
               1.4977353                   1.4106301e-18
               1.4988682                   1.4106301e-18
               1.5000011                   1.4106301e-18
                1.501134                   1.4106301e-18
                1.502267                   1.4106301e-18
               1.5033998                   1.4106301e-18
               1.5045328                   1.4106301e-18
               1.5056658                   1.4106301e-18
               1.5067987                   1.4106301e-18
               1.5079316                   1.4106301e-18
               1.5090646                   1.4106301e-18
               1.5101975                   1.4106301e-18
               1.5113305                   1.4106301e-18
               1.5124633                   1.4106301e-18
               1.5135963                   1.4106301e-18
               1.5147293                   1.4106301e-18
               1.5158621                   1.4106301e-18
               1.5169951                   1.4106301e-18
                1.518128                   1.4106301e-18
                1.519261                   1.4106301e-18
               1.5203938                   1.4106301e-18
               1.5215268                   1.4106301e-18
               1.5226598                   1.4106301e-18
               1.5237926                   1.4106301e-18
               1.5249256                   1.4106301e-18
               1.5260586                   1.4106301e-18
               1.5271915                   1.4106301e-18
               1.5283244                   1.4106301e-18
               1.5294573                   1.4106301e-18
               1.5305903                   1.4106301e-18
               1.5317231                   1.4106301e-18
               1.5328561                   1.4106301e-18
               1.5339891                   1.4106301e-18
                1.535122                   1.4106301e-18
               1.5362549                   1.4106301e-18
               1.5373878                   1.4106301e-18
               1.5385208                   1.4106301e-18
               1.5396537                   1.4106301e-18
               1.5407866                   1.4106301e-18
               1.5419196                   1.4106301e-18
               1.5430526                   1.4106301e-18
               1.5441854                   1.4106301e-18
               1.5453184                   1.4106301e-18
               1.5464513                   1.4106301e-18
               1.5475842                   1.4106301e-18
               1.5487171                   1.4106301e-18
               1.5498501                   1.4106301e-18
               1.5509831                   1.4106301e-18
               1.5521159                   1.4106301e-18
               1.5532489                   1.4106301e-18
               1.5543818                   1.4106301e-18
               1.5555147                   1.4106301e-18
               1.5566477                   1.4106301e-18
               1.5577806                   1.4106301e-18
               1.5589136                   1.4106301e-18
               1.5600464                   1.4106301e-18
               1.5611794                   1.4106301e-18
               1.5623124                   1.4106301e-18
               1.5634453                   1.4106301e-18
               1.5645782                   1.4106301e-18
               1.5657111                   1.4106301e-18
               1.5668441                   1.4106301e-18
                1.567977                   1.4106301e-18
               1.5691099                   1.4106301e-18
               1.5702429                   1.4106301e-18
               1.5713758                   1.4106301e-18
               1.5725087                   1.4106301e-18
               1.5736417                   1.4106301e-18
               1.5747746                   1.4106301e-18
               1.5759075                   1.4106301e-18
               1.5770404                   1.4106301e-18
               1.5781734                   1.4106301e-18
               1.5793064                   1.4106301e-18
               1.5804392                   1.4106301e-18
               1.5815722                   1.4106301e-18
               1.5827051                   1.4106301e-18
                1.583838                   1.4106301e-18
                1.584971                   1.4106301e-18
               1.5861039                   1.4106301e-18
               1.5872369                   1.4106301e-18
               1.5883697                   1.4106301e-18
               1.5895027                   1.4106301e-18
               1.5906357                   1.4106301e-18
               1.5917685                   1.4106301e-18
               1.5929015                   1.4106301e-18
               1.5940344                   1.4106301e-18
               1.5951674                   1.4106301e-18
               1.5963002                   1.4106301e-18
               1.5974332                   1.4106301e-18
               1.5985662                   1.4106301e-18
                1.599699                   1.4106301e-18
                1.600832                   1.4106301e-18
                1.601965                   1.4106301e-18
               1.6030979                   1.4106301e-18
               1.6042308                   1.4106301e-18
               1.6053637                   1.4106301e-18
               1.6064967                   1.4106301e-18
               1.6076295                   1.4106301e-18
               1.6087625                   1.4106301e-18
               1.6098955                   1.4106301e-18
               1.6110284                   1.4106301e-18
               1.6121613                   1.4106301e-18
               1.6132942                   1.4106301e-18
               1.6144272                   1.4106301e-18
               1.6155601                   1.4106301e-18
                1.616693                   1.4106301e-18
                1.617826                   1.4106301e-18
                1.618959                   1.4106301e-18
               1.6200918                   1.4106301e-18
               1.6212248                   1.4106301e-18
               1.6223577                   1.4106301e-18
               1.6234907                   1.4106301e-18
               1.6246235                   1.4106301e-18
               1.6257565                   1.4106301e-18
               1.6268895                   1.4106301e-18
               1.6280223                   1.4106301e-18
               1.6291553                   1.4106301e-18
               1.6302882                   1.4106301e-18
               1.6314212                   1.4106301e-18
               1.6325541                   1.4106301e-18
                1.633687                   1.4106301e-18
                 1.63482                   1.4106301e-18
               1.6359528                   1.4106301e-18
               1.6370858                   1.4106301e-18
               1.6382188                   1.4106301e-18
               1.6393517                   1.4106301e-18
               1.6404846                   1.4106301e-18
               1.6416175                   1.4106301e-18
               1.6427505                   1.4106301e-18
               1.6438833                   1.4106301e-18
               1.6450163                   1.4106301e-18
               1.6461493                   1.4106301e-18
               1.6472822                   1.4106301e-18
               1.6484151                   1.4106301e-18
               1.6495481                   1.4106301e-18
                1.650681                   1.4106301e-18
               1.6518139                   1.4106301e-18
               1.6529468                   1.4106301e-18
               1.6540798                   1.4106301e-18
               1.6552128                   1.4106301e-18
               1.6563456                   1.4106301e-18
               1.6574786                   1.4106301e-18
               1.6586115                   1.4106301e-18
               1.6597444                   1.4106301e-18
               1.6608773                   1.4106301e-18
               1.6620103                   1.4106301e-18
               1.6631433                   1.4106301e-18
               1.6642761                   1.4106301e-18
               1.6654091                   1.4106301e-18
               1.6665421                   1.4106301e-18
               1.6676749                   1.4106301e-18
               1.6688079                   1.4106301e-18
               1.6699408                   1.4106301e-18
               1.6710738                   1.4106301e-18
               1.6722066                   1.4106301e-18
               1.6733396                   1.4106301e-18
               1.6744726                   1.4106301e-18
               1.6756054                   1.4106301e-18
               1.6767384                   1.4106301e-18
               1.6778713                   1.4106301e-18
               1.6790043                   1.4106301e-18
               1.6801372                   1.4106301e-18
               1.6812701                   1.4106301e-18
               1.6824031                   1.4106301e-18
               1.6835361                   1.4106301e-18
               1.6846689                   1.4106301e-18
               1.6858019                   1.4106301e-18
               1.6869348                   1.4106301e-18
               1.6880677                   1.4106301e-18
               1.6892006                   1.4106301e-18
               1.6903336                   1.4106301e-18
               1.6914666                   1.4106301e-18
               1.6925994                   1.4106301e-18
               1.6937324                   1.4106301e-18
               1.6948653                   1.4106301e-18
               1.6959982                   1.4106301e-18
               1.6971312                   1.4106301e-18
               1.6982641                   1.4106301e-18
               1.6993971                   1.4106301e-18
               1.7005299                   1.4106301e-18
               1.7016629                   1.4106301e-18
               1.7027959                   1.4106301e-18
               1.7039287                   1.4106301e-18
               1.7050617                   1.4106301e-18
               1.7061946                   1.4106301e-18
               1.7073276                   1.4106301e-18
               1.7084605                   1.4106301e-18
               1.7095934                   1.4106301e-18
               1.7107264                   1.4106301e-18
               1.7118592                   1.4106301e-18
               1.7129922                   1.4106301e-18
               1.7141252                   1.4106301e-18
               1.7152581                   1.4106301e-18
                1.716391                   1.4106301e-18
               1.7175239                   1.4106301e-18
               1.7186569                   1.4106301e-18
               1.7197897                   1.4106301e-18
               1.7209227                   1.4106301e-18
               1.7220557                   1.4106301e-18
               1.7231886                   1.4106301e-18
               1.7243215                   1.4106301e-18
               1.7254544                   1.4106301e-18
               1.7265874                   1.4106301e-18
               1.7277203                   1.4106301e-18
               1.7288532                   1.4106301e-18
               1.7299862                   1.4106301e-18
               1.7311192                   1.4106301e-18
                1.732252                   1.4106301e-18
                1.733385                   1.4106301e-18
               1.7345179                   1.4106301e-18
               1.7356508                   1.4106301e-18
               1.7367837                   1.4106301e-18
               1.7379167                   1.4106301e-18
               1.7390497                   1.4106301e-18
               1.7401825                   1.4106301e-18
               1.7413155                   1.4106301e-18
               1.7424484                   1.4106301e-18
               1.7435814                   1.4106301e-18
               1.7447143                   1.4106301e-18
               1.7458472                   1.4106301e-18
               1.7469802                   1.4106301e-18
                1.748113                   1.4106301e-18
                1.749246                   1.4106301e-18
                1.750379                   1.4106301e-18
               1.7515119                   1.4106301e-18
               1.7526448                   1.4106301e-18
               1.7537777                   1.4106301e-18
               1.7549107                   1.4106301e-18
               1.7560436                   1.4106301e-18
               1.7571765                   1.4106301e-18
               1.7583095                   1.4106301e-18
               1.7594424                   1.4106301e-18
               1.7605753                   1.4106301e-18
               1.7617083                   1.4106301e-18
               1.7628412                   1.4106301e-18
               1.7639741                   1.4106301e-18
                1.765107                   1.4106301e-18
                 1.76624                   1.4106301e-18
                1.767373                   1.4106301e-18
               1.7685058                   1.4106301e-18
               1.7696388                   1.4106301e-18
               1.7707717                   1.4106301e-18
               1.7719046                   1.4106301e-18
               1.7730376                   1.4106301e-18
               1.7741705                   1.4106301e-18
               1.7753035                   1.4106301e-18
               1.7764363                   1.4106301e-18
               1.7775693                   1.4106301e-18
               1.7787023                   1.4106301e-18
               1.7798351                   1.4106301e-18
               1.7809681                   1.4106301e-18
                1.782101                   1.4106301e-18
                1.783234                   1.4106301e-18
               1.7843668                   1.4106301e-18
               1.7854998                   1.4106301e-18
               1.7866328                   1.4106301e-18
               1.7877656                   1.4106301e-18
               1.7888986                   1.4106301e-18
               1.7900316                   1.4106301e-18
               1.7911645                   1.4106301e-18
               1.7922974                   1.4106301e-18
               1.7934303                   1.4106301e-18
               1.7945633                   1.4106301e-18
               1.7956961                   1.4106301e-18
               1.7968291                   1.4106301e-18
               1.7979621                   1.4106301e-18
                1.799095                   1.4106301e-18
               1.8002279                   1.4106301e-18
               1.8013608                   1.4106301e-18
               1.8024938                   1.4106301e-18
               1.8036268                   1.4106301e-18
               1.8047596                   1.4106301e-18
               1.8058926                   1.4106301e-18
               1.8070256                   1.4106301e-18
               1.8081584                   1.4106301e-18
               1.8092914                   1.4106301e-18
               1.8104243                   1.4106301e-18
               1.8115573                   1.4106301e-18
               1.8126901                   1.4106301e-18
               1.8138231                   1.4106301e-18
               1.8149561                   1.4106301e-18
               1.8160889                   1.4106301e-18
               1.8172219                   1.4106301e-18
               1.8183548                   1.4106301e-18
               1.8194878                   1.4106301e-18
               1.8206207                   1.4106301e-18
               1.8217536                   1.4106301e-18
               1.8228866                   1.4106301e-18
               1.8240194                   1.4106301e-18
               1.8251524                   1.4106301e-18
               1.8262854                   1.4106301e-18
               1.8274183                   1.4106301e-18
               1.8285512                   1.4106301e-18
               1.8296841                   1.4106301e-18
               1.8308171                   1.4106301e-18
               1.8319499                   1.4106301e-18
               1.8330829                   1.4106301e-18
               1.8342159                   1.4106301e-18
               1.8353488                   1.4106301e-18
               1.8364817                   1.4106301e-18
               1.8376147                   1.4106301e-18
               1.8387476                   1.4106301e-18
               1.8398805                   1.4106301e-18
               1.8410134                   1.4106301e-18
               1.8421464                   1.4106301e-18
               1.8432794                   1.4106301e-18
               1.8444122                   1.4106301e-18
               1.8455452                   1.4106301e-18
               1.8466781                   1.4106301e-18
                1.847811                   1.4106301e-18
               1.8489439                   1.4106301e-18
               1.8500769                   1.4106301e-18
               1.8512099                   1.4106301e-18
               1.8523427                   1.4106301e-18
               1.8534757                   1.4106301e-18
               1.8546087                   1.4106301e-18
               1.8557415                   1.4106301e-18
               1.8568745                   1.4106301e-18
               1.8580074                   1.4106301e-18
               1.8591404                   1.4106301e-18
               1.8602732                   1.4106301e-18
               1.8614062                   1.4106301e-18
               1.8625392                   1.4106301e-18
               1.8636721                   1.4106301e-18
                1.864805                   1.4106301e-18
               1.8659379                   1.4106301e-18
               1.8670709                   1.4106301e-18
               1.8682038                   1.4106301e-18
               1.8693367                   1.4106301e-18
               1.8704697                   1.4106301e-18
               1.8716027                   1.4106301e-18
               1.8727355                   1.4106301e-18
               1.8738685                   1.4106301e-18
               1.8750014                   1.4106301e-18
               1.8761343                   1.4106301e-18
               1.8772672                   1.4106301e-18
               1.8784002                   1.4106301e-18
               1.8795332                   1.4106301e-18
                1.880666                   1.4106301e-18
                1.881799                   1.4106301e-18
               1.8829319                   1.4106301e-18
               1.8840648                   1.4106301e-18
               1.8851978                   1.4106301e-18
               1.8863307                   1.4106301e-18
               1.8874637                   1.4106301e-18
               1.8885965                   1.4106301e-18
               1.8897295                   1.4106301e-18
               1.8908625                   1.4106301e-18
               1.8919953                   1.4106301e-18
               1.8931283                   1.4106301e-18
               1.8942612                   1.4106301e-18
               1.8953942                   1.4106301e-18
               1.8965271                   1.4106301e-18
                 1.89766                   1.4106301e-18
                1.898793                   1.4106301e-18
               1.8999258                   1.4106301e-18
               1.9010588                   1.4106301e-18
               1.9021918                   1.4106301e-18
               1.9033247                   1.4106301e-18
               1.9044576                   1.4106301e-18
               1.9055905                   1.4106301e-18
               1.9067235                   1.4106301e-18
               1.9078563                   1.4106301e-18
               1.9089893                   1.4106301e-18
               1.9101223                   1.4106301e-18
               1.9112552                   1.4106301e-18
               1.9123881                   1.4106301e-18
               1.9135211                   1.4106301e-18
                1.914654                   1.4106301e-18
               1.9157869                   1.4106301e-18
               1.9169198                   1.4106301e-18
               1.9180528                   1.4106301e-18
               1.9191858                   1.4106301e-18
               1.9203186                   1.4106301e-18
               1.9214516                   1.4106301e-18
               1.9225845                   1.4106301e-18
               1.9237175                   1.4106301e-18
               1.9248503                   1.4106301e-18
               1.9259833                   1.4106301e-18
               1.9271163                   1.4106301e-18
               1.9282491                   1.4106301e-18
               1.9293821                   1.4106301e-18
               1.9305151                   1.4106301e-18
                1.931648                   1.4106301e-18
               1.9327809                   1.4106301e-18
               1.9339138                   1.4106301e-18
               1.9350468                   1.4106301e-18
               1.9361796                   1.4106301e-18
               1.9373126                   1.4106301e-18
               1.9384456                   1.4106301e-18
               1.9395785                   1.4106301e-18
               1.9407114                   1.4106301e-18
               1.9418443                   1.4106301e-18
               1.9429773                   1.4106301e-18
               1.9441102                   1.4106301e-18
               1.9452431                   1.4106301e-18
               1.9463761                   1.4106301e-18
               1.9475091                   1.4106301e-18
               1.9486419                   1.4106301e-18
               1.9497749                   1.4106301e-18
               1.9509078                   1.4106301e-18
               1.9520407                   1.4106301e-18
               1.9531736                   1.4106301e-18
               1.9543066                   1.4106301e-18
               1.9554396                   1.4106301e-18
               1.9565724                   1.4106301e-18
               1.9577054                   1.4106301e-18
               1.9588383                   1.4106301e-18
               1.9599712                   1.4106301e-18
               1.9611042                   1.4106301e-18
               1.9622371                   1.4106301e-18
               1.9633701                   1.4106301e-18
               1.9645029                   1.4106301e-18
               1.9656359                   1.4106301e-18
               1.9667689                   1.4106301e-18
               1.9679017                   1.4106301e-18
               1.9690347                   1.4106301e-18
               1.9701676                   1.4106301e-18
               1.9713006                   1.4106301e-18
               1.9724334                   1.4106301e-18
               1.9735664                   1.4106301e-18
               1.9746994                   1.4106301e-18
               1.9758322                   1.4106301e-18
               1.9769652                   1.4106301e-18
               1.9780982                   1.4106301e-18
               1.9792311                   1.4106301e-18
                1.980364                   1.4106301e-18
               1.9814969                   1.4106301e-18
               1.9826299                   1.4106301e-18
               1.9837629                   1.4106301e-18
               1.9848957                   1.4106301e-18
               1.9860287                   1.4106301e-18
               1.9871616                   1.4106301e-18
               1.9882945                   1.4106301e-18
               1.9894274                   1.4106301e-18
               1.9905604                   1.4106301e-18
               1.9916934                   1.4106301e-18
               1.9928262                   1.4106301e-18
               1.9939592                   1.4106301e-18
               1.9950922                   1.4106301e-18
                1.996225                   1.4106301e-18
                1.997358                   1.4106301e-18
               1.9984909                   1.4106301e-18
               1.9996239                   1.4106301e-18
               2.0007567                   1.4106301e-18
               2.0018897                   1.4106301e-18
               2.0030227                   1.4106301e-18
               2.0041556                   1.4106301e-18
               2.0052886                   1.4106301e-18
               2.0064213                   1.4106301e-18
               2.0075543                   1.4106301e-18
               2.0086873                   1.4106301e-18
               2.0098202                   1.4106301e-18
               2.0109532                   1.4106301e-18
               2.0120862                   1.4106301e-18
               2.0132191                   1.4106301e-18
               2.0143518                   1.4106301e-18
               2.0154848                   1.4106301e-18
               2.0166178                   1.4106301e-18
               2.0177507                   1.4106301e-18
               2.0188837                   1.4106301e-18
               2.0200167                   1.4106301e-18
               2.0211496                   1.4106301e-18
               2.0222824                   1.4106301e-18
               2.0234153                   1.4106301e-18
               2.0245483                   1.4106301e-18
               2.0256813                   1.4106301e-18
               2.0268142                   1.4106301e-18
               2.0279472                   1.4106301e-18
               2.0290802                   1.4106301e-18
               2.0302129                   1.4106301e-18
               2.0313458                   1.4106301e-18
               2.0324788                   1.4106301e-18
               2.0336118                   1.4106301e-18
               2.0347447                   1.4106301e-18
               2.0358777                   1.4106301e-18
               2.0370107                   1.4106301e-18
               2.0381434                   1.4106301e-18
               2.0392764                   1.4106301e-18
               2.0404093                   1.4106301e-18
               2.0415423                   1.4106301e-18
               2.0426753                   1.4106301e-18
               2.0438082                   1.4106301e-18
               2.0449412                   1.4106301e-18
               2.0460739                   1.4106301e-18
               2.0472069                   1.4106301e-18
               2.0483398                   1.4106301e-18
               2.0494728                   1.4106301e-18
               2.0506058                   1.4106301e-18
               2.0517387                   1.4106301e-18
               2.0528717                   1.4106301e-18
               2.0540044                   1.4106301e-18
               2.0551374                   1.4106301e-18
               2.0562704                   1.4106301e-18
               2.0574033                   1.4106301e-18
               2.0585363                   1.4106301e-18
               2.0596693                   1.4106301e-18
               2.0608022                   1.4106301e-18
               2.0619349                   1.4106301e-18
               2.0630679                   1.4106301e-18
               2.0642009                   1.4106301e-18
               2.0653338                   1.4106301e-18
               2.0664668                   1.4106301e-18
               2.0675998                   1.4106301e-18
               2.0687327                   1.4106301e-18
               2.0698657                   1.4106301e-18
               2.0709984                   1.4106301e-18
               2.0721314                   1.4106301e-18
               2.0732644                   1.4106301e-18
               2.0743973                   1.4106301e-18
               2.0755303                   1.4106301e-18
               2.0766633                   1.4106301e-18
               2.0777962                   1.4106301e-18
               2.0789289                   1.4106301e-18
               2.0800619                   1.4106301e-18
               2.0811949                   1.4106301e-18
               2.0823278                   1.4106301e-18
               2.0834608                   1.4106301e-18
               2.0845938                   1.4106301e-18
               2.0857267                   1.4106301e-18
               2.0868595                   1.4106301e-18
               2.0879924                   1.4106301e-18
               2.0891254                   1.4106301e-18
               2.0902584                   1.4106301e-18
               2.0913913                   1.4106301e-18
               2.0925243                   1.4106301e-18
               2.0936573                   1.4106301e-18
                 2.09479                   1.4106301e-18
               2.0959229                   1.4106301e-18
               2.0970559                   1.4106301e-18
               2.0981889                   1.4106301e-18
               2.0993218                   1.4106301e-18
               2.1004548                   1.4106301e-18
               2.1015878                   1.4106301e-18
               2.1027205                   1.4106301e-18
               2.1038535                   1.4106301e-18
               2.1049864                   1.4106301e-18
               2.1061194                   1.4106301e-18
               2.1072524                   1.4106301e-18
               2.1083853                   1.4106301e-18
               2.1095183                   1.4106301e-18
                2.110651                   1.4106301e-18
                2.111784                   1.4106301e-18
               2.1129169                   1.4106301e-18
               2.1140499                   1.4106301e-18
               2.1151829                   1.4106301e-18
               2.1163158                   1.4106301e-18
               2.1174488                   1.4106301e-18
               2.1185815                   1.4106301e-18
               2.1197145                   1.4106301e-18
               2.1208475                   1.4106301e-18
               2.1219804                   1.4106301e-18
               2.1231134                   1.4106301e-18
               2.1242464                   1.4106301e-18
               2.1253793                   1.4106301e-18
               2.1265121                   1.4106301e-18
                2.127645                   1.4106301e-18
                2.128778                   1.4106301e-18
               2.1299109                   1.4106301e-18
               2.1310439                   1.4106301e-18
               2.1321769                   1.4106301e-18
               2.1333098                   1.4106301e-18
               2.1344426                   1.4106301e-18
               2.1355755                   1.4106301e-18
               2.1367085                   1.4106301e-18
               2.1378415                   1.4106301e-18
               2.1389744                   1.4106301e-18
               2.1401074                   1.4106301e-18
               2.1412404                   1.4106301e-18
               2.1423731                   1.4106301e-18
               2.1435061                   1.4106301e-18
                2.144639                   1.4106301e-18
                2.145772                   1.4106301e-18
               2.1469049                   1.4106301e-18
               2.1480379                   1.4106301e-18
               2.1491709                   1.4106301e-18
               2.1503036                   1.4106301e-18
               2.1514366                   1.4106301e-18
               2.1525695                   1.4106301e-18
               2.1537025                   1.4106301e-18
               2.1548355                   1.4106301e-18
               2.1559684                   1.4106301e-18
               2.1571014                   1.4106301e-18
               2.1582341                   1.4106301e-18
               2.1593671                   1.4106301e-18
                  2.1605                   1.4106301e-18
                2.161633                   1.4106301e-18
                2.162766                   1.4106301e-18
               2.1638989                   1.4106301e-18
               2.1650319                   1.4106301e-18
               2.1661646                   1.4106301e-18
               2.1672976                   1.4106301e-18
               2.1684306                   1.4106301e-18
               2.1695635                   1.4106301e-18
               2.1706965                   1.4106301e-18
               2.1718295                   1.4106301e-18
               2.1729624                   1.4106301e-18
               2.1740952                   1.4106301e-18
               2.1752281                   1.4106301e-18
               2.1763611                   1.4106301e-18
                2.177494                   1.4106301e-18
                2.178627                   1.4106301e-18
                 2.17976                   1.4106301e-18
               2.1808929                   1.4106301e-18
               2.1820257                   1.4106301e-18
               2.1831586                   1.4106301e-18
               2.1842916                   1.4106301e-18
               2.1854246                   1.4106301e-18
               2.1865575                   1.4106301e-18
               2.1876905                   1.4106301e-18
               2.1888235                   1.4106301e-18
               2.1899564                   1.4106301e-18
               2.1910892                   1.4106301e-18
               2.1922221                   1.4106301e-18
               2.1933551                   1.4106301e-18
                2.194488                   1.4106301e-18
                2.195621                   1.4106301e-18
                2.196754                   1.4106301e-18
               2.1978869                   1.4106301e-18
               2.1990197                   1.4106301e-18
               2.2001526                   1.4106301e-18
               2.2012856                   1.4106301e-18
               2.2024186                   1.4106301e-18
               2.2035515                   1.4106301e-18
               2.2046845                   1.4106301e-18
               2.2058175                   1.4106301e-18
               2.2069502                   1.4106301e-18
               2.2080832                   1.4106301e-18
               2.2092161                   1.4106301e-18
               2.2103491                   1.4106301e-18
                2.211482                   1.4106301e-18
                2.212615                   1.4106301e-18
                2.213748                   1.4106301e-18
               2.2148807                   1.4106301e-18
               2.2160137                   1.4106301e-18
               2.2171466                   1.4106301e-18
               2.2182796                   1.4106301e-18
               2.2194126                   1.4106301e-18
               2.2205455                   1.4106301e-18
               2.2216785                   1.4106301e-18
               2.2228112                   1.4106301e-18
               2.2239442                   1.4106301e-18
               2.2250772                   1.4106301e-18
               2.2262101                   1.4106301e-18
               2.2273431                   1.4106301e-18
                2.228476                   1.4106301e-18
                2.229609                   1.4106301e-18
               2.2307417                   1.4106301e-18
               2.2318747                   1.4106301e-18
               2.2330077                   1.4106301e-18
               2.2341406                   1.4106301e-18
               2.2352736                   1.4106301e-18
               2.2364066                   1.4106301e-18
               2.2375395                   1.4106301e-18
               2.2386723                   1.4106301e-18
               2.2398052                   1.4106301e-18
               2.2409382                   1.4106301e-18
               2.2420712                   1.4106301e-18
               2.2432041                   1.4106301e-18
               2.2443371                   1.4106301e-18
                 2.24547                   1.4106301e-18
               2.2466028                   1.4106301e-18
               2.2477357                   1.4106301e-18
               2.2488687                   1.4106301e-18
               2.2500017                   1.4106301e-18
               2.2511346                   1.4106301e-18
               2.2522676                   1.4106301e-18
               2.2534006                   1.4106301e-18
               2.2545333                   1.4106301e-18
               2.2556663                   1.4106301e-18
               2.2567992                   1.4106301e-18
               2.2579322                   1.4106301e-18
               2.2590652                   1.4106301e-18
               2.2601981                   1.4106301e-18
               2.2613311                   1.4106301e-18
               2.2624638                   1.4106301e-18
               2.2635968                   1.4106301e-18
               2.2647297                   1.4106301e-18
               2.2658627                   1.4106301e-18
               2.2669957                   1.4106301e-18
               2.2681286                   1.4106301e-18
               2.2692616                   1.4106301e-18
               2.2703943                   1.4106301e-18
               2.2715273                   1.4106301e-18
               2.2726603                   1.4106301e-18
               2.2737932                   1.4106301e-18
               2.2749262                   1.4106301e-18
               2.2760592                   1.4106301e-18
               2.2771921                   1.4106301e-18
               2.2783248                   1.4106301e-18
               2.2794578                   1.4106301e-18
               2.2805908                   1.4106301e-18
               2.2817237                   1.4106301e-18
               2.2828567                   1.4106301e-18
               2.2839897                   1.4106301e-18
               2.2851226                   1.4106301e-18
               2.2862554                   1.4106301e-18
               2.2873883                   1.4106301e-18
               2.2885213                   1.4106301e-18
               2.2896543                   1.4106301e-18
               2.2907872                   1.4106301e-18
               2.2919202                   1.4106301e-18
               2.2930532                   1.4106301e-18
               2.2941859                   1.4106301e-18
               2.2953188                   1.4106301e-18
               2.2964518                   1.4106301e-18
               2.2975848                   1.4106301e-18
               2.2987177                   1.4106301e-18
               2.2998507                   1.4106301e-18
               2.3009837                   1.4106301e-18
               2.3021166                   1.4106301e-18
               2.3032494                   1.4106301e-18
               2.3043823                   1.4106301e-18
               2.3055153                   1.4106301e-18
               2.3066483                   1.4106301e-18
               2.3077812                   1.4106301e-18
               2.3089142                   1.4106301e-18
               2.3100471                   1.4106301e-18
               2.3111799                   1.4106301e-18
               2.3123128                   1.4106301e-18
               2.3134458                   1.4106301e-18
               2.3145788                   1.4106301e-18
               2.3157117                   1.4106301e-18
               2.3168447                   1.4106301e-18
               2.3179777                   1.4106301e-18
               2.3191104                   1.4106301e-18
               2.3202434                   1.4106301e-18
               2.3213763                   1.4106301e-18
               2.3225093                   1.4106301e-18
               2.3236423                   1.4106301e-18
               2.3247752                   1.4106301e-18
               2.3259082                   1.4106301e-18
               2.3270409                   1.4106301e-18
               2.3281739                   1.4106301e-18
               2.3293068                   1.4106301e-18
               2.3304398                   1.4106301e-18
               2.3315728                   1.4106301e-18
               2.3327057                   1.4106301e-18
               2.3338387                   1.4106301e-18
               2.3349714                   1.4106301e-18
               2.3361044                   1.4106301e-18
               2.3372374                   1.4106301e-18
               2.3383703                   1.4106301e-18
               2.3395033                   1.4106301e-18
               2.3406363                   1.4106301e-18
               2.3417692                   1.4106301e-18
               2.3429019                   1.4106301e-18
               2.3440349                   1.4106301e-18
               2.3451679                   1.4106301e-18
               2.3463008                   1.4106301e-18
               2.3474338                   1.4106301e-18
               2.3485668                   1.4106301e-18
               2.3496997                   1.4106301e-18
               2.3508325                   1.4106301e-18
               2.3519654                   1.4106301e-18
               2.3530984                   1.4106301e-18
               2.3542314                   1.4106301e-18
               2.3553643                   1.4106301e-18
               2.3564973                   1.4106301e-18
               2.3576303                   1.4106301e-18
                2.358763                   1.4106301e-18
               2.3598959                   1.4106301e-18
               2.3610289                   1.4106301e-18
               2.3621619                   1.4106301e-18
               2.3632948                   1.4106301e-18
               2.3644278                   1.4106301e-18
               2.3655608                   1.4106301e-18
               2.3666935                   1.4106301e-18
               2.3678265                   1.4106301e-18
               2.3689594                   1.4106301e-18
               2.3700924                   1.4106301e-18
               2.3712254                   1.4106301e-18
               2.3723583                   1.4106301e-18
               2.3734913                   1.4106301e-18
                2.374624                   1.4106301e-18
                2.375757                   1.4106301e-18
               2.3768899                   1.4106301e-18
               2.3780229                   1.4106301e-18
               2.3791559                   1.4106301e-18
               2.3802888                   1.4106301e-18
               2.3814218                   1.4106301e-18
               2.3825545                   1.4106301e-18
               2.3836875                   1.4106301e-18
               2.3848205                   1.4106301e-18
               2.3859534                   1.4106301e-18
               2.3870864                   1.4106301e-18
               2.3882194                   1.4106301e-18
               2.3893523                   1.4106301e-18
                2.390485                   1.4106301e-18
                2.391618                   1.4106301e-18
                2.392751                   1.4106301e-18
               2.3938839                   1.4106301e-18
               2.3950169                   1.4106301e-18
               2.3961499                   1.4106301e-18
               2.3972828                   1.4106301e-18
               2.3984156                   1.4106301e-18
               2.3995485                   1.4106301e-18
               2.4006815                   1.4106301e-18
               2.4018145                   1.4106301e-18
               2.4029474                   1.4106301e-18
               2.4040804                   1.4106301e-18
               2.4052134                   1.4106301e-18
               2.4063461                   1.4106301e-18
                2.407479                   1.4106301e-18
                2.408612                   1.4106301e-18
                2.409745                   1.4106301e-18
               2.4108779                   1.4106301e-18
               2.4120109                   1.4106301e-18
               2.4131439                   1.4106301e-18
               2.4142766                   1.4106301e-18
               2.4154096                   1.4106301e-18
               2.4165425                   1.4106301e-18
               2.4176755                   1.4106301e-18
               2.4188085                   1.4106301e-18
               2.4199414                   1.4106301e-18
               2.4210744                   1.4106301e-18
               2.4222074                   1.4106301e-18
               2.4233401                   1.4106301e-18
                2.424473                   1.4106301e-18
                2.425606                   1.4106301e-18
                2.426739                   1.4106301e-18
               2.4278719                   1.4106301e-18
               2.4290049                   1.4106301e-18
               2.4301379                   1.4106301e-18
               2.4312706                   1.4106301e-18
               2.4324036                   1.4106301e-18
               2.4335365                   1.4106301e-18
               2.4346695                   1.4106301e-18
               2.4358025                   1.4106301e-18
               2.4369354                   1.4106301e-18
               2.4380684                   1.4106301e-18
               2.4392011                   1.4106301e-18
               2.4403341                   1.4106301e-18
                2.441467                   1.4106301e-18
                  2.4426                   1.4106301e-18
                2.443733                   1.4106301e-18
               2.4448659                   1.4106301e-18
               2.4459989                   1.4106301e-18
               2.4471316                   1.4106301e-18
               2.4482646                   1.4106301e-18
               2.4493976                   1.4106301e-18
               2.4505305                   1.4106301e-18
               2.4516635                   1.4106301e-18
               2.4527965                   1.4106301e-18
               2.4539294                   1.4106301e-18
               2.4550622                   1.4106301e-18
               2.4561951                   1.4106301e-18
               2.4573281                   1.4106301e-18
                2.458461                   1.4106301e-18
                2.459594                   1.4106301e-18
                2.460727                   1.4106301e-18
               2.4618599                   1.4106301e-18
               2.4629927                   1.4106301e-18
               2.4641256                   1.4106301e-18
               2.4652586                   1.4106301e-18
               2.4663916                   1.4106301e-18
               2.4675245                   1.4106301e-18
               2.4686575                   1.4106301e-18
               2.4697905                   1.4106301e-18
               2.4709232                   1.4106301e-18
               2.4720562                   1.4106301e-18
               2.4731891                   1.4106301e-18
               2.4743221                   1.4106301e-18
                2.475455                   1.4106301e-18
                2.476588                   1.4106301e-18
                2.477721                   1.4106301e-18
               2.4788537                   1.4106301e-18
               2.4799867                   1.4106301e-18
               2.4811196                   1.4106301e-18
               2.4822526                   1.4106301e-18
               2.4833856                   1.4106301e-18
               2.4845185                   1.4106301e-18
               2.4856515                   1.4106301e-18
               2.4867842                   1.4106301e-18
               2.4879172                   1.4106301e-18
               2.4890501                   1.4106301e-18
               2.4901831                   1.4106301e-18
               2.4913161                   1.4106301e-18
                2.492449                   1.4106301e-18
                2.493582                   1.4106301e-18
               2.4947147                   1.4106301e-18
               2.4958477                   1.4106301e-18
               2.4969807                   1.4106301e-18
               2.4981136                   1.4106301e-18
               2.4992466                   1.4106301e-18
               2.5003796                   1.4106301e-18
               2.5015125                   1.4106301e-18
               2.5026453                   1.4106301e-18
               2.5037782                   1.4106301e-18
               2.5049112                   1.4106301e-18
               2.5060441                   1.4106301e-18
               2.5071771                   1.4106301e-18
               2.5083101                   1.4106301e-18
                2.509443                   1.4106301e-18
               2.5105758                   1.4106301e-18
               2.5117087                   1.4106301e-18
               2.5128417                   1.4106301e-18
               2.5139747                   1.4106301e-18
               2.5151076                   1.4106301e-18
               2.5162406                   1.4106301e-18
               2.5173736                   1.4106301e-18
               2.5185063                   1.4106301e-18
               2.5196393                   1.4106301e-18
               2.5207722                   1.4106301e-18
               2.5219052                   1.4106301e-18
               2.5230381                   1.4106301e-18
               2.5241711                   1.4106301e-18
               2.5253041                   1.4106301e-18
               2.5264368                   1.4106301e-18
               2.5275698                   1.4106301e-18
               2.5287027                   1.4106301e-18
               2.5298357                   1.4106301e-18
               2.5309687                   1.4106301e-18
               2.5321016                   1.4106301e-18
               2.5332346                   1.4106301e-18
               2.5343673                   1.4106301e-18
               2.5355003                   1.4106301e-18
               2.5366333                   1.4106301e-18
               2.5377662                   1.4106301e-18
               2.5388992                   1.4106301e-18
               2.5400321                   1.4106301e-18
               2.5411651                   1.4106301e-18
               2.5422981                   1.4106301e-18
               2.5434308                   1.4106301e-18
               2.5445638                   1.4106301e-18
               2.5456967                   1.4106301e-18
               2.5468297                   1.4106301e-18
               2.5479627                   1.4106301e-18
               2.5490956                   1.4106301e-18
               2.5502286                   1.4106301e-18
               2.5513613                   1.4106301e-18
               2.5524943                   1.4106301e-18
               2.5536273                   1.4106301e-18
               2.5547602                   1.4106301e-18
               2.5558932                   1.4106301e-18
               2.5570261                   1.4106301e-18
               2.5581591                   1.4106301e-18
               2.5592918                   1.4106301e-18
               2.5604248                   1.4106301e-18
               2.5615578                   1.4106301e-18
               2.5626907                   1.4106301e-18
               2.5638237                   1.4106301e-18
               2.5649567                   1.4106301e-18
               2.5660896                   1.4106301e-18
               2.5672224                   1.4106301e-18
               2.5683553                   1.4106301e-18
               2.5694883                   1.4106301e-18
               2.5706213                   1.4106301e-18
               2.5717542                   1.4106301e-18
               2.5728872                   1.4106301e-18
               2.5740201                   1.4106301e-18
               2.5751529                   1.4106301e-18
               2.5762858                   1.4106301e-18
               2.5774188                   1.4106301e-18
               2.5785518                   1.4106301e-18
               2.5796847                   1.4106301e-18
               2.5808177                   1.4106301e-18
               2.5819507                   1.4106301e-18
               2.5830834                   1.4106301e-18
               2.5842164                   1.4106301e-18
               2.5853493                   1.4106301e-18
               2.5864823                   1.4106301e-18
               2.5876153                   1.4106301e-18
               2.5887482                   1.4106301e-18
               2.5898812                   1.4106301e-18
               2.5910139                   1.4106301e-18
               2.5921469                   1.4106301e-18
               2.5932798                   1.4106301e-18
               2.5944128                   1.4106301e-18
               2.5955458                   1.4106301e-18
               2.5966787                   1.4106301e-18
               2.5978117                   1.4106301e-18
               2.5989444                   1.4106301e-18
               2.6000774                   1.4106301e-18
               2.6012104                   1.4106301e-18
               2.6023433                   1.4106301e-18
               2.6034763                   1.4106301e-18
               2.6046093                   1.4106301e-18
               2.6057422                   1.4106301e-18
               2.6068749                   1.4106301e-18
               2.6080079                   1.4106301e-18
               2.6091409                   1.4106301e-18
               2.6102738                   1.4106301e-18
               2.6114068                   1.4106301e-18
               2.6125398                   1.4106301e-18
               2.6136727                   1.4106301e-18
               2.6148055                   1.4106301e-18
               2.6159384                   1.4106301e-18
               2.6170714                   1.4106301e-18
               2.6182044                   1.4106301e-18
               2.6193373                   1.4106301e-18
               2.6204703                   1.4106301e-18
               2.6216033                   1.4106301e-18
                2.622736                   1.4106301e-18
               2.6238689                   1.4106301e-18
               2.6250019                   1.4106301e-18
               2.6261349                   1.4106301e-18
               2.6272678                   1.4106301e-18
               2.6284008                   1.4106301e-18
               2.6295338                   1.4106301e-18
               2.6306665                   1.4106301e-18
               2.6317995                   1.4106301e-18
               2.6329324                   1.4106301e-18
               2.6340654                   1.4106301e-18
               2.6351984                   1.4106301e-18
               2.6363313                   1.4106301e-18
               2.6374643                   1.4106301e-18
                2.638597                   1.4106301e-18
                 2.63973                   1.4106301e-18
               2.6408629                   1.4106301e-18
               2.6419959                   1.4106301e-18
               2.6431289                   1.4106301e-18
               2.6442618                   1.4106301e-18
               2.6453948                   1.4106301e-18
               2.6465275                   1.4106301e-18
               2.6476605                   1.4106301e-18
               2.6487935                   1.4106301e-18
               2.6499264                   1.4106301e-18
               2.6510594                   1.4106301e-18
               2.6521924                   1.4106301e-18
               2.6533253                   1.4106301e-18
               2.6544583                   1.4106301e-18
                2.655591                   1.4106301e-18
                2.656724                   1.4106301e-18
               2.6578569                   1.4106301e-18
               2.6589899                   1.4106301e-18
               2.6601229                   1.4106301e-18
               2.6612558                   1.4106301e-18
               2.6623888                   1.4106301e-18
               2.6635215                   1.4106301e-18
               2.6646545                   1.4106301e-18
               2.6657875                   1.4106301e-18
               2.6669204                   1.4106301e-18
               2.6680534                   1.4106301e-18
               2.6691864                   1.4106301e-18
               2.6703193                   1.4106301e-18
                2.671452                   1.4106301e-18
                2.672585                   1.4106301e-18
                2.673718                   1.4106301e-18
               2.6748509                   1.4106301e-18
               2.6759839                   1.4106301e-18
               2.6771169                   1.4106301e-18
               2.6782498                   1.4106301e-18
               2.6793826                   1.4106301e-18
               2.6805155                   1.4106301e-18
               2.6816485                   1.4106301e-18
               2.6827815                   1.4106301e-18
               2.6839144                   1.4106301e-18
               2.6850474                   1.4106301e-18
               2.6861804                   1.4106301e-18
               2.6873131                   1.4106301e-18
                2.688446                   1.4106301e-18
                2.689579                   1.4106301e-18
                2.690712                   1.4106301e-18
               2.6918449                   1.4106301e-18
               2.6929779                   1.4106301e-18
               2.6941109                   1.4106301e-18
               2.6952436                   1.4106301e-18
               2.6963766                   1.4106301e-18
               2.6975095                   1.4106301e-18
               2.6986425                   1.4106301e-18
               2.6997755                   1.4106301e-18
               2.7009084                   1.4106301e-18
               2.7020414                   1.4106301e-18
               2.7031741                   1.4106301e-18
               2.7043071                   1.4106301e-18
                 2.70544                   1.4106301e-18
                2.706573                   1.4106301e-18
                2.707706                   1.4106301e-18
               2.7088389                   1.4106301e-18
               2.7099719                   1.4106301e-18
               2.7111046                   1.4106301e-18
               2.7122376                   1.4106301e-18
               2.7133706                   1.4106301e-18
               2.7145035                   1.4106301e-18
               2.7156365                   1.4106301e-18
               2.7167695                   1.4106301e-18
               2.7179024                   1.4106301e-18
               2.7190351                   1.4106301e-18
               2.7201681                   1.4106301e-18
               2.7213011                   1.4106301e-18
                2.722434                   1.4106301e-18
                2.723567                   1.4106301e-18
                  2.7247                   1.4106301e-18
               2.7258329                   1.4106301e-18
               2.7269657                   1.4106301e-18
               2.7280986                   1.4106301e-18
               2.7292316                   1.4106301e-18
               2.7303646                   1.4106301e-18
               2.7314975                   1.4106301e-18
               2.7326305                   1.4106301e-18
               2.7337635                   1.4106301e-18
               2.7348962                   1.4106301e-18
               2.7360291                   1.4106301e-18
               2.7371621                   1.4106301e-18
               2.7382951                   1.4106301e-18
                2.739428                   1.4106301e-18
                2.740561                   1.4106301e-18
                2.741694                   1.4106301e-18
               2.7428267                   1.4106301e-18
               2.7439597                   1.4106301e-18
               2.7450926                   1.4106301e-18
               2.7462256                   1.4106301e-18
               2.7473586                   1.4106301e-18
               2.7484915                   1.4106301e-18
               2.7496245                   1.4106301e-18
               2.7507572                   1.4106301e-18
               2.7518902                   1.4106301e-18
               2.7530231                   1.4106301e-18
               2.7541561                   1.4106301e-18
               2.7552891                   1.4106301e-18
                2.756422                   1.4106301e-18
                2.757555                   1.4106301e-18
               2.7586877                   1.4106301e-18
               2.7598207                   1.4106301e-18
               2.7609537                   1.4106301e-18
               2.7620866                   1.4106301e-18
               2.7632196                   1.4106301e-18
               2.7643526                   1.4106301e-18
               2.7654855                   1.4106301e-18
               2.7666183                   1.4106301e-18
               2.7677512                   1.4106301e-18
               2.7688842                   1.4106301e-18
               2.7700171                   1.4106301e-18
               2.7711501                   1.4106301e-18
               2.7722831                   1.4106301e-18
                2.773416                   1.4106301e-18
                2.774549                   1.4106301e-18
               2.7756817                   1.4106301e-18
               2.7768147                   1.4106301e-18
               2.7779477                   1.4106301e-18
               2.7790806                   1.4106301e-18
               2.7802136                   1.4106301e-18
               2.7813466                   1.4106301e-18
               2.7824795                   1.4106301e-18
               2.7836123                   1.4106301e-18
               2.7847452                   1.4106301e-18
               2.7858782                   1.4106301e-18
               2.7870111                   1.4106301e-18
               2.7881441                   1.4106301e-18
               2.7892771                   1.4106301e-18
                 2.79041                   1.4106301e-18
               2.7915428                   1.4106301e-18
               2.7926757                   1.4106301e-18
               2.7938087                   1.4106301e-18
               2.7949417                   1.4106301e-18
               2.7960746                   1.4106301e-18
               2.7972076                   1.4106301e-18
               2.7983406                   1.4106301e-18
               2.7994733                   1.4106301e-18
               2.8006063                   1.4106301e-18
               2.8017392                   1.4106301e-18
               2.8028722                   1.4106301e-18
               2.8040051                   1.4106301e-18
               2.8051381                   1.4106301e-18
               2.8062711                   1.4106301e-18
               2.8074038                   1.4106301e-18
               2.8085368                   1.4106301e-18
               2.8096697                   1.4106301e-18
               2.8108027                   1.4106301e-18
               2.8119357                   1.4106301e-18
               2.8130686                   1.4106301e-18
               2.8142016                   1.4106301e-18
               2.8153343                   1.4106301e-18
               2.8164673                   1.4106301e-18
               2.8176003                   1.4106301e-18
               2.8187332                   1.4106301e-18
               2.8198662                   1.4106301e-18
               2.8209991                   1.4106301e-18
               2.8221321                   1.4106301e-18
               2.8232648                   1.4106301e-18
               2.8243978                   1.4106301e-18
               2.8255308                   1.4106301e-18
               2.8266637                   1.4106301e-18
               2.8277967                   1.4106301e-18
               2.8289297                   1.4106301e-18
               2.8300626                   1.4106301e-18
               2.8311954                   1.4106301e-18
               2.8323283                   1.4106301e-18
               2.8334613                   1.4106301e-18
               2.8345942                   1.4106301e-18
               2.8357272                   1.4106301e-18
               2.8368602                   1.4106301e-18
               2.8379931                   1.4106301e-18
               2.8391259                   1.4106301e-18
               2.8402588                   1.4106301e-18
               2.8413918                   1.4106301e-18
               2.8425248                   1.4106301e-18
               2.8436577                   1.4106301e-18
               2.8447907                   1.4106301e-18
               2.8459237                   1.4106301e-18
               2.8470564                   1.4106301e-18
               2.8481894                   1.4106301e-18
               2.8493223                   1.4106301e-18
               2.8504553                   1.4106301e-18
               2.8515882                   1.4106301e-18
               2.8527212                   1.4106301e-18
               2.8538542                   1.4106301e-18
               2.8549869                   1.4106301e-18
               2.8561199                   1.4106301e-18
               2.8572528                   1.4106301e-18
               2.8583858                   1.4106301e-18
               2.8595188                   1.4106301e-18
               2.8606517                   1.4106301e-18
               2.8617847                   1.4106301e-18
               2.8629174                   1.4106301e-18
               2.8640504                   1.4106301e-18
               2.8651834                   1.4106301e-18
               2.8663163                   1.4106301e-18
               2.8674493                   1.4106301e-18
               2.8685822                   1.4106301e-18
               2.8697152                   1.4106301e-18
               2.8708479                   1.4106301e-18
               2.8719809                   1.4106301e-18
               2.8731139                   1.4106301e-18
               2.8742468                   1.4106301e-18
               2.8753798                   1.4106301e-18
               2.8765128                   1.4106301e-18
               2.8776457                   1.4106301e-18
               2.8787785                   1.4106301e-18
               2.8799114                   1.4106301e-18
               2.8810444                   1.4106301e-18
               2.8821774                   1.4106301e-18
               2.8833103                   1.4106301e-18
               2.8844433                   1.4106301e-18
               2.8855762                   1.4106301e-18
                2.886709                   1.4106301e-18
               2.8878419                   1.4106301e-18
               2.8889749                   1.4106301e-18
               2.8901079                   1.4106301e-18
               2.8912408                   1.4106301e-18
               2.8923738                   1.4106301e-18
               2.8935068                   1.4106301e-18
               2.8946397                   1.4106301e-18
               2.8957725                   1.4106301e-18
               2.8969054                   1.4106301e-18
               2.8980384                   1.4106301e-18
               2.8991714                   1.4106301e-18
               2.9003043                   1.4106301e-18
               2.9014373                   1.4106301e-18
               2.9025702                   1.4106301e-18
                2.903703                   1.4106301e-18
               2.9048359                   1.4106301e-18
               2.9059689                   1.4106301e-18
               2.9071019                   1.4106301e-18
               2.9082348                   1.4106301e-18
               2.9093678                   1.4106301e-18
               2.9105008                   1.4106301e-18
               2.9116335                   1.4106301e-18
               2.9127665                   1.4106301e-18
               2.9138994                   1.4106301e-18
               2.9150324                   1.4106301e-18
               2.9161654                   1.4106301e-18
               2.9172983                   1.4106301e-18
               2.9184313                   1.4106301e-18
                2.919564                   1.4106301e-18
                2.920697                   1.4106301e-18
               2.9218299                   1.4106301e-18
               2.9229629                   1.4106301e-18
               2.9240959                   1.4106301e-18
               2.9252288                   1.4106301e-18
               2.9263618                   1.4106301e-18
               2.9274945                   1.4106301e-18
               2.9286275                   1.4106301e-18
               2.9297605                   1.4106301e-18
               2.9308934                   1.4106301e-18
               2.9320264                   1.4106301e-18
               2.9331594                   1.4106301e-18
               2.9342923                   1.4106301e-18
                2.935425                   1.4106301e-18
                2.936558                   1.4106301e-18
                2.937691                   1.4106301e-18
               2.9388239                   1.4106301e-18
               2.9399569                   1.4106301e-18
               2.9410899                   1.4106301e-18
               2.9422228                   1.4106301e-18
               2.9433556                   1.4106301e-18
               2.9444885                   1.4106301e-18
               2.9456215                   1.4106301e-18
               2.9467545                   1.4106301e-18
               2.9478874                   1.4106301e-18
               2.9490204                   1.4106301e-18
               2.9501534                   1.4106301e-18
               2.9512861                   1.4106301e-18
                2.952419                   1.4106301e-18
                2.953552                   1.4106301e-18
                2.954685                   1.4106301e-18
               2.9558179                   1.4106301e-18
               2.9569509                   1.4106301e-18
               2.9580839                   1.4106301e-18
               2.9592166                   1.4106301e-18
               2.9603496                   1.4106301e-18
               2.9614825                   1.4106301e-18
               2.9626155                   1.4106301e-18
               2.9637485                   1.4106301e-18
               2.9648814                   1.4106301e-18
               2.9660144                   1.4106301e-18
               2.9671471                   1.4106301e-18
               2.9682801                   1.4106301e-18
                2.969413                   1.4106301e-18
                2.970546                   1.4106301e-18
                2.971679                   1.4106301e-18
               2.9728119                   1.4106301e-18
               2.9739449                   1.4106301e-18
               2.9750776                   1.4106301e-18
               2.9762106                   1.4106301e-18
               2.9773436                   1.4106301e-18
               2.9784765                   1.4106301e-18
               2.9796095                   1.4106301e-18
               2.9807425                   1.4106301e-18
               2.9818754                   1.4106301e-18
               2.9830081                   1.4106301e-18
               2.9841411                   1.4106301e-18
               2.9852741                   1.4106301e-18
                2.986407                   1.4106301e-18
                 2.98754                   1.4106301e-18
                2.988673                   1.4106301e-18
               2.9898059                   1.4106301e-18
               2.9909387                   1.4106301e-18
               2.9920716                   1.4106301e-18
               2.9932046                   1.4106301e-18
               2.9943376                   1.4106301e-18
               2.9954705                   1.4106301e-18
               2.9966035                   1.4106301e-18
               2.9977365                   1.4106301e-18
               2.9988692                   1.4106301e-18
               3.0000021                   1.4106301e-18
               3.0011351                   1.4106301e-18
               3.0022681                   1.4106301e-18
                3.003401                   1.4106301e-18
                3.004534                   1.4106301e-18
                3.005667                   1.4106301e-18
               3.0067997                   1.4106301e-18
               3.0079327                   1.4106301e-18
               3.0090656                   1.4106301e-18
               3.0101986                   1.4106301e-18
               3.0113316                   1.4106301e-18
               3.0124645                   1.4106301e-18
               3.0135975                   1.4106301e-18
               3.0147305                   1.4106301e-18
               3.0158632                   1.4106301e-18
               3.0169961                   1.4106301e-18
               3.0181291                   1.4106301e-18
               3.0192621                   1.4106301e-18
                3.020395                   1.4106301e-18
                3.021528                   1.4106301e-18
                3.022661                   1.4106301e-18
               3.0237937                   1.4106301e-18
               3.0249267                   1.4106301e-18
               3.0260596                   1.4106301e-18
               3.0271926                   1.4106301e-18
               3.0283256                   1.4106301e-18
               3.0294585                   1.4106301e-18
               3.0305915                   1.4106301e-18
               3.0317242                   1.4106301e-18
               3.0328572                   1.4106301e-18
               3.0339901                   1.4106301e-18
               3.0351231                   1.4106301e-18
               3.0362561                   1.4106301e-18
                3.037389                   1.4106301e-18
                3.038522                   1.4106301e-18
               3.0396547                   1.4106301e-18
               3.0407877                   1.4106301e-18
               3.0419207                   1.4106301e-18
               3.0430536                   1.4106301e-18
               3.0441866                   1.4106301e-18
               3.0453196                   1.4106301e-18
               3.0464525                   1.4106301e-18
               3.0475852                   1.4106301e-18
               3.0487182                   1.4106301e-18
               3.0498512                   1.4106301e-18
               3.0509841                   1.4106301e-18
               3.0521171                   1.4106301e-18
               3.0532501                   1.4106301e-18
                3.054383                   1.4106301e-18
               3.0555158                   1.4106301e-18
               3.0566487                   1.4106301e-18
               3.0577817                   1.4106301e-18
               3.0589147                   1.4106301e-18
               3.0600476                   1.4106301e-18
               3.0611806                   1.4106301e-18
               3.0623136                   1.4106301e-18
               3.0634463                   1.4106301e-18
               3.0645792                   1.4106301e-18
               3.0657122                   1.4106301e-18
               3.0668452                   1.4106301e-18
               3.0679781                   1.4106301e-18
               3.0691111                   1.4106301e-18
               3.0702441                   1.4106301e-18
               3.0713768                   1.4106301e-18
               3.0725098                   1.4106301e-18
               3.0736427                   1.4106301e-18
               3.0747757                   1.4106301e-18
               3.0759087                   1.4106301e-18
               3.0770416                   1.4106301e-18
               3.0781746                   1.4106301e-18
               3.0793073                   1.4106301e-18
               3.0804403                   1.4106301e-18
               3.0815732                   1.4106301e-18
               3.0827062                   1.4106301e-18
               3.0838392                   1.4106301e-18
               3.0849721                   1.4106301e-18
               3.0861051                   1.4106301e-18
               3.0872378                   1.4106301e-18
               3.0883708                   1.4106301e-18
               3.0895038                   1.4106301e-18
               3.0906367                   1.4106301e-18
               3.0917697                   1.4106301e-18
               3.0929027                   1.4106301e-18
               3.0940356                   1.4106301e-18
               3.0951684                   1.4106301e-18
               3.0963013                   1.4106301e-18
               3.0974343                   1.4106301e-18
               3.0985672                   1.4106301e-18
               3.0997002                   1.4106301e-18
               3.1008332                   1.4106301e-18
               3.1019661                   1.4106301e-18
               3.1030989                   1.4106301e-18
               3.1042318                   1.4106301e-18
               3.1053648                   1.4106301e-18
               3.1064978                   1.4106301e-18
               3.1076307                   1.4106301e-18
               3.1087637                   1.4106301e-18
               3.1098967                   1.4106301e-18
               3.1110294                   1.4106301e-18
               3.1121624                   1.4106301e-18
               3.1132953                   1.4106301e-18
               3.1144283                   1.4106301e-18
               3.1155612                   1.4106301e-18
               3.1166942                   1.4106301e-18
               3.1178272                   1.4106301e-18
               3.1189599                   1.4106301e-18
               3.1200929                   1.4106301e-18
               3.1212258                   1.4106301e-18
               3.1223588                   1.4106301e-18
               3.1234918                   1.4106301e-18
               3.1246247                   1.4106301e-18
               3.1257577                   1.4106301e-18
               3.1268907                   1.4106301e-18
               3.1280234                   1.4106301e-18
               3.1291564                   1.4106301e-18
               3.1302893                   1.4106301e-18
               3.1314223                   1.4106301e-18
               3.1325552                   1.4106301e-18
               3.1336882                   1.4106301e-18
               3.1348212                   1.4106301e-18
               3.1359539                   1.4106301e-18
               3.1370869                   1.4106301e-18
               3.1382198                   1.4106301e-18
               3.1393528                   1.4106301e-18
               3.1404858                   1.4106301e-18
               3.1416187                   1.4106301e-18
               3.1427517                   1.4106301e-18
               3.1438844                   1.4106301e-18
               3.1450174                   1.4106301e-18
               3.1461504                   1.4106301e-18
               3.1472833                   1.4106301e-18
               3.1484163                   1.4106301e-18
               3.1495492                   1.4106301e-18
               3.1506822                   1.4106301e-18
               3.1518149                   1.4106301e-18
               3.1529479                   1.4106301e-18
               3.1540809                   1.4106301e-18
               3.1552138                   1.4106301e-18
               3.1563468                   1.4106301e-18
               3.1574798                   1.4106301e-18
               3.1586127                   1.4106301e-18
               3.1597455                   1.4106301e-18
               3.1608784                   1.4106301e-18
               3.1620114                   1.4106301e-18
               3.1631444                   1.4106301e-18
               3.1642773                   1.4106301e-18
               3.1654103                   1.4106301e-18
               3.1665432                   1.4106301e-18
                3.167676                   1.4106301e-18
               3.1688089                   1.4106301e-18
               3.1699419                   1.4106301e-18
               3.1710749                   1.4106301e-18
               3.1722078                   1.4106301e-18
               3.1733408                   1.4106301e-18
               3.1744738                   1.4106301e-18
               3.1756065                   1.4106301e-18
               3.1767395                   1.4106301e-18
               3.1778724                   1.4106301e-18
               3.1790054                   1.4106301e-18
               3.1801383                   1.4106301e-18
               3.1812713                   1.4106301e-18
               3.1824043                   1.4106301e-18
                3.183537                   1.4106301e-18
                 3.18467                   1.4106301e-18
               3.1858029                   1.4106301e-18
               3.1869359                   1.4106301e-18
               3.1880689                   1.4106301e-18
               3.1892018                   1.4106301e-18
               3.1903348                   1.4106301e-18
               3.1914675                   1.4106301e-18
               3.1926005                   1.4106301e-18
               3.1937335                   1.4106301e-18
               3.1948664                   1.4106301e-18
               3.1959994                   1.4106301e-18
               3.1971323                   1.4106301e-18
               3.1982653                   1.4106301e-18
                3.199398                   1.4106301e-18
                3.200531                   1.4106301e-18
                3.201664                   1.4106301e-18
               3.2027969                   1.4106301e-18
               3.2039299                   1.4106301e-18
               3.2050629                   1.4106301e-18
               3.2061958                   1.4106301e-18
               3.2073286                   1.4106301e-18
               3.2084615                   1.4106301e-18
               3.2095945                   1.4106301e-18
               3.2107275                   1.4106301e-18
               3.2118604                   1.4106301e-18
               3.2129934                   1.4106301e-18
               3.2141263                   1.4106301e-18
               3.2152591                   1.4106301e-18
                3.216392                   1.4106301e-18
                3.217525                   1.4106301e-18
                3.218658                   1.4106301e-18
               3.2197909                   1.4106301e-18
               3.2209239                   1.4106301e-18
               3.2220569                   1.4106301e-18
               3.2231896                   1.4106301e-18
               3.2243226                   1.4106301e-18
               3.2254555                   1.4106301e-18
               3.2265885                   1.4106301e-18
               3.2277215                   1.4106301e-18
               3.2288544                   1.4106301e-18
               3.2299874                   1.4106301e-18
               3.2311201                   1.4106301e-18
               3.2322531                   1.4106301e-18
                3.233386                   1.4106301e-18
                3.234519                   1.4106301e-18
                3.235652                   1.4106301e-18
               3.2367849                   1.4106301e-18
               3.2379179                   1.4106301e-18
               3.2390506                   1.4106301e-18
               3.2401836                   1.4106301e-18
               3.2413166                   1.4106301e-18
               3.2424495                   1.4106301e-18
               3.2435825                   1.4106301e-18
               3.2447155                   1.4106301e-18
               3.2458484                   1.4106301e-18
               3.2469814                   1.4106301e-18
               3.2481141                   1.4106301e-18
               3.2492471                   1.4106301e-18
                 3.25038                   1.4106301e-18
                3.251513                   1.4106301e-18
                3.252646                   1.4106301e-18
               3.2537789                   1.4106301e-18
               3.2549119                   1.4106301e-18
               3.2560446                   1.4106301e-18
               3.2571776                   1.4106301e-18
               3.2583106                   1.4106301e-18
               3.2594435                   1.4106301e-18
               3.2605765                   1.4106301e-18
               3.2617095                   1.4106301e-18
               3.2628424                   1.4106301e-18
               3.2639751                   1.4106301e-18
               3.2651081                   1.4106301e-18
               3.2662411                   1.4106301e-18
                3.267374                   1.4106301e-18
                3.268507                   1.4106301e-18
                 3.26964                   1.4106301e-18
               3.2707729                   1.4106301e-18
               3.2719057                   1.4106301e-18
               3.2730386                   1.4106301e-18
               3.2741716                   1.4106301e-18
               3.2753046                   1.4106301e-18
               3.2764375                   1.4106301e-18
               3.2775705                   1.4106301e-18
               3.2787035                   1.4106301e-18
               3.2798362                   1.4106301e-18
               3.2809691                   1.4106301e-18
               3.2821021                   1.4106301e-18
               3.2832351                   1.4106301e-18
                3.284368                   1.4106301e-18
                3.285501                   1.4106301e-18
                3.286634                   1.4106301e-18
               3.2877667                   1.4106301e-18
               3.2888997                   1.4106301e-18
               3.2900326                   1.4106301e-18
               3.2911656                   1.4106301e-18
               3.2922986                   1.4106301e-18
               3.2934315                   1.4106301e-18
               3.2945645                   1.4106301e-18
               3.2956972                   1.4106301e-18
               3.2968302                   1.4106301e-18
               3.2979631                   1.4106301e-18
               3.2990961                   1.4106301e-18
               3.3002291                   1.4106301e-18
                3.301362                   1.4106301e-18
                3.302495                   1.4106301e-18
               3.3036277                   1.4106301e-18
               3.3047607                   1.4106301e-18
               3.3058937                   1.4106301e-18
               3.3070266                   1.4106301e-18
               3.3081596                   1.4106301e-18
               3.3092926                   1.4106301e-18
               3.3104255                   1.4106301e-18
               3.3115582                   1.4106301e-18
               3.3126912                   1.4106301e-18
               3.3138242                   1.4106301e-18
               3.3149571                   1.4106301e-18
               3.3160901                   1.4106301e-18
               3.3172231                   1.4106301e-18
                3.318356                   1.4106301e-18
               3.3194888                   1.4106301e-18
               3.3206217                   1.4106301e-18
               3.3217547                   1.4106301e-18
               3.3228877                   1.4106301e-18
               3.3240206                   1.4106301e-18
               3.3251536                   1.4106301e-18
               3.3262866                   1.4106301e-18
               3.3274193                   1.4106301e-18
               3.3285522                   1.4106301e-18
               3.3296852                   1.4106301e-18
               3.3308182                   1.4106301e-18
               3.3319511                   1.4106301e-18
               3.3330841                   1.4106301e-18
               3.3342171                   1.4106301e-18
               3.3353498                   1.4106301e-18
               3.3364828                   1.4106301e-18
               3.3376157                   1.4106301e-18
               3.3387487                   1.4106301e-18
               3.3398817                   1.4106301e-18
               3.3410146                   1.4106301e-18
               3.3421476                   1.4106301e-18
               3.3432803                   1.4106301e-18
               3.3444133                   1.4106301e-18
               3.3455462                   1.4106301e-18
               3.3466792                   1.4106301e-18
               3.3478122                   1.4106301e-18
               3.3489451                   1.4106301e-18
               3.3500781                   1.4106301e-18
               3.3512108                   1.4106301e-18
               3.3523438                   1.4106301e-18
               3.3534768                   1.4106301e-18
               3.3546097                   1.4106301e-18
               3.3557427                   1.4106301e-18
               3.3568757                   1.4106301e-18
               3.3580086                   1.4106301e-18
               3.3591413                   1.4106301e-18
               3.3602743                   1.4106301e-18
               3.3614073                   1.4106301e-18
               3.3625402                   1.4106301e-18
               3.3636732                   1.4106301e-18
               3.3648062                   1.4106301e-18
               3.3659391                   1.4106301e-18
               3.3670721                   1.4106301e-18
               3.3682048                   1.4106301e-18
               3.3693378                   1.4106301e-18
               3.3704708                   1.4106301e-18
               3.3716037                   1.4106301e-18
               3.3727367                   1.4106301e-18
               3.3738697                   1.4106301e-18
               3.3750026                   1.4106301e-18
               3.3761353                   1.4106301e-18
               3.3772683                   1.4106301e-18
               3.3784013                   1.4106301e-18
               3.3795342                   1.4106301e-18
               3.3806672                   1.4106301e-18
               3.3818002                   1.4106301e-18
               3.3829331                   1.4106301e-18
               3.3840659                   1.4106301e-18
               3.3851988                   1.4106301e-18
               3.3863318                   1.4106301e-18
               3.3874648                   1.4106301e-18
               3.3885977                   1.4106301e-18
               3.3897307                   1.4106301e-18
               3.3908637                   1.4106301e-18
               3.3919964                   1.4106301e-18
               3.3931293                   1.4106301e-18
               3.3942623                   1.4106301e-18
               3.3953953                   1.4106301e-18
               3.3965282                   1.4106301e-18
               3.3976612                   1.4106301e-18
               3.3987942                   1.4106301e-18
               3.3999269                   1.4106301e-18
               3.4010599                   1.4106301e-18
               3.4021928                   1.4106301e-18
               3.4033258                   1.4106301e-18
               3.4044588                   1.4106301e-18
               3.4055917                   1.4106301e-18
               3.4067247                   1.4106301e-18
               3.4078574                   1.4106301e-18
               3.4089904                   1.4106301e-18
               3.4101233                   1.4106301e-18
               3.4112563                   1.4106301e-18
               3.4123893                   1.4106301e-18
               3.4135222                   1.4106301e-18
               3.4146552                   1.4106301e-18
               3.4157879                   1.4106301e-18
               3.4169209                   1.4106301e-18
               3.4180539                   1.4106301e-18
               3.4191868                   1.4106301e-18
               3.4203198                   1.4106301e-18
               3.4214528                   1.4106301e-18
               3.4225857                   1.4106301e-18
               3.4237185                   1.4106301e-18
               3.4248514                   1.4106301e-18
               3.4259844                   1.4106301e-18
               3.4271173                   1.4106301e-18
               3.4282503                   1.4106301e-18
               3.4293833                   1.4106301e-18
               3.4305162                   1.4106301e-18
                3.431649                   1.4106301e-18
               3.4327819                   1.4106301e-18
               3.4339149                   1.4106301e-18
               3.4350479                   1.4106301e-18
               3.4361808                   1.4106301e-18
               3.4373138                   1.4106301e-18
               3.4384468                   1.4106301e-18
               3.4395795                   1.4106301e-18
               3.4407125                   1.4106301e-18
               3.4418454                   1.4106301e-18
               3.4429784                   1.4106301e-18
               3.4441113                   1.4106301e-18
               3.4452443                   1.4106301e-18
               3.4463773                   1.4106301e-18
                 3.44751                   1.4106301e-18
                3.448643                   1.4106301e-18
               3.4497759                   1.4106301e-18
               3.4509089                   1.4106301e-18
               3.4520419                   1.4106301e-18
               3.4531748                   1.4106301e-18
               3.4543078                   1.4106301e-18
               3.4554405                   1.4106301e-18
               3.4565735                   1.4106301e-18
               3.4577065                   1.4106301e-18
               3.4588394                   1.4106301e-18
               3.4599724                   1.4106301e-18
               3.4611053                   1.4106301e-18
               3.4622383                   1.4106301e-18
                3.463371                   1.4106301e-18
                3.464504                   1.4106301e-18
                3.465637                   1.4106301e-18
               3.4667699                   1.4106301e-18
               3.4679029                   1.4106301e-18
               3.4690359                   1.4106301e-18
               3.4701688                   1.4106301e-18
               3.4713016                   1.4106301e-18
               3.4724345                   1.4106301e-18
               3.4735675                   1.4106301e-18
               3.4747005                   1.4106301e-18
               3.4758334                   1.4106301e-18
               3.4769664                   1.4106301e-18
               3.4780993                   1.4106301e-18
               3.4792321                   1.4106301e-18
                3.480365                   1.4106301e-18
                3.481498                   1.4106301e-18
                3.482631                   1.4106301e-18
               3.4837639                   1.4106301e-18
               3.4848969                   1.4106301e-18
               3.4860299                   1.4106301e-18
               3.4871628                   1.4106301e-18
               3.4882956                   1.4106301e-18
               3.4894285                   1.4106301e-18
               3.4905615                   1.4106301e-18
               3.4916945                   1.4106301e-18
               3.4928274                   1.4106301e-18
               3.4939604                   1.4106301e-18
               3.4950933                   1.4106301e-18
               3.4962261                   1.4106301e-18
                3.497359                   1.4106301e-18
                3.498492                   1.4106301e-18
                3.499625                   1.4106301e-18
               3.5007579                   1.4106301e-18
               3.5018909                   1.4106301e-18
               3.5030239                   1.4106301e-18
               3.5041566                   1.4106301e-18
               3.5052896                   1.4106301e-18
               3.5064225                   1.4106301e-18
               3.5075555                   1.4106301e-18
               3.5086884                   1.4106301e-18
               3.5098214                   1.4106301e-18
               3.5109544                   1.4106301e-18
               3.5120871                   1.4106301e-18
               3.5132201                   1.4106301e-18
                3.514353                   1.4106301e-18
                3.515486                   1.4106301e-18
                3.516619                   1.4106301e-18
               3.5177519                   1.4106301e-18
               3.5188849                   1.4106301e-18
               3.5200176                   1.4106301e-18
               3.5211506                   1.4106301e-18
               3.5222836                   1.4106301e-18
               3.5234165                   1.4106301e-18
               3.5245495                   1.4106301e-18
               3.5256824                   1.4106301e-18
               3.5268154                   1.4106301e-18
               3.5279481                   1.4106301e-18
               3.5290811                   1.4106301e-18
               3.5302141                   1.4106301e-18
                3.531347                   1.4106301e-18
                 3.53248                   1.4106301e-18
                3.533613                   1.4106301e-18
               3.5347459                   1.4106301e-18
               3.5358787                   1.4106301e-18
               3.5370116                   1.4106301e-18
               3.5381446                   1.4106301e-18
               3.5392776                   1.4106301e-18
               3.5404105                   1.4106301e-18
               3.5415435                   1.4106301e-18
               3.5426764                   1.4106301e-18
               3.5438092                   1.4106301e-18
               3.5449421                   1.4106301e-18
               3.5460751                   1.4106301e-18
               3.5472081                   1.4106301e-18
                3.548341                   1.4106301e-18
                3.549474                   1.4106301e-18
                3.550607                   1.4106301e-18
               3.5517397                   1.4106301e-18
               3.5528727                   1.4106301e-18
               3.5540056                   1.4106301e-18
               3.5551386                   1.4106301e-18
               3.5562716                   1.4106301e-18
               3.5574045                   1.4106301e-18
               3.5585375                   1.4106301e-18
               3.5596702                   1.4106301e-18
               3.5608032                   1.4106301e-18
               3.5619361                   1.4106301e-18
               3.5630691                   1.4106301e-18
               3.5642021                   1.4106301e-18
                3.565335                   1.4106301e-18
                3.566468                   1.4106301e-18
               3.5676007                   1.4106301e-18
               3.5687337                   1.4106301e-18
               3.5698667                   1.4106301e-18
               3.5709996                   1.4106301e-18
               3.5721326                   1.4106301e-18
               3.5732656                   1.4106301e-18
               3.5743985                   1.4106301e-18
               3.5755312                   1.4106301e-18
               3.5766642                   1.4106301e-18
               3.5777972                   1.4106301e-18
               3.5789301                   1.4106301e-18
               3.5800631                   1.4106301e-18
               3.5811961                   1.4106301e-18
                3.582329                   1.4106301e-18
               3.5834618                   1.4106301e-18
               3.5845947                   1.4106301e-18
               3.5857277                   1.4106301e-18
               3.5868607                   1.4106301e-18
               3.5879936                   1.4106301e-18
               3.5891266                   1.4106301e-18
               3.5902596                   1.4106301e-18
               3.5913923                   1.4106301e-18
               3.5925252                   1.4106301e-18
               3.5936582                   1.4106301e-18
               3.5947912                   1.4106301e-18
               3.5959241                   1.4106301e-18
               3.5970571                   1.4106301e-18
               3.5981901                   1.4106301e-18
                3.599323                   1.4106301e-18
               3.6004558                   1.4106301e-18
               3.6015887                   1.4106301e-18
               3.6027217                   1.4106301e-18
               3.6038547                   1.4106301e-18
               3.6049876                   1.4106301e-18
               3.6061206                   1.4106301e-18
               3.6072536                   1.4106301e-18
               3.6083863                   1.4106301e-18
               3.6095192                   1.4106301e-18
               3.6106522                   1.4106301e-18
               3.6117852                   1.4106301e-18
               3.6129181                   1.4106301e-18
               3.6140511                   1.4106301e-18
               3.6151841                   1.4106301e-18
               3.6163168                   1.4106301e-18
               3.6174498                   1.4106301e-18
               3.6185827                   1.4106301e-18
               3.6197157                   1.4106301e-18
               3.6208487                   1.4106301e-18
               3.6219816                   1.4106301e-18
               3.6231146                   1.4106301e-18
               3.6242473                   1.4106301e-18
               3.6253803                   1.4106301e-18
               3.6265132                   1.4106301e-18
               3.6276462                   1.4106301e-18
               3.6287792                   1.4106301e-18
               3.6299121                   1.4106301e-18
               3.6310451                   1.4106301e-18
               3.6321778                   1.4106301e-18
               3.6333108                   1.4106301e-18
               3.6344438                   1.4106301e-18
               3.6355767                   1.4106301e-18
               3.6367097                   1.4106301e-18
               3.6378427                   1.4106301e-18
               3.6389756                   1.4106301e-18
               3.6401083                   1.4106301e-18
               3.6412413                   1.4106301e-18
               3.6423743                   1.4106301e-18
               3.6435072                   1.4106301e-18
               3.6446402                   1.4106301e-18
               3.6457732                   1.4106301e-18
               3.6469061                   1.4106301e-18
               3.6480389                   1.4106301e-18
               3.6491718                   1.4106301e-18
               3.6503048                   1.4106301e-18
               3.6514378                   1.4106301e-18
               3.6525707                   1.4106301e-18
               3.6537037                   1.4106301e-18
               3.6548367                   1.4106301e-18
               3.6559694                   1.4106301e-18
               3.6571023                   1.4106301e-18
               3.6582353                   1.4106301e-18
               3.6593683                   1.4106301e-18
               3.6605012                   1.4106301e-18
               3.6616342                   1.4106301e-18
               3.6627672                   1.4106301e-18
               3.6638999                   1.4106301e-18
               3.6650329                   1.4106301e-18
               3.6661658                   1.4106301e-18
               3.6672988                   1.4106301e-18
               3.6684318                   1.4106301e-18
               3.6695647                   1.4106301e-18
               3.6706977                   1.4106301e-18
               3.6718304                   1.4106301e-18
               3.6729634                   1.4106301e-18
               3.6740963                   1.4106301e-18
               3.6752293                   1.4106301e-18
               3.6763623                   1.4106301e-18
               3.6774952                   1.4106301e-18
               3.6786282                   1.4106301e-18
               3.6797609                   1.4106301e-18
               3.6808939                   1.4106301e-18
               3.6820269                   1.4106301e-18
               3.6831598                   1.4106301e-18
               3.6842928                   1.4106301e-18
               3.6854258                   1.4106301e-18
               3.6865587                   1.4106301e-18
               3.6876915                   1.4106301e-18
               3.6888244                   1.4106301e-18
               3.6899574                   1.4106301e-18
               3.6910903                   1.4106301e-18
               3.6922233                   1.4106301e-18
               3.6933563                   1.4106301e-18
               3.6944892                   1.4106301e-18
                3.695622                   1.4106301e-18
               3.6967549                   1.4106301e-18
               3.6978879                   1.4106301e-18
               3.6990209                   1.4106301e-18
               3.7001538                   1.4106301e-18
               3.7012868                   1.4106301e-18
               3.7024198                   1.4106301e-18
               3.7035525                   1.4106301e-18
               3.7046854                   1.4106301e-18
               3.7058184                   1.4106301e-18
               3.7069514                   1.4106301e-18
               3.7080843                   1.4106301e-18
               3.7092173                   1.4106301e-18
               3.7103503                   1.4106301e-18
                3.711483                   1.4106301e-18
                3.712616                   1.4106301e-18
               3.7137489                   1.4106301e-18
               3.7148819                   1.4106301e-18
               3.7160149                   1.4106301e-18
               3.7171478                   1.4106301e-18
               3.7182808                   1.4106301e-18
               3.7194138                   1.4106301e-18
               3.7205465                   1.4106301e-18
               3.7216794                   1.4106301e-18
               3.7228124                   1.4106301e-18
               3.7239454                   1.4106301e-18
               3.7250783                   1.4106301e-18
               3.7262113                   1.4106301e-18
               3.7273443                   1.4106301e-18
                3.728477                   1.4106301e-18
                 3.72961                   1.4106301e-18
               3.7307429                   1.4106301e-18
               3.7318759                   1.4106301e-18
               3.7330089                   1.4106301e-18
               3.7341418                   1.4106301e-18
               3.7352748                   1.4106301e-18
               3.7364075                   1.4106301e-18
               3.7375405                   1.4106301e-18
               3.7386734                   1.4106301e-18
               3.7398064                   1.4106301e-18
               3.7409394                   1.4106301e-18
               3.7420723                   1.4106301e-18
               3.7432053                   1.4106301e-18
                3.744338                   1.4106301e-18
                3.745471                   1.4106301e-18
                3.746604                   1.4106301e-18
               3.7477369                   1.4106301e-18
               3.7488699                   1.4106301e-18
               3.7500029                   1.4106301e-18
               3.7511358                   1.4106301e-18
               3.7522686                   1.4106301e-18
               3.7534015                   1.4106301e-18
               3.7545345                   1.4106301e-18
               3.7556674                   1.4106301e-18
               3.7568004                   1.4106301e-18
               3.7579334                   1.4106301e-18
               3.7590663                   1.4106301e-18
               3.7601991                   1.4106301e-18
                3.761332                   1.4106301e-18
                3.762465                   1.4106301e-18
                3.763598                   1.4106301e-18
               3.7647309                   1.4106301e-18
               3.7658639                   1.4106301e-18
               3.7669969                   1.4106301e-18
               3.7681296                   1.4106301e-18
               3.7692626                   1.4106301e-18
               3.7703955                   1.4106301e-18
               3.7715285                   1.4106301e-18
               3.7726614                   1.4106301e-18
               3.7737944                   1.4106301e-18
               3.7749274                   1.4106301e-18
               3.7760601                   1.4106301e-18
               3.7771931                   1.4106301e-18
                3.778326                   1.4106301e-18
                3.779459                   1.4106301e-18
                3.780592                   1.4106301e-18
               3.7817249                   1.4106301e-18
               3.7828579                   1.4106301e-18
               3.7839906                   1.4106301e-18
               3.7851236                   1.4106301e-18
               3.7862566                   1.4106301e-18
               3.7873895                   1.4106301e-18
               3.7885225                   1.4106301e-18
               3.7896554                   1.4106301e-18
               3.7907884                   1.4106301e-18
               3.7919211                   1.4106301e-18
               3.7930541                   1.4106301e-18
               3.7941871                   1.4106301e-18
                 3.79532                   1.4106301e-18
                3.796453                   1.4106301e-18
                3.797586                   1.4106301e-18
               3.7987189                   1.4106301e-18
               3.7998517                   1.4106301e-18
               3.8009846                   1.4106301e-18
               3.8021176                   1.4106301e-18
               3.8032506                   1.4106301e-18
               3.8043835                   1.4106301e-18
               3.8055165                   1.4106301e-18
               3.8066494                   1.4106301e-18
               3.8077822                   1.4106301e-18
               3.8089151                   1.4106301e-18
               3.8100481                   1.4106301e-18
               3.8111811                   1.4106301e-18
                3.812314                   1.4106301e-18
                3.813447                   1.4106301e-18
                 3.81458                   1.4106301e-18
               3.8157127                   1.4106301e-18
               3.8168457                   1.4106301e-18
               3.8179786                   1.4106301e-18
               3.8191116                   1.4106301e-18
               3.8202446                   1.4106301e-18
               3.8213775                   1.4106301e-18
               3.8225105                   1.4106301e-18
               3.8236432                   1.4106301e-18
               3.8247762                   1.4106301e-18
               3.8259091                   1.4106301e-18
               3.8270421                   1.4106301e-18
               3.8281751                   1.4106301e-18
                3.829308                   1.4106301e-18
                3.830441                   1.4106301e-18
               3.8315737                   1.4106301e-18
               3.8327067                   1.4106301e-18
               3.8338397                   1.4106301e-18
               3.8349726                   1.4106301e-18
               3.8361056                   1.4106301e-18
               3.8372386                   1.4106301e-18
               3.8383715                   1.4106301e-18
               3.8395045                   1.4106301e-18
               3.8406372                   1.4106301e-18
               3.8417702                   1.4106301e-18
               3.8429031                   1.4106301e-18
               3.8440361                   1.4106301e-18
               3.8451691                   1.4106301e-18
                3.846302                   1.4106301e-18
                3.847435                   1.4106301e-18
               3.8485677                   1.4106301e-18
               3.8497007                   1.4106301e-18
               3.8508337                   1.4106301e-18
               3.8519666                   1.4106301e-18
               3.8530996                   1.4106301e-18
               3.8542325                   1.4106301e-18
               3.8553655                   1.4106301e-18
               3.8564982                   1.4106301e-18
               3.8576312                   1.4106301e-18
               3.8587642                   1.4106301e-18
               3.8598971                   1.4106301e-18
               3.8610301                   1.4106301e-18
               3.8621631                   1.4106301e-18
                3.863296                   1.4106301e-18
               3.8644288                   1.4106301e-18
               3.8655617                   1.4106301e-18
               3.8666947                   1.4106301e-18
               3.8678277                   1.4106301e-18
               3.8689606                   1.4106301e-18
               3.8700936                   1.4106301e-18
               3.8712265                   1.4106301e-18
               3.8723593                   1.4106301e-18
               3.8734922                   1.4106301e-18
               3.8746252                   1.4106301e-18
               3.8757582                   1.4106301e-18
               3.8768911                   1.4106301e-18
               3.8780241                   1.4106301e-18
               3.8791571                   1.4106301e-18
               3.8802898                   1.4106301e-18
               3.8814228                   1.4106301e-18
               3.8825557                   1.4106301e-18
               3.8836887                   1.4106301e-18
               3.8848217                   1.4106301e-18
               3.8859546                   1.4106301e-18
               3.8870876                   1.4106301e-18
               3.8882203                   1.4106301e-18
               3.8893533                   1.4106301e-18
               3.8904862                   1.4106301e-18
               3.8916192                   1.4106301e-18
               3.8927522                   1.4106301e-18
               3.8938851                   1.4106301e-18
               3.8950181                   1.4106301e-18
               3.8961508                   1.4106301e-18
               3.8972838                   1.4106301e-18
               3.8984168                   1.4106301e-18
               3.8995497                   1.4106301e-18
               3.9006827                   1.4106301e-18
               3.9018157                   1.4106301e-18
               3.9029486                   1.4106301e-18
               3.9040813                   1.4106301e-18
               3.9052143                   1.4106301e-18
               3.9063473                   1.4106301e-18
               3.9074802                   1.4106301e-18
               3.9086132                   1.4106301e-18
               3.9097462                   1.4106301e-18
               3.9108791                   1.4106301e-18
               3.9120119                   1.4106301e-18
               3.9131448                   1.4106301e-18
               3.9142778                   1.4106301e-18
               3.9154108                   1.4106301e-18
               3.9165437                   1.4106301e-18
               3.9176767                   1.4106301e-18
               3.9188097                   1.4106301e-18
               3.9199424                   1.4106301e-18
               3.9210753                   1.4106301e-18
               3.9222083                   1.4106301e-18
               3.9233413                   1.4106301e-18
               3.9244742                   1.4106301e-18
               3.9256072                   1.4106301e-18
               3.9267402                   1.4106301e-18
               3.9278729                   1.4106301e-18
               3.9290059                   1.4106301e-18
               3.9301388                   1.4106301e-18
               3.9312718                   1.4106301e-18
               3.9324048                   1.4106301e-18
               3.9335377                   1.4106301e-18
               3.9346707                   1.4106301e-18
               3.9358034                   1.4106301e-18
               3.9369364                   1.4106301e-18
               3.9380693                   1.4106301e-18
               3.9392023                   1.4106301e-18
               3.9403353                   1.4106301e-18
               3.9414682                   1.4106301e-18
               3.9426012                   1.4106301e-18
               3.9437339                   1.4106301e-18
               3.9448669                   1.4106301e-18
               3.9459999                   1.4106301e-18
               3.9471328                   1.4106301e-18
               3.9482658                   1.4106301e-18
               3.9493988                   1.4106301e-18
               3.9505317                   1.4106301e-18
               3.9516644                   1.4106301e-18
               3.9527974                   1.4106301e-18
               3.9539304                   1.4106301e-18
               3.9550633                   1.4106301e-18
               3.9561963                   1.4106301e-18
               3.9573293                   1.4106301e-18
               3.9584622                   1.4106301e-18
               3.9595952                   1.4106301e-18
               3.9607279                   1.4106301e-18
               3.9618609                   1.4106301e-18
               3.9629939                   1.4106301e-18
               3.9641268                   1.4106301e-18
               3.9652598                   1.4106301e-18
               3.9663928                   1.4106301e-18
               3.9675257                   1.4106301e-18
               3.9686584                   1.4106301e-18
               3.9697914                   1.4106301e-18
               3.9709244                   1.4106301e-18
               3.9720573                   1.4106301e-18
               3.9731903                   1.4106301e-18
               3.9743233                   1.4106301e-18
               3.9754562                   1.4106301e-18
                3.976589                   1.4106301e-18
               3.9777219                   1.4106301e-18
               3.9788549                   1.4106301e-18
               3.9799879                   1.4106301e-18
               3.9811208                   1.4106301e-18
               3.9822538                   1.4106301e-18
               3.9833868                   1.4106301e-18
               3.9845195                   1.4106301e-18
               3.9856524                   1.4106301e-18
               3.9867854                   1.4106301e-18
               3.9879184                   1.4106301e-18
               3.9890513                   1.4106301e-18
               3.9901843                   1.4106301e-18
               3.9913173                   1.4106301e-18
                 3.99245                   1.4106301e-18
                3.993583                   1.4106301e-18
               3.9947159                   1.4106301e-18
               3.9958489                   1.4106301e-18
               3.9969819                   1.4106301e-18
               3.9981148                   1.4106301e-18
               3.9992478                   1.4106301e-18
               4.0003805                   1.4106301e-18
               4.0015135                   1.4106301e-18
               4.0026464                   1.4106301e-18
               4.0037794                   1.4106301e-18
               4.0049124                   1.4106301e-18
               4.0060453                   1.4106301e-18
               4.0071783                   1.4106301e-18
               4.0083113                   1.4106301e-18
               4.0094442                   1.4106301e-18
               4.0105772                   1.4106301e-18
               4.0117102                   1.4106301e-18
               4.0128427                   1.4106301e-18
               4.0139756                   1.4106301e-18
               4.0151086                   1.4106301e-18
               4.0162416                   1.4106301e-18
               4.0173745                   1.4106301e-18
               4.0185075                   1.4106301e-18
               4.0196404                   1.4106301e-18
               4.0207734                   1.4106301e-18
               4.0219064                   1.4106301e-18
               4.0230393                   1.4106301e-18
               4.0241723                   1.4106301e-18
               4.0253053                   1.4106301e-18
               4.0264382                   1.4106301e-18
               4.0275712                   1.4106301e-18
               4.0287037                   1.4106301e-18
               4.0298367                   1.4106301e-18
               4.0309696                   1.4106301e-18
               4.0321026                   1.4106301e-18
               4.0332355                   1.4106301e-18
               4.0343685                   1.4106301e-18
               4.0355015                   1.4106301e-18
               4.0366344                   1.4106301e-18
               4.0377674                   1.4106301e-18
               4.0389004                   1.4106301e-18
               4.0400333                   1.4106301e-18
               4.0411663                   1.4106301e-18
               4.0422993                   1.4106301e-18
               4.0434322                   1.4106301e-18
               4.0445647                   1.4106301e-18
               4.0456977                   1.4106301e-18
               4.0468307                   1.4106301e-18
               4.0479636                   1.4106301e-18
               4.0490966                   1.4106301e-18
               4.0502295                   1.4106301e-18
               4.0513625                   1.4106301e-18
               4.0524955                   1.4106301e-18
               4.0536284                   1.4106301e-18
               4.0547614                   1.4106301e-18
               4.0558944                   1.4106301e-18
               4.0570273                   1.4106301e-18
               4.0581603                   1.4106301e-18
               4.0592933                   1.4106301e-18
               4.0604258                   1.4106301e-18
               4.0615587                   1.4106301e-18
               4.0626917                   1.4106301e-18
               4.0638247                   1.4106301e-18
               4.0649576                   1.4106301e-18
               4.0660906                   1.4106301e-18
               4.0672235                   1.4106301e-18
               4.0683565                   1.4106301e-18
               4.0694895                   1.4106301e-18
               4.0706224                   1.4106301e-18
               4.0717554                   1.4106301e-18
               4.0728884                   1.4106301e-18
               4.0740213                   1.4106301e-18
               4.0751543                   1.4106301e-18
               4.0762868                   1.4106301e-18
               4.0774198                   1.4106301e-18
               4.0785527                   1.4106301e-18
               4.0796857                   1.4106301e-18
               4.0808187                   1.4106301e-18
               4.0819516                   1.4106301e-18
               4.0830846                   1.4106301e-18
               4.0842175                   1.4106301e-18
               4.0853505                   1.4106301e-18
               4.0864835                   1.4106301e-18
               4.0876164                   1.4106301e-18
               4.0887494                   1.4106301e-18
               4.0898824                   1.4106301e-18
               4.0910153                   1.4106301e-18
               4.0921478                   1.4106301e-18
               4.0932808                   1.4106301e-18
               4.0944138                   1.4106301e-18
               4.0955467                   1.4106301e-18
               4.0966797                   1.4106301e-18
               4.0978127                   1.4106301e-18
               4.0989456                   1.4106301e-18
               4.1000786                   1.4106301e-18
               4.1012115                   1.4106301e-18
               4.1023445                   1.4106301e-18
               4.1034775                   1.4106301e-18
               4.1046104                   1.4106301e-18
               4.1057434                   1.4106301e-18
               4.1068764                   1.4106301e-18
               4.1080089                   1.4106301e-18
               4.1091418                   1.4106301e-18
               4.1102748                   1.4106301e-18
               4.1114078                   1.4106301e-18
               4.1125407                   1.4106301e-18
               4.1136737                   1.4106301e-18
               4.1148067                   1.4106301e-18
               4.1159396                   1.4106301e-18
               4.1170726                   1.4106301e-18
               4.1182055                   1.4106301e-18
               4.1193385                   1.4106301e-18
               4.1204715                   1.4106301e-18
               4.1216044                   1.4106301e-18
               4.1227374                   1.4106301e-18
               4.1238699                   1.4106301e-18
               4.1250029                   1.4106301e-18
               4.1261358                   1.4106301e-18
               4.1272688                   1.4106301e-18
               4.1284018                   1.4106301e-18
               4.1295347                   1.4106301e-18
               4.1306677                   1.4106301e-18
               4.1318007                   1.4106301e-18
               4.1329336                   1.4106301e-18
               4.1340666                   1.4106301e-18
               4.1351995                   1.4106301e-18
               4.1363325                   1.4106301e-18
               4.1374655                   1.4106301e-18
               4.1385984                   1.4106301e-18
               4.1397314                   1.4106301e-18
               4.1408639                   1.4106301e-18
               4.1419969                   1.4106301e-18
               4.1431298                   1.4106301e-18
               4.1442628                   1.4106301e-18
               4.1453958                   1.4106301e-18
               4.1465287                   1.4106301e-18
               4.1476617                   1.4106301e-18
               4.1487947                   1.4106301e-18
               4.1499276                   1.4106301e-18
               4.1510606                   1.4106301e-18
               4.1521935                   1.4106301e-18
               4.1533265                   1.4106301e-18
               4.1544595                   1.4106301e-18
               4.1555924                   1.4106301e-18
               4.1567249                   1.4106301e-18
               4.1578579                   1.4106301e-18
               4.1589909                   1.4106301e-18
               4.1601238                   1.4106301e-18
               4.1612568                   1.4106301e-18
               4.1623898                   1.4106301e-18
               4.1635227                   1.4106301e-18
               4.1646557                   1.4106301e-18
               4.1657887                   1.4106301e-18
               4.1669216                   1.4106301e-18
               4.1680546                   1.4106301e-18
               4.1691875                   1.4106301e-18
               4.1703205                   1.4106301e-18
               4.1714535                   1.4106301e-18
                4.172586                   1.4106301e-18
               4.1737189                   1.4106301e-18
               4.1748519                   1.4106301e-18
               4.1759849                   1.4106301e-18
               4.1771178                   1.4106301e-18
               4.1782508                   1.4106301e-18
               4.1793838                   1.4106301e-18
               4.1805167                   1.4106301e-18
               4.1816497                   1.4106301e-18
               4.1827826                   1.4106301e-18
               4.1839156                   1.4106301e-18
               4.1850486                   1.4106301e-18
               4.1861815                   1.4106301e-18
               4.1873145                   1.4106301e-18
                4.188447                   1.4106301e-18
                 4.18958                   1.4106301e-18
               4.1907129                   1.4106301e-18
               4.1918459                   1.4106301e-18
               4.1929789                   1.4106301e-18
               4.1941118                   1.4106301e-18
               4.1952448                   1.4106301e-18
               4.1963778                   1.4106301e-18
               4.1975107                   1.4106301e-18
               4.1986437                   1.4106301e-18
               4.1997766                   1.4106301e-18
               4.2009096                   1.4106301e-18
               4.2020426                   1.4106301e-18
               4.2031755                   1.4106301e-18
                4.204308                   1.4106301e-18
                4.205441                   1.4106301e-18
                4.206574                   1.4106301e-18
               4.2077069                   1.4106301e-18
               4.2088399                   1.4106301e-18
               4.2099729                   1.4106301e-18
               4.2111058                   1.4106301e-18
               4.2122388                   1.4106301e-18
               4.2133718                   1.4106301e-18
               4.2145047                   1.4106301e-18
               4.2156377                   1.4106301e-18
               4.2167706                   1.4106301e-18
               4.2179036                   1.4106301e-18
               4.2190366                   1.4106301e-18
               4.2201691                   1.4106301e-18
                4.221302                   1.4106301e-18
                4.222435                   1.4106301e-18
                4.223568                   1.4106301e-18
               4.2247009                   1.4106301e-18
               4.2258339                   1.4106301e-18
               4.2269669                   1.4106301e-18
               4.2280998                   1.4106301e-18
               4.2292328                   1.4106301e-18
               4.2303658                   1.4106301e-18
               4.2314987                   1.4106301e-18
               4.2326317                   1.4106301e-18
               4.2337646                   1.4106301e-18
               4.2348976                   1.4106301e-18
               4.2360301                   1.4106301e-18
               4.2371631                   1.4106301e-18
                4.238296                   1.4106301e-18
                4.239429                   1.4106301e-18
                4.240562                   1.4106301e-18
               4.2416949                   1.4106301e-18
               4.2428279                   1.4106301e-18
               4.2439609                   1.4106301e-18
               4.2450938                   1.4106301e-18
               4.2462268                   1.4106301e-18
               4.2473598                   1.4106301e-18
               4.2484927                   1.4106301e-18
               4.2496257                   1.4106301e-18
               4.2507586                   1.4106301e-18
               4.2518916                   1.4106301e-18
               4.2530241                   1.4106301e-18
               4.2541571                   1.4106301e-18
                 4.25529                   1.4106301e-18
                4.256423                   1.4106301e-18
                4.257556                   1.4106301e-18
               4.2586889                   1.4106301e-18
               4.2598219                   1.4106301e-18
               4.2609549                   1.4106301e-18
               4.2620878                   1.4106301e-18
               4.2632208                   1.4106301e-18
               4.2643538                   1.4106301e-18
               4.2654867                   1.4106301e-18
               4.2666197                   1.4106301e-18
               4.2677526                   1.4106301e-18
               4.2688851                   1.4106301e-18
               4.2700181                   1.4106301e-18
               4.2711511                   1.4106301e-18
                4.272284                   1.4106301e-18
                4.273417                   1.4106301e-18
                 4.27455                   1.4106301e-18
               4.2756829                   1.4106301e-18
               4.2768159                   1.4106301e-18
               4.2779489                   1.4106301e-18
               4.2790818                   1.4106301e-18
               4.2802148                   1.4106301e-18
               4.2813478                   1.4106301e-18
               4.2824807                   1.4106301e-18
               4.2836137                   1.4106301e-18
               4.2847462                   1.4106301e-18
               4.2858791                   1.4106301e-18
               4.2870121                   1.4106301e-18
               4.2881451                   1.4106301e-18
                4.289278                   1.4106301e-18
                4.290411                   1.4106301e-18
                4.291544                   1.4106301e-18
               4.2926769                   1.4106301e-18
               4.2938099                   1.4106301e-18
               4.2949429                   1.4106301e-18
               4.2960758                   1.4106301e-18
               4.2972088                   1.4106301e-18
               4.2983418                   1.4106301e-18
               4.2994747                   1.4106301e-18
               4.3006072                   1.4106301e-18
               4.3017402                   1.4106301e-18
               4.3028731                   1.4106301e-18
               4.3040061                   1.4106301e-18
               4.3051391                   1.4106301e-18
                4.306272                   1.4106301e-18
                4.307405                   1.4106301e-18
                4.308538                   1.4106301e-18
               4.3096709                   1.4106301e-18
               4.3108039                   1.4106301e-18
               4.3119369                   1.4106301e-18
               4.3130698                   1.4106301e-18
               4.3142028                   1.4106301e-18
               4.3153358                   1.4106301e-18
               4.3164682                   1.4106301e-18
               4.3176012                   1.4106301e-18
               4.3187342                   1.4106301e-18
               4.3198671                   1.4106301e-18
               4.3210001                   1.4106301e-18
               4.3221331                   1.4106301e-18
                4.323266                   1.4106301e-18
                4.324399                   1.4106301e-18
                4.325532                   1.4106301e-18
               4.3266649                   1.4106301e-18
               4.3277979                   1.4106301e-18
               4.3289309                   1.4106301e-18
               4.3300638                   1.4106301e-18
               4.3311968                   1.4106301e-18
               4.3323293                   1.4106301e-18
               4.3334622                   1.4106301e-18
               4.3345952                   1.4106301e-18
               4.3357282                   1.4106301e-18
               4.3368611                   1.4106301e-18
               4.3379941                   1.4106301e-18
               4.3391271                   1.4106301e-18
                 4.34026                   1.4106301e-18
                4.341393                   1.4106301e-18
                4.342526                   1.4106301e-18
               4.3436589                   1.4106301e-18
               4.3447919                   1.4106301e-18
               4.3459249                   1.4106301e-18
               4.3470578                   1.4106301e-18
               4.3481903                   1.4106301e-18
               4.3493233                   1.4106301e-18
               4.3504562                   1.4106301e-18
               4.3515892                   1.4106301e-18
               4.3527222                   1.4106301e-18
               4.3538551                   1.4106301e-18
               4.3549881                   1.4106301e-18
               4.3561211                   1.4106301e-18
                4.357254                   1.4106301e-18
                4.358387                   1.4106301e-18
                 4.35952                   1.4106301e-18
               4.3606529                   1.4106301e-18
               4.3617859                   1.4106301e-18
               4.3629189                   1.4106301e-18
               4.3640513                   1.4106301e-18
               4.3651843                   1.4106301e-18
               4.3663173                   1.4106301e-18
               4.3674502                   1.4106301e-18
               4.3685832                   1.4106301e-18
               4.3697162                   1.4106301e-18
               4.3708491                   1.4106301e-18
               4.3719821                   1.4106301e-18
               4.3731151                   1.4106301e-18
                4.374248                   1.4106301e-18
                4.375381                   1.4106301e-18
                4.376514                   1.4106301e-18
               4.3776469                   1.4106301e-18
               4.3787799                   1.4106301e-18
               4.3799129                   1.4106301e-18
               4.3810453                   1.4106301e-18
               4.3821783                   1.4106301e-18
               4.3833113                   1.4106301e-18
               4.3844442                   1.4106301e-18
               4.3855772                   1.4106301e-18
               4.3867102                   1.4106301e-18
               4.3878431                   1.4106301e-18
               4.3889761                   1.4106301e-18
               4.3901091                   1.4106301e-18
                4.391242                   1.4106301e-18
                4.392375                   1.4106301e-18
                4.393508                   1.4106301e-18
               4.3946409                   1.4106301e-18
               4.3957739                   1.4106301e-18
               4.3969064                   1.4106301e-18
               4.3980393                   1.4106301e-18
               4.3991723                   1.4106301e-18
               4.4003053                   1.4106301e-18
               4.4014382                   1.4106301e-18
               4.4025712                   1.4106301e-18
               4.4037042                   1.4106301e-18
               4.4048371                   1.4106301e-18
               4.4059701                   1.4106301e-18
               4.4071031                   1.4106301e-18
                4.408236                   1.4106301e-18
                4.409369                   1.4106301e-18
                4.410502                   1.4106301e-18
               4.4116349                   1.4106301e-18
               4.4127674                   1.4106301e-18
               4.4139004                   1.4106301e-18
               4.4150333                   1.4106301e-18
               4.4161663                   1.4106301e-18
               4.4172993                   1.4106301e-18
               4.4184322                   1.4106301e-18
               4.4195652                   1.4106301e-18
               4.4206982                   1.4106301e-18
               4.4218311                   1.4106301e-18
               4.4229641                   1.4106301e-18
               4.4240971                   1.4106301e-18
                 4.42523                   1.4106301e-18
                4.426363                   1.4106301e-18
                4.427496                   1.4106301e-18
               4.4286284                   1.4106301e-18
               4.4297614                   1.4106301e-18
               4.4308944                   1.4106301e-18
               4.4320273                   1.4106301e-18
               4.4331603                   1.4106301e-18
               4.4342933                   1.4106301e-18
               4.4354262                   1.4106301e-18
               4.4365592                   1.4106301e-18
               4.4376922                   1.4106301e-18
               4.4388251                   1.4106301e-18
               4.4399581                   1.4106301e-18
               4.4410911                   1.4106301e-18
                4.442224                   1.4106301e-18
                4.443357                   1.4106301e-18
               4.4444895                   1.4106301e-18
               4.4456224                   1.4106301e-18
               4.4467554                   1.4106301e-18
               4.4478884                   1.4106301e-18
               4.4490213                   1.4106301e-18
               4.4501543                   1.4106301e-18
               4.4512873                   1.4106301e-18
               4.4524202                   1.4106301e-18
               4.4535532                   1.4106301e-18
               4.4546862                   1.4106301e-18
               4.4558191                   1.4106301e-18
               4.4569521                   1.4106301e-18
               4.4580851                   1.4106301e-18
                4.459218                   1.4106301e-18
               4.4603505                   1.4106301e-18
               4.4614835                   1.4106301e-18
               4.4626164                   1.4106301e-18
               4.4637494                   1.4106301e-18
               4.4648824                   1.4106301e-18
               4.4660153                   1.4106301e-18
               4.4671483                   1.4106301e-18
               4.4682813                   1.4106301e-18
               4.4694142                   1.4106301e-18
               4.4705472                   1.4106301e-18
               4.4716802                   1.4106301e-18
               4.4728131                   1.4106301e-18
               4.4739461                   1.4106301e-18
               4.4750791                   1.4106301e-18
               4.4762115                   1.4106301e-18
               4.4773445                   1.4106301e-18
               4.4784775                   1.4106301e-18
               4.4796104                   1.4106301e-18
               4.4807434                   1.4106301e-18
               4.4818764                   1.4106301e-18
               4.4830093                   1.4106301e-18
               4.4841423                   1.4106301e-18
               4.4852753                   1.4106301e-18
               4.4864082                   1.4106301e-18
               4.4875412                   1.4106301e-18
               4.4886742                   1.4106301e-18
               4.4898071                   1.4106301e-18
               4.4909401                   1.4106301e-18
               4.4920731                   1.4106301e-18
               4.4932055                   1.4106301e-18
               4.4943385                   1.4106301e-18
               4.4954715                   1.4106301e-18
               4.4966044                   1.4106301e-18
               4.4977374                   1.4106301e-18
               4.4988704                   1.4106301e-18
               4.5000033                   1.4106301e-18
               4.5011363                   1.4106301e-18
               4.5022693                   1.4106301e-18
               4.5034022                   1.4106301e-18
               4.5045352                   1.4106301e-18
               4.5056682                   1.4106301e-18
               4.5068011                   1.4106301e-18
               4.5079341                   1.4106301e-18
               4.5090666                   1.4106301e-18
               4.5101995                   1.4106301e-18
               4.5113325                   1.4106301e-18
               4.5124655                   1.4106301e-18
               4.5135984                   1.4106301e-18
               4.5147314                   1.4106301e-18
               4.5158644                   1.4106301e-18
               4.5169973                   1.4106301e-18
               4.5181303                   1.4106301e-18
               4.5192633                   1.4106301e-18
               4.5203962                   1.4106301e-18
               4.5215292                   1.4106301e-18
               4.5226622                   1.4106301e-18
               4.5237951                   1.4106301e-18
               4.5249276                   1.4106301e-18
               4.5260606                   1.4106301e-18
               4.5271935                   1.4106301e-18
               4.5283265                   1.4106301e-18
               4.5294595                   1.4106301e-18
               4.5305924                   1.4106301e-18
               4.5317254                   1.4106301e-18
               4.5328584                   1.4106301e-18
               4.5339913                   1.4106301e-18
               4.5351243                   1.4106301e-18
               4.5362573                   1.4106301e-18
               4.5373902                   1.4106301e-18
               4.5385232                   1.4106301e-18
               4.5396562                   1.4106301e-18
               4.5407887                   1.4106301e-18
               4.5419216                   1.4106301e-18
               4.5430546                   1.4106301e-18
               4.5441875                   1.4106301e-18
               4.5453205                   1.4106301e-18
               4.5464535                   1.4106301e-18
               4.5475864                   1.4106301e-18
               4.5487194                   1.4106301e-18
               4.5498524                   1.4106301e-18
               4.5509853                   1.4106301e-18
               4.5521183                   1.4106301e-18
               4.5532513                   1.4106301e-18
               4.5543842                   1.4106301e-18
               4.5555172                   1.4106301e-18
               4.5566497                   1.4106301e-18
               4.5577826                   1.4106301e-18
               4.5589156                   1.4106301e-18
               4.5600486                   1.4106301e-18
               4.5611815                   1.4106301e-18
               4.5623145                   1.4106301e-18
               4.5634475                   1.4106301e-18
               4.5645804                   1.4106301e-18
               4.5657134                   1.4106301e-18
               4.5668464                   1.4106301e-18
               4.5679793                   1.4106301e-18
               4.5691123                   1.4106301e-18
               4.5702453                   1.4106301e-18
               4.5713782                   1.4106301e-18
               4.5725107                   1.4106301e-18
               4.5736437                   1.4106301e-18
               4.5747766                   1.4106301e-18
               4.5759096                   1.4106301e-18
               4.5770426                   1.4106301e-18
               4.5781755                   1.4106301e-18
               4.5793085                   1.4106301e-18
               4.5804415                   1.4106301e-18
               4.5815744                   1.4106301e-18
               4.5827074                   1.4106301e-18
               4.5838404                   1.4106301e-18
               4.5849733                   1.4106301e-18
               4.5861063                   1.4106301e-18
               4.5872393                   1.4106301e-18
               4.5883718                   1.4106301e-18
               4.5895047                   1.4106301e-18
               4.5906377                   1.4106301e-18
               4.5917706                   1.4106301e-18
               4.5929036                   1.4106301e-18
               4.5940366                   1.4106301e-18
               4.5951695                   1.4106301e-18
               4.5963025                   1.4106301e-18
               4.5974355                   1.4106301e-18
               4.5985684                   1.4106301e-18
               4.5997014                   1.4106301e-18
               4.6008344                   1.4106301e-18
               4.6019673                   1.4106301e-18
               4.6031003                   1.4106301e-18
               4.6042333                   1.4106301e-18
               4.6053658                   1.4106301e-18
               4.6064987                   1.4106301e-18
               4.6076317                   1.4106301e-18
               4.6087646                   1.4106301e-18
               4.6098976                   1.4106301e-18
               4.6110306                   1.4106301e-18
               4.6121635                   1.4106301e-18
               4.6132965                   1.4106301e-18
               4.6144295                   1.4106301e-18
               4.6155624                   1.4106301e-18
               4.6166954                   1.4106301e-18
               4.6178284                   1.4106301e-18
               4.6189613                   1.4106301e-18
               4.6200943                   1.4106301e-18
               4.6212268                   1.4106301e-18
               4.6223598                   1.4106301e-18
               4.6234927                   1.4106301e-18
               4.6246257                   1.4106301e-18
               4.6257586                   1.4106301e-18
               4.6268916                   1.4106301e-18
               4.6280246                   1.4106301e-18
               4.6291575                   1.4106301e-18
               4.6302905                   1.4106301e-18
               4.6314235                   1.4106301e-18
               4.6325564                   1.4106301e-18
               4.6336894                   1.4106301e-18
               4.6348224                   1.4106301e-18
               4.6359553                   1.4106301e-18
               4.6370878                   1.4106301e-18
               4.6382208                   1.4106301e-18
               4.6393538                   1.4106301e-18
               4.6404867                   1.4106301e-18
               4.6416197                   1.4106301e-18
               4.6427526                   1.4106301e-18
               4.6438856                   1.4106301e-18
               4.6450186                   1.4106301e-18
               4.6461515                   1.4106301e-18
               4.6472845                   1.4106301e-18
               4.6484175                   1.4106301e-18
               4.6495504                   1.4106301e-18
               4.6506834                   1.4106301e-18
               4.6518164                   1.4106301e-18
               4.6529489                   1.4106301e-18
               4.6540818                   1.4106301e-18
               4.6552148                   1.4106301e-18
               4.6563478                   1.4106301e-18
               4.6574807                   1.4106301e-18
               4.6586137                   1.4106301e-18
               4.6597466                   1.4106301e-18
               4.6608796                   1.4106301e-18
               4.6620126                   1.4106301e-18
               4.6631455                   1.4106301e-18
               4.6642785                   1.4106301e-18
               4.6654115                   1.4106301e-18
               4.6665444                   1.4106301e-18
               4.6676774                   1.4106301e-18
               4.6688099                   1.4106301e-18
               4.6699429                   1.4106301e-18
               4.6710758                   1.4106301e-18
               4.6722088                   1.4106301e-18
               4.6733418                   1.4106301e-18
               4.6744747                   1.4106301e-18
               4.6756077                   1.4106301e-18
               4.6767406                   1.4106301e-18
               4.6778736                   1.4106301e-18
               4.6790066                   1.4106301e-18
               4.6801395                   1.4106301e-18
               4.6812725                   1.4106301e-18
               4.6824055                   1.4106301e-18
               4.6835384                   1.4106301e-18
               4.6846709                   1.4106301e-18
               4.6858039                   1.4106301e-18
               4.6869369                   1.4106301e-18
               4.6880698                   1.4106301e-18
               4.6892028                   1.4106301e-18
               4.6903358                   1.4106301e-18
               4.6914687                   1.4106301e-18
               4.6926017                   1.4106301e-18
               4.6937346                   1.4106301e-18
               4.6948676                   1.4106301e-18
               4.6960006                   1.4106301e-18
               4.6971335                   1.4106301e-18
               4.6982665                   1.4106301e-18
               4.6993995                   1.4106301e-18
                4.700532                   1.4106301e-18
               4.7016649                   1.4106301e-18
               4.7027979                   1.4106301e-18
               4.7039309                   1.4106301e-18
               4.7050638                   1.4106301e-18
               4.7061968                   1.4106301e-18
               4.7073298                   1.4106301e-18
               4.7084627                   1.4106301e-18
               4.7095957                   1.4106301e-18
               4.7107286                   1.4106301e-18
               4.7118616                   1.4106301e-18
               4.7129946                   1.4106301e-18
               4.7141275                   1.4106301e-18
               4.7152605                   1.4106301e-18
                4.716393                   1.4106301e-18
                4.717526                   1.4106301e-18
               4.7186589                   1.4106301e-18
               4.7197919                   1.4106301e-18
               4.7209249                   1.4106301e-18
               4.7220578                   1.4106301e-18
               4.7231908                   1.4106301e-18
               4.7243237                   1.4106301e-18
               4.7254567                   1.4106301e-18
               4.7265897                   1.4106301e-18
               4.7277226                   1.4106301e-18
               4.7288556                   1.4106301e-18
               4.7299886                   1.4106301e-18
               4.7311215                   1.4106301e-18
               4.7322545                   1.4106301e-18
                4.733387                   1.4106301e-18
                 4.73452                   1.4106301e-18
               4.7356529                   1.4106301e-18
               4.7367859                   1.4106301e-18
               4.7379189                   1.4106301e-18
               4.7390518                   1.4106301e-18
               4.7401848                   1.4106301e-18
               4.7413177                   1.4106301e-18
               4.7424507                   1.4106301e-18
               4.7435837                   1.4106301e-18
               4.7447166                   1.4106301e-18
               4.7458496                   1.4106301e-18
               4.7469826                   1.4106301e-18
               4.7481155                   1.4106301e-18
                4.749248                   1.4106301e-18
                4.750381                   1.4106301e-18
                4.751514                   1.4106301e-18
               4.7526469                   1.4106301e-18
               4.7537799                   1.4106301e-18
               4.7549129                   1.4106301e-18
               4.7560458                   1.4106301e-18
               4.7571788                   1.4106301e-18
               4.7583117                   1.4106301e-18
               4.7594447                   1.4106301e-18
               4.7605777                   1.4106301e-18
               4.7617106                   1.4106301e-18
               4.7628436                   1.4106301e-18
               4.7639766                   1.4106301e-18
               4.7651091                   1.4106301e-18
                4.766242                   1.4106301e-18
                4.767375                   1.4106301e-18
                4.768508                   1.4106301e-18
               4.7696409                   1.4106301e-18
               4.7707739                   1.4106301e-18
               4.7719069                   1.4106301e-18
               4.7730398                   1.4106301e-18
               4.7741728                   1.4106301e-18
               4.7753057                   1.4106301e-18
               4.7764387                   1.4106301e-18
               4.7775717                   1.4106301e-18
               4.7787046                   1.4106301e-18
               4.7798376                   1.4106301e-18
               4.7809701                   1.4106301e-18
               4.7821031                   1.4106301e-18
                4.783236                   1.4106301e-18
                4.784369                   1.4106301e-18
                4.785502                   1.4106301e-18
               4.7866349                   1.4106301e-18
               4.7877679                   1.4106301e-18
               4.7889009                   1.4106301e-18
               4.7900338                   1.4106301e-18
               4.7911668                   1.4106301e-18
               4.7922997                   1.4106301e-18
               4.7934327                   1.4106301e-18
               4.7945657                   1.4106301e-18
               4.7956986                   1.4106301e-18
               4.7968311                   1.4106301e-18
               4.7979641                   1.4106301e-18
               4.7990971                   1.4106301e-18
                 4.80023                   1.4106301e-18
                4.801363                   1.4106301e-18
                4.802496                   1.4106301e-18
               4.8036289                   1.4106301e-18
               4.8047619                   1.4106301e-18
               4.8058949                   1.4106301e-18
               4.8070278                   1.4106301e-18
               4.8081608                   1.4106301e-18
               4.8092937                   1.4106301e-18
               4.8104267                   1.4106301e-18
               4.8115597                   1.4106301e-18
               4.8126922                   1.4106301e-18
               4.8138251                   1.4106301e-18
               4.8149581                   1.4106301e-18
               4.8160911                   1.4106301e-18
                4.817224                   1.4106301e-18
                4.818357                   1.4106301e-18
                 4.81949                   1.4106301e-18
               4.8206229                   1.4106301e-18
               4.8217559                   1.4106301e-18
               4.8228889                   1.4106301e-18
               4.8240218                   1.4106301e-18
               4.8251548                   1.4106301e-18
               4.8262877                   1.4106301e-18
               4.8274207                   1.4106301e-18
               4.8285532                   1.4106301e-18
               4.8296862                   1.4106301e-18
               4.8308191                   1.4106301e-18
               4.8319521                   1.4106301e-18
               4.8330851                   1.4106301e-18
                4.834218                   1.4106301e-18
                4.835351                   1.4106301e-18
                4.836484                   1.4106301e-18
               4.8376169                   1.4106301e-18
               4.8387499                   1.4106301e-18
               4.8398829                   1.4106301e-18
               4.8410158                   1.4106301e-18
               4.8421488                   1.4106301e-18
               4.8432817                   1.4106301e-18
               4.8444147                   1.4106301e-18
               4.8455472                   1.4106301e-18
               4.8466802                   1.4106301e-18
               4.8478131                   1.4106301e-18
               4.8489461                   1.4106301e-18
               4.8500791                   1.4106301e-18
                4.851212                   1.4106301e-18
                4.852345                   1.4106301e-18
                4.853478                   1.4106301e-18
               4.8546109                   1.4106301e-18
               4.8557439                   1.4106301e-18
               4.8568769                   1.4106301e-18
               4.8580098                   1.4106301e-18
               4.8591428                   1.4106301e-18
               4.8602757                   1.4106301e-18
               4.8614082                   1.4106301e-18
               4.8625412                   1.4106301e-18
               4.8636742                   1.4106301e-18
               4.8648071                   1.4106301e-18
               4.8659401                   1.4106301e-18
               4.8670731                   1.4106301e-18
                4.868206                   1.4106301e-18
                4.869339                   1.4106301e-18
                4.870472                   1.4106301e-18
               4.8716049                   1.4106301e-18
               4.8727379                   1.4106301e-18
               4.8738708                   1.4106301e-18
               4.8750038                   1.4106301e-18
               4.8761368                   1.4106301e-18
               4.8772693                   1.4106301e-18
               4.8784022                   1.4106301e-18
               4.8795352                   1.4106301e-18
               4.8806682                   1.4106301e-18
               4.8818011                   1.4106301e-18
               4.8829341                   1.4106301e-18
               4.8840671                   1.4106301e-18
                  4.8852                   1.4106301e-18
                4.886333                   1.4106301e-18
                4.887466                   1.4106301e-18
               4.8885989                   1.4106301e-18
               4.8897319                   1.4106301e-18
               4.8908648                   1.4106301e-18
               4.8919978                   1.4106301e-18
               4.8931303                   1.4106301e-18
               4.8942633                   1.4106301e-18
               4.8953962                   1.4106301e-18
               4.8965292                   1.4106301e-18
               4.8976622                   1.4106301e-18
               4.8987951                   1.4106301e-18
               4.8999281                   1.4106301e-18
               4.9010611                   1.4106301e-18
                4.902194                   1.4106301e-18
                4.903327                   1.4106301e-18
                 4.90446                   1.4106301e-18
               4.9055929                   1.4106301e-18
               4.9067259                   1.4106301e-18
               4.9078588                   1.4106301e-18
               4.9089913                   1.4106301e-18
               4.9101243                   1.4106301e-18
               4.9112573                   1.4106301e-18
               4.9123902                   1.4106301e-18
               4.9135232                   1.4106301e-18
               4.9146562                   1.4106301e-18
               4.9157891                   1.4106301e-18
               4.9169221                   1.4106301e-18
               4.9180551                   1.4106301e-18
                4.919188                   1.4106301e-18
                4.920321                   1.4106301e-18
                4.921454                   1.4106301e-18
               4.9225869                   1.4106301e-18
               4.9237199                   1.4106301e-18
               4.9248524                   1.4106301e-18
               4.9259853                   1.4106301e-18
               4.9271183                   1.4106301e-18
               4.9282513                   1.4106301e-18
               4.9293842                   1.4106301e-18
               4.9305172                   1.4106301e-18
               4.9316502                   1.4106301e-18
               4.9327831                   1.4106301e-18
               4.9339161                   1.4106301e-18
               4.9350491                   1.4106301e-18
                4.936182                   1.4106301e-18
                4.937315                   1.4106301e-18
                4.938448                   1.4106301e-18
               4.9395809                   1.4106301e-18
               4.9407134                   1.4106301e-18
               4.9418464                   1.4106301e-18
               4.9429793                   1.4106301e-18
               4.9441123                   1.4106301e-18
               4.9452453                   1.4106301e-18
               4.9463782                   1.4106301e-18
               4.9475112                   1.4106301e-18
               4.9486442                   1.4106301e-18
               4.9497771                   1.4106301e-18
               4.9509101                   1.4106301e-18
               4.9520431                   1.4106301e-18
                4.953176                   1.4106301e-18
                4.954309                   1.4106301e-18
                4.955442                   1.4106301e-18
               4.9565749                   1.4106301e-18
               4.9577074                   1.4106301e-18
               4.9588404                   1.4106301e-18
               4.9599733                   1.4106301e-18
               4.9611063                   1.4106301e-18
               4.9622393                   1.4106301e-18
               4.9633722                   1.4106301e-18
               4.9645052                   1.4106301e-18
               4.9656382                   1.4106301e-18
               4.9667711                   1.4106301e-18
               4.9679041                   1.4106301e-18
               4.9690371                   1.4106301e-18
                 4.97017                   1.4106301e-18
                4.971303                   1.4106301e-18
                4.972436                   1.4106301e-18
               4.9735684                   1.4106301e-18
               4.9747014                   1.4106301e-18
               4.9758344                   1.4106301e-18
               4.9769673                   1.4106301e-18
               4.9781003                   1.4106301e-18
               4.9792333                   1.4106301e-18
               4.9803662                   1.4106301e-18
               4.9814992                   1.4106301e-18
               4.9826322                   1.4106301e-18
               4.9837651                   1.4106301e-18
               4.9848981                   1.4106301e-18
               4.9860311                   1.4106301e-18
                4.987164                   1.4106301e-18
                4.988297                   1.4106301e-18
               4.9894295                   1.4106301e-18
               4.9905624                   1.4106301e-18
               4.9916954                   1.4106301e-18
               4.9928284                   1.4106301e-18
               4.9939613                   1.4106301e-18
               4.9950943                   1.4106301e-18
               4.9962273                   1.4106301e-18
               4.9973602                   1.4106301e-18
               4.9984932                   1.4106301e-18
               4.9996262                   1.4106301e-18
               5.0007591                   1.4106301e-18
               5.0018921                   1.4106301e-18
               5.0030251                   1.4106301e-18
                5.004158                   1.4106301e-18
               5.0052905                   1.4106301e-18
               5.0064235                   1.4106301e-18
               5.0075564                   1.4106301e-18
               5.0086894                   1.4106301e-18
               5.0098224                   1.4106301e-18
               5.0109553                   1.4106301e-18
               5.0120883                   1.4106301e-18
               5.0132213                   1.4106301e-18
               5.0143542                   1.4106301e-18
               5.0154872                   1.4106301e-18
               5.0166202                   1.4106301e-18
               5.0177531                   1.4106301e-18
               5.0188861                   1.4106301e-18
               5.0200191                   1.4106301e-18
               5.0211515                   1.4106301e-18
               5.0222845                   1.4106301e-18
               5.0234175                   1.4106301e-18
               5.0245504                   1.4106301e-18
               5.0256834                   1.4106301e-18
               5.0268164                   1.4106301e-18
               5.0279493                   1.4106301e-18
               5.0290823                   1.4106301e-18
               5.0302153                   1.4106301e-18
               5.0313482                   1.4106301e-18
               5.0324812                   1.4106301e-18
               5.0336142                   1.4106301e-18
               5.0347471                   1.4106301e-18
               5.0358801                   1.4106301e-18
               5.0370126                   1.4106301e-18
               5.0381455                   1.4106301e-18
               5.0392785                   1.4106301e-18
               5.0404115                   1.4106301e-18
               5.0415444                   1.4106301e-18
               5.0426774                   1.4106301e-18
               5.0438104                   1.4106301e-18
               5.0449433                   1.4106301e-18
               5.0460763                   1.4106301e-18
               5.0472093                   1.4106301e-18
               5.0483422                   1.4106301e-18
               5.0494752                   1.4106301e-18
               5.0506082                   1.4106301e-18
               5.0517411                   1.4106301e-18
               5.0528736                   1.4106301e-18
               5.0540066                   1.4106301e-18
               5.0551395                   1.4106301e-18
               5.0562725                   1.4106301e-18
               5.0574055                   1.4106301e-18
               5.0585384                   1.4106301e-18
               5.0596714                   1.4106301e-18
               5.0608044                   1.4106301e-18
               5.0619373                   1.4106301e-18
               5.0630703                   1.4106301e-18
               5.0642033                   1.4106301e-18
               5.0653362                   1.4106301e-18
               5.0664692                   1.4106301e-18
               5.0676022                   1.4106301e-18
               5.0687346                   1.4106301e-18
               5.0698676                   1.4106301e-18
               5.0710006                   1.4106301e-18
               5.0721335                   1.4106301e-18
               5.0732665                   1.4106301e-18
               5.0743995                   1.4106301e-18
               5.0755324                   1.4106301e-18
               5.0766654                   1.4106301e-18
               5.0777984                   1.4106301e-18
               5.0789313                   1.4106301e-18
               5.0800643                   1.4106301e-18
               5.0811973                   1.4106301e-18
               5.0823302                   1.4106301e-18
               5.0834632                   1.4106301e-18
               5.0845962                   1.4106301e-18
               5.0857286                   1.4106301e-18
               5.0868616                   1.4106301e-18
               5.0879946                   1.4106301e-18
               5.0891275                   1.4106301e-18
               5.0902605                   1.4106301e-18
               5.0913935                   1.4106301e-18
               5.0925264                   1.4106301e-18
               5.0936594                   1.4106301e-18
               5.0947924                   1.4106301e-18
               5.0959253                   1.4106301e-18
               5.0970583                   1.4106301e-18
               5.0981913                   1.4106301e-18
               5.0993242                   1.4106301e-18
               5.1004572                   1.4106301e-18
               5.1015897                   1.4106301e-18
               5.1027226                   1.4106301e-18
               5.1038556                   1.4106301e-18
               5.1049886                   1.4106301e-18
               5.1061215                   1.4106301e-18
               5.1072545                   1.4106301e-18
               5.1083875                   1.4106301e-18
               5.1095204                   1.4106301e-18
               5.1106534                   1.4106301e-18
               5.1117864                   1.4106301e-18
               5.1129193                   1.4106301e-18
               5.1140523                   1.4106301e-18
               5.1151853                   1.4106301e-18
               5.1163182                   1.4106301e-18
               5.1174507                   1.4106301e-18
               5.1185837                   1.4106301e-18
               5.1197166                   1.4106301e-18
               5.1208496                   1.4106301e-18
               5.1219826                   1.4106301e-18
               5.1231155                   1.4106301e-18
               5.1242485                   1.4106301e-18
               5.1253815                   1.4106301e-18
               5.1265144                   1.4106301e-18
               5.1276474                   1.4106301e-18
               5.1287804                   1.4106301e-18
               5.1299133                   1.4106301e-18
               5.1310463                   1.4106301e-18
               5.1321793                   1.4106301e-18
               5.1333117                   1.4106301e-18
               5.1344447                   1.4106301e-18
               5.1355777                   1.4106301e-18
               5.1367106                   1.4106301e-18
               5.1378436                   1.4106301e-18
               5.1389766                   1.4106301e-18
               5.1401095                   1.4106301e-18
               5.1412425                   1.4106301e-18
               5.1423755                   1.4106301e-18
               5.1435084                   1.4106301e-18
               5.1446414                   1.4106301e-18
               5.1457744                   1.4106301e-18
               5.1469073                   1.4106301e-18
               5.1480403                   1.4106301e-18
               5.1491728                   1.4106301e-18
               5.1503057                   1.4106301e-18
               5.1514387                   1.4106301e-18
               5.1525717                   1.4106301e-18
               5.1537046                   1.4106301e-18
               5.1548376                   1.4106301e-18
               5.1559706                   1.4106301e-18
               5.1571035                   1.4106301e-18
               5.1582365                   1.4106301e-18
               5.1593695                   1.4106301e-18
               5.1605024                   1.4106301e-18
               5.1616354                   1.4106301e-18
               5.1627684                   1.4106301e-18
               5.1639013                   1.4106301e-18
               5.1650338                   1.4106301e-18
               5.1661668                   1.4106301e-18
               5.1672997                   1.4106301e-18
               5.1684327                   1.4106301e-18
               5.1695657                   1.4106301e-18
               5.1706986                   1.4106301e-18
               5.1718316                   1.4106301e-18
               5.1729646                   1.4106301e-18
               5.1740975                   1.4106301e-18
               5.1752305                   1.4106301e-18
               5.1763635                   1.4106301e-18
               5.1774964                   1.4106301e-18
               5.1786294                   1.4106301e-18
               5.1797624                   1.4106301e-18
               5.1808949                   1.4106301e-18
               5.1820278                   1.4106301e-18
               5.1831608                   1.4106301e-18
               5.1842937                   1.4106301e-18
               5.1854267                   1.4106301e-18
               5.1865597                   1.4106301e-18
               5.1876926                   1.4106301e-18
               5.1888256                   1.4106301e-18
               5.1899586                   1.4106301e-18
               5.1910915                   1.4106301e-18
               5.1922245                   1.4106301e-18
               5.1933575                   1.4106301e-18
               5.1944904                   1.4106301e-18
               5.1956234                   1.4106301e-18
               5.1967564                   1.4106301e-18
               5.1978889                   1.4106301e-18
               5.1990218                   1.4106301e-18
               5.2001548                   1.4106301e-18
               5.2012877                   1.4106301e-18
               5.2024207                   1.4106301e-18
               5.2035537                   1.4106301e-18
               5.2046866                   1.4106301e-18
               5.2058196                   1.4106301e-18
               5.2069526                   1.4106301e-18
               5.2080855                   1.4106301e-18
               5.2092185                   1.4106301e-18
               5.2103515                   1.4106301e-18
               5.2114844                   1.4106301e-18
               5.2126174                   1.4106301e-18
               5.2137499                   1.4106301e-18
               5.2148829                   1.4106301e-18
               5.2160158                   1.4106301e-18
               5.2171488                   1.4106301e-18
               5.2182817                   1.4106301e-18
               5.2194147                   1.4106301e-18
               5.2205477                   1.4106301e-18
               5.2216806                   1.4106301e-18
               5.2228136                   1.4106301e-18
               5.2239466                   1.4106301e-18
               5.2250795                   1.4106301e-18
               5.2262125                   1.4106301e-18
               5.2273455                   1.4106301e-18
               5.2284784                   1.4106301e-18
               5.2296109                   1.4106301e-18
               5.2307439                   1.4106301e-18
               5.2318769                   1.4106301e-18
               5.2330098                   1.4106301e-18
               5.2341428                   1.4106301e-18
               5.2352757                   1.4106301e-18
               5.2364087                   1.4106301e-18
               5.2375417                   1.4106301e-18
               5.2386746                   1.4106301e-18
               5.2398076                   1.4106301e-18
               5.2409406                   1.4106301e-18
               5.2420735                   1.4106301e-18
               5.2432065                   1.4106301e-18
               5.2443395                   1.4106301e-18
                5.245472                   1.4106301e-18
               5.2466049                   1.4106301e-18
               5.2477379                   1.4106301e-18
               5.2488708                   1.4106301e-18
               5.2500038                   1.4106301e-18
               5.2511368                   1.4106301e-18
               5.2522697                   1.4106301e-18
               5.2534027                   1.4106301e-18
               5.2545357                   1.4106301e-18
               5.2556686                   1.4106301e-18
               5.2568016                   1.4106301e-18
               5.2579346                   1.4106301e-18
               5.2590675                   1.4106301e-18
               5.2602005                   1.4106301e-18
                5.261333                   1.4106301e-18
                5.262466                   1.4106301e-18
               5.2635989                   1.4106301e-18
               5.2647319                   1.4106301e-18
               5.2658648                   1.4106301e-18
               5.2669978                   1.4106301e-18
               5.2681308                   1.4106301e-18
               5.2692637                   1.4106301e-18
               5.2703967                   1.4106301e-18
               5.2715297                   1.4106301e-18
               5.2726626                   1.4106301e-18
               5.2737956                   1.4106301e-18
               5.2749286                   1.4106301e-18
               5.2760615                   1.4106301e-18
                5.277194                   1.4106301e-18
                5.278327                   1.4106301e-18
                 5.27946                   1.4106301e-18
               5.2805929                   1.4106301e-18
               5.2817259                   1.4106301e-18
               5.2828588                   1.4106301e-18
               5.2839918                   1.4106301e-18
               5.2851248                   1.4106301e-18
               5.2862577                   1.4106301e-18
               5.2873907                   1.4106301e-18
               5.2885237                   1.4106301e-18
               5.2896566                   1.4106301e-18
               5.2907896                   1.4106301e-18
               5.2919226                   1.4106301e-18
               5.2930551                   1.4106301e-18
                5.294188                   1.4106301e-18
                5.295321                   1.4106301e-18
                5.296454                   1.4106301e-18
               5.2975869                   1.4106301e-18
               5.2987199                   1.4106301e-18
               5.2998528                   1.4106301e-18
               5.3009858                   1.4106301e-18
               5.3021188                   1.4106301e-18
               5.3032517                   1.4106301e-18
               5.3043847                   1.4106301e-18
               5.3055177                   1.4106301e-18
               5.3066506                   1.4106301e-18
               5.3077836                   1.4106301e-18
               5.3089166                   1.4106301e-18
               5.3100491                   1.4106301e-18
                5.311182                   1.4106301e-18
                5.312315                   1.4106301e-18
                5.313448                   1.4106301e-18
               5.3145809                   1.4106301e-18
               5.3157139                   1.4106301e-18
               5.3168468                   1.4106301e-18
               5.3179798                   1.4106301e-18
               5.3191128                   1.4106301e-18
               5.3202457                   1.4106301e-18
               5.3213787                   1.4106301e-18
               5.3225117                   1.4106301e-18
               5.3236446                   1.4106301e-18
               5.3247776                   1.4106301e-18
               5.3259101                   1.4106301e-18
               5.3270431                   1.4106301e-18
                5.328176                   1.4106301e-18
                5.329309                   1.4106301e-18
                5.330442                   1.4106301e-18
               5.3315749                   1.4106301e-18
               5.3327079                   1.4106301e-18
               5.3338408                   1.4106301e-18
               5.3349738                   1.4106301e-18
               5.3361068                   1.4106301e-18
               5.3372397                   1.4106301e-18
               5.3383727                   1.4106301e-18
               5.3395057                   1.4106301e-18
               5.3406386                   1.4106301e-18
               5.3417711                   1.4106301e-18
               5.3429041                   1.4106301e-18
               5.3440371                   1.4106301e-18
                 5.34517                   1.4106301e-18
                5.346303                   1.4106301e-18
                5.347436                   1.4106301e-18
               5.3485689                   1.4106301e-18
               5.3497019                   1.4106301e-18
               5.3508348                   1.4106301e-18
               5.3519678                   1.4106301e-18
               5.3531008                   1.4106301e-18
               5.3542337                   1.4106301e-18
               5.3553667                   1.4106301e-18
               5.3564997                   1.4106301e-18
               5.3576322                   1.4106301e-18
               5.3587651                   1.4106301e-18
               5.3598981                   1.4106301e-18
               5.3610311                   1.4106301e-18
                5.362164                   1.4106301e-18
                5.363297                   1.4106301e-18
                 5.36443                   1.4106301e-18
               5.3655629                   1.4106301e-18
               5.3666959                   1.4106301e-18
               5.3678288                   1.4106301e-18
               5.3689618                   1.4106301e-18
               5.3700948                   1.4106301e-18
               5.3712277                   1.4106301e-18
               5.3723607                   1.4106301e-18
               5.3734932                   1.4106301e-18
               5.3746262                   1.4106301e-18
               5.3757591                   1.4106301e-18
               5.3768921                   1.4106301e-18
               5.3780251                   1.4106301e-18
                5.379158                   1.4106301e-18
                5.380291                   1.4106301e-18
                5.381424                   1.4106301e-18
               5.3825569                   1.4106301e-18
               5.3836899                   1.4106301e-18
               5.3848228                   1.4106301e-18
               5.3859558                   1.4106301e-18
               5.3870888                   1.4106301e-18
               5.3882217                   1.4106301e-18
               5.3893542                   1.4106301e-18
               5.3904872                   1.4106301e-18
               5.3916202                   1.4106301e-18
               5.3927531                   1.4106301e-18
               5.3938861                   1.4106301e-18
               5.3950191                   1.4106301e-18
                5.396152                   1.4106301e-18
                5.397285                   1.4106301e-18
               5.3984179                   1.4106301e-18
               5.3995509                   1.4106301e-18
               5.4006839                   1.4106301e-18
               5.4018168                   1.4106301e-18
               5.4029498                   1.4106301e-18
               5.4040828                   1.4106301e-18
               5.4052153                   1.4106301e-18
               5.4063482                   1.4106301e-18
               5.4074812                   1.4106301e-18
               5.4086142                   1.4106301e-18
               5.4097471                   1.4106301e-18
               5.4108801                   1.4106301e-18
               5.4120131                   1.4106301e-18
                5.413146                   1.4106301e-18
                5.414279                   1.4106301e-18
               5.4154119                   1.4106301e-18
               5.4165449                   1.4106301e-18
               5.4176779                   1.4106301e-18
               5.4188108                   1.4106301e-18
               5.4199438                   1.4106301e-18
               5.4210763                   1.4106301e-18
               5.4222093                   1.4106301e-18
               5.4233422                   1.4106301e-18
               5.4244752                   1.4106301e-18
               5.4256082                   1.4106301e-18
               5.4267411                   1.4106301e-18
               5.4278741                   1.4106301e-18
               5.4290071                   1.4106301e-18
                 5.43014                   1.4106301e-18
                5.431273                   1.4106301e-18
               5.4324059                   1.4106301e-18
               5.4335389                   1.4106301e-18
               5.4346719                   1.4106301e-18
               5.4358048                   1.4106301e-18
               5.4369378                   1.4106301e-18
               5.4380703                   1.4106301e-18
               5.4392033                   1.4106301e-18
               5.4403362                   1.4106301e-18
               5.4414692                   1.4106301e-18
               5.4426022                   1.4106301e-18
               5.4437351                   1.4106301e-18
               5.4448681                   1.4106301e-18
               5.4460011                   1.4106301e-18
                5.447134                   1.4106301e-18
                5.448267                   1.4106301e-18
               5.4493999                   1.4106301e-18
               5.4505329                   1.4106301e-18
               5.4516659                   1.4106301e-18
               5.4527988                   1.4106301e-18
               5.4539313                   1.4106301e-18
               5.4550643                   1.4106301e-18
               5.4561973                   1.4106301e-18
               5.4573302                   1.4106301e-18
               5.4584632                   1.4106301e-18
               5.4595962                   1.4106301e-18
               5.4607291                   1.4106301e-18
               5.4618621                   1.4106301e-18
               5.4629951                   1.4106301e-18
                5.464128                   1.4106301e-18
                5.465261                   1.4106301e-18
               5.4663939                   1.4106301e-18
               5.4675269                   1.4106301e-18
               5.4686599                   1.4106301e-18
               5.4697924                   1.4106301e-18
               5.4709253                   1.4106301e-18
               5.4720583                   1.4106301e-18
               5.4731913                   1.4106301e-18
               5.4743242                   1.4106301e-18
               5.4754572                   1.4106301e-18
               5.4765902                   1.4106301e-18
               5.4777231                   1.4106301e-18
               5.4788561                   1.4106301e-18
               5.4799891                   1.4106301e-18
                5.481122                   1.4106301e-18
                5.482255                   1.4106301e-18
               5.4833879                   1.4106301e-18
               5.4845209                   1.4106301e-18
               5.4856534                   1.4106301e-18
               5.4867864                   1.4106301e-18
               5.4879193                   1.4106301e-18
               5.4890523                   1.4106301e-18
               5.4901853                   1.4106301e-18
               5.4913182                   1.4106301e-18
               5.4924512                   1.4106301e-18
               5.4935842                   1.4106301e-18
               5.4947171                   1.4106301e-18
               5.4958501                   1.4106301e-18
               5.4969831                   1.4106301e-18
                5.498116                   1.4106301e-18
                5.499249                   1.4106301e-18
               5.5003819                   1.4106301e-18
               5.5015144                   1.4106301e-18
               5.5026474                   1.4106301e-18
               5.5037804                   1.4106301e-18
               5.5049133                   1.4106301e-18
               5.5060463                   1.4106301e-18
               5.5071793                   1.4106301e-18
               5.5083122                   1.4106301e-18
               5.5094452                   1.4106301e-18
               5.5105782                   1.4106301e-18
               5.5117111                   1.4106301e-18
               5.5128441                   1.4106301e-18
               5.5139771                   1.4106301e-18
                 5.51511                   1.4106301e-18
                5.516243                   1.4106301e-18
               5.5173755                   1.4106301e-18
               5.5185084                   1.4106301e-18
               5.5196414                   1.4106301e-18
               5.5207744                   1.4106301e-18
               5.5219073                   1.4106301e-18
               5.5230403                   1.4106301e-18
               5.5241733                   1.4106301e-18
               5.5253062                   1.4106301e-18
               5.5264392                   1.4106301e-18
               5.5275722                   1.4106301e-18
               5.5287051                   1.4106301e-18
               5.5298381                   1.4106301e-18
               5.5309711                   1.4106301e-18
                5.532104                   1.4106301e-18
               5.5332365                   1.4106301e-18
               5.5343695                   1.4106301e-18
               5.5355024                   1.4106301e-18
               5.5366354                   1.4106301e-18
               5.5377684                   1.4106301e-18
               5.5389013                   1.4106301e-18
               5.5400343                   1.4106301e-18
               5.5411673                   1.4106301e-18
               5.5423002                   1.4106301e-18
               5.5434332                   1.4106301e-18
               5.5445662                   1.4106301e-18
               5.5456991                   1.4106301e-18
               5.5468321                   1.4106301e-18
                5.547965                   1.4106301e-18
                5.549098                   1.4106301e-18
               5.5502305                   1.4106301e-18
               5.5513635                   1.4106301e-18
               5.5524964                   1.4106301e-18
               5.5536294                   1.4106301e-18
               5.5547624                   1.4106301e-18
               5.5558953                   1.4106301e-18
               5.5570283                   1.4106301e-18
               5.5581613                   1.4106301e-18
               5.5592942                   1.4106301e-18
               5.5604272                   1.4106301e-18
               5.5615602                   1.4106301e-18
               5.5626931                   1.4106301e-18
               5.5638261                   1.4106301e-18
                5.564959                   1.4106301e-18
               5.5660915                   1.4106301e-18
               5.5672245                   1.4106301e-18
               5.5683575                   1.4106301e-18
               5.5694904                   1.4106301e-18
               5.5706234                   1.4106301e-18
               5.5717564                   1.4106301e-18
               5.5728893                   1.4106301e-18
               5.5740223                   1.4106301e-18
               5.5751553                   1.4106301e-18
               5.5762882                   1.4106301e-18
               5.5774212                   1.4106301e-18
               5.5785542                   1.4106301e-18
               5.5796871                   1.4106301e-18
               5.5808201                   1.4106301e-18
               5.5819526                   1.4106301e-18
               5.5830855                   1.4106301e-18
               5.5842185                   1.4106301e-18
               5.5853515                   1.4106301e-18
               5.5864844                   1.4106301e-18
               5.5876174                   1.4106301e-18
               5.5887504                   1.4106301e-18
               5.5898833                   1.4106301e-18
               5.5910163                   1.4106301e-18
               5.5921493                   1.4106301e-18
               5.5932822                   1.4106301e-18
               5.5944152                   1.4106301e-18
               5.5955482                   1.4106301e-18
               5.5966811                   1.4106301e-18
               5.5978136                   1.4106301e-18
               5.5989466                   1.4106301e-18
               5.6000795                   1.4106301e-18
               5.6012125                   1.4106301e-18
               5.6023455                   1.4106301e-18
               5.6034784                   1.4106301e-18
               5.6046114                   1.4106301e-18
               5.6057444                   1.4106301e-18
               5.6068773                   1.4106301e-18
               5.6080103                   1.4106301e-18
               5.6091433                   1.4106301e-18
               5.6102762                   1.4106301e-18
               5.6114092                   1.4106301e-18
               5.6125422                   1.4106301e-18
               5.6136746                   1.4106301e-18
               5.6148076                   1.4106301e-18
               5.6159406                   1.4106301e-18
               5.6170735                   1.4106301e-18
               5.6182065                   1.4106301e-18
               5.6193395                   1.4106301e-18
               5.6204724                   1.4106301e-18
               5.6216054                   1.4106301e-18
               5.6227384                   1.4106301e-18
               5.6238713                   1.4106301e-18
               5.6250043                   1.4106301e-18
               5.6261373                   1.4106301e-18
               5.6272702                   1.4106301e-18
               5.6284032                   1.4106301e-18
               5.6295357                   1.4106301e-18
               5.6306686                   1.4106301e-18
               5.6318016                   1.4106301e-18
               5.6329346                   1.4106301e-18
               5.6340675                   1.4106301e-18
               5.6352005                   1.4106301e-18
               5.6363335                   1.4106301e-18
               5.6374664                   1.4106301e-18
               5.6385994                   1.4106301e-18
               5.6397324                   1.4106301e-18
               5.6408653                   1.4106301e-18
               5.6419983                   1.4106301e-18
               5.6431313                   1.4106301e-18
               5.6442642                   1.4106301e-18
               5.6453967                   1.4106301e-18
               5.6465297                   1.4106301e-18
               5.6476626                   1.4106301e-18
               5.6487956                   1.4106301e-18
               5.6499286                   1.4106301e-18
               5.6510615                   1.4106301e-18
               5.6521945                   1.4106301e-18
               5.6533275                   1.4106301e-18
               5.6544604                   1.4106301e-18
               5.6555934                   1.4106301e-18
               5.6567264                   1.4106301e-18
               5.6578593                   1.4106301e-18
               5.6589923                   1.4106301e-18
               5.6601253                   1.4106301e-18
               5.6612577                   1.4106301e-18
               5.6623907                   1.4106301e-18
               5.6635237                   1.4106301e-18
               5.6646566                   1.4106301e-18
               5.6657896                   1.4106301e-18
               5.6669226                   1.4106301e-18
               5.6680555                   1.4106301e-18
               5.6691885                   1.4106301e-18
               5.6703215                   1.4106301e-18
               5.6714544                   1.4106301e-18
               5.6725874                   1.4106301e-18
               5.6737204                   1.4106301e-18
               5.6748533                   1.4106301e-18
               5.6759863                   1.4106301e-18
               5.6771193                   1.4106301e-18
               5.6782517                   1.4106301e-18
               5.6793847                   1.4106301e-18
               5.6805177                   1.4106301e-18
               5.6816506                   1.4106301e-18
               5.6827836                   1.4106301e-18
               5.6839166                   1.4106301e-18
               5.6850495                   1.4106301e-18
               5.6861825                   1.4106301e-18
               5.6873155                   1.4106301e-18
               5.6884484                   1.4106301e-18
               5.6895814                   1.4106301e-18
               5.6907144                   1.4106301e-18
               5.6918473                   1.4106301e-18
               5.6929803                   1.4106301e-18
               5.6941128                   1.4106301e-18
               5.6952457                   1.4106301e-18
               5.6963787                   1.4106301e-18
               5.6975117                   1.4106301e-18
               5.6986446                   1.4106301e-18
               5.6997776                   1.4106301e-18
               5.7009106                   1.4106301e-18
               5.7020435                   1.4106301e-18
               5.7031765                   1.4106301e-18
               5.7043095                   1.4106301e-18
               5.7054424                   1.4106301e-18
               5.7065754                   1.4106301e-18
               5.7077084                   1.4106301e-18
               5.7088413                   1.4106301e-18
               5.7099738                   1.4106301e-18
               5.7111068                   1.4106301e-18
               5.7122397                   1.4106301e-18
               5.7133727                   1.4106301e-18
               5.7145057                   1.4106301e-18
               5.7156386                   1.4106301e-18
               5.7167716                   1.4106301e-18
               5.7179046                   1.4106301e-18
               5.7190375                   1.4106301e-18
               5.7201705                   1.4106301e-18
               5.7213035                   1.4106301e-18
               5.7224364                   1.4106301e-18
               5.7235694                   1.4106301e-18
               5.7247024                   1.4106301e-18
               5.7258348                   1.4106301e-18
               5.7269678                   1.4106301e-18
               5.7281008                   1.4106301e-18
               5.7292337                   1.4106301e-18
               5.7303667                   1.4106301e-18
               5.7314997                   1.4106301e-18
               5.7326326                   1.4106301e-18
               5.7337656                   1.4106301e-18
               5.7348986                   1.4106301e-18
               5.7360315                   1.4106301e-18
               5.7371645                   1.4106301e-18
               5.7382975                   1.4106301e-18
               5.7394304                   1.4106301e-18
               5.7405634                   1.4106301e-18
               5.7416959                   1.4106301e-18
               5.7428288                   1.4106301e-18
               5.7439618                   1.4106301e-18
               5.7450948                   1.4106301e-18
               5.7462277                   1.4106301e-18
               5.7473607                   1.4106301e-18
               5.7484937                   1.4106301e-18
               5.7496266                   1.4106301e-18
               5.7507596                   1.4106301e-18
               5.7518926                   1.4106301e-18
               5.7530255                   1.4106301e-18
               5.7541585                   1.4106301e-18
               5.7552915                   1.4106301e-18
               5.7564244                   1.4106301e-18
               5.7575569                   1.4106301e-18
               5.7586899                   1.4106301e-18
               5.7598228                   1.4106301e-18
               5.7609558                   1.4106301e-18
               5.7620888                   1.4106301e-18
               5.7632217                   1.4106301e-18
               5.7643547                   1.4106301e-18
               5.7654877                   1.4106301e-18
               5.7666206                   1.4106301e-18
               5.7677536                   1.4106301e-18
               5.7688866                   1.4106301e-18
               5.7700195                   1.4106301e-18
               5.7711525                   1.4106301e-18
               5.7722855                   1.4106301e-18
               5.7734179                   1.4106301e-18
               5.7745509                   1.4106301e-18
               5.7756839                   1.4106301e-18
               5.7768168                   1.4106301e-18
               5.7779498                   1.4106301e-18
               5.7790828                   1.4106301e-18
               5.7802157                   1.4106301e-18
               5.7813487                   1.4106301e-18
               5.7824817                   1.4106301e-18
               5.7836146                   1.4106301e-18
               5.7847476                   1.4106301e-18
               5.7858806                   1.4106301e-18
               5.7870135                   1.4106301e-18
               5.7881465                   1.4106301e-18
               5.7892795                   1.4106301e-18
               5.7904119                   1.4106301e-18
               5.7915449                   1.4106301e-18
               5.7926779                   1.4106301e-18
               5.7938108                   1.4106301e-18
               5.7949438                   1.4106301e-18
               5.7960768                   1.4106301e-18
               5.7972097                   1.4106301e-18
               5.7983427                   1.4106301e-18
               5.7994757                   1.4106301e-18
               5.8006086                   1.4106301e-18
               5.8017416                   1.4106301e-18
               5.8028746                   1.4106301e-18
               5.8040075                   1.4106301e-18
               5.8051405                   1.4106301e-18
                5.806273                   1.4106301e-18
               5.8074059                   1.4106301e-18
               5.8085389                   1.4106301e-18
               5.8096719                   1.4106301e-18
               5.8108048                   1.4106301e-18
               5.8119378                   1.4106301e-18
               5.8130708                   1.4106301e-18
               5.8142037                   1.4106301e-18
               5.8153367                   1.4106301e-18
               5.8164697                   1.4106301e-18
               5.8176026                   1.4106301e-18
               5.8187356                   1.4106301e-18
               5.8198686                   1.4106301e-18
               5.8210015                   1.4106301e-18
                5.822134                   1.4106301e-18
                5.823267                   1.4106301e-18
               5.8243999                   1.4106301e-18
               5.8255329                   1.4106301e-18
               5.8266659                   1.4106301e-18
               5.8277988                   1.4106301e-18
               5.8289318                   1.4106301e-18
               5.8300648                   1.4106301e-18
               5.8311977                   1.4106301e-18
               5.8323307                   1.4106301e-18
               5.8334637                   1.4106301e-18
               5.8345966                   1.4106301e-18
               5.8357296                   1.4106301e-18
               5.8368626                   1.4106301e-18
               5.8379951                   1.4106301e-18
                5.839128                   1.4106301e-18
                5.840261                   1.4106301e-18
               5.8413939                   1.4106301e-18
               5.8425269                   1.4106301e-18
               5.8436599                   1.4106301e-18
               5.8447928                   1.4106301e-18
               5.8459258                   1.4106301e-18
               5.8470588                   1.4106301e-18
               5.8481917                   1.4106301e-18
               5.8493247                   1.4106301e-18
               5.8504577                   1.4106301e-18
               5.8515906                   1.4106301e-18
               5.8527236                   1.4106301e-18
               5.8538561                   1.4106301e-18
               5.8549891                   1.4106301e-18
                5.856122                   1.4106301e-18
                5.857255                   1.4106301e-18
               5.8583879                   1.4106301e-18
               5.8595209                   1.4106301e-18
               5.8606539                   1.4106301e-18
               5.8617868                   1.4106301e-18
               5.8629198                   1.4106301e-18
               5.8640528                   1.4106301e-18
               5.8651857                   1.4106301e-18
               5.8663187                   1.4106301e-18
               5.8674517                   1.4106301e-18
               5.8685846                   1.4106301e-18
               5.8697171                   1.4106301e-18
               5.8708501                   1.4106301e-18
               5.8719831                   1.4106301e-18
                5.873116                   1.4106301e-18
                5.874249                   1.4106301e-18
               5.8753819                   1.4106301e-18
               5.8765149                   1.4106301e-18
               5.8776479                   1.4106301e-18
               5.8787808                   1.4106301e-18
               5.8799138                   1.4106301e-18
               5.8810468                   1.4106301e-18
               5.8821797                   1.4106301e-18
               5.8833127                   1.4106301e-18
               5.8844457                   1.4106301e-18
               5.8855782                   1.4106301e-18
               5.8867111                   1.4106301e-18
               5.8878441                   1.4106301e-18
               5.8889771                   1.4106301e-18
                 5.89011                   1.4106301e-18
                5.891243                   1.4106301e-18
               5.8923759                   1.4106301e-18
               5.8935089                   1.4106301e-18
               5.8946419                   1.4106301e-18
               5.8957748                   1.4106301e-18
               5.8969078                   1.4106301e-18
               5.8980408                   1.4106301e-18
               5.8991737                   1.4106301e-18
               5.9003067                   1.4106301e-18
               5.9014397                   1.4106301e-18
               5.9025722                   1.4106301e-18
               5.9037051                   1.4106301e-18
               5.9048381                   1.4106301e-18
               5.9059711                   1.4106301e-18
                5.907104                   1.4106301e-18
                5.908237                   1.4106301e-18
               5.9093699                   1.4106301e-18
               5.9105029                   1.4106301e-18
               5.9116359                   1.4106301e-18
               5.9127688                   1.4106301e-18
               5.9139018                   1.4106301e-18
               5.9150348                   1.4106301e-18
               5.9161677                   1.4106301e-18
               5.9173007                   1.4106301e-18
               5.9184332                   1.4106301e-18
               5.9195662                   1.4106301e-18
               5.9206991                   1.4106301e-18
               5.9218321                   1.4106301e-18
                5.922965                   1.4106301e-18
                5.924098                   1.4106301e-18
                5.925231                   1.4106301e-18
               5.9263639                   1.4106301e-18
               5.9274969                   1.4106301e-18
               5.9286299                   1.4106301e-18
               5.9297628                   1.4106301e-18
               5.9308958                   1.4106301e-18
               5.9320288                   1.4106301e-18
               5.9331617                   1.4106301e-18
               5.9342942                   1.4106301e-18
               5.9354272                   1.4106301e-18
               5.9365602                   1.4106301e-18
               5.9376931                   1.4106301e-18
               5.9388261                   1.4106301e-18
                5.939959                   1.4106301e-18
                5.941092                   1.4106301e-18
                5.942225                   1.4106301e-18
               5.9433579                   1.4106301e-18
               5.9444909                   1.4106301e-18
               5.9456239                   1.4106301e-18
               5.9467568                   1.4106301e-18
               5.9478898                   1.4106301e-18
               5.9490228                   1.4106301e-18
               5.9501553                   1.4106301e-18
               5.9512882                   1.4106301e-18
               5.9524212                   1.4106301e-18
               5.9535542                   1.4106301e-18
               5.9546871                   1.4106301e-18
               5.9558201                   1.4106301e-18
                5.956953                   1.4106301e-18
                5.958086                   1.4106301e-18
                5.959219                   1.4106301e-18
               5.9603519                   1.4106301e-18
               5.9614849                   1.4106301e-18
               5.9626179                   1.4106301e-18
               5.9637508                   1.4106301e-18
               5.9648838                   1.4106301e-18
               5.9660163                   1.4106301e-18
               5.9671493                   1.4106301e-18
               5.9682822                   1.4106301e-18
               5.9694152                   1.4106301e-18
               5.9705482                   1.4106301e-18
               5.9716811                   1.4106301e-18
               5.9728141                   1.4106301e-18
                5.973947                   1.4106301e-18
                 5.97508                   1.4106301e-18
                5.976213                   1.4106301e-18
               5.9773459                   1.4106301e-18
               5.9784789                   1.4106301e-18
               5.9796119                   1.4106301e-18
               5.9807448                   1.4106301e-18
               5.9818773                   1.4106301e-18
               5.9830103                   1.4106301e-18
               5.9841433                   1.4106301e-18
               5.9852762                   1.4106301e-18
               5.9864092                   1.4106301e-18
               5.9875422                   1.4106301e-18
               5.9886751                   1.4106301e-18
               5.9898081                   1.4106301e-18
                5.990941                   1.4106301e-18
                5.992074                   1.4106301e-18
                5.993207                   1.4106301e-18
               5.9943399                   1.4106301e-18
               5.9954729                   1.4106301e-18
               5.9966059                   1.4106301e-18
               5.9977384                   1.4106301e-18

