        Time / ns                o1,1/real
----------------------------------------------------------------------
                       0                               0
            0.0011329313                   4.3749741e-22
            0.0022658627                   5.0529556e-21
             0.003398794                   1.6299282e-20
            0.0045317253                   3.0622885e-20
            0.0056646564                   4.0568029e-20
             0.006797588                   4.0301002e-20
            0.0079305191                    2.924245e-20
            0.0090634506                   1.1531949e-20
             0.010196382                  -6.1225098e-21
             0.011329313                  -1.6886231e-20
             0.012462244                  -1.6228683e-20
             0.013595176                  -3.7455691e-21
             0.014728107                   1.6147031e-20
             0.015861038                   3.5865446e-20
              0.01699397                   4.7982027e-20
             0.018126901                   4.8261022e-20
             0.019259833                   3.7223166e-20
             0.020392764                   1.9646674e-20
             0.021525694                    2.703061e-21
             0.022658626                  -6.4645603e-21
             0.023791557                  -3.3356036e-21
             0.024924489                   1.2138059e-20
              0.02605742                   3.5208694e-20
             0.027190352                   5.7924285e-20
             0.028323283                   7.2218083e-20
             0.029456215                   7.3086726e-20
             0.030589145                   6.0579496e-20
             0.031722076                   3.9835642e-20
             0.032855008                   1.9182528e-20
             0.033987939                   7.0697915e-21
             0.035120871                   8.9015588e-21
             0.036253802                   2.4930766e-20
             0.037386734                   5.0054841e-20
             0.038519666                   7.5645557e-20
             0.039652597                   9.2755426e-20
             0.040785529                   9.5436868e-20
              0.04191846                   8.2922375e-20
             0.043051388                   5.9894429e-20
              0.04418432                   3.4809634e-20
             0.045317251                   1.6885837e-20
             0.046450183                   1.2779402e-20
             0.047583114                   2.4168235e-20
             0.048716046                   4.7142513e-20
             0.049848977                   7.3653099e-20
             0.050981909                   9.4477513e-20
             0.052114841                   1.0255094e-19
             0.053247772                   9.5458581e-20
             0.054380704                   7.6206373e-20
             0.055513635                   5.2059853e-20
             0.056646567                   3.1929999e-20
             0.057779498                   2.3179769e-20
              0.05891243                   2.8999437e-20
             0.060045358                   4.7335562e-20
             0.061178289                    7.173647e-20
             0.062311221                   9.3776393e-20
             0.063444152                   1.0609984e-19
             0.064577088                   1.0496654e-19
             0.065710016                   9.1466866e-20
             0.066842951                    7.100784e-20
             0.067975879                   5.1302624e-20
             0.069108807                   3.9592024e-20
             0.070241742                   4.0070293e-20
              0.07137467                   5.2487499e-20
             0.072507605                   7.2377709e-20
             0.073640533                   9.2777237e-20
             0.074773468                   1.0676968e-19
             0.075906396                   1.0989467e-19
             0.077039331                    1.016278e-19
             0.078172259                   8.5427194e-20
             0.079305194                   6.7364646e-20
             0.080438122                   5.3887379e-20
             0.081571057                   4.9510411e-20
             0.082703985                    5.529568e-20
             0.083836921                   6.8635725e-20
             0.084969848                   8.4354793e-20
             0.086102776                   9.6698861e-20
             0.087235712                   1.0144026e-19
             0.088368639                   9.7345574e-20
             0.089501575                   8.6514982e-20
             0.090634502                    7.349722e-20
             0.091767438                   6.3563861e-20
             0.092900366                   6.0791093e-20
             0.094033301                   6.6647616e-20
             0.095166229                   7.9578071e-20
             0.096299164                   9.5661344e-20
             0.097432092                   1.1007195e-19
             0.098565027                    1.187865e-19
             0.099697955                   1.1991029e-19
              0.10083089                   1.1417683e-19
              0.10196382                   1.0447131e-19
              0.10309675                   9.4619096e-20
              0.10422968                    8.794318e-20
              0.10536261                   8.6129697e-20
              0.10649554                   8.8801044e-20
              0.10762847                   9.3891352e-20
              0.10876141                   9.8627239e-20
              0.10989434                   1.0071303e-19
              0.11102727                    9.925081e-20
               0.1121602                   9.5058691e-20
              0.11329313                   9.0286512e-20
              0.11442606                    8.750332e-20
                0.115559                   8.8640422e-20
              0.11669192                   9.4199425e-20
              0.11782486                   1.0301985e-19
              0.11895779                   1.1268159e-19
              0.12009072                   1.2037476e-19
              0.12122365                   1.2390762e-19
              0.12235658                   1.2247446e-19
              0.12348951                   1.1690058e-19
              0.12462244                   1.0929239e-19
              0.12575537                   1.0224638e-19
               0.1268883                   9.7939277e-20
              0.12802124                   9.7445081e-20
              0.12915418                    1.005025e-19
               0.1302871                   1.0577283e-19
              0.13142003                   1.1144323e-19
              0.13255297                   1.1592396e-19
               0.1336859                   1.1837751e-19
              0.13481882                   1.1889178e-19
              0.13595176                    1.182657e-19
              0.13708469                   1.1753046e-19
              0.13821761                   1.1743409e-19
              0.13935055                   1.1812259e-19
              0.14048348                   1.1914313e-19
              0.14161642                   1.1974751e-19
              0.14274934                   1.1933873e-19
              0.14388227                   1.1784382e-19
              0.14501521                     1.15841e-19
              0.14614815                   1.1437406e-19
              0.14728107                   1.1452529e-19
                0.148414                   1.1692508e-19
              0.14954694                   1.2140672e-19
              0.15067987                   1.2696868e-19
              0.15181279                   1.3208359e-19
              0.15294573                   1.3525022e-19
              0.15407866                   1.3558241e-19
              0.15521158                   1.3320347e-19
              0.15634452                   1.2928582e-19
              0.15747745                   1.2570346e-19
              0.15861039                   1.2440225e-19
              0.15974331                     1.26708e-19
              0.16087624                   1.3283544e-19
              0.16200918                   1.4180518e-19
              0.16314211                   1.5181888e-19
              0.16427504                    1.609531e-19
              0.16540797                   1.6791393e-19
              0.16654091                    1.725768e-19
              0.16767384                   1.7612845e-19
              0.16880676                   1.8077544e-19
               0.1699397                    1.891201e-19
              0.17107263                   2.0342676e-19
              0.17220555                   2.2505643e-19
              0.17333849                   2.5427935e-19
              0.17447142                   2.9055466e-19
              0.17560436                   3.3320099e-19
              0.17673728                   3.8220661e-19
              0.17787021                   4.3890772e-19
              0.17900315                   5.0634745e-19
              0.18013608                   5.8919987e-19
                0.181269                    6.933522e-19
              0.18240194                   8.2539783e-19
              0.18353488                   9.9222475e-19
              0.18466781                   1.2009462e-18
              0.18580073                   1.4593759e-18
              0.18693367                   1.7768528e-18
               0.1880666                   2.1652817e-18
              0.18919952                   2.6403359e-18
              0.19033246                   3.2223745e-18
              0.19146539                   3.9371101e-18
              0.19259833                   4.8164146e-18
              0.19373125                   5.8989033e-18
              0.19486418                   7.2307646e-18
              0.19599712                   8.8676103e-18
              0.19713005                    1.087654e-17
              0.19826297                   1.3338866e-17
              0.19939591                   1.6354343e-17
              0.20052885                   2.0045139e-17
              0.20166178                   2.4560279e-17
               0.2027947                   3.0082253e-17
              0.20392764                    3.683295e-17
              0.20506057                   4.5080817e-17
              0.20619349                    5.515232e-17
              0.20732643                   6.7442722e-17
              0.20845936                   8.2429534e-17
               0.2095923                   1.0069358e-16
              0.21072522                   1.2293826e-16
              0.21185815                   1.5001319e-16
              0.21299109                   1.8295041e-16
              0.21412402                   2.2299678e-16
              0.21525694                   2.7165456e-16
              0.21638988                   3.3074352e-16
              0.21752281                    4.024568e-16
              0.21865575                   4.8943194e-16
              0.21978867                    5.948588e-16
              0.22092161                   7.2257474e-16
              0.22205454                   8.7718827e-16
              0.22318746                   1.0642646e-15
               0.2243204                    1.290486e-15
              0.22545333                   1.5638628e-15
              0.22658627                   1.8940487e-15
              0.22771919                    2.292609e-15
              0.22885212                   2.7733813e-15
              0.22998506                   3.3530091e-15
              0.23111799                   4.0513971e-15
              0.23225091                     4.89232e-15
              0.23338385                   5.9043215e-15
              0.23451678                   7.1214744e-15
              0.23564972                   8.5843994e-15
              0.23678264                    1.034178e-14
              0.23791558                   1.2451599e-14
              0.23904851                   1.4982866e-14
              0.24018143                   1.8018126e-14
              0.24131437                   2.1655492e-14
               0.2424473                   2.6011543e-14
              0.24358024                    3.122547e-14
              0.24471316                   3.7462394e-14
              0.24584609                   4.4918164e-14
              0.24697903                   5.3826182e-14
              0.24811196                   6.4462731e-14
              0.24924488                    7.715493e-14
              0.25037783                    9.229189e-14
              0.25151074                   1.1033335e-13
              0.25264367                   1.3182272e-13
              0.25377661                   1.5740523e-13
              0.25490955                   1.8784148e-13
              0.25604248                    2.240289e-13
              0.25717542                   2.6703103e-13
              0.25830835                   3.1809936e-13
              0.25944126                   3.7870751e-13
              0.26057419                    4.505986e-13
              0.26170713                   5.3581982e-13
              0.26284006                   6.3677812e-13
                0.263973                   7.5631558e-13
              0.26510593                   8.9776233e-13
              0.26623887                   1.0650259e-12
               0.2673718                   1.2627107e-12
              0.26850471                   1.4962019e-12
              0.26963764                    1.771809e-12
              0.27077058                   2.0969537e-12
              0.27190351                    2.480297e-12
              0.27303645                   2.9319683e-12
              0.27416939                   3.4638605e-12
              0.27530232                   4.0898235e-12
              0.27643523                    4.826025e-12
              0.27756816                   5.6914113e-12
               0.2787011                    6.707997e-12
              0.27983403                   7.9014417e-12
              0.28096697                   9.3017581e-12
               0.2820999                   1.0943756e-11
              0.28323284                    1.286793e-11
              0.28436577                   1.5121557e-11
              0.28549868                   1.7759356e-11
              0.28663161                   2.0844874e-11
              0.28776455                   2.4452143e-11
              0.28889748                   2.8666673e-11
              0.29003042                   3.3587584e-11
              0.29116336                   3.9330143e-11
              0.29229629                   4.6027227e-11
               0.2934292                   5.3832602e-11
              0.29456213                   6.2924665e-11
              0.29569507                   7.3508706e-11
                0.296828                   8.5821808e-11
              0.29796094                   1.0013857e-10
              0.29909387                   1.1677437e-10
              0.30022681                   1.3609294e-10
              0.30135974                   1.5851469e-10
              0.30249265                   1.8452134e-10
              0.30362558                   2.1466733e-10
              0.30475852                   2.4959199e-10
              0.30589145                   2.9002645e-10
              0.30702439                   3.3681052e-10
              0.30815732                   3.9091119e-10
              0.30929026                   4.5343271e-10
              0.31042317                   5.2564142e-10
               0.3115561                   6.0899225e-10
              0.31268904                   7.0514244e-10
              0.31382197                   8.1598905e-10
              0.31495491                   9.4370689e-10
              0.31608784                   1.0907681e-09
              0.31722078                   1.2599989e-09
              0.31835371                   1.4546316e-09
              0.31948662                   1.6783347e-09
              0.32061955                   1.9352917e-09
              0.32175249                   2.2302782e-09
              0.32288542                   2.5687028e-09
              0.32401836                   2.9567278e-09
              0.32515129                   3.4013738e-09
              0.32628423                   3.9105728e-09
              0.32741714                    4.493339e-09
              0.32855007                     5.15992e-09
              0.32968301                   5.9218732e-09
              0.33081594                   6.7923107e-09
              0.33194888                   7.7861095e-09
              0.33308181                   8.9200203e-09
              0.33421475                   1.0213025e-08
              0.33534768                   1.1686604e-08
              0.33648059                   1.3364883e-08
              0.33761352                   1.5275141e-08
              0.33874646                   1.7448187e-08
              0.33987939                   1.9918565e-08
              0.34101233                    2.272526e-08
              0.34214526                   2.5912222e-08
               0.3432782                   2.9528623e-08
               0.3444111                   3.3629863e-08
              0.34554404                   3.8278248e-08
              0.34667698                   4.3543366e-08
              0.34780991                   4.9503441e-08
              0.34894285                   5.6246265e-08
              0.35007578                   6.3869685e-08
              0.35120872                   7.2483523e-08
              0.35234165                   8.2210818e-08
              0.35347456                   9.3188312e-08
              0.35460749                   1.0556921e-07
              0.35574043                   1.1952487e-07
              0.35687336                    1.352454e-07
               0.3580063                   1.5294333e-07
              0.35913923                   1.7285575e-07
              0.36027217                   1.9524511e-07
              0.36140507                   2.2040443e-07
              0.36253801                   2.4865975e-07
              0.36367095                   2.8037135e-07
              0.36480388                   3.1594084e-07
              0.36593682                   3.5581411e-07
              0.36706975                   4.0048258e-07
              0.36820269                   4.5049313e-07
              0.36933562                   5.0645167e-07
              0.37046853                   5.6902479e-07
              0.37160146                   6.3895197e-07
               0.3727344                   7.1705159e-07
              0.37386733                   8.0422194e-07
              0.37500027                   9.0145824e-07
               0.3761332                   1.0098582e-06
              0.37726614                    1.130625e-06
              0.37839904                   1.2650894e-06
              0.37953198                   1.4147167e-06
              0.38066491                   1.5811081e-06
              0.38179785                   1.7660309e-06
              0.38293079                   1.9714259e-06
              0.38406372                   2.1994103e-06
              0.38519666                   2.4523151e-06
              0.38632959                    2.732696e-06
               0.3874625                   3.0433348e-06
              0.38859543                   3.3872914e-06
              0.38972837                   3.7679131e-06
               0.3908613                   4.1888343e-06
              0.39199424                   4.6540417e-06
              0.39312717                   5.1678858e-06
              0.39426011                   5.7350799e-06
              0.39539301                   6.3607872e-06
              0.39652595                   7.0506239e-06
              0.39765888                   7.8106677e-06
              0.39879182                   8.6475575e-06
              0.39992476                   9.5685036e-06
              0.40105769                   1.0581294e-05
              0.40219063                   1.1694415e-05
              0.40332356                   1.2917062e-05
              0.40445647                   1.4259147e-05
               0.4055894                   1.5731446e-05
              0.40672234                   1.7345605e-05
              0.40785527                   1.9114126e-05
              0.40898821                    2.105058e-05
              0.41012114                   2.3169618e-05
              0.41125408                    2.548695e-05
              0.41238698                   2.8019609e-05
              0.41351992                    3.078589e-05
              0.41465285                   3.3805398e-05
              0.41578579                   3.7099322e-05
              0.41691872                   4.0690345e-05
              0.41805166                   4.4602701e-05
               0.4191846                   4.8862526e-05
              0.42031753                   5.3497795e-05
              0.42145044                   5.8538346e-05
              0.42258337                   6.4016291e-05
              0.42371631                   6.9965892e-05
              0.42484924                   7.6423574e-05
              0.42598218                     8.34284e-05
              0.42711511                   9.1021946e-05
              0.42824805                   9.9248296e-05
              0.42938095                   0.00010815462
              0.43051389                   0.00011779106
              0.43164682                   0.00012821071
              0.43277976                   0.00013947027
              0.43391269                   0.00015162972
              0.43504563                   0.00016475249
              0.43617857                   0.00017890616
               0.4373115                   0.00019416201
              0.43844441                   0.00021059511
              0.43957734                   0.00022828524
              0.44071028                   0.00024731626
              0.44184321                    0.0002677764
              0.44297615                   0.00028975931
              0.44410908                    0.0003133631
              0.44524202                   0.00033869065
              0.44637492                   0.00036585081
              0.44750786                   0.00039495734
              0.44864079                   0.00042612921
              0.44977373                   0.00045949177
              0.45090666                   0.00049517583
               0.4520396                   0.00053331797
              0.45317253                   0.00057406147
              0.45430547                   0.00061755523
              0.45543838                   0.00066395389
              0.45657131                   0.00071341987
              0.45770425                   0.00076612114
              0.45883718                    0.0008222317
              0.45997012                   0.00088193419
              0.46110305                   0.00094541721
              0.46223599                     0.001012875
              0.46336889                    0.0010845093
              0.46450183                     0.001160528
              0.46563476                    0.0012411445
               0.4667677                     0.001326581
              0.46790063                    0.0014170649
              0.46903357                    0.0015128291
               0.4701665                    0.0016141158
              0.47129944                    0.0017211719
              0.47243235                    0.0018342505
              0.47356528                    0.0019536098
              0.47469822                    0.0020795108
              0.47583115                    0.0022122201
              0.47696409                    0.0023520114
              0.47809702                    0.0024991618
              0.47922996                    0.0026539527
              0.48036286                    0.0028166713
               0.4814958                    0.0029876067
              0.48262873                    0.0031670474
              0.48376167                    0.0033552849
               0.4848946                    0.0035526103
              0.48602754                    0.0037593143
              0.48716047                    0.0039756885
              0.48829341                    0.0042020264
              0.48942631                    0.0044386205
              0.49055925                    0.0046857637
              0.49169219                    0.0049437447
              0.49282512                    0.0052128425
              0.49395806                    0.0054933303
              0.49509099                    0.0057854722
              0.49622393                    0.0060895267
              0.49735683                    0.0064057447
              0.49848977                    0.0067343693
               0.4996227                    0.0070756339
              0.50075567                    0.0074297641
              0.50188857                    0.0077969776
              0.50302148                    0.0081774723
              0.50415444                    0.0085714357
              0.50528735                     0.008979029
              0.50642031                    0.0094003826
              0.50755322                     0.009835612
              0.50868618                     0.010284809
              0.50981909                     0.010748049
                0.510952                     0.011225392
              0.51208496                     0.011716878
              0.51321787                     0.012222521
              0.51435083                     0.012742311
              0.51548374                      0.01327621
               0.5166167                      0.01382415
              0.51774961                     0.014386022
              0.51888251                     0.014961684
              0.52001548                     0.015550944
              0.52114838                      0.01615358
              0.52228135                     0.016769338
              0.52341425                     0.017397944
              0.52454722                     0.018039098
              0.52568012                     0.018692462
              0.52681309                     0.019357661
                0.527946                     0.020034282
               0.5290789                     0.020721849
              0.53021187                     0.021419838
              0.53134477                     0.022127694
              0.53247774                     0.022844806
              0.53361064                     0.023570528
              0.53474361                     0.024304196
              0.53587651                     0.025045121
              0.53700942                      0.02579258
              0.53814238                     0.026545804
              0.53927529                     0.027303981
              0.54040825                     0.028066237
              0.54154116                      0.02883164
              0.54267412                     0.029599229
              0.54380703                     0.030368011
              0.54493994                     0.031136962
               0.5460729                     0.031905051
              0.54720581                     0.032671232
              0.54833877                     0.033434417
              0.54947168                     0.034193497
              0.55060464                     0.034947321
              0.55173755                     0.035694722
              0.55287045                     0.036434501
              0.55400342                     0.037165418
              0.55513632                      0.03788624
              0.55626929                      0.03859574
              0.55740219                     0.039292678
              0.55853516                     0.039975796
              0.55966806                     0.040643841
              0.56080103                     0.041295543
              0.56193393                     0.041929662
              0.56306684                     0.042544942
              0.56419981                     0.043140128
              0.56533271                     0.043713961
              0.56646568                     0.044265203
              0.56759858                     0.044792622
              0.56873155                      0.04529503
              0.56986445                     0.045771264
              0.57099736                     0.046220202
              0.57213032                     0.046640746
              0.57326323                      0.04703185
              0.57439619                     0.047392506
               0.5755291                     0.047721744
              0.57666206                     0.048018657
              0.57779497                     0.048282363
              0.57892787                     0.048512027
              0.58006084                     0.048706841
              0.58119375                     0.048866075
              0.58232671                     0.048989043
              0.58345962                     0.049075145
              0.58459258                      0.04912385
              0.58572549                     0.049134701
              0.58685839                     0.049107324
              0.58799136                     0.049041402
              0.58912426                     0.048936661
              0.59025723                     0.048792932
              0.59139013                     0.048610102
               0.5925231                     0.048388124
                0.593656                     0.048127022
              0.59478897                     0.047826905
              0.59592187                     0.047487944
              0.59705478                     0.047110416
              0.59818774                      0.04669467
              0.59932065                     0.046241146
              0.60045362                     0.045750387
              0.60158652                     0.045223009
              0.60271949                     0.044659682
              0.60385239                     0.044061147
               0.6049853                     0.043428205
              0.60611826                     0.042761706
              0.60725117                     0.042062543
              0.60838413                     0.041331697
              0.60951704                     0.040570207
                 0.61065                     0.039779179
              0.61178291                     0.038959805
              0.61291581                     0.038113348
              0.61404878                     0.037241116
              0.61518168                     0.036344472
              0.61631465                     0.035424814
              0.61744756                     0.034483567
              0.61858052                     0.033522177
              0.61971343                     0.032542098
              0.62084633                     0.031544816
               0.6219793                     0.030531839
               0.6231122                     0.029504701
              0.62424517                     0.028464962
              0.62537807                     0.027414197
              0.62651104                        0.026354
              0.62764394                     0.025285965
              0.62877691                     0.024211697
              0.62990981                     0.023132795
              0.63104272                      0.02205083
              0.63217568                     0.020967355
              0.63330859                     0.019883903
              0.63444155                     0.018801967
              0.63557446                     0.017723044
              0.63670743                     0.016648594
              0.63784033                     0.015580049
              0.63897324                     0.014518838
               0.6401062                     0.013466349
              0.64123911                     0.012423926
              0.64237207                     0.011392866
              0.64350498                     0.010374393
              0.64463794                    0.0093696704
              0.64577085                    0.0083798133
              0.64690375                    0.0074058827
              0.64803672                    0.0064488826
              0.64916962                    0.0055097751
              0.65030259                    0.0045894613
              0.65143549                    0.0036887908
              0.65256846                    0.0028085702
              0.65370136                     0.001949553
              0.65483427                    0.0011124155
              0.65596724                    0.0002977589
              0.65710014                  -0.00049390376
              0.65823311                   -0.0012621385
              0.65936601                   -0.0020065727
              0.66049898                   -0.0027268783
              0.66163188                   -0.0034227478
              0.66276485                   -0.0040939176
              0.66389775                   -0.0047401674
              0.66503066                   -0.0053613228
              0.66616362                   -0.0059572817
              0.66729653                   -0.0065280097
              0.66842949                   -0.0070735519
               0.6695624                    -0.007594022
              0.67069536                   -0.0080896085
              0.67182827                   -0.0085605467
              0.67296118                   -0.0090071103
              0.67409414                   -0.0094295936
              0.67522705                   -0.0098283077
              0.67636001                    -0.010203572
              0.67749292                    -0.010555721
              0.67862588                    -0.010885116
              0.67975879                    -0.011192154
              0.68089169                     -0.01147729
              0.68202466                    -0.011741017
              0.68315756                    -0.011983874
              0.68429053                    -0.012206426
              0.68542343                    -0.012409256
               0.6865564                    -0.012592968
               0.6876893                    -0.012758164
              0.68882221                    -0.012905434
              0.68995517                    -0.013035364
              0.69108808                    -0.013148528
              0.69222105                    -0.013245489
              0.69335395                    -0.013326813
              0.69448692                    -0.013393065
              0.69561982                    -0.013444834
              0.69675279                    -0.013482723
              0.69788569                    -0.013507342
               0.6990186                    -0.013519304
              0.70015156                    -0.013519208
              0.70128447                     -0.01350762
              0.70241743                    -0.013485072
              0.70355034                    -0.013452058
               0.7046833                    -0.013409041
              0.70581621                    -0.013356464
              0.70694911                    -0.013294775
              0.70808208                    -0.013224425
              0.70921499                    -0.013145879
              0.71034795                    -0.013059605
              0.71148086                    -0.012966053
              0.71261382                    -0.012865641
              0.71374673                    -0.012758738
              0.71487963                    -0.012645651
               0.7160126                    -0.012526624
               0.7171455                    -0.012401857
              0.71827847                    -0.012271526
              0.71941137                    -0.012135804
              0.72054434                    -0.011994879
              0.72167724                    -0.011848958
              0.72281015                    -0.011698255
              0.72394311                    -0.011542976
              0.72507602                    -0.011383285
              0.72620898                    -0.011219296
              0.72734189                    -0.011051068
              0.72847486                    -0.010878611
              0.72960776                    -0.010701907
              0.73074073                    -0.010520929
              0.73187363                    -0.010335664
              0.73300654                    -0.010146115
               0.7341395                   -0.0099522965
              0.73527241                   -0.0097542163
              0.73640537                   -0.0095518548
              0.73753828                   -0.0093451478
              0.73867124                   -0.0091339806
              0.73980415                    -0.008918196
              0.74093705                   -0.0086976085
              0.74207002                   -0.0084720263
              0.74320292                   -0.0082412707
              0.74433589                   -0.0080051944
               0.7454688                   -0.0077636689
              0.74660176                   -0.0075165792
              0.74773467                   -0.0072638039
              0.74886757                   -0.0070051933
              0.75000054                   -0.0067405608
              0.75113344                   -0.0064696851
              0.75226641                     -0.00619232
              0.75339931                   -0.0059082163
              0.75453228                   -0.0056171399
              0.75566518                   -0.0053188815
              0.75679809                   -0.0050132601
              0.75793105                   -0.0047001075
              0.75906396                   -0.0043792585
              0.76019692                   -0.0040505328
              0.76132983                   -0.0037137275
              0.76246279                   -0.0033686205
               0.7635957                   -0.0030149817
              0.76472867                   -0.0026525934
              0.76586157                   -0.0022812646
              0.76699448                    -0.001900841
              0.76812744                   -0.0015112029
              0.76926035                   -0.0011122517
              0.77039331                  -0.00070388988
              0.77152622                  -0.00028600357
              0.77265918                   0.00014154898
              0.77379209                   0.00057893427
              0.77492499                     0.001026329
              0.77605796                    0.0014838993
              0.77719086                    0.0019517783
              0.77832383                     0.002430052
              0.77945673                    0.0029187559
               0.7805897                    0.0034178852
              0.78172261                    0.0039274138
              0.78285551                    0.0044473149
              0.78398848                    0.0049775774
              0.78512138                    0.0055182138
              0.78625435                    0.0060692537
              0.78738725                    0.0066307308
              0.78852022                    0.0072026653
              0.78965312                    0.0077850479
              0.79078603                    0.0083778296
              0.79191899                    0.0089809289
               0.7930519                    0.0095942384
              0.79418486                     0.010217639
              0.79531777                     0.010851014
              0.79645073                     0.011494257
              0.79758364                     0.012147269
               0.7987166                     0.012809946
              0.79984951                     0.013482172
              0.80098242                     0.014163805
              0.80211538                     0.014854668
              0.80324829                     0.015554553
              0.80438125                     0.016263232
              0.80551416                     0.016980471
              0.80664712                     0.017706037
              0.80778003                     0.018439706
              0.80891293                     0.019181274
               0.8100459                     0.019930534
               0.8111788                      0.02068729
              0.81231177                     0.021451332
              0.81344467                     0.022222437
              0.81457764                     0.023000361
              0.81571054                     0.023784846
              0.81684345                     0.024575619
              0.81797642                     0.025372399
              0.81910932                     0.026174894
              0.82024229                     0.026982818
              0.82137519                     0.027795881
              0.82250816                     0.028613802
              0.82364106                     0.029436301
              0.82477397                     0.030263111
              0.82590693                     0.031093974
              0.82703984                     0.031928632
               0.8281728                     0.032766834
              0.82930571                     0.033608325
              0.83043867                      0.03445283
              0.83157158                      0.03530005
              0.83270454                     0.036149655
              0.83383745                     0.037001289
              0.83497036                     0.037854597
              0.83610332                     0.038709212
              0.83723623                     0.039564796
              0.83836919                     0.040421046
               0.8395021                     0.041277673
              0.84063506                     0.042134419
              0.84176797                     0.042991009
              0.84290087                     0.043847144
              0.84403384                     0.044702508
              0.84516674                      0.04555672
              0.84629971                     0.046409365
              0.84743261                     0.047260027
              0.84856558                     0.048108287
              0.84969848                     0.048953749
              0.85083139                     0.049796063
              0.85196435                     0.050634891
              0.85309726                     0.051469892
              0.85423023                     0.052300707
              0.85536313                     0.053126916
               0.8564961                     0.053948045
                0.857629                     0.054763541
              0.85876191                     0.055572823
              0.85989487                     0.056375287
              0.86102778                     0.057170335
              0.86216074                     0.057957411
              0.86329365                     0.058735993
              0.86442661                     0.059505567
              0.86555952                     0.060265649
              0.86669248                     0.061015699
              0.86782539                     0.061755117
              0.86895829                     0.062483244
              0.87009126                     0.063199349
              0.87122416                     0.063902631
              0.87235713                     0.064592272
              0.87349004                     0.065267444
                0.874623                     0.065927334
              0.87575591                     0.066571131
              0.87688881                     0.067198053
              0.87802178                     0.067807265
              0.87915468                     0.068397954
              0.88028765                     0.068969227
              0.88142055                     0.069520168
              0.88255352                     0.070049807
              0.88368642                      0.07055714
              0.88481933                     0.071041137
              0.88595229                     0.071500748
               0.8870852                     0.071934886
              0.88821816                     0.072342485
              0.88935107                      0.07272245
              0.89048404                      0.07307367
              0.89161694                     0.073394999
              0.89274985                     0.073685266
              0.89388281                     0.073943302
              0.89501572                     0.074167922
              0.89614868                     0.074357927
              0.89728159                     0.074512094
              0.89841455                     0.074629195
              0.89954746                     0.074707992
              0.90068042                     0.074747242
              0.90181333                     0.074745707
              0.90294623                     0.074702121
               0.9040792                     0.074615225
               0.9052121                      0.07448379
              0.90634507                     0.074306563
              0.90747797                     0.074082308
              0.90861094                      0.07380978
              0.90974385                     0.073487751
              0.91087675                     0.073114969
              0.91200972                     0.072690189
              0.91314262                     0.072212204
              0.91427559                     0.071679823
              0.91540849                     0.071091898
              0.91654146                     0.070447348
              0.91767436                     0.069745176
              0.91880727                     0.068984427
              0.91994023                     0.068164185
              0.92107314                     0.067283548
               0.9222061                     0.066341646
              0.92333901                     0.065337576
              0.92447197                     0.064270452
              0.92560488                     0.063139424
              0.92673779                     0.061943732
              0.92787075                      0.06068271
              0.92900366                     0.059355833
              0.93013662                     0.057962697
              0.93126953                     0.056502998
              0.93240249                      0.05497653
               0.9335354                     0.053383138
              0.93466836                      0.05172269
              0.93580127                     0.049995106
              0.93693417                     0.048200343
              0.93806714                     0.046338461
              0.93920004                     0.044409666
              0.94033301                     0.042414296
              0.94146591                     0.040352888
              0.94259888                      0.03822612
              0.94373178                       0.0360348
              0.94486469                     0.033779841
              0.94599766                      0.03146223
              0.94713056                     0.029083014
              0.94826353                     0.026643319
              0.94939643                     0.024144398
               0.9505294                     0.021587647
               0.9516623                     0.018974649
              0.95279521                     0.016307177
              0.95392817                     0.013587194
              0.95506108                     0.010816818
              0.95619404                    0.0079982867
              0.95732695                    0.0051339222
              0.95845991                    0.0022261208
              0.95959282                  -0.00072263897
              0.96072572                   -0.0037097684
              0.96185869                    -0.006732529
               0.9629916                   -0.0097879954
              0.96412456                    -0.012873044
              0.96525747                    -0.015984355
              0.96639043                    -0.019118447
              0.96752334                    -0.022271728
               0.9686563                    -0.025440536
              0.96978921                    -0.028621169
              0.97092211                    -0.031809874
              0.97205508                    -0.035002846
              0.97318798                    -0.038196176
              0.97432095                    -0.041385811
              0.97545385                    -0.044567544
              0.97658682                     -0.04773701
              0.97771972                    -0.050889708
              0.97885263                    -0.054021075
              0.97998559                    -0.057126515
               0.9811185                    -0.060201447
              0.98225147                    -0.063241318
              0.98338437                    -0.066241585
              0.98451734                    -0.069197685
              0.98565024                    -0.072105005
              0.98678315                    -0.074958876
              0.98791611                     -0.07775449
              0.98904902                     -0.08048702
              0.99018198                    -0.083151616
              0.99131489                     -0.08574345
              0.99244785                    -0.088257819
              0.99358076                    -0.090690099
              0.99471366                    -0.093035839
              0.99584663                    -0.095290661
              0.99697953                    -0.097450234
               0.9981125                    -0.099510252
              0.99924541                     -0.10146644
               1.0003784                     -0.10331453
               1.0015113                     -0.10505028
               1.0026442                     -0.10666959
               1.0037771                     -0.10816853
               1.0049101                     -0.10954336
                1.006043                     -0.11079058
               1.0071759                     -0.11190689
               1.0083089                     -0.11288916
               1.0094419                     -0.11373438
               1.0105747                     -0.11443968
               1.0117077                      -0.1150023
               1.0128406                     -0.11541958
               1.0139735                     -0.11568905
               1.0151064                     -0.11580846
               1.0162394                      -0.1157758
               1.0173724                     -0.11558936
               1.0185052                     -0.11524773
               1.0196382                      -0.1147497
               1.0207711                     -0.11409431
                1.021904                      -0.1132808
                1.023037                     -0.11230859
               1.0241699                     -0.11117731
               1.0253029                     -0.10988678
               1.0264357                     -0.10843708
               1.0275687                     -0.10682859
               1.0287017                     -0.10506195
               1.0298345                     -0.10313814
               1.0309675                     -0.10105843
               1.0321004                    -0.098824322
               1.0332334                    -0.096437596
               1.0343663                    -0.093900219
               1.0354992                    -0.091214381
               1.0366322                    -0.088382497
                1.037765                    -0.085407227
                1.038898                    -0.082291514
                1.040031                     -0.07903859
               1.0411639                    -0.075651959
               1.0422968                    -0.072135411
               1.0434297                    -0.068492994
               1.0445627                     -0.06472899
               1.0456955                    -0.060847901
               1.0468285                    -0.056854412
               1.0479615                    -0.052753437
               1.0490944                    -0.048550081
               1.0502273                    -0.044249687
               1.0513602                    -0.039857816
               1.0524932                    -0.035380255
               1.0536262                    -0.030823022
                1.054759                     -0.02619233
                1.055892                    -0.021494564
                1.057025                    -0.016736276
               1.0581578                    -0.011924162
               1.0592908                   -0.0070650494
               1.0604237                    -0.002165901
               1.0615567                    0.0027661896
               1.0626895                    0.0077239992
               1.0638225                     0.012700181
               1.0649555                     0.017687272
               1.0660883                     0.022677723
               1.0672213                     0.027663896
               1.0683542                     0.032638099
               1.0694872                     0.037592601
               1.0706201                      0.04251964
                1.071753                     0.047411442
                1.072886                     0.052260231
               1.0740188                     0.057058249
               1.0751518                     0.061797753
               1.0762848                     0.066471033
               1.0774177                     0.071070455
               1.0785506                     0.075588427
               1.0796835                     0.080017433
               1.0808165                     0.084350035
               1.0819494                     0.088578902
               1.0830823                     0.092696823
               1.0842153                     0.096696742
               1.0853482                      0.10057177
               1.0864811                      0.10431521
               1.0876141                      0.10792061
                1.088747                      0.11138174
               1.0898799                      0.11469264
               1.0910128                       0.1178476
               1.0921458                      0.12084109
               1.0932788                      0.12366788
               1.0944116                      0.12632295
               1.0955446                      0.12880152
               1.0966775                      0.13109913
               1.0978104                      0.13321164
               1.0989434                      0.13513526
               1.1000763                      0.13686661
               1.1012093                      0.13840272
               1.1023421                      0.13974099
               1.1034751                      0.14087921
               1.1046081                      0.14181551
               1.1057409                      0.14254843
               1.1068739                      0.14307681
               1.1080068                      0.14339991
               1.1091398                      0.14351736
               1.1102726                      0.14342919
               1.1114056                      0.14313589
               1.1125386                      0.14263839
               1.1136714                      0.14193806
               1.1148044                      0.14103672
               1.1159374                      0.13993652
               1.1170703                      0.13864003
               1.1182032                      0.13715015
               1.1193361                      0.13547018
               1.1204691                      0.13360375
               1.1216021                      0.13155492
               1.1227349                      0.12932806
               1.1238679                      0.12692802
               1.1250008                         0.12436
               1.1261337                      0.12162954
               1.1272666                      0.11874248
               1.1283996                      0.11570495
               1.1295326                      0.11252334
               1.1306654                      0.10920423
               1.1317984                      0.10575448
               1.1329314                      0.10218114
               1.1340642                     0.098491505
               1.1351972                      0.09469308
               1.1363301                     0.090793595
               1.1374631                     0.086800933
               1.1385959                     0.082723126
               1.1397289                      0.07856831
               1.1408619                     0.074344665
               1.1419947                     0.070060417
               1.1431277                     0.065723807
               1.1442606                     0.061343092
               1.1453936                      0.05692653
               1.1465265                     0.052482381
               1.1476594                     0.048018888
               1.1487924                     0.043544237
               1.1499252                     0.039066523
               1.1510582                     0.034593713
               1.1521912                     0.030133609
               1.1533241                     0.025693838
                1.154457                     0.021281842
               1.1555899                     0.016904879
               1.1567229                     0.012570017
               1.1578557                    0.0082841311
               1.1589887                    0.0040538879
               1.1601217                  -0.00011428888
               1.1612546                   -0.0042142477
               1.1623875                   -0.0082401419
               1.1635205                    -0.012186456
               1.1646534                    -0.016048009
               1.1657863                    -0.019819962
               1.1669192                    -0.023497796
               1.1680522                      -0.0270773
               1.1691852                    -0.030554572
                1.170318                    -0.033925992
                1.171451                    -0.037188277
               1.1725839                    -0.040338483
               1.1737168                    -0.043374024
               1.1748497                    -0.046292704
               1.1759827                    -0.049092691
               1.1771157                    -0.051772524
               1.1782485                    -0.054331083
               1.1793815                    -0.056767561
               1.1805145                    -0.059081428
               1.1816474                    -0.061272442
               1.1827803                    -0.063340634
               1.1839132                    -0.065286331
               1.1850462                    -0.067110166
                1.186179                    -0.068813086
                1.187312                    -0.070396312
                1.188445                    -0.071861394
               1.1895779                    -0.073210098
               1.1907108                    -0.074444413
               1.1918437                    -0.075566478
               1.1929767                    -0.076578625
               1.1941096                    -0.077483281
               1.1952425                    -0.078283072
               1.1963755                    -0.078980759
               1.1975085                    -0.079579256
               1.1986413                    -0.080081679
               1.1997743                    -0.080491267
               1.2009072                    -0.080811374
               1.2020401                    -0.081045404
                1.203173                      -0.0811968
                1.204306                    -0.081269011
                1.205439                    -0.081265457
               1.2065718                    -0.081189543
               1.2077048                    -0.081044659
               1.2088377                     -0.08083421
               1.2099706                    -0.080561653
               1.2111036                      -0.0802304
               1.2122365                    -0.079843879
               1.2133695                    -0.079405464
               1.2145023                     -0.07891842
               1.2156353                    -0.078385912
               1.2167683                    -0.077810973
               1.2179011                    -0.077196471
               1.2190341                    -0.076545224
                1.220167                    -0.075859912
                  1.2213                    -0.075143151
               1.2224329                    -0.074397497
               1.2235658                    -0.073625401
               1.2246988                    -0.072829217
               1.2258316                    -0.072011158
               1.2269646                    -0.071173273
               1.2280976                    -0.070317432
               1.2292305                    -0.069445334
               1.2303634                    -0.068558536
               1.2314963                    -0.067658491
               1.2326293                    -0.066746555
               1.2337621                    -0.065824009
               1.2348951                    -0.064892039
               1.2360281                    -0.063951746
                1.237161                    -0.063004106
               1.2382939                     -0.06204997
               1.2394269                    -0.061090026
               1.2405598                    -0.060124815
               1.2416927                     -0.05915479
               1.2428256                    -0.058180314
               1.2439586                    -0.057201698
               1.2450916                     -0.05621925
               1.2462244                    -0.055233248
               1.2473574                     -0.05424393
               1.2484903                    -0.053251475
               1.2496233                    -0.052255977
               1.2507561                    -0.051257439
               1.2518891                    -0.050255775
               1.2530221                    -0.049250823
               1.2541549                    -0.048242405
               1.2552879                    -0.047230341
               1.2564209                    -0.046214495
               1.2575538                    -0.045194764
               1.2586867                    -0.044171102
               1.2598196                    -0.043143459
               1.2609526                    -0.042111773
               1.2620854                    -0.041075956
               1.2632184                    -0.040035851
               1.2643514                    -0.038991284
               1.2654843                    -0.037942067
               1.2666172                    -0.036888056
               1.2677501                    -0.035829153
               1.2688831                    -0.034765355
                1.270016                    -0.033696733
               1.2711489                    -0.032623403
               1.2722819                    -0.031545505
               1.2734149                     -0.03046317
               1.2745477                    -0.029376481
               1.2756807                    -0.028285509
               1.2768136                    -0.027190311
               1.2779465                    -0.026090968
               1.2790794                    -0.024987623
               1.2802124                    -0.023880498
               1.2813454                    -0.022769902
               1.2824782                    -0.021656204
               1.2836112                    -0.020539802
               1.2847441                    -0.019421086
                1.285877                    -0.018300407
                 1.28701                    -0.017178062
               1.2881429                    -0.016054308
               1.2892759                    -0.014929386
               1.2904087                    -0.013803556
               1.2915417                     -0.01267713
               1.2926747                    -0.011550487
               1.2938075                    -0.010424066
               1.2949405                   -0.0092983432
               1.2960734                   -0.0081737963
               1.2972064                   -0.0070508653
               1.2983392                   -0.0059299329
               1.2994722                   -0.0048113111
               1.3006052                   -0.0036952551
                1.301738                   -0.0025819903
                1.302871                   -0.0014717416
                1.304004                  -0.00036475761
               1.3051369                   0.00073868036
               1.3062698                    0.0018382656
               1.3074027                    0.0029336859
               1.3085357                    0.0040246504
               1.3096685                    0.0051109111
               1.3108015                    0.0061922772
               1.3119345                    0.0072686109
               1.3130674                    0.0083398148
               1.3142003                    0.0094058104
               1.3153332                     0.010466523
               1.3164662                     0.011521865
               1.3175992                     0.012571744
                1.318732                     0.013616066
                1.319865                     0.014654759
                1.320998                     0.015687784
               1.3221308                     0.016715145
               1.3232638                     0.017736886
               1.3243967                     0.018753083
               1.3255297                     0.019763835
               1.3266625                     0.020769237
               1.3277955                     0.021769375
               1.3289285                     0.022764325
               1.3300613                     0.023754165
               1.3311943                     0.024738966
               1.3323272                     0.025718821
               1.3334602                     0.026693843
               1.3345931                     0.027664166
                1.335726                     0.028629946
                1.336859                     0.029591357
               1.3379918                     0.030548582
               1.3391248                     0.031501807
               1.3402578                      0.03245122
               1.3413907                     0.033397011
               1.3425236                     0.034339372
               1.3436565                     0.035278499
               1.3447895                      0.03621459
               1.3459224                     0.037147835
               1.3470553                     0.038078427
               1.3481883                     0.039006539
               1.3493212                     0.039932352
               1.3504541                     0.040856048
               1.3515871                     0.041777827
                 1.35272                     0.042697892
               1.3538529                     0.043616466
               1.3549858                       0.0445338
               1.3561188                     0.045450144
               1.3572518                     0.046365745
               1.3583846                     0.047280837
               1.3595176                     0.048195638
               1.3606505                     0.049110353
               1.3617834                     0.050025169
               1.3629164                     0.050940301
               1.3640493                     0.051855966
               1.3651823                     0.052772418
               1.3663151                     0.053689923
               1.3674481                     0.054608744
               1.3685811                      0.05552914
               1.3697139                     0.056451324
               1.3708469                     0.057375509
               1.3719798                     0.058301844
               1.3731128                     0.059230503
               1.3742456                     0.060161646
               1.3753786                     0.061095487
               1.3765116                      0.06203226
               1.3776444                     0.062972248
               1.3787774                      0.06391573
               1.3799103                     0.064862981
               1.3810433                     0.065814219
               1.3821762                       0.0667696
               1.3833091                     0.067729212
               1.3844421                     0.068693109
               1.3855751                     0.069661334
               1.3867079                     0.070633948
               1.3878409                     0.071611047
               1.3889738                     0.072592765
               1.3901067                     0.073579282
               1.3912396                     0.074570753
               1.3923726                      0.07556729
               1.3935056                     0.076568931
               1.3946384                     0.077575609
               1.3957714                     0.078587197
               1.3969043                     0.079603523
               1.3980372                     0.080624402
               1.3991702                     0.081649676
               1.4003031                     0.082679212
               1.4014361                     0.083712935
               1.4025689                     0.084750772
               1.4037019                     0.085792601
               1.4048349                     0.086838245
               1.4059677                     0.087887436
               1.4071007                     0.088939793
               1.4082336                      0.08999487
               1.4093666                     0.091052189
               1.4104995                     0.092111275
               1.4116324                     0.093171678
               1.4127654                     0.094232984
               1.4138982                     0.095294759
               1.4150312                     0.096356556
               1.4161642                     0.097417861
               1.4172971                     0.098478109
                 1.41843                     0.099536613
               1.4195629                      0.10059266
               1.4206959                      0.10164548
               1.4218287                      0.10269435
               1.4229617                      0.10373855
               1.4240947                      0.10477737
               1.4252276                      0.10581014
               1.4263605                       0.1068361
               1.4274935                      0.10785447
               1.4286264                      0.10886434
               1.4297593                      0.10986476
               1.4308922                      0.11085468
               1.4320252                      0.11183307
               1.4331582                      0.11279892
                1.434291                      0.11375128
                1.435424                      0.11468929
               1.4365569                      0.11561209
               1.4376898                      0.11651884
               1.4388227                      0.11740867
               1.4399557                      0.11828056
               1.4410887                      0.11913347
               1.4422215                      0.11996622
               1.4433545                      0.12077766
               1.4444875                      0.12156661
               1.4456203                      0.12233196
               1.4467533                      0.12307272
               1.4478862                      0.12378796
               1.4490192                      0.12447678
                1.450152                      0.12513828
                1.451285                      0.12577155
                1.452418                      0.12637559
               1.4535509                       0.1269493
               1.4546838                      0.12749158
               1.4558167                      0.12800136
               1.4569497                       0.1284776
               1.4580826                      0.12891935
               1.4592155                      0.12932575
               1.4603485                      0.12969595
               1.4614815                      0.13002914
               1.4626143                      0.13032456
               1.4637473                      0.13058133
               1.4648802                      0.13079865
               1.4660131                      0.13097565
                1.467146                      0.13111147
                1.468279                      0.13120538
                1.469412                      0.13125667
               1.4705448                       0.1312647
               1.4716778                      0.13122892
               1.4728107                      0.13114879
               1.4739436                      0.13102378
               1.4750766                      0.13085337
               1.4762095                      0.13063703
               1.4773425                      0.13037428
               1.4784753                      0.13006468
               1.4796083                      0.12970784
               1.4807413                      0.12930346
               1.4818741                      0.12885131
               1.4830071                      0.12835124
                 1.48414                      0.12780313
                1.485273                      0.12720686
               1.4864058                       0.1265623
               1.4875388                      0.12586935
               1.4886718                      0.12512794
               1.4898046                      0.12433808
               1.4909376                      0.12349986
               1.4920706                      0.12261343
               1.4932035                      0.12167903
               1.4943364                      0.12069695
               1.4954693                      0.11966752
               1.4966023                      0.11859103
               1.4977351                      0.11746779
               1.4988681                      0.11629815
               1.5000011                      0.11508243
                1.501134                      0.11382109
               1.5022669                       0.1125146
               1.5033998                      0.11116353
               1.5045328                      0.10976854
               1.5056657                      0.10833032
               1.5067986                      0.10684954
               1.5079316                      0.10532681
               1.5090646                      0.10376275
               1.5101974                      0.10215793
               1.5113304                      0.10051294
               1.5124633                      0.09882842
               1.5135962                     0.097105086
               1.5147291                     0.095343724
               1.5158621                     0.093545198
               1.5169951                     0.091710396
               1.5181279                     0.089840166
               1.5192609                     0.087935291
               1.5203938                     0.085996464
               1.5215268                     0.084024355
               1.5226597                     0.082019567
               1.5237926                     0.079982743
               1.5249256                     0.077914551
               1.5260584                      0.07581573
               1.5271914                     0.073687054
               1.5283244                     0.071529306
               1.5294573                     0.069343232
               1.5305902                     0.067129448
               1.5317231                     0.064888492
               1.5328561                     0.062620811
                1.533989                     0.060326796
               1.5351219                     0.058006831
               1.5362549                     0.055661347
               1.5373878                     0.053290851
               1.5385207                     0.050895892
               1.5396537                     0.048477031
               1.5407866                     0.046034794
               1.5419195                     0.043569606
               1.5430524                     0.041081756
               1.5441854                     0.038571429
               1.5453184                     0.036038727
               1.5464512                     0.033483732
               1.5475842                     0.030906567
               1.5487171                     0.028307425
                 1.54985                     0.025686596
                1.550983                     0.023044419
               1.5521159                     0.020381229
               1.5532489                     0.017697318
               1.5543817                     0.014992873
               1.5555147                      0.01226799
               1.5566477                    0.0095226876
               1.5577805                    0.0067569697
               1.5589135                    0.0039708815
               1.5600464                    0.0011645664
               1.5611794                   -0.0016617149
               1.5623122                   -0.0045075943
               1.5634452                   -0.0073726382
               1.5645782                    -0.010256398
                1.565711                    -0.013158458
                1.566844                     -0.01607845
                1.567977                    -0.019016044
               1.5691099                    -0.021970905
               1.5702428                    -0.024942644
               1.5713757                    -0.027930763
               1.5725087                    -0.030934626
               1.5736415                    -0.033953451
               1.5747745                    -0.036986347
               1.5759075                    -0.040032338
               1.5770404                    -0.043090437
               1.5781733                    -0.046159633
               1.5793062                    -0.049238898
               1.5804392                    -0.052327171
               1.5815721                    -0.055423304
                1.582705                    -0.058526035
                1.583838                    -0.061633963
                1.584971                    -0.064745516
               1.5861038                    -0.067859016
               1.5872368                    -0.070972711
               1.5883697                    -0.074084789
               1.5895027                    -0.077193432
               1.5906355                    -0.080296807
               1.5917685                    -0.083393022
               1.5929015                    -0.086480133
               1.5940343                    -0.089556076
               1.5951673                    -0.092618637
               1.5963002                    -0.095665485
               1.5974332                    -0.098694175
               1.5985661                     -0.10170216
                1.599699                      -0.1046869
                1.600832                     -0.10764584
               1.6019648                     -0.11057641
               1.6030978                     -0.11347611
               1.6042308                      -0.1163424
               1.6053637                     -0.11917267
               1.6064966                     -0.12196429
               1.6076295                     -0.12471458
               1.6087625                     -0.12742078
               1.6098953                     -0.13008016
               1.6110283                     -0.13268998
               1.6121613                     -0.13524759
               1.6132942                     -0.13775033
               1.6144271                     -0.14019568
               1.6155601                     -0.14258115
                1.616693                     -0.14490426
               1.6178259                      -0.1471626
               1.6189588                     -0.14935377
               1.6200918                     -0.15147544
               1.6212248                     -0.15352534
               1.6223576                     -0.15550129
               1.6234906                     -0.15740126
               1.6246235                     -0.15922338
               1.6257564                     -0.16096586
               1.6268893                     -0.16262707
               1.6280223                     -0.16420549
               1.6291553                     -0.16569972
               1.6302881                      -0.1671084
               1.6314211                     -0.16843034
               1.6325541                     -0.16966452
               1.6336869                     -0.17081007
               1.6348199                     -0.17186636
               1.6359528                     -0.17283292
               1.6370858                     -0.17370947
               1.6382186                     -0.17449591
               1.6393516                     -0.17519224
               1.6404846                     -0.17579864
               1.6416174                     -0.17631537
               1.6427504                     -0.17674291
               1.6438833                     -0.17708185
               1.6450163                     -0.17733298
               1.6461492                     -0.17749734
               1.6472821                     -0.17757617
               1.6484151                     -0.17757089
               1.6495479                     -0.17748317
               1.6506809                     -0.17731474
               1.6518139                      -0.1770675
               1.6529468                     -0.17674343
               1.6540797                     -0.17634468
               1.6552126                     -0.17587343
               1.6563456                     -0.17533205
               1.6574786                     -0.17472307
               1.6586114                     -0.17404918
               1.6597444                     -0.17331326
               1.6608773                     -0.17251827
               1.6620102                     -0.17166728
               1.6631432                     -0.17076348
               1.6642761                     -0.16981007
               1.6654091                     -0.16881032
               1.6665419                     -0.16776754
               1.6676749                     -0.16668509
               1.6688079                      -0.1655664
               1.6699407                     -0.16441494
               1.6710737                     -0.16323423
               1.6722066                     -0.16202787
               1.6733396                     -0.16079946
               1.6744725                     -0.15955257
               1.6756054                     -0.15829085
               1.6767384                     -0.15701781
               1.6778712                     -0.15573697
               1.6790042                     -0.15445177
               1.6801372                     -0.15316571
               1.6812701                     -0.15188216
                1.682403                     -0.15060444
               1.6835359                     -0.14933589
               1.6846689                     -0.14807971
               1.6858017                     -0.14683908
               1.6869347                     -0.14561704
               1.6880677                     -0.14441654
               1.6892006                     -0.14324042
               1.6903335                     -0.14209139
               1.6914665                     -0.14097208
               1.6925994                     -0.13988495
               1.6937323                     -0.13883236
               1.6948652                     -0.13781658
               1.6959982                     -0.13683972
               1.6971312                     -0.13590375
                1.698264                     -0.13501059
                1.699397                     -0.13416192
               1.7005299                     -0.13335939
               1.7016628                     -0.13260448
               1.7027957                     -0.13189846
               1.7039287                     -0.13124244
               1.7050617                     -0.13063738
               1.7061945                     -0.13008405
               1.7073275                     -0.12958314
               1.7084605                     -0.12913516
               1.7095933                     -0.12874049
               1.7107263                     -0.12839937
               1.7118592                     -0.12811197
               1.7129922                     -0.12787831
                1.714125                     -0.12769824
                1.715258                     -0.12757152
                1.716391                     -0.12749769
               1.7175238                      -0.1274762
               1.7186568                     -0.12750635
               1.7197897                     -0.12758727
               1.7209227                     -0.12771803
               1.7220556                     -0.12789758
               1.7231885                     -0.12812477
               1.7243215                     -0.12839839
               1.7254544                     -0.12871711
               1.7265873                     -0.12907946
               1.7277203                     -0.12948389
               1.7288532                     -0.12992875
               1.7299861                      -0.1304123
                1.731119                     -0.13093269
                1.732252                     -0.13148803
                1.733385                     -0.13207637
               1.7345178                     -0.13269567
               1.7356508                     -0.13334391
               1.7367837                      -0.1340189
               1.7379166                     -0.13471843
               1.7390496                     -0.13544025
               1.7401825                     -0.13618195
               1.7413155                     -0.13694113
               1.7424483                     -0.13771534
               1.7435813                     -0.13850209
               1.7447143                     -0.13929892
               1.7458471                     -0.14010333
               1.7469801                     -0.14091283
                1.748113                     -0.14172488
                1.749246                     -0.14253685
               1.7503788                     -0.14334609
               1.7515118                      -0.1441499
               1.7526448                     -0.14494549
               1.7537776                     -0.14573011
               1.7549106                       -0.146501
               1.7560436                     -0.14725545
               1.7571765                     -0.14799076
               1.7583094                     -0.14870429
               1.7594423                     -0.14939332
               1.7605753                     -0.15005514
               1.7617081                     -0.15068699
               1.7628411                     -0.15128605
               1.7639741                     -0.15184948
                1.765107                      -0.1523744
               1.7662399                     -0.15285802
               1.7673728                     -0.15329754
               1.7685058                     -0.15369031
               1.7696387                     -0.15403366
               1.7707716                     -0.15432501
               1.7719046                     -0.15456173
               1.7730376                      -0.1547412
               1.7741704                     -0.15486078
               1.7753034                     -0.15491775
               1.7764363                     -0.15490945
               1.7775692                     -0.15483324
               1.7787021                      -0.1546866
               1.7798351                     -0.15446705
               1.7809681                     -0.15417223
               1.7821009                     -0.15379989
               1.7832339                     -0.15334783
               1.7843668                     -0.15281388
               1.7854997                     -0.15219583
               1.7866327                     -0.15149154
               1.7877656                      -0.1506989
               1.7888986                     -0.14981592
               1.7900314                     -0.14884068
               1.7911644                     -0.14777146
               1.7922974                     -0.14660671
               1.7934303                     -0.14534499
               1.7945632                     -0.14398499
               1.7956961                     -0.14252548
               1.7968291                     -0.14096528
                1.797962                     -0.13930328
               1.7990949                     -0.13753848
               1.8002279                     -0.13566999
               1.8013608                     -0.13369715
               1.8024937                      -0.1316195
               1.8036267                     -0.12943679
               1.8047596                     -0.12714902
               1.8058925                     -0.12475634
               1.8070254                     -0.12225905
               1.8081584                     -0.11965761
               1.8092914                     -0.11695261
               1.8104242                     -0.11414477
               1.8115572                     -0.11123499
               1.8126901                      -0.1082244
                1.813823                     -0.10511433
               1.8149559                     -0.10190643
               1.8160889                    -0.098602578
               1.8172219                     -0.09520489
               1.8183547                    -0.091715708
               1.8194877                    -0.088137515
               1.8206207                    -0.084472992
               1.8217535                    -0.080724992
               1.8228865                    -0.076896533
               1.8240194                    -0.072990857
               1.8251524                    -0.069011442
               1.8262852                    -0.064962007
               1.8274182                    -0.060846537
               1.8285512                    -0.056669254
                1.829684                    -0.052434556
                1.830817                     -0.04814703
               1.8319499                    -0.043811418
               1.8330829                    -0.039432608
               1.8342158                    -0.035015639
               1.8353487                    -0.030565714
               1.8364817                    -0.026088204
               1.8376145                     -0.02158865
               1.8387475                    -0.017072754
               1.8398805                    -0.012546353
               1.8410134                    -0.008015384
               1.8421463                   -0.0034858671
               1.8432792                    0.0010361053
               1.8444122                    0.0055443733
               1.8455451                     0.010032697
                1.846678                     0.014494752
                1.847811                     0.018924125
               1.8489439                     0.023314327
               1.8500768                     0.027658835
               1.8512098                     0.031951118
               1.8523427                     0.036184687
               1.8534756                     0.040353134
               1.8546085                     0.044450153
               1.8557415                      0.04846951
               1.8568745                     0.052405082
               1.8580073                     0.056250792
               1.8591403                     0.060000617
               1.8602732                     0.063648596
               1.8614062                     0.067188837
               1.8625391                     0.070615575
                1.863672                     0.073923215
                1.864805                     0.077106379
               1.8659378                     0.080159925
               1.8670708                     0.083078951
               1.8682038                     0.085858792
               1.8693367                     0.088495016
               1.8704696                     0.090983368
               1.8716025                     0.093319803
               1.8727355                     0.095500506
               1.8738683                     0.097521894
               1.8750013                      0.09938065
               1.8761343                      0.10107376
               1.8772672                      0.10259856
               1.8784001                      0.10395272
               1.8795331                      0.10513424
                1.880666                       0.1061414
               1.8817989                      0.10697279
               1.8829318                       0.1076273
               1.8840648                      0.10810409
               1.8851978                       0.1084026
               1.8863306                      0.10852265
               1.8874636                      0.10846438
               1.8885965                      0.10822827
               1.8897294                      0.10781517
               1.8908623                      0.10722626
               1.8919953                      0.10646302
               1.8931283                      0.10552722
               1.8942611                      0.10442086
               1.8953941                      0.10314621
               1.8965271                      0.10170583
               1.8976599                       0.1001026
               1.8987929                     0.098339662
               1.8999258                     0.096420512
               1.9010588                     0.094348937
               1.9021916                     0.092128985
               1.9033246                     0.089764923
               1.9044576                     0.087261215
               1.9055904                     0.084622487
               1.9067234                     0.081853501
               1.9078563                     0.078959204
               1.9089893                     0.075944692
               1.9101222                     0.072815292
               1.9112551                     0.069576532
               1.9123881                     0.066234127
               1.9135209                      0.06279394
               1.9146539                     0.059261933
               1.9157869                     0.055644136
               1.9169198                     0.051946584
               1.9180527                     0.048175324
               1.9191856                     0.044336405
               1.9203186                     0.040435903
               1.9214514                     0.036479946
               1.9225844                     0.032474726
               1.9237174                     0.028426498
               1.9248503                     0.024341546
               1.9259832                     0.020226156
               1.9271162                     0.016086563
               1.9282491                     0.011928911
               1.9293821                    0.0077592181
               1.9305149                    0.0035833749
               1.9316479                  -0.00059284666
               1.9327809                   -0.0047637708
               1.9339137                    -0.008923796
               1.9350467                    -0.013067385
               1.9361796                    -0.017189067
               1.9373126                    -0.021283455
               1.9384454                    -0.025345284
               1.9395784                     -0.02936944
               1.9407114                    -0.033350978
               1.9418442                    -0.037285157
               1.9429772                    -0.041167408
               1.9441102                    -0.044993341
               1.9452431                     -0.04875873
                1.946376                    -0.052459482
               1.9475089                    -0.056091644
               1.9486419                    -0.059651393
               1.9497747                    -0.063135073
               1.9509077                    -0.066539176
               1.9520407                    -0.069860399
               1.9531736                    -0.073095605
               1.9543065                    -0.076241806
               1.9554394                    -0.079296239
               1.9565724                     -0.08225628
               1.9577053                    -0.085119471
               1.9588382                    -0.087883502
               1.9599712                    -0.090546228
               1.9611042                    -0.093105659
                1.962237                     -0.09555997
                 1.96337                    -0.097907506
               1.9645029                     -0.10014676
               1.9656358                     -0.10227636
               1.9667687                      -0.1042951
               1.9679017                      -0.1062019
               1.9690347                     -0.10799579
               1.9701675                     -0.10967594
               1.9713005                     -0.11124165
               1.9724334                     -0.11269234
               1.9735663                      -0.1140276
               1.9746993                     -0.11524717
               1.9758322                     -0.11635092
               1.9769652                     -0.11733882
                1.978098                     -0.11821098
                1.979231                     -0.11896759
                1.980364                     -0.11960892
               1.9814968                     -0.12013538
               1.9826298                     -0.12054744
               1.9837627                     -0.12084569
               1.9848957                     -0.12103087
               1.9860286                     -0.12110388
               1.9871615                     -0.12106572
               1.9882945                     -0.12091751
               1.9894273                     -0.12066047
               1.9905603                      -0.1202959
               1.9916933                     -0.11982517
               1.9928262                     -0.11924966
               1.9939591                      -0.1185709
                1.995092                     -0.11779046
                1.996225                     -0.11691008
                1.997358                     -0.11593155
               1.9984908                     -0.11485684
               1.9996238                     -0.11368801
               2.0007567                     -0.11242719
               2.0018897                     -0.11107662
               2.0030227                     -0.10963854
               2.0041554                      -0.1081153
               2.0052884                     -0.10650929
               2.0064213                     -0.10482293
               2.0075543                     -0.10305876
               2.0086873                     -0.10121936
               2.0098202                    -0.099307418
               2.0109532                    -0.097325727
               2.0120859                    -0.095277146
               2.0132189                    -0.093164578
               2.0143518                    -0.090990961
               2.0154848                    -0.088759281
               2.0166178                    -0.086472578
               2.0177507                    -0.084133878
               2.0188837                    -0.081746265
               2.0200164                    -0.079312846
               2.0211494                     -0.07683678
               2.0222824                     -0.07432124
               2.0234153                    -0.071769446
               2.0245483                    -0.069184609
               2.0256813                    -0.066569924
               2.0268142                    -0.063928589
               2.0279469                    -0.061263736
               2.0290799                    -0.058578495
               2.0302129                    -0.055875964
               2.0313458                    -0.053159237
               2.0324788                    -0.050431378
               2.0336118                     -0.04769545
               2.0347447                    -0.044954501
               2.0358775                    -0.042211529
               2.0370104                    -0.039469488
               2.0381434                    -0.036731262
               2.0392764                    -0.033999648
               2.0404093                    -0.031277351
               2.0415423                    -0.028566983
               2.0426753                    -0.025871072
                2.043808                    -0.023192065
               2.0449409                    -0.020532344
               2.0460739                    -0.017894216
               2.0472069                    -0.015279913
               2.0483398                     -0.01269158
               2.0494728                    -0.010131251
               2.0506058                   -0.0076008453
               2.0517385                   -0.0051021562
               2.0528715                   -0.0026368531
               2.0540044                  -0.00020648807
               2.0551374                    0.0021874914
               2.0562704                    0.0045437305
               2.0574033                    0.0068609589
               2.0585363                    0.0091379918
                2.059669                     0.011373739
                2.060802                     0.013567218
               2.0619349                     0.015717564
               2.0630679                     0.017824048
               2.0642009                     0.019886073
               2.0653338                     0.021903161
               2.0664668                      0.02387495
               2.0675995                     0.025801163
               2.0687325                     0.027681604
               2.0698655                     0.029516134
               2.0709984                      0.03130468
               2.0721314                     0.033047233
               2.0732644                      0.03474386
               2.0743973                     0.036394723
               2.0755301                      0.03800007
                2.076663                     0.039560243
                2.077796                     0.041075677
               2.0789289                     0.042546842
               2.0800619                     0.043974262
               2.0811949                      0.04535849
               2.0823278                      0.04670009
               2.0834606                     0.047999661
               2.0845935                     0.049257807
               2.0857265                     0.050475191
               2.0868595                     0.051652502
               2.0879924                     0.052790478
               2.0891254                     0.053889886
               2.0902584                     0.054951493
               2.0913911                     0.055976074
               2.0925241                     0.056964383
                2.093657                     0.057917137
                 2.09479                     0.058835037
               2.0959229                     0.059718765
               2.0970559                     0.060569003
               2.0981889                     0.061386429
               2.0993218                     0.062171742
               2.1004546                     0.062925644
               2.1015875                     0.063648812
               2.1027205                     0.064341903
               2.1038535                     0.065005518
               2.1049864                     0.065640181
               2.1061194                      0.06624639
               2.1072524                     0.066824555
               2.1083851                     0.067375049
               2.1095181                     0.067898229
                2.110651                      0.06839443
                2.111784                     0.068863973
               2.1129169                     0.069307178
               2.1140499                     0.069724321
               2.1151829                     0.070115648
               2.1163156                     0.070481345
               2.1174486                     0.070821598
               2.1185815                     0.071136504
               2.1197145                     0.071426153
               2.1208475                     0.071690612
               2.1219804                     0.071929894
               2.1231134                     0.072144024
               2.1242461                     0.072333008
               2.1253791                     0.072496817
               2.1265121                     0.072635397
                2.127645                     0.072748661
                2.128778                     0.072836526
               2.1299109                     0.072898857
               2.1310439                     0.072935559
               2.1321766                     0.072946511
               2.1333096                     0.072931632
               2.1344426                     0.072890833
               2.1355755                     0.072824039
               2.1367085                     0.072731167
               2.1378415                     0.072612137
               2.1389744                     0.072466873
               2.1401072                     0.072295278
               2.1412401                     0.072097287
               2.1423731                      0.07187286
               2.1435061                     0.071622014
                2.144639                     0.071344793
                2.145772                     0.071041301
               2.1469049                      0.07071168
               2.1480377                     0.070356086
               2.1491706                     0.069974691
               2.1503036                     0.069567651
               2.1514366                     0.069135174
               2.1525695                     0.068677485
               2.1537025                     0.068194851
               2.1548355                     0.067687616
               2.1559682                     0.067156166
               2.1571012                     0.066601001
               2.1582341                     0.066022642
               2.1593671                     0.065421693
                  2.1605                      0.06479875
                2.161633                     0.064154446
                2.162766                       0.0634894
               2.1638987                     0.062804267
               2.1650317                     0.062099755
               2.1661646                     0.061376613
               2.1672976                     0.060635675
               2.1684306                     0.059877828
               2.1695635                     0.059104048
               2.1706965                     0.058315352
               2.1718292                     0.057512794
               2.1729622                     0.056697439
               2.1740952                     0.055870377
               2.1752281                     0.055032689
               2.1763611                     0.054185484
                2.177494                     0.053329885
                2.178627                     0.052467052
               2.1797597                     0.051598176
               2.1808927                     0.050724495
               2.1820257                     0.049847275
               2.1831586                     0.048967786
               2.1842916                     0.048087321
               2.1854246                     0.047207169
               2.1865575                     0.046328627
               2.1876903                     0.045452986
               2.1888232                      0.04458154
               2.1899562                      0.04371557
               2.1910892                     0.042856358
               2.1922221                     0.042005148
               2.1933551                     0.041163169
                2.194488                     0.040331636
               2.1956208                     0.039511733
               2.1967537                     0.038704637
               2.1978867                     0.037911516
               2.1990197                     0.037133534
               2.2001526                     0.036371853
               2.2012856                     0.035627604
               2.2024186                     0.034901869
               2.2035513                     0.034195676
               2.2046843                     0.033509973
               2.2058172                     0.032845624
               2.2069502                     0.032203421
               2.2080832                      0.03158411
               2.2092161                     0.030988425
               2.2103491                     0.030417081
               2.2114818                     0.029870775
               2.2126148                     0.029350186
               2.2137477                     0.028855957
               2.2148807                      0.02838864
               2.2160137                     0.027948702
               2.2171466                     0.027536493
               2.2182796                     0.027152251
               2.2194123                     0.026796151
               2.2205453                     0.026468314
               2.2216783                     0.026168851
               2.2228112                     0.025897872
               2.2239442                     0.025655476
               2.2250772                     0.025441745
               2.2262101                     0.025256688
               2.2273428                     0.025100213
               2.2284758                     0.024972107
               2.2296088                     0.024872031
               2.2307417                     0.024799548
               2.2318747                     0.024754163
               2.2330077                     0.024735367
               2.2341406                     0.024742678
               2.2352736                     0.024775643
               2.2364063                     0.024833832
               2.2375393                      0.02491679
               2.2386723                     0.025024004
               2.2398052                     0.025154846
               2.2409382                     0.025308574
               2.2420712                     0.025484327
               2.2432041                     0.025681177
               2.2443368                      0.02589817
               2.2454698                     0.026134379
               2.2466028                     0.026388932
               2.2477357                     0.026661022
               2.2488687                     0.026949871
               2.2500017                     0.027254697
               2.2511346                     0.027574647
               2.2522674                     0.027908796
               2.2534003                     0.028256115
               2.2545333                     0.028615505
               2.2556663                     0.028985841
               2.2567992                      0.02936602
               2.2579322                     0.029755006
               2.2590652                     0.030151848
               2.2601979                     0.030555667
               2.2613308                     0.030965623
               2.2624638                     0.031380866
               2.2635968                     0.031800501
               2.2647297                      0.03222356
               2.2658627                     0.032649022
               2.2669957                     0.033075824
               2.2681284                     0.033502921
               2.2692614                     0.033929333
               2.2703943                     0.034354165
               2.2715273                     0.034776621
               2.2726603                     0.035195969
               2.2737932                     0.035611521
               2.2749262                     0.036022592
               2.2760589                     0.036428459
               2.2771919                      0.03682835
               2.2783248                     0.037221488
               2.2794578                     0.037607085
               2.2805908                     0.037984397
               2.2817237                     0.038352758
               2.2828567                     0.038711581
               2.2839894                     0.039060354
               2.2851224                     0.039398603
               2.2862554                     0.039725881
               2.2873883                     0.040041737
               2.2885213                     0.040345684
               2.2896543                      0.04063724
               2.2907872                     0.040915921
               2.2919199                       0.0411813
               2.2930529                     0.041433007
               2.2941859                     0.041670747
               2.2953188                     0.041894298
               2.2964518                     0.042103484
               2.2975848                     0.042298142
               2.2987177                     0.042478092
               2.2998505                     0.042643145
               2.3009834                     0.042793095
               2.3021164                     0.042927764
               2.3032494                     0.043046989
               2.3043823                     0.043150663
               2.3055153                      0.04323874
               2.3066483                     0.043311238
                2.307781                     0.043368202
               2.3089139                      0.04340969
               2.3100469                     0.043435764
               2.3111799                     0.043446448
               2.3123128                     0.043441772
               2.3134458                     0.043421753
               2.3145788                     0.043386444
               2.3157115                     0.043335956
               2.3168445                     0.043270454
               2.3179774                     0.043190174
               2.3191104                     0.043095361
               2.3202434                     0.042986277
               2.3213763                      0.04286316
               2.3225093                     0.042726208
                2.323642                     0.042575572
                2.324775                     0.042411387
               2.3259079                     0.042233791
               2.3270409                     0.042042956
               2.3281739                     0.041839104
               2.3293068                     0.041622527
               2.3304398                     0.041393563
               2.3315725                      0.04115257
               2.3327055                     0.040899895
               2.3338385                     0.040635861
               2.3349714                     0.040360726
               2.3361044                     0.040074728
               2.3372374                     0.039778054
               2.3383703                     0.039470904
                2.339503                     0.039153501
                2.340636                     0.038826101
                2.341769                     0.038488999
               2.3429019                     0.038142525
               2.3440349                     0.037787005
               2.3451679                     0.037422754
               2.3463008                      0.03705005
               2.3474336                      0.03666912
               2.3485665                     0.036280178
               2.3496995                     0.035883412
               2.3508325                     0.035479017
               2.3519654                     0.035067208
               2.3530984                     0.034648232
               2.3542314                     0.034222346
               2.3553641                     0.033789828
                2.356497                     0.033350941
                 2.35763                     0.032905925
                2.358763                     0.032454986
               2.3598959                     0.031998299
               2.3610289                     0.031536035
               2.3621619                     0.031068357
               2.3632948                     0.030595448
               2.3644276                     0.030117508
               2.3655605                     0.029634763
               2.3666935                     0.029147441
               2.3678265                     0.028655764
               2.3689594                     0.028159935
               2.3700924                     0.027660122
               2.3712254                     0.027156482
               2.3723581                     0.026649147
                2.373491                     0.026138272
                2.374624                     0.025624027
                2.375757                     0.025106627
               2.3768899                     0.024586314
               2.3780229                     0.024063354
               2.3791559                     0.023538021
               2.3802886                     0.023010567
               2.3814216                     0.022481212
               2.3825545                     0.021950152
               2.3836875                     0.021417545
               2.3848205                     0.020883555
               2.3859534                     0.020348355
               2.3870864                     0.019812169
               2.3882191                     0.019275259
               2.3893521                     0.018737944
                2.390485                     0.018200569
                2.391618                     0.017663479
                2.392751                     0.017127007
               2.3938839                      0.01659145
               2.3950169                     0.016057068
               2.3961496                     0.015524099
               2.3972826                     0.014992781
               2.3984156                      0.01446338
               2.3995485                     0.013936203
               2.4006815                     0.013411619
               2.4018145                     0.012890039
               2.4029474                     0.012371909
               2.4040802                     0.011857675
               2.4052131                     0.011347759
               2.4063461                     0.010842537
                2.407479                     0.010342347
                2.408612                    0.0098474883
                2.409745                    0.0093582552
               2.4108779                    0.0088749509
               2.4120107                    0.0083979061
               2.4131436                    0.0079274951
               2.4142766                     0.007464123
               2.4154096                    0.0070082052
               2.4165425                    0.0065601491
               2.4176755                    0.0061203372
               2.4188085                    0.0056891143
               2.4199412                    0.0052667921
               2.4210742                    0.0048536612
               2.4222071                    0.0044500083
               2.4233401                    0.0040561249
                2.424473                    0.0036723157
                2.425606                    0.0032988894
                2.426739                     0.002936142
               2.4278717                    0.0025843414
               2.4290047                      0.00224371
               2.4301376                    0.0019144203
               2.4312706                    0.0015966001
               2.4324036                    0.0012903499
               2.4335365                    0.0009957623
               2.4346695                    0.0007129389
               2.4358022                   0.00044199557
               2.4369352                    0.0001830555
               2.4380682                  -6.3768923e-05
               2.4392011                  -0.00029840029
               2.4403341                   -0.0005208173
                2.441467                   -0.0007310654
                  2.4426                  -0.00092925347
               2.4437327                   -0.0011155371
               2.4448657                   -0.0012900955
               2.4459987                   -0.0014531078
               2.4471316                   -0.0016047402
               2.4482646                   -0.0017451453
               2.4493976                   -0.0018744767
               2.4505305                   -0.0019929102
               2.4516633                   -0.0021006684
               2.4527962                   -0.0021980342
               2.4539292                   -0.0022853529
               2.4550622                   -0.0023630175
               2.4561951                   -0.0024314458
               2.4573281                   -0.0024910551
                2.458461                   -0.0025422433
               2.4595938                   -0.0025853862
               2.4607267                    -0.002620847
               2.4618597                    -0.002648999
               2.4629927                   -0.0026702487
               2.4641256                    -0.002685054
               2.4652586                    -0.002693926
               2.4663916                   -0.0026974177
               2.4675243                   -0.0026960992
               2.4686573                   -0.0026905267
               2.4697902                   -0.0026812218
               2.4709232                   -0.0026686613
               2.4720562                   -0.0026532826
               2.4731891                    -0.002635503
               2.4743221                   -0.0026157461
               2.4754548                   -0.0025944642
               2.4765878                   -0.0025721476
               2.4777207                   -0.0025493165
               2.4788537                   -0.0025265012
               2.4799867                   -0.0025042132
               2.4811196                   -0.0024829204
               2.4822526                   -0.0024630302
               2.4833853                   -0.0024448908
               2.4845183                   -0.0024288078
               2.4856513                   -0.0024150654
               2.4867842                   -0.0024039513
               2.4879172                   -0.0023957673
               2.4890501                   -0.0023908278
               2.4901831                   -0.0023894433
               2.4913158                   -0.0023918957
               2.4924488                   -0.0023984155
               2.4935818                   -0.0024091676
               2.4947147                   -0.0024242525
               2.4958477                   -0.0024437215
               2.4969807                   -0.0024676002
               2.4981136                    -0.002495911
               2.4992466                   -0.0025286868
               2.5003793                   -0.0025659692
               2.5015123                   -0.0026077912
               2.5026453                   -0.0026541527
               2.5037782                   -0.0027049908
               2.5049112                   -0.0027601647
               2.5060441                   -0.0028194531
               2.5071771                   -0.0028825735
               2.5083098                   -0.0029492094
               2.5094428                   -0.0030190423
               2.5105758                   -0.0030917758
               2.5117087                   -0.0031671429
               2.5128417                   -0.0032448969
               2.5139747                   -0.0033247876
               2.5151076                   -0.0034065321
               2.5162404                   -0.0034897898
               2.5173733                   -0.0035741501
               2.5185063                    -0.003659141
               2.5196393                   -0.0037442478
               2.5207722                   -0.0038289416
               2.5219052                   -0.0039127087
               2.5230381                   -0.0039950656
               2.5241709                   -0.0040755626
               2.5253038                   -0.0041537741
               2.5264368                    -0.004229275
               2.5275698                    -0.004301623
               2.5287027                   -0.0043703434
               2.5298357                   -0.0044349311
               2.5309687                   -0.0044948626
               2.5321014                   -0.0045496142
               2.5332344                    -0.004598686
               2.5343673                   -0.0046416135
               2.5355003                   -0.0046779751
               2.5366333                   -0.0047073844
               2.5377662                   -0.0047294744
               2.5388992                   -0.0047438857
               2.5400319                   -0.0047502532
               2.5411649                   -0.0047482057
               2.5422978                   -0.0047373748
               2.5434308                   -0.0047174096
               2.5445638                   -0.0046879933
               2.5456967                   -0.0046488568
               2.5468297                   -0.0045997817
               2.5479624                    -0.004540599
               2.5490954                   -0.0044711754
               2.5502284                   -0.0043914006
               2.5513613                   -0.0043011792
               2.5524943                   -0.0042004278
               2.5536273                   -0.0040890798
               2.5547602                   -0.0039670961
               2.5558929                   -0.0038344762
               2.5570259                    -0.003691267
               2.5581589                   -0.0035375641
               2.5592918                   -0.0033735093
               2.5604248                   -0.0031992812
               2.5615578                   -0.0030150854
               2.5626907                   -0.0028211446
               2.5638235                   -0.0026176986
               2.5649564                   -0.0024050048
               2.5660894                   -0.0021833465
               2.5672224                   -0.0019530419
               2.5683553                   -0.0017144489
               2.5694883                   -0.0014679675
               2.5706213                   -0.0012140365
                2.571754                  -0.00095312472
               2.5728869                  -0.00068572187
               2.5740199                   -0.0004123284
               2.5751529                  -0.00013344995
               2.5762858                   0.00015040475
               2.5774188                     0.000438722
               2.5785518                   0.00073097879
               2.5796845                    0.0010266372
               2.5808175                    0.0013251398
               2.5819504                    0.0016259071
               2.5830834                    0.0019283368
               2.5842164                    0.0022318054
               2.5853493                    0.0025356724
               2.5864823                    0.0028392887
                2.587615                    0.0031420037
                2.588748                    0.0034431766
               2.5898809                    0.0037421882
               2.5910139                    0.0040384447
               2.5921469                    0.0043313848
               2.5932798                    0.0046204748
               2.5944128                    0.0049052015
               2.5955455                    0.0051850588
               2.5966785                    0.0054595345
               2.5978115                    0.0057281004
               2.5989444                    0.0059902151
               2.6000774                    0.0062453286
               2.6012104                    0.0064929007
               2.6023433                    0.0067324238
                2.603476                    0.0069634402
                2.604609                    0.0071855541
                2.605742                    0.0073984303
               2.6068749                    0.0076017817
               2.6080079                    0.0077953525
               2.6091409                    0.0079788929
               2.6102738                    0.0081521412
               2.6114066                    0.0083148275
               2.6125395                    0.0084666768
               2.6136725                    0.0086074304
               2.6148055                    0.0087368693
               2.6159384                    0.0088548334
               2.6170714                    0.0089612296
               2.6182044                    0.0090560317
               2.6193371                    0.0091392593
                 2.62047                    0.0092109563
                2.621603                    0.0092711747
                2.622736                    0.0093199601
               2.6238689                    0.0093573574
               2.6250019                    0.0093834242
               2.6261349                    0.0093982471
               2.6272676                     0.009401964
               2.6284006                    0.0093947658
               2.6295335                    0.0093768956
               2.6306665                      0.00934863
               2.6317995                    0.0093102567
               2.6329324                    0.0092620533
               2.6340654                    0.0092042862
               2.6351984                    0.0091372067
               2.6363311                    0.0090610757
                2.637464                    0.0089761894
                2.638597                     0.008882896
                 2.63973                    0.0087816054
               2.6408629                    0.0086727757
               2.6419959                    0.0085568875
               2.6431289                    0.0084344139
               2.6442616                    0.0083057936
               2.6453946                     0.008171415
               2.6465275                    0.0080316244
               2.6476605                    0.0078867581
               2.6487935                    0.0077371737
               2.6499264                    0.0075832773
               2.6510594                    0.0074255462
               2.6521921                    0.0072645163
               2.6533251                    0.0071007535
                2.654458                    0.0069348062
                2.655591                     0.006767164
                2.656724                    0.0065982328
               2.6578569                    0.0064283321
               2.6589899                    0.0062577236
               2.6601226                    0.0060866573
               2.6612556                    0.0059154206
               2.6623886                    0.0057443716
               2.6635215                     0.005573947
               2.6646545                    0.0054046377
               2.6657875                    0.0052369409
               2.6669204                    0.0050713033
               2.6680532                    0.0049080788
               2.6691861                    0.0047475086
               2.6703191                    0.0045897355
                2.671452                    0.0044348501
                2.672585                    0.0042829444
                2.673718                    0.0041341637
               2.6748509                    0.0039887344
               2.6759837                    0.0038469536
               2.6771166                    0.0037091507
               2.6782496                    0.0035756282
               2.6793826                    0.0034466069
               2.6805155                    0.0033221883
               2.6816485                    0.0032023541
               2.6827815                    0.0030869993
               2.6839142                    0.0029759873
               2.6850471                    0.0028692107
               2.6861801                    0.0027666355
               2.6873131                     0.002668313
                2.688446                    0.0025743567
                2.689579                     0.002484892
                2.690712                    0.0023999973
               2.6918447                    0.0023196531
               2.6929777                    0.0022437237
               2.6941106                    0.0021719707
               2.6952436                    0.0021040968
               2.6963766                    0.0020398039
               2.6975095                    0.0019788453
               2.6986425                    0.0019210526
               2.6997752                    0.0018663313
               2.7009082                    0.0018146263
               2.7020411                    0.0017658706
               2.7031741                     0.001719936
               2.7043071                    0.0016766037
                 2.70544                    0.0016355645
                2.706573                    0.0015964489
               2.7077057                    0.0015588755
               2.7088387                     0.001522501
               2.7099717                    0.0014870531
               2.7111046                    0.0014523374
               2.7122376                    0.0014182143
               2.7133706                    0.0013845582
               2.7145035                    0.0013512116
               2.7156363                    0.0013179536
               2.7167692                    0.0012844945
               2.7179022                     0.001250495
               2.7190351                    0.0012156076
               2.7201681                    0.0011795203
               2.7213011                    0.0011419907
                2.722434                    0.0011028558
               2.7235668                     0.001062016
               2.7246997                       0.0010194
               2.7258327                   0.00097492198
               2.7269657                   0.00092845107
               2.7280986                    0.0008797996
               2.7292316                   0.00082873879
               2.7303646                   0.00077503407
               2.7314973                   0.00071848737
               2.7326303                   0.00065897085
               2.7337632                   0.00059644057
               2.7348962                   0.00053092308
               2.7360291                   0.00046248213
               2.7371621                   0.00039117638
               2.7382951                   0.00031702421
               2.7394278                   0.00023998905
               2.7405608                   0.00015999057
               2.7416937                   7.6938049e-05
               2.7428267                  -9.2258178e-06
               2.7439597                  -9.8486285e-05
               2.7450926                  -0.00019073683
               2.7462256                  -0.00028578599
               2.7473583                   -0.0003833891
               2.7484913                  -0.00048329448
               2.7496243                  -0.00058528798
               2.7507572                   -0.0006892205
               2.7518902                  -0.00079501019
               2.7530231                  -0.00090261811
               2.7541561                   -0.0010120071
               2.7552888                    -0.001123098
               2.7564218                   -0.0012357377
               2.7575548                   -0.0013496918
               2.7586877                   -0.0014646612
               2.7598207                   -0.0015803205
               2.7609537                   -0.0016963619
               2.7620866                   -0.0018125321
               2.7632194                   -0.0019286496
               2.7643523                   -0.0020445986
               2.7654853                   -0.0021603021
               2.7666183                    -0.002275686
               2.7677512                   -0.0023906452
               2.7688842                    -0.002505024
               2.7700171                   -0.0026186174
               2.7711501                   -0.0027311905
               2.7722828                   -0.0028425106
               2.7734158                   -0.0029523768
               2.7745488                   -0.0030606412
               2.7756817                   -0.0031672136
               2.7768147                   -0.0032720498
               2.7779477                   -0.0033751314
               2.7790806                   -0.0034764446
               2.7802134                   -0.0035759634
               2.7813463                   -0.0036736513
               2.7824793                    -0.003769469
               2.7836123                    -0.003863395
               2.7847452                   -0.0039554415
               2.7858782                   -0.0040456699
               2.7870111                   -0.0041341865
               2.7881439                   -0.0042211302
               2.7892768                   -0.0043066586
               2.7904098                   -0.0043909261
               2.7915428                   -0.0044740746
               2.7926757                   -0.0045562321
               2.7938087                   -0.0046375277
               2.7949417                   -0.0047181067
               2.7960744                   -0.0047981492
               2.7972074                    -0.004877883
               2.7983403                   -0.0049575805
               2.7994733                   -0.0050375499
               2.8006063                   -0.0051181158
               2.8017392                   -0.0051995977
               2.8028722                   -0.0052822982
               2.8040049                   -0.0053664972
               2.8051379                   -0.0054524583
               2.8062708                   -0.0055404403
               2.8074038                   -0.0056307167
               2.8085368                   -0.0057235816
               2.8096697                   -0.0058193579
               2.8108027                    -0.005918391
               2.8119354                   -0.0060210358
               2.8130684                   -0.0061276406
               2.8142014                   -0.0062385309
               2.8153343                   -0.0063540069
               2.8164673                   -0.0064743403
               2.8176003                   -0.0065997797
               2.8187332                   -0.0067305597
               2.8198659                   -0.0068669063
               2.8209989                   -0.0070090406
               2.8221319                   -0.0071571781
               2.8232648                   -0.0073115202
               2.8243978                   -0.0074722506
               2.8255308                   -0.0076395278
               2.8266637                   -0.0078134816
               2.8277965                   -0.0079942141
               2.8289294                   -0.0081818039
               2.8300624                   -0.0083763087
               2.8311954                   -0.0085777631
               2.8323283                   -0.0087861801
               2.8334613                   -0.0090015428
               2.8345942                    -0.009223802
                2.835727                    -0.009452871
               2.8368599                   -0.0096886279
               2.8379929                    -0.009930918
               2.8391259                     -0.01017956
               2.8402588                    -0.010434355
               2.8413918                    -0.010695089
               2.8425248                    -0.010961534
               2.8436575                    -0.011233444
               2.8447905                     -0.01151054
               2.8459234                    -0.011792505
               2.8470564                    -0.012078982
               2.8481894                    -0.012369572
               2.8493223                    -0.012663842
               2.8504553                    -0.012961335
                2.851588                    -0.013261583
                2.852721                    -0.013564114
               2.8538539                    -0.013868463
               2.8549869                    -0.014174158
               2.8561199                    -0.014480722
               2.8572528                    -0.014787653
               2.8583858                    -0.015094431
               2.8595185                    -0.015400505
               2.8606515                      -0.0157053
               2.8617845                    -0.016008236
               2.8629174                     -0.01630873
               2.8640504                    -0.016606208
               2.8651834                    -0.016900107
               2.8663163                    -0.017189879
                2.867449                    -0.017474983
                2.868582                    -0.017754875
                2.869715                    -0.018029008
               2.8708479                    -0.018296832
               2.8719809                    -0.018557783
               2.8731139                    -0.018811308
               2.8742468                    -0.019056866
               2.8753796                    -0.019293945
               2.8765125                    -0.019522063
               2.8776455                    -0.019740768
               2.8787785                     -0.01994963
               2.8799114                    -0.020148246
               2.8810444                    -0.020336222
               2.8821774                    -0.020513181
               2.8833101                    -0.020678757
                2.884443                    -0.020832606
                2.885576                    -0.020974407
                2.886709                    -0.021103872
               2.8878419                    -0.021220751
               2.8889749                    -0.021324819
               2.8901079                    -0.021415886
               2.8912406                    -0.021493778
               2.8923736                    -0.021558348
               2.8935065                    -0.021609463
               2.8946395                    -0.021647016
               2.8957725                    -0.021670928
               2.8969054                     -0.02168116
               2.8980384                    -0.021677703
               2.8991711                    -0.021660598
               2.9003041                    -0.021629913
                2.901437                    -0.021585749
                 2.90257                    -0.021528229
                2.903703                    -0.021457482
               2.9048359                    -0.021373658
               2.9059689                    -0.021276912
               2.9071019                    -0.021167422
               2.9082346                    -0.021045392
               2.9093676                    -0.020911057
               2.9105005                    -0.020764677
               2.9116335                    -0.020606551
               2.9127665                    -0.020436998
               2.9138994                    -0.020256355
               2.9150324                    -0.020064969
               2.9161651                    -0.019863198
               2.9172981                    -0.019651415
                2.918431                    -0.019429998
                2.919564                    -0.019199347
                2.920697                    -0.018959867
               2.9218299                    -0.018711971
               2.9229629                    -0.018456085
               2.9240956                    -0.018192634
               2.9252286                    -0.017922042
               2.9263616                    -0.017644733
               2.9274945                    -0.017361142
               2.9286275                      -0.0170717
               2.9297605                    -0.016776856
               2.9308934                    -0.016477073
               2.9320261                    -0.016172813
               2.9331591                    -0.015864544
               2.9342921                     -0.01555272
                2.935425                    -0.015237777
                2.936558                    -0.014920136
                2.937691                    -0.014600188
               2.9388239                    -0.014278314
               2.9399567                    -0.013954893
               2.9410896                    -0.013630309
               2.9422226                    -0.013304964
               2.9433556                    -0.012979263
               2.9444885                    -0.012653617
               2.9456215                    -0.012328424
               2.9467545                    -0.012004055
               2.9478872                    -0.011680847
               2.9490201                      -0.0113591
               2.9501531                    -0.011039087
               2.9512861                    -0.010721061
                2.952419                    -0.010405281
                2.953552                    -0.010092012
                2.954685                   -0.0097815376
               2.9558177                   -0.0094741471
               2.9569507                   -0.0091701234
               2.9580836                   -0.0088697346
               2.9592166                   -0.0085732071
               2.9603496                   -0.0082807299
               2.9614825                   -0.0079924483
               2.9626155                   -0.0077084797
               2.9637482                   -0.0074289264
               2.9648812                   -0.0071538901
               2.9660141                   -0.0068834815
               2.9671471                   -0.0066178236
               2.9682801                   -0.0063570421
                2.969413                   -0.0061012572
                2.970546                   -0.0058505735
               2.9716787                   -0.0056050727
               2.9728117                    -0.005364811
               2.9739447                   -0.0051298253
               2.9750776                   -0.0049001398
               2.9762106                   -0.0046757711
               2.9773436                    -0.004456731
               2.9784765                   -0.0042430223
               2.9796093                   -0.0040346319
               2.9807422                   -0.0038315258
               2.9818752                   -0.0036336449
               2.9830081                   -0.0034409105
               2.9841411                   -0.0032532355
               2.9852741                   -0.0030705389
                2.986407                   -0.0028927596
               2.9875398                   -0.0027198631
               2.9886727                   -0.0025518371
               2.9898057                    -0.002388678
               2.9909387                    -0.002230369
               2.9920716                    -0.002076861
               2.9932046                   -0.0019280587
               2.9943376                   -0.0017838201
               2.9954703                   -0.0016439704
               2.9966033                   -0.0015083248
               2.9977362                   -0.0013767153
               2.9988692                   -0.0012490109
               3.0000021                   -0.0011251254
               3.0011351                   -0.0010050096
               3.0022681                  -0.00088863017
               3.0034008                  -0.00077594328
               3.0045338                  -0.00066687138
               3.0056667                  -0.00056129129
               3.0067997                  -0.00045903848
               3.0079327                  -0.00035992527
               3.0090656                  -0.00026376729
               3.0101986                  -0.00017040892
               3.0113313                  -7.9738951e-05
               3.0124643                   8.3085724e-06
               3.0135972                   9.3768009e-05
               3.0147302                   0.00017666539
               3.0158632                   0.00025704276
               3.0169961                   0.00033497481
               3.0181291                   0.00041057204
               3.0192618                   0.00048396923
               3.0203948                    0.0005553044
               3.0215278                   0.00062469515
               3.0226607                   0.00069222186
               3.0237937                   0.00075792318
               3.0249267                   0.00082180492
               3.0260596                   0.00088385923
               3.0271924                   0.00094408618
               3.0283253                    0.0010025089
               3.0294583                    0.0010591778
               3.0305912                    0.0011141624
               3.0317242                    0.0011675321
               3.0328572                    0.0012193375
               3.0339901                     0.001269595
               3.0351229                    0.0013182836
               3.0362558                    0.0013653527
               3.0373888                      0.00141074
               3.0385218                    0.0014543906
               3.0396547                    0.0014962704
               3.0407877                    0.0015363684
               3.0419207                    0.0015746861
               3.0430536                    0.0016112197
               3.0441864                      0.00164594
               3.0453193                    0.0016787788
               3.0464523                    0.0017096291
               3.0475852                    0.0017383577
               3.0487182                    0.0017648268
               3.0498512                    0.0017889187
               3.0509841                    0.0018105498
               3.0521169                    0.0018296726
               3.0532498                    0.0018462633
               3.0543828                    0.0018602964
               3.0555158                    0.0018717174
               3.0566487                    0.0018804258
               3.0577817                    0.0018862695
               3.0589147                    0.0018890578
               3.0600474                    0.0018885866
               3.0611804                    0.0018846686
               3.0623133                    0.0018771573
               3.0634463                    0.0018659559
               3.0645792                    0.0018510099
               3.0657122                    0.0018322846
               3.0668452                    0.0018097354
               3.0679779                    0.0017832853
               3.0691109                    0.0017528113
               3.0702438                    0.0017181507
               3.0713768                    0.0016791224
               3.0725098                    0.0016355531
               3.0736427                    0.0015873021
               3.0747757                    0.0015342762
               3.0759084                    0.0014764252
               3.0770414                    0.0014137254
               3.0781744                    0.0013461546
               3.0793073                    0.0012736693
               3.0804403                    0.0011961932
               3.0815732                    0.0011136212
               3.0827062                    0.0010258382
               3.0838389                   0.00093274389
               3.0849719                   0.00083427562
               3.0861049                   0.00073042006
               3.0872378                   0.00062120834
               3.0883708                    0.0005066967
               3.0895038                   0.00038694023
               3.0906367                   0.00026196882
               3.0917695                    0.0001317757
               3.0929024                  -3.6771526e-06
               3.0940354                  -0.00014443771
               3.0951684                  -0.00029053399
               3.0963013                   -0.0004419467
               3.0974343                  -0.00059859426
               3.0985672                  -0.00076033705
                  3.0997                  -0.00092699955
               3.1008329                   -0.0010984035
               3.1019659                   -0.0012743989
               3.1030989                   -0.0014548852
               3.1042318                   -0.0016398098
               3.1053648                   -0.0018291476
               3.1064978                   -0.0020228664
               3.1076305                   -0.0022208905
               3.1087635                   -0.0024230764
               3.1098964                   -0.0026292072
               3.1110294                   -0.0028390097
               3.1121624                   -0.0030521869
               3.1132953                   -0.0032684566
               3.1144283                   -0.0034875821
                3.115561                   -0.0037093831
                3.116694                   -0.0039337254
               3.1178269                   -0.0041604922
               3.1189599                   -0.0043895501
               3.1200929                   -0.0046207146
               3.1212258                   -0.0048537371
               3.1223588                   -0.0050883112
               3.1234915                   -0.0053240997
               3.1246245                   -0.0055607674
               3.1257575                   -0.0057980162
               3.1268904                   -0.0060356027
               3.1280234                   -0.0062733344
               3.1291564                   -0.0065110479
               3.1302893                   -0.0067485766
                3.131422                   -0.0069857147
                3.132555                   -0.0072222017
                3.133688                   -0.0074577178
               3.1348209                   -0.0076919096
               3.1359539                   -0.0079244208
               3.1370869                   -0.0081549333
               3.1382198                   -0.0083831884
               3.1393526                   -0.0086089894
               3.1404855                    -0.008832193
               3.1416185                   -0.0090526631
               3.1427515                   -0.0092702433
               3.1438844                   -0.0094847223
               3.1450174                   -0.0096958261
               3.1461504                   -0.0099032279
               3.1472831                     -0.01010658
                3.148416                    -0.010305554
                3.149549                    -0.010499871
                3.150682                     -0.01068933
               3.1518149                    -0.010873796
               3.1529479                    -0.011053184
               3.1540809                    -0.011227414
               3.1552136                    -0.011396385
               3.1563466                    -0.011559947
               3.1574795                      -0.0117179
               3.1586125                    -0.011870003
               3.1597455                    -0.012016014
               3.1608784                     -0.01215572
               3.1620114                     -0.01228896
               3.1631441                    -0.012415638
               3.1642771                    -0.012535713
                 3.16541                    -0.012649172
                3.166543                    -0.012756002
                3.167676                    -0.012856159
               3.1688089                    -0.012949554
               3.1699419                     -0.01303606
               3.1710746                    -0.013115531
               3.1722076                    -0.013187831
               3.1733406                    -0.013252863
               3.1744735                    -0.013310585
               3.1756065                    -0.013361017
               3.1767395                    -0.013404227
               3.1778724                    -0.013440303
               3.1790054                    -0.013469324
               3.1801381                     -0.01349134
               3.1812711                    -0.013506367
                3.182404                    -0.013514381
                3.183537                    -0.013515354
                 3.18467                    -0.013509261
               3.1858029                    -0.013496118
               3.1869359                    -0.013475987
               3.1880686                    -0.013448982
               3.1892016                    -0.013415248
               3.1903346                    -0.013374948
               3.1914675                    -0.013328228
               3.1926005                    -0.013275209
               3.1937335                    -0.013215977
               3.1948664                    -0.013150591
               3.1959991                    -0.013079107
               3.1971321                    -0.013001586
               3.1982651                    -0.012918126
                3.199398                     -0.01282886
                3.200531                    -0.012733962
                3.201664                    -0.012633622
               3.2027969                    -0.012528032
               3.2039297                    -0.012417365
               3.2050626                    -0.012301757
               3.2061956                    -0.012181312
               3.2073286                    -0.012056109
               3.2084615                    -0.011926223
               3.2095945                    -0.011791745
               3.2107275                    -0.011652803
               3.2118602                    -0.011509565
               3.2129931                     -0.01136223
               3.2141261                    -0.011211015
               3.2152591                    -0.011056131
                3.216392                    -0.010897754
                3.217525                    -0.010736018
                3.218658                     -0.01057101
               3.2197907                    -0.010402783
               3.2209237                     -0.01023138
               3.2220566                    -0.010056862
               3.2231896                   -0.0098793199
               3.2243226                   -0.0096988892
               3.2254555                   -0.0095157428
               3.2265885                   -0.0093300659
               3.2277212                   -0.0091420347
               3.2288542                   -0.0089517897
               3.2299871                   -0.0087594194
               3.2311201                   -0.0085649621
               3.2322531                   -0.0083684186
                3.233386                   -0.0081697749
                3.234519                   -0.0079690274
               3.2356517                    -0.007766203
               3.2367847                   -0.0075613703
               3.2379177                   -0.0073546297
               3.2390506                   -0.0071460987
               3.2401836                   -0.0069358861
               3.2413166                   -0.0067240736
               3.2424495                   -0.0065107015
               3.2435822                   -0.0062957713
               3.2447152                   -0.0060792584
               3.2458482                   -0.0058611333
               3.2469811                   -0.0056413808
               3.2481141                   -0.0054200133
               3.2492471                   -0.0051970724
                 3.25038                   -0.0049726162
               3.2515128                   -0.0047467081
               3.2526457                   -0.0045193932
               3.2537787                   -0.0042906897
               3.2549117                   -0.0040605892
               3.2560446                    -0.003829065
               3.2571776                   -0.0035960898
               3.2583106                   -0.0033616535
               3.2594433                   -0.0031257761
               3.2605762                   -0.0028885049
               3.2617092                   -0.0026499045
               3.2628422                   -0.0024100402
               3.2639751                   -0.0021689583
               3.2651081                   -0.0019266765
               3.2662411                   -0.0016831836
               3.2673738                    -0.001438455
               3.2685068                   -0.0011924753
               3.2696397                  -0.00094526215
               3.2707727                  -0.00069688179
               3.2719057                  -0.00044745152
               3.2730386                  -0.00019712595
               3.2741716                   5.3928423e-05
               3.2753043                   0.00030556243
               3.2764373                   0.00055766723
               3.2775702                   0.00081018271
               3.2787032                    0.0010630877
               3.2798362                    0.0013163745
               3.2809691                    0.0015700154
               3.2821021                    0.0018239325
               3.2832348                    0.0020779802
               3.2843678                    0.0023319472
               3.2855008                    0.0025855775
               3.2866337                    0.0028386035
               3.2877667                    0.0030907807
               3.2888997                    0.0033419132
               3.2900326                    0.0035918611
               3.2911654                    0.0038405282
               3.2922983                    0.0040878323
               3.2934313                    0.0043336703
               3.2945642                    0.0045778872
               3.2956972                    0.0048202639
               3.2968302                    0.0050605182
               3.2979631                    0.0052983332
               3.2990959                    0.0055333856
               3.3002288                    0.0057653808
               3.3013618                    0.0059940745
               3.3024948                    0.0062192767
               3.3036277                    0.0064408374
               3.3047607                    0.0066586211
               3.3058937                    0.0068724761
               3.3070264                    0.0070822099
               3.3081594                    0.0072875796
               3.3092923                    0.0074883006
               3.3104253                     0.007684066
               3.3115582                    0.0078745745
               3.3126912                    0.0080595613
               3.3138242                    0.0082388036
               3.3149571                    0.0084121283
               3.3160899                    0.0085793938
               3.3172228                    0.0087404726
               3.3183558                    0.0088952258
               3.3194888                    0.0090434989
               3.3206217                    0.0091851093
               3.3217547                    0.0093198558
               3.3228877                    0.0094475448
               3.3240204                     0.009568003
               3.3251534                    0.0096810935
               3.3262863                    0.0097867204
               3.3274193                     0.009884825
               3.3285522                    0.0099753691
               3.3296852                     0.010058317
               3.3308182                     0.010133626
               3.3319509                     0.010201236
               3.3330839                     0.010261078
               3.3342168                     0.010313085
               3.3353498                     0.010357207
               3.3364828                     0.010393424
               3.3376157                     0.010421759
               3.3387487                     0.010442271
               3.3398814                     0.010455053
               3.3410144                     0.010460217
               3.3421474                     0.010457875
               3.3432803                      0.01044814
               3.3444133                     0.010431114
               3.3455462                     0.010406894
               3.3466792                     0.010375587
               3.3478119                     0.010337313
               3.3489449                     0.010292217
               3.3500779                     0.010240476
               3.3512108                     0.010182291
               3.3523438                     0.010117888
               3.3534768                     0.010047495
               3.3546097                    0.0099713495
               3.3557425                     0.009889679
               3.3568754                    0.0098027047
               3.3580084                    0.0097106453
               3.3591413                    0.0096137216
               3.3602743                    0.0095121674
               3.3614073                    0.0094062304
               3.3625402                    0.0092961807
                3.363673                    0.0091822995
               3.3648059                     0.009064883
               3.3659389                    0.0089442274
               3.3670719                    0.0088206306
               3.3682048                    0.0086943759
               3.3693378                    0.0085657323
               3.3704708                    0.0084349606
               3.3716035                    0.0083023077
               3.3727365                    0.0081680184
               3.3738694                    0.0080323331
               3.3750024                    0.0078954976
               3.3761353                    0.0077577601
               3.3772683                    0.0076193763
               3.3784013                     0.007480605
                3.379534                    0.0073417048
                3.380667                    0.0072029335
               3.3817999                    0.0070645413
               3.3829329                    0.0069267647
               3.3840659                    0.0067898287
               3.3851988                    0.0066539361
               3.3863318                    0.0065192678
               3.3874645                    0.0063859844
               3.3885975                     0.006254225
               3.3897305                    0.0061241151
               3.3908634                    0.0059957718
               3.3919964                    0.0058693131
               3.3931293                    0.0057448633
               3.3942623                    0.0056225564
                3.395395                    0.0055025346
                3.396528                    0.0053849448
                3.397661                    0.0052699251
               3.3987939                    0.0051575918
               3.3999269                    0.0050480291
               3.4010599                    0.0049412814
               3.4021928                      0.00483735
               3.4033256                    0.0047362046
               3.4044585                    0.0046377983
               3.4055915                    0.0045420825
               3.4067245                     0.004449029
               3.4078574                    0.0043586371
               3.4089904                    0.0042709415
               3.4101233                    0.0041859993
               3.4112561                    0.0041038757
                3.412389                    0.0040246206
                3.413522                    0.0039482526
                3.414655                    0.0038747429
               3.4157879                    0.0038040143
               3.4169209                    0.0037359528
               3.4180539                    0.0036704245
               3.4191866                    0.0036072978
               3.4203196                    0.0035464636
               3.4214525                    0.0034878463
               3.4225855                    0.0034314031
               3.4237185                    0.0033771151
               3.4248514                    0.0033249683
               3.4259844                    0.0032749355
               3.4271171                     0.003226964
               3.4282501                    0.0031809704
                3.429383                    0.0031368472
                3.430516                    0.0030944778
                3.431649                    0.0030537541
               3.4327819                    0.0030145901
               3.4339149                    0.0029769298
               3.4350476                    0.0029407432
               3.4361806                    0.0029060144
               3.4373136                    0.0028727232
               3.4384465                    0.0028408314
               3.4395795                    0.0028102749
               3.4407125                    0.0027809648
               3.4418454                    0.0027527988
               3.4429781                    0.0027256804
               3.4441111                    0.0026995342
               3.4452441                    0.0026743209
                3.446377                    0.0026500367
                 3.44751                    0.0026267057
                3.448643                    0.0026043635
               3.4497759                    0.0025830374
               3.4509089                    0.0025627294
               3.4520416                    0.0025434096
               3.4531746                    0.0025250185
               3.4543076                    0.0025074817
               3.4554405                     0.002490727
               3.4565735                    0.0024747045
               3.4577065                    0.0024593978
               3.4588394                     0.002444827
               3.4599721                    0.0024310395
               3.4611051                    0.0024180969
               3.4622381                    0.0024060556
                3.463371                    0.0023949542
                3.464504                    0.0023848054
                3.465637                    0.0023755983
               3.4667699                    0.0023673077
               3.4679027                    0.0023599081
               3.4690356                    0.0023533851
               3.4701686                    0.0023477422
               3.4713016                    0.0023430018
               3.4724345                    0.0023391971
               3.4735675                    0.0023363626
               3.4747005                    0.0023345237
               3.4758332                    0.0023336897
               3.4769661                    0.0023338534
               3.4780991                    0.0023349952
               3.4792321                    0.0023370925
                3.480365                    0.0023401286
                3.481498                    0.0023440979
                3.482631                    0.0023490086
               3.4837637                    0.0023548771
               3.4848967                    0.0023617221
               3.4860296                    0.0023695522
               3.4871626                    0.0023783597
               3.4882956                     0.002388115
               3.4894285                     0.002398767
               3.4905615                    0.0024102496
               3.4916942                    0.0024224906
               3.4928272                    0.0024354202
               3.4939601                    0.0024489807
               3.4950931                      0.00246313
               3.4962261                    0.0024778412
                3.497359                    0.0024930974
                3.498492                    0.0025088857
               3.4996247                    0.0025251848
               3.5007577                    0.0025419581
               3.5018907                    0.0025591466
               3.5030236                    0.0025766655
               3.5041566                    0.0025944081
               3.5052896                    0.0026122513
               3.5064225                    0.0026300654
               3.5075552                    0.0026477282
               3.5086882                    0.0026651311
               3.5098212                    0.0026821888
               3.5109541                    0.0026988389
               3.5120871                    0.0027150379
               3.5132201                    0.0027307502
                3.514353                    0.0027459355
               3.5154858                    0.0027605365
               3.5166187                    0.0027744689
               3.5177517                    0.0027876194
               3.5188847                      0.00279985
               3.5200176                    0.0028110102
               3.5211506                    0.0028209512
               3.5222836                    0.0028295394
               3.5234163                    0.0028366686
               3.5245492                    0.0028422633
               3.5256822                    0.0028462738
               3.5268152                    0.0028486676
               3.5279481                    0.0028494145
               3.5290811                    0.0028484771
               3.5302141                    0.0028458009
               3.5313468                    0.0028413143
               3.5324798                    0.0028349336
               3.5336127                    0.0028265731
               3.5347457                    0.0028161537
               3.5358787                    0.0028036116
               3.5370116                    0.0027888999
               3.5381446                    0.0027719887
               3.5392773                    0.0027528584
               3.5404103                     0.002731493
               3.5415432                    0.0027078774
               3.5426762                    0.0026819939
               3.5438092                    0.0026538263
               3.5449421                    0.0026233657
               3.5460751                    0.0025906174
               3.5472078                    0.0025556036
               3.5483408                    0.0025183645
               3.5494738                    0.0024789535
               3.5506067                     0.002437429
               3.5517397                    0.0023938473
               3.5528727                    0.0023482575
               3.5540056                    0.0023007011
               3.5551383                    0.0022512183
               3.5562713                    0.0021998545
               3.5574043                    0.0021466685
               3.5585372                    0.0020917403
               3.5596702                    0.0020351717
               3.5608032                    0.0019770828
               3.5619361                    0.0019176039
               3.5630689                    0.0018568662
               3.5642018                    0.0017949945
               3.5653348                    0.0017321042
               3.5664678                    0.0016683048
               3.5676007                    0.0016037057
               3.5687337                    0.0015384258
               3.5698667                    0.0014726002
               3.5709994                    0.0014063825
               3.5721323                    0.0013399418
               3.5732653                    0.0012734531
               3.5743983                    0.0012070872
               3.5755312                    0.0011409995
               3.5766642                    0.0010753255
               3.5777972                    0.0010101816
               3.5789301                   0.00094567286
               3.5800629                   0.00088190468
               3.5811958                     0.000818995
               3.5823288                   0.00075708277
               3.5834618                   0.00069632963
               3.5845947                   0.00063691416
               3.5857277                   0.00057902059
               3.5868607                   0.00052282552
               3.5879934                   0.00046848666
               3.5891263                   0.00041613576
               3.5902593                   0.00036587895
               3.5913923                   0.00031780274
               3.5925252                   0.00027198406
               3.5936582                   0.00022850017
               3.5947912                   0.00018743557
               3.5959239                   0.00014888356
               3.5970569                   0.00011294272
               3.5981898                   7.9709964e-05
               3.5993228                   4.9272836e-05
               3.6004558                   2.1703825e-05
               3.6015887                  -2.9412224e-06
               3.6027217                  -2.4620575e-05
               3.6038544                   -4.330141e-05
               3.6049874                  -5.8954127e-05
               3.6061203                  -7.1548697e-05
               3.6072533                  -8.1054655e-05
               3.6083863                  -8.7444751e-05
               3.6095192                   -9.070104e-05
               3.6106522                  -9.0820795e-05
               3.6117849                  -8.7820015e-05
               3.6129179                  -8.1732993e-05
               3.6140509                    -7.26078e-05
               3.6151838                  -6.0499246e-05
               3.6163168                   -4.546142e-05
               3.6174498                  -2.7542676e-05
               3.6185827                  -6.7849032e-06
               3.6197155                   1.6772385e-05
               3.6208484                   4.3084903e-05
               3.6219814                   7.2095827e-05
               3.6231143                   0.00010373028
               3.6242473                   0.00013789409
               3.6253803                   0.00017447746
               3.6265132                    0.0002133628
                3.627646                   0.00025443421
               3.6287789                   0.00029758509
               3.6299119                   0.00034272188
               3.6310449                   0.00038976202
               3.6321778                   0.00043862785
               3.6333108                   0.00048923807
               3.6344438                   0.00054150017
               3.6355765                    0.0005953068
               3.6367095                   0.00065053691
               3.6378424                   0.00070706196
               3.6389754                   0.00076475414
               3.6401083                   0.00082349422
               3.6412413                   0.00088317628
               3.6423743                   0.00094370695
                3.643507                    0.0010050002
                 3.64464                    0.0010669691
               3.6457729                    0.0011295193
               3.6469059                    0.0011925466
               3.6480389                    0.0012559395
               3.6491718                    0.0013195871
               3.6503048                    0.0013833893
               3.6514375                    0.0014472654
               3.6525705                    0.0015111573
               3.6537035                    0.0015750275
               3.6548364                      0.00163885
               3.6559694                    0.0017025976
               3.6571023                    0.0017662314
               3.6582353                    0.0018296944
                3.659368                    0.0018929128
                3.660501                    0.0019558046
                3.661634                    0.0020182931
               3.6627669                    0.0020803197
               3.6638999                    0.0021418508
               3.6650329                    0.0022028801
               3.6661658                    0.0022634177
               3.6672986                    0.0023234764
               3.6684315                     0.002383057
               3.6695645                     0.002442138
               3.6706975                    0.0025006733
               3.6718304                    0.0025586027
               3.6729634                    0.0026158672
               3.6740963                    0.0026724273
               3.6752291                     0.002728275
                3.676362                     0.002783437
                3.677495                    0.0028379676
                3.678628                    0.0028919282
               3.6797609                    0.0029453686
               3.6808939                    0.0029983094
               3.6820269                    0.0030507322
               3.6831596                    0.0031025871
               3.6842926                    0.0031538061
               3.6854255                    0.0032043254
               3.6865585                    0.0032541042
               3.6876915                    0.0033031334
               3.6888244                    0.0033514332
               3.6899574                    0.0033990368
               3.6910901                    0.0034459697
               3.6922231                    0.0034922273
                3.693356                    0.0035377662
                3.694489                    0.0035825055
                3.695622                    0.0036263419
               3.6967549                    0.0036691758
               3.6978879                    0.0037109314
               3.6990206                    0.0037515715
               3.7001536                    0.0037910936
               3.7012866                    0.0038295127
               3.7024195                    0.0038668327
               3.7035525                    0.0039030192
               3.7046854                    0.0039379792
               3.7058184                    0.0039715646
               3.7069511                    0.0040035858
               3.7080841                    0.0040338463
               3.7092171                    0.0040621767
                 3.71035                      0.00408846
                3.711483                    0.0041126395
                3.712616                    0.0041347025
               3.7137489                    0.0041546496
               3.7148819                    0.0041724555
               3.7160146                    0.0041880356
               3.7171476                    0.0042012315
               3.7182806                    0.0042118216
               3.7194135                    0.0042195502
               3.7205465                    0.0042241733
               3.7216794                    0.0042254948
               3.7228124                    0.0042233923
               3.7239451                    0.0042178161
               3.7250781                    0.0042087645
               3.7262111                    0.0041962434
                3.727344                    0.0041802246
                3.728477                    0.0041606142
                 3.72961                    0.0041372487
               3.7307429                    0.0041099139
               3.7318757                    0.0040783822
               3.7330086                    0.0040424555
               3.7341416                    0.0040020025
               3.7352746                    0.0039569708
               3.7364075                    0.0039073769
               3.7375405                    0.0038532717
               3.7386734                    0.0037946994
               3.7398062                    0.0037316615
               3.7409391                    0.0036640996
               3.7420721                    0.0035919012
               3.7432051                    0.0035149301
                3.744338                    0.0034330674
                3.745471                    0.0033462471
                3.746604                    0.0032544818
               3.7477367                     0.003157859
               3.7488697                    0.0030565187
               3.7500026                     0.002950619
               3.7511356                    0.0028402975
               3.7522686                    0.0027256506
               3.7534015                     0.002606729
               3.7545345                    0.0024835593
               3.7556672                    0.0023561718
               3.7568002                    0.0022246353
               3.7579331                    0.0020890767
               3.7590661                    0.0019496834
               3.7601991                    0.0018066872
                3.761332                     0.001660333
                3.762465                    0.0015108496
               3.7635977                    0.0013584313
               3.7647307                    0.0012032383
               3.7658637                    0.0010454161
               3.7669966                   0.00088512636
               3.7681296                   0.00072257686
               3.7692626                   0.00055803894
               3.7703955                   0.00039184399
               3.7715282                   0.00022436026
               3.7726612                   5.5957156e-05
               3.7737942                  -0.00011303039
               3.7749271                   -0.0002823243
               3.7760601                  -0.00045170414
               3.7771931                  -0.00062098523
                3.778326                  -0.00078998168
               3.7794588                   -0.0009584676
               3.7805917                     -0.00112615
               3.7817247                   -0.0012926655
               3.7828577                   -0.0014576005
               3.7839906                   -0.0016205303
               3.7851236                   -0.0017810608
               3.7862566                   -0.0019388609
               3.7873893                   -0.0020936714
               3.7885222                   -0.0022452916
               3.7896552                   -0.0023935435
               3.7907882                   -0.0025382312
               3.7919211                   -0.0026791086
               3.7930541                   -0.0028158692
               3.7941871                   -0.0029481594
               3.7953198                   -0.0030756146
               3.7964528                   -0.0031979019
               3.7975857                   -0.0033147559
               3.7987187                    -0.003425993
               3.7998517                   -0.0035314995
               3.8009846                   -0.0036311971
               3.8021176                   -0.0037249972
               3.8032503                    -0.003812761
               3.8043833                    -0.003894282
               3.8055162                    -0.003969294
               3.8066492                   -0.0040375087
               3.8077822                   -0.0040986631
               3.8089151                    -0.004152569
               3.8100481                   -0.0041991421
               3.8111808                   -0.0042383997
               3.8123138                   -0.0042704321
               3.8134468                   -0.0042953501
               3.8145797                   -0.0043132356
               3.8157127                   -0.0043241018
               3.8168457                   -0.0043278811
               3.8179786                    -0.004324446
               3.8191113                   -0.0043136533
               3.8202443                   -0.0042953952
               3.8213773                   -0.0042696446
               3.8225102                    -0.004236476
               3.8236432                   -0.0041960576
               3.8247762                   -0.0041486179
               3.8259091                   -0.0040943958
               3.8270419                    -0.004033599
               3.8281748                   -0.0039663739
               3.8293078                   -0.0038928019
               3.8304408                    -0.003812924
               3.8315737                   -0.0037267748
               3.8327067                   -0.0036344258
               3.8338397                   -0.0035360144
               3.8349724                   -0.0034317521
               3.8361053                   -0.0033219135
               3.8372383                   -0.0032068063
               3.8383713                    -0.003086735
               3.8395042                   -0.0029619748
               3.8406372                   -0.0028327554
               3.8417702                   -0.0026992648
               3.8429029                   -0.0025616684
               3.8440359                   -0.0024201341
               3.8451688                   -0.0022748541
               3.8463018                   -0.0021260579
               3.8474348                   -0.0019740101
               3.8485677                   -0.0018190002
               3.8497007                   -0.0016613235
               3.8508337                   -0.0015012664
               3.8519664                   -0.0013390967
               3.8530993                   -0.0011750642
               3.8542323                   -0.0010094086
               3.8553653                  -0.00084236945
               3.8564982                   -0.0006741946
               3.8576312                  -0.00050514197
               3.8587642                  -0.00033547467
               3.8598969                  -0.00016545161
               3.8610299                   4.6821078e-06
               3.8621628                   0.00017470062
               3.8632958                   0.00034439578
               3.8644288                   0.00051356887
               3.8655617                   0.00068201864
               3.8666947                   0.00084953103
               3.8678274                     0.001015875
               3.8689604                    0.0011808067
               3.8700933                    0.0013440805
               3.8712263                    0.0015054647
               3.8723593                    0.0016647546
               3.8734922                    0.0018217792
               3.8746252                    0.0019763988
               3.8757579                     0.002128494
               3.8768909                    0.0022779498
               3.8780239                    0.0024246408
               3.8791568                    0.0025684207
               3.8802898                    0.0027091233
               3.8814228                    0.0028465718
               3.8825557                    0.0029805936
               3.8836884                    0.0031110372
               3.8848214                     0.003237783
               3.8859544                    0.0033607455
               3.8870873                    0.0034798677
               3.8882203                    0.0035951054
               3.8893533                    0.0037064161
               3.8904862                    0.0038137417
                3.891619                    0.0039170091
               3.8927519                    0.0040161302
               3.8938849                    0.0041110152
               3.8950179                    0.0042015859
               3.8961508                    0.0042877854
               3.8972838                    0.0043695858
               3.8984168                    0.0044469866
               3.8995495                    0.0045200065
               3.9006824                    0.0045886729
               3.9018154                    0.0046530087
               3.9029484                    0.0047130268
               3.9040813                    0.0047687264
               3.9052143                     0.004820101
               3.9063473                    0.0048671421
                 3.90748                    0.0049098511
                3.908613                    0.0049482458
               3.9097459                    0.0049823606
               3.9108789                    0.0050122454
               3.9120119                    0.0050379611
               3.9131448                    0.0050595724
               3.9142778                    0.0050771418
               3.9154105                    0.0050907265
               3.9165435                    0.0051003806
               3.9176764                    0.0051061576
               3.9188094                    0.0051081176
               3.9199424                    0.0051063271
               3.9210753                    0.0051008654
               3.9222083                    0.0050918199
                3.923341                    0.0050792852
                3.924474                     0.005063355
                3.925607                     0.005044119
               3.9267399                    0.0050216578
               3.9278729                    0.0049960436
               3.9290059                    0.0049673421
               3.9301388                    0.0049356185
               3.9312716                    0.0049009449
               3.9324045                    0.0048634047
               3.9335375                     0.004823097
               3.9346704                    0.0047801365
               3.9358034                    0.0047346493
               3.9369364                    0.0046867603
               3.9380693                    0.0046365852
               3.9392021                    0.0045842221
                3.940335                    0.0045297444
                3.941468                    0.0044732047
                3.942601                    0.0044146404
               3.9437339                    0.0043540886
               3.9448669                    0.0042915987
               3.9459999                    0.0042272438
               3.9471326                    0.0041611269
               3.9482656                    0.0040933769
               3.9493985                    0.0040241359
               3.9505315                     0.003953544
               3.9516644                    0.0038817187
               3.9527974                     0.003808747
               3.9539304                    0.0037346773
               3.9550631                    0.0036595296
               3.9561961                     0.003583309
                3.957329                    0.0035060286
                3.958462                    0.0034277227
                3.959595                    0.0033484595
               3.9607279                    0.0032683387
               3.9618609                    0.0031874801
               3.9629936                    0.0031060064
               3.9641266                    0.0030240223
               3.9652596                    0.0029416024
               3.9663925                    0.0028587882
               3.9675255                    0.0027755962
               3.9686584                    0.0026920324
               3.9697914                    0.0026081116
               3.9709241                    0.0025238711
               3.9720571                    0.0024393753
               3.9731901                    0.0023547104
                3.974323                    0.0022699703
                3.975456                    0.0021852397
                3.976589                    0.0021005829
               3.9777219                    0.0020160375
               3.9788547                     0.001931621
               3.9799876                    0.0018473458
               3.9811206                    0.0017632354
               3.9822536                    0.0016793374
               3.9833865                    0.0015957279
               3.9845195                    0.0015125053
               3.9856524                    0.0014297753
               3.9867854                    0.0013476311
               3.9879181                    0.0012661393
               3.9890511                    0.0011853331
               3.9901841                    0.0011052191
                3.991317                    0.0010257922
                 3.99245                   0.00094705657
                3.993583                    0.0008690441
               3.9947159                   0.00079182209
               3.9958487                   0.00071548903
               3.9969816                    0.0006401593
               3.9981146                   0.00056594179
               3.9992476                    0.0004929204
               4.0003805                   0.00042114395
               4.0015135                   0.00035062863
               4.0026464                   0.00028137208
               4.0037794                   0.00021337385
               4.0049124                   0.00014665505
               4.0060453                   8.1269565e-05
               4.0071778                   1.7303473e-05
               4.0083108                  -4.5137891e-05
               4.0094438                  -0.00010595024
               4.0105767                  -0.00016505102
               4.0117097                  -0.00022239321
               4.0128427                  -0.00027796708
               4.0139756                  -0.00033178984
               4.0151086                  -0.00038388715
               4.0162416                  -0.00043427353
               4.0173745                  -0.00048293907
               4.0185075                  -0.00052984612
               4.0196404                   -0.0005749382
               4.0207734                  -0.00061815593
               4.0219064                  -0.00065945479
               4.0230389                  -0.00069881754
               4.0241718                  -0.00073625694
               4.0253048                  -0.00077180919
               4.0264378                   -0.0008055208
               4.0275707                  -0.00083743426
               4.0287037                  -0.00086757954
               4.0298367                  -0.00089597359
               4.0309696                  -0.00092262949
               4.0321026                  -0.00094756996
               4.0332355                  -0.00097083999
               4.0343685                  -0.00099251245
               4.0355015                   -0.0010126841
               4.0366344                   -0.0010314621
               4.0377674                   -0.0010489487
               4.0388999                   -0.0010652266
               4.0400329                   -0.0010803548
               4.0411658                   -0.0010943747
               4.0422988                   -0.0011073274
               4.0434318                   -0.0011192741
               4.0445647                   -0.0011303131
               4.0456977                   -0.0011405871
               4.0468307                   -0.0011502755
               4.0479636                   -0.0011595759
               4.0490966                   -0.0011686798
               4.0502295                   -0.0011777505
               4.0513625                   -0.0011869104
               4.0524955                   -0.0011962441
               4.0536284                   -0.0012058143
               4.0547614                   -0.0012156859
               4.0558939                   -0.0012259487
               4.0570269                   -0.0012367326
               4.0581598                   -0.0012482068
               4.0592928                   -0.0012605675
               4.0604258                   -0.0012740148
               4.0615587                   -0.0012887315
               4.0626917                   -0.0013048674
               4.0638247                   -0.0013225378
               4.0649576                   -0.0013418342
               4.0660906                    -0.001362843
               4.0672235                   -0.0013856627
               4.0683565                   -0.0014104135
               4.0694895                   -0.0014372342
               4.0706224                   -0.0014662672
               4.0717549                   -0.0014976376
               4.0728879                   -0.0015314354
               4.0740209                   -0.0015677062
               4.0751538                   -0.0016064586
               4.0762868                   -0.0016476838
               4.0774198                   -0.0016913823
               4.0785527                   -0.0017375867
               4.0796857                   -0.0017863716
               4.0808187                    -0.001837845
               4.0819516                   -0.0018921254
               4.0830846                   -0.0019493093
               4.0842175                   -0.0020094393
               4.0853505                   -0.0020724882
               4.0864835                   -0.0021383613
                4.087616                   -0.0022069188
               4.0887489                   -0.0022780097
               4.0898819                   -0.0023515059
               4.0910149                   -0.0024273254
               4.0921478                   -0.0025054335
               4.0932808                    -0.002585826
               4.0944138                   -0.0026684946
               4.0955467                   -0.0027533919
               4.0966797                   -0.0028404049
               4.0978127                   -0.0029293492
               4.0989456                   -0.0030199876
               4.1000786                   -0.0031120612
               4.1012115                   -0.0032053287
               4.1023445                   -0.0032995972
                4.103477                   -0.0033947318
                 4.10461                    -0.003490644
               4.1057429                   -0.0035872601
               4.1068759                   -0.0036844802
               4.1080089                   -0.0037821468
               4.1091418                   -0.0038800254
               4.1102748                   -0.0039778133
               4.1114078                   -0.0040751691
               4.1125407                   -0.0041717514
               4.1136737                   -0.0042672581
               4.1148067                   -0.0043614516
               4.1159396                   -0.0044541596
               4.1170726                   -0.0045452556
               4.1182055                   -0.0046346257
                4.119338                    -0.004722131
                4.120471                   -0.0048075807
                4.121604                   -0.0048907283
               4.1227369                   -0.0049712812
               4.1238699                    -0.005048933
               4.1250029                   -0.0051233936
               4.1261358                   -0.0051944167
               4.1272688                   -0.0052618105
               4.1284018                   -0.0053254296
               4.1295347                   -0.0053851521
               4.1306677                   -0.0054408521
               4.1318007                   -0.0054923808
               4.1329336                   -0.0055395556
               4.1340666                   -0.0055821678
               4.1351991                   -0.0056200046
                4.136332                   -0.0056528756
                4.137465                   -0.0056806328
                4.138598                   -0.0057031782
               4.1397309                   -0.0057204603
               4.1408639                   -0.0057324525
               4.1419969                   -0.0057391287
               4.1431298                   -0.0057404414
               4.1442628                   -0.0057363147
               4.1453958                   -0.0057266466
               4.1465287                   -0.0057113273
               4.1476617                   -0.0056902627
               4.1487947                   -0.0056633991
               4.1499276                   -0.0056307358
               4.1510601                   -0.0055923252
               4.1521931                   -0.0055482578
                4.153326                   -0.0054986412
                4.154459                   -0.0054435809
                4.155592                   -0.0053831609
               4.1567249                   -0.0053174398
               4.1578579                   -0.0052464576
               4.1589909                   -0.0051702503
               4.1601238                    -0.005088869
               4.1612568                   -0.0050023939
               4.1623898                   -0.0049109398
               4.1635227                    -0.004814656
               4.1646557                   -0.0047137155
               4.1657887                   -0.0046083024
               4.1669211                   -0.0044986014
               4.1680541                   -0.0043847919
               4.1691871                   -0.0042670444
                 4.17032                   -0.0041455263
                4.171453                   -0.0040204106
                4.172586                   -0.0038918788
               4.1737189                   -0.0037601276
               4.1748519                   -0.0036253682
               4.1759849                   -0.0034878231
               4.1771178                   -0.0033477214
               4.1782508                   -0.0032052947
               4.1793838                   -0.0030607723
               4.1805167                   -0.0029143812
               4.1816497                   -0.0027663435
               4.1827822                   -0.0026168774
               4.1839151                   -0.0024661974
               4.1850481                   -0.0023145152
               4.1861811                    -0.002162043
                4.187314                   -0.0020089946
                4.188447                   -0.0018555891
                 4.18958                   -0.0017020539
               4.1907129                   -0.0015486261
               4.1918459                   -0.0013955487
               4.1929789                   -0.0012430665
               4.1941118                   -0.0010914168
               4.1952448                  -0.00094081962
               4.1963778                  -0.00079147232
               4.1975107                  -0.00064354762
               4.1986437                  -0.00049720006
               4.1997762                  -0.00035257693
               4.2009091                  -0.00020983268
               4.2020421                  -6.9140602e-05
               4.2031751                   6.9301903e-05
                4.204308                   0.00020527765
                4.205441                   0.00033856288
                4.206574                   0.00046894609
               4.2077069                   0.00059624622
               4.2088399                    0.0007203244
               4.2099729                   0.00084108498
               4.2111058                   0.00095846498
               4.2122388                    0.0010724132
               4.2133718                    0.0011828678
               4.2145047                    0.0012897386
               4.2156372                    0.0013928995
               4.2167702                    0.0014921966
               4.2179031                    0.0015874655
               4.2190361                    0.0016785582
               4.2201691                    0.0017653649
                4.221302                    0.0018478283
                4.222435                    0.0019259423
                4.223568                     0.001999737
               4.2247009                     0.002069253
               4.2258339                    0.0021345157
               4.2269669                    0.0021955145
               4.2280998                    0.0022521983
               4.2292328                    0.0023044823
               4.2303658                    0.0023522708
               4.2314982                     0.002395483
               4.2326312                    0.0024340772
               4.2337642                    0.0024680602
               4.2348971                    0.0024974882
               4.2360301                    0.0025224499
               4.2371631                    0.0025430457
                4.238296                    0.0025593629
                4.239429                    0.0025714622
                4.240562                    0.0025793703
               4.2416949                      0.00258309
               4.2428279                    0.0025826131
               4.2439609                    0.0025779393
               4.2450938                    0.0025690903
               4.2462268                    0.0025561163
               4.2473593                    0.0025390941
               4.2484922                    0.0025181174
               4.2496252                    0.0024932839
               4.2507582                    0.0024646851
               4.2518911                    0.0024324018
               4.2530241                     0.002396506
               4.2541571                    0.0023570659
                 4.25529                    0.0023141529
                4.256423                    0.0022678473
                4.257556                    0.0022182385
               4.2586889                    0.0021654209
               4.2598219                    0.0021094885
               4.2609549                    0.0020505264
               4.2620878                    0.0019886098
               4.2632203                    0.0019238039
               4.2643533                    0.0018561709
               4.2654862                    0.0017857794
               4.2666192                    0.0017127094
               4.2677522                     0.001637058
               4.2688851                    0.0015589353
               4.2700181                    0.0014784596
               4.2711511                    0.0013957472
                4.272284                     0.001310905
                4.273417                    0.0012240249
                 4.27455                    0.0011351854
               4.2756829                    0.0010444548
               4.2768159                   0.00095189951
               4.2779489                    0.0008575914
               4.2790813                   0.00076161203
               4.2802143                   0.00066405348
               4.2813473                   0.00056501478
               4.2824802                     0.000464596
               4.2836132                   0.00036289246
               4.2847462                   0.00025999185
               4.2858791                   0.00015597383
               4.2870121                   5.0912789e-05
               4.2881451                   -5.511778e-05
                4.289278                  -0.00016204115
                4.290411                   -0.0002697751
                4.291544                   -0.0003782323
               4.2926769                  -0.00048732298
               4.2938099                  -0.00059695775
               4.2949424                  -0.00070704974
               4.2960753                  -0.00081751408
               4.2972083                  -0.00092826632
               4.2983413                   -0.0010392192
               4.2994742                   -0.0011502802
               4.3006072                   -0.0012613513
               4.3017402                   -0.0013723299
               4.3028731                   -0.0014831132
               4.3040061                   -0.0015936026
               4.3051391                   -0.0017037067
                4.306272                   -0.0018133413
                4.307405                   -0.0019224266
                4.308538                   -0.0020308814
               4.3096709                   -0.0021386163
               4.3108034                   -0.0022455314
               4.3119364                   -0.0023515141
               4.3130693                   -0.0024564443
               4.3142023                   -0.0025602002
               4.3153353                   -0.0026626652
               4.3164682                   -0.0027637337
               4.3176012                   -0.0028633112
               4.3187342                   -0.0029613096
               4.3198671                    -0.003057641
               4.3210001                   -0.0031522103
               4.3221331                   -0.0032449102
                4.323266                   -0.0033356212
                4.324399                   -0.0034242179
                4.325532                   -0.0035105753
               4.3266649                   -0.0035945785
               4.3277974                   -0.0036761281
               4.3289304                   -0.0037551394
               4.3300633                   -0.0038315346
               4.3311963                   -0.0039052339
               4.3323293                   -0.0039761411
               4.3334622                   -0.0040441416
               4.3345952                    -0.004109099
               4.3357282                   -0.0041708639
               4.3368611                   -0.0042292913
               4.3379941                   -0.0042842561
               4.3391271                   -0.0043356647
                 4.34026                   -0.0043834592
                4.341393                   -0.0044276146
                4.342526                   -0.0044681216
               4.3436584                   -0.0045049693
               4.3447914                   -0.0045381263
               4.3459244                   -0.0045675291
               4.3470573                   -0.0045930827
               4.3481903                   -0.0046146722
               4.3493233                    -0.004632182
               4.3504562                   -0.0046455134
               4.3515892                   -0.0046546035
               4.3527222                   -0.0046594329
               4.3538551                   -0.0046600206
               4.3549881                   -0.0046564098
               4.3561211                   -0.0046486524
                4.357254                   -0.0046367892
                4.358387                   -0.0046208431
               4.3595195                   -0.0046008141
               4.3606524                   -0.0045766896
               4.3617854                   -0.0045484565
               4.3629184                   -0.0045161173
               4.3640513                   -0.0044797002
               4.3651843                   -0.0044392655
               4.3663173                   -0.0043948991
               4.3674502                   -0.0043467078
               4.3685832                   -0.0042948038
               4.3697162                   -0.0042392975
               4.3708491                   -0.0041802903
               4.3719821                   -0.0041178772
               4.3731151                   -0.0040521496
                4.374248                   -0.0039832075
               4.3753805                   -0.0039111595
               4.3765135                    -0.003836134
               4.3776464                   -0.0037582731
               4.3787794                   -0.0036777288
               4.3799124                   -0.0035946588
               4.3810453                   -0.0035092207
               4.3821783                   -0.0034215683
               4.3833113                   -0.0033318547
               4.3844442                   -0.0032402349
               4.3855772                   -0.0031468722
               4.3867102                   -0.0030519413
               4.3878431                   -0.0029556288
               4.3889761                   -0.0028581307
               4.3901091                   -0.0027596448
               4.3912416                   -0.0026603648
               4.3923745                   -0.0025604761
               4.3935075                   -0.0024601531
               4.3946404                   -0.0023595637
               4.3957734                   -0.0022588742
               4.3969064                   -0.0021582576
               4.3980393                   -0.0020578981
               4.3991723                   -0.0019579909
               4.4003053                     -0.00185874
               4.4014382                    -0.001760347
               4.4025712                   -0.0016630001
               4.4037042                   -0.0015668656
               4.4048371                   -0.0014720836
               4.4059701                   -0.0013787718
               4.4071026                   -0.0012870334
               4.4082355                    -0.001196972
               4.4093685                   -0.0011087038
               4.4105015                   -0.0010223674
               4.4116344                  -0.00093812437
               4.4127674                  -0.00085615192
               4.4139004                  -0.00077662803
               4.4150333                  -0.00069971295
               4.4161663                  -0.00062553305
               4.4172993                  -0.00055417081
               4.4184322                  -0.00048566531
               4.4195652                   -0.0004200227
               4.4206982                  -0.00035723462
               4.4218311                  -0.00029729906
               4.4229636                  -0.00024023728
               4.4240966                  -0.00018610198
               4.4252295                  -0.00013497382
               4.4263625                  -8.6946617e-05
               4.4274955                  -4.2105989e-05
               4.4286284                  -5.0679228e-07
               4.4297614                   3.7843645e-05
               4.4308944                   7.2991461e-05
               4.4320273                   0.00010502936
               4.4331603                   0.00013407848
               4.4342933                   0.00016026384
               4.4354262                   0.00018369078
               4.4365592                   0.00020442916
               4.4376922                   0.00022250971
               4.4388247                   0.00023793355
               4.4399576                   0.00025069204
               4.4410906                   0.00026079113
               4.4422235                   0.00026827285
               4.4433565                   0.00027322781
               4.4444895                   0.00027579494
               4.4456224                   0.00027614954
               4.4467554                    0.0002744825
               4.4478884                   0.00027097733
               4.4490213                    0.0002657921
               4.4501543                   0.00025905116
               4.4512873                   0.00025084848
               4.4524202                   0.00024126102
               4.4535532                   0.00023036776
               4.4546857                   0.00021826732
               4.4558187                   0.00020508937
               4.4569516                   0.00019099617
               4.4580846                   0.00017617374
               4.4592175                   0.00016081623
               4.4603505                   0.00014510847
               4.4614835                   0.00012921225
               4.4626164                   0.00011326066
               4.4637494                   9.7361502e-05
               4.4648824                   8.1608348e-05
               4.4660153                   6.6095228e-05
               4.4671483                   5.0930001e-05
               4.4682813                   3.6242007e-05
               4.4694142                   2.2181703e-05
               4.4705472                   8.9124205e-06
               4.4716797                   -3.402871e-06
               4.4728127                  -1.4615735e-05
               4.4739456                  -2.4602965e-05
               4.4750786                  -3.3270891e-05
               4.4762115                  -4.0551986e-05
               4.4773445                  -4.6395355e-05
               4.4784775                  -5.0754184e-05
               4.4796104                  -5.3574073e-05
               4.4807434                  -5.4785622e-05
               4.4818764                  -5.4303368e-05
               4.4830093                  -5.2030948e-05
               4.4841423                  -4.7871014e-05
               4.4852753                  -4.1736428e-05
               4.4864082                  -3.3559754e-05
               4.4875407                  -2.3298344e-05
               4.4886737                  -1.0933817e-05
               4.4898067                   3.5334292e-06
               4.4909396                   2.0093064e-05
               4.4920726                   3.8734284e-05
               4.4932055                   5.9453134e-05
               4.4943385                   8.2255865e-05
               4.4954715                   0.00010715712
               4.4966044                   0.00013417381
               4.4977374                   0.00016331584
               4.4988704                   0.00019457634
               4.5000033                   0.00022792445
               4.5011363                   0.00026330282
               4.5022693                   0.00030063128
               4.5034018                   0.00033981571
               4.5045347                   0.00038075994
               4.5056677                   0.00042337808
               4.5068007                   0.00046760298
               4.5079336                    0.0005133886
               4.5090666                   0.00056070485
               4.5101995                   0.00060952577
               4.5113325                   0.00065981434
               4.5124655                   0.00071150792
               4.5135984                   0.00076450838
               4.5147314                   0.00081868155
               4.5158644                   0.00087386637
               4.5169973                   0.00092989131
               4.5181303                   0.00098659436
               4.5192628                    0.0010438409
               4.5203958                    0.0011015333
               4.5215287                    0.0011596092
               4.5226617                    0.0012180295
               4.5237947                    0.0012767578
               4.5249276                    0.0013357385
               4.5260606                    0.0013948795
               4.5271935                    0.0014540453
               4.5283265                    0.0015130624
               4.5294595                    0.0015717371
               4.5305924                    0.0016298781
               4.5317254                     0.001687319
               4.5328584                    0.0017439335
               4.5339913                    0.0017996375
               4.5351238                    0.0018543804
               4.5362568                    0.0019081247
               4.5373898                    0.0019608247
               4.5385227                      0.00201241
               4.5396557                    0.0020627775
               4.5407887                    0.0021117979
               4.5419216                    0.0021593303
               4.5430546                    0.0022052436
               4.5441875                    0.0022494316
               4.5453205                    0.0022918228
               4.5464535                     0.002332377
               4.5475864                    0.0023710709
               4.5487194                    0.0024078793
               4.5498524                     0.002442759
               4.5509849                    0.0024756372
               4.5521178                    0.0025064147
               4.5532508                    0.0025349776
               4.5543838                    0.0025612193
               4.5555167                    0.0025850609
               4.5566497                    0.0026064645
               4.5577826                    0.0026254363
               4.5589156                    0.0026420164
               4.5600486                    0.0026562596
               4.5611815                     0.002668214
               4.5623145                    0.0026779028
               4.5634475                    0.0026853171
               4.5645804                    0.0026904205
               4.5657134                    0.0026931628
               4.5668459                     0.002693498
               4.5679789                    0.0026914035
               4.5691118                    0.0026868859
               4.5702448                    0.0026799832
               4.5713778                    0.0026707533
               4.5725107                    0.0026592603
               4.5736437                    0.0026455598
               4.5747766                    0.0026296934
               4.5759096                    0.0026116895
               4.5770426                    0.0025915718
               4.5781755                    0.0025693718
               4.5793085                    0.0025451411
               4.5804415                    0.0025189545
               4.5815744                    0.0024909051
               4.5827069                     0.002461093
               4.5838399                     0.002429608
               4.5849729                    0.0023965181
               4.5861058                    0.0023618639
               4.5872388                    0.0023256624
               4.5883718                    0.0022879231
               4.5895047                    0.0022486672
               4.5906377                    0.0022079442
               4.5917706                    0.0021658414
               4.5929036                    0.0021224828
               4.5940366                    0.0020780135
               4.5951695                    0.0020325806
               4.5963025                    0.0019863085
               4.5974355                    0.0019392844
               4.5985684                    0.0018915524
               4.5997009                    0.0018431218
               4.6008339                    0.0017939848
               4.6019669                    0.0017441388
               4.6030998                    0.0016936071
               4.6042328                    0.0016424506
               4.6053658                    0.0015907668
               4.6064987                    0.0015386792
               4.6076317                    0.0014863177
               4.6087646                    0.0014337985
               4.6098976                    0.0013812089
               4.6110306                    0.0013286009
               4.6121635                    0.0012759947
               4.6132965                    0.0012233907
               4.6144295                    0.0011707848
                4.615562                    0.0011181836
               4.6166949                    0.0010656128
               4.6178279                    0.0010131194
               4.6189609                   0.00096076645
               4.6200938                   0.00090862333
               4.6212268                   0.00085675536
               4.6223598                    0.0008052148
               4.6234927                   0.00075403706
               4.6246257                   0.00070324139
               4.6257586                   0.00065283588
               4.6268916                   0.00060282415
               4.6280246                   0.00055321143
               4.6291575                   0.00050400826
               4.6302905                   0.00045523199
                4.631423                   0.00040690455
                4.632556                   0.00035904953
               4.6336889                     0.000311688
               4.6348219                   0.00026483487
               4.6359549                   0.00021849692
               4.6370878                   0.00017267257
               4.6382208                   0.00012735362
               4.6393538                   8.2527942e-05
               4.6404867                    3.818316e-05
               4.6416197                  -5.6896592e-06
               4.6427526                  -4.9092658e-05
               4.6438856                   -9.201908e-05
               4.6450186                  -0.00013445289
               4.6461515                   -0.0001763709
                4.647284                  -0.00021774731
                4.648417                  -0.00025855959
                 4.64955                   -0.0002987952
               4.6506829                  -0.00033845627
               4.6518159                  -0.00037756184
               4.6529489                  -0.00041614537
               4.6540818                  -0.00045424834
               4.6552148                  -0.00049191137
               4.6563478                  -0.00052916422
               4.6574807                  -0.00056601793
               4.6586137                   -0.0006024614
               4.6597466                  -0.00063846307
               4.6608796                  -0.00067397812
               4.6620126                  -0.00070895883
               4.6631451                  -0.00074336556
                4.664278                  -0.00077717495
                4.665411                  -0.00081038411
                4.666544                  -0.00084300892
               4.6676769                  -0.00087507756
               4.6688099                  -0.00090662023
               4.6699429                  -0.00093765929
               4.6710758                  -0.00096820144
               4.6722088                  -0.00099823356
               4.6733418                   -0.0010277239
               4.6744747                   -0.0010566276
               4.6756077                   -0.0010848944
               4.6767406                   -0.0011124773
               4.6778736                   -0.0011393398
               4.6790061                   -0.0011654589
               4.6801391                   -0.0011908265
                4.681272                   -0.0012154453
                4.682405                   -0.0012393235
                4.683538                   -0.0012624683
               4.6846709                   -0.0012848785
               4.6858039                   -0.0013065393
               4.6869369                   -0.0013274192
               4.6880698                   -0.0013474709
               4.6892028                    -0.001366636
               4.6903358                   -0.0013848525
               4.6914687                   -0.0014020626
               4.6926017                   -0.0014182223
               4.6937346                   -0.0014333046
               4.6948671                   -0.0014473007
               4.6960001                   -0.0014602153
               4.6971331                   -0.0014720572
                4.698266                   -0.0014828276
                4.699399                   -0.0014925111
                4.700532                   -0.0015010707
               4.7016649                   -0.0015084491
               4.7027979                   -0.0015145785
               4.7039309                   -0.0015193927
               4.7050638                   -0.0015228421
               4.7061968                   -0.0015249025
               4.7073298                   -0.0015255781
               4.7084627                    -0.001524894
               4.7095957                   -0.0015228824
               4.7107282                   -0.0015195642
               4.7118611                   -0.0015149339
               4.7129941                   -0.0015089524
               4.7141271                   -0.0015015497
                 4.71526                   -0.0014926407
                4.716393                   -0.0014821447
                4.717526                   -0.0014700069
               4.7186589                   -0.0014562127
               4.7197919                   -0.0014407891
               4.7209249                   -0.0014237936
               4.7220578                   -0.0014052931
               4.7231908                   -0.0013853394
               4.7243237                   -0.0013639497
               4.7254567                    -0.001341099
               4.7265897                   -0.0013167285
               4.7277222                   -0.0012907651
               4.7288551                   -0.0012631494
               4.7299881                   -0.0012338603
               4.7311211                   -0.0012029288
                4.732254                    -0.001170435
                4.733387                   -0.0011364885
                 4.73452                      -0.0011012
               4.7356529                     -0.00106465
               4.7367859                   -0.0010268667
               4.7379189                  -0.00098782126
               4.7390518                  -0.00094744249
               4.7401848                  -0.00090564589
               4.7413177                  -0.00086236896
               4.7424507                  -0.00081760093
               4.7435832                  -0.00077139726
               4.7447162                  -0.00072387373
               4.7458491                  -0.00067518168
               4.7469821                  -0.00062547222
               4.7481151                  -0.00057486049
                4.749248                  -0.00052340265
                4.750381                  -0.00047109218
                4.751514                  -0.00041787766
               4.7526469                  -0.00036369581
               4.7537799                  -0.00030850951
               4.7549129                  -0.00025233769
               4.7560458                  -0.00019526767
               4.7571788                  -0.00013744582
               4.7583117                  -7.9049678e-05
               4.7594442                  -2.0250231e-05
               4.7605772                    3.882296e-05
               4.7617102                   9.8102944e-05
               4.7628431                   0.00015758602
               4.7639761                   0.00021731202
               4.7651091                   0.00027733058
                4.766242                   0.00033766468
                4.767375                   0.00039828356
                4.768508                   0.00045909293
               4.7696409                   0.00051994639
               4.7707739                   0.00058067241
               4.7719069                   0.00064110884
               4.7730398                   0.00070113334
               4.7741728                   0.00076067908
               4.7753053                   0.00081973278
               4.7764382                   0.00087831396
               4.7775712                   0.00093644497
               4.7787042                   0.00099412119
               4.7798371                    0.0010512909
               4.7809701                    0.0011078523
               4.7821031                    0.0011636686
                4.783236                    0.0012185933
                4.784369                    0.0012725017
                4.785502                    0.0013253123
               4.7866349                    0.0013769966
               4.7877679                    0.0014275702
               4.7889009                    0.0014770703
               4.7900338                    0.0015255259
               4.7911663                    0.0015729325
               4.7922993                    0.0016192367
               4.7934322                    0.0016643384
               4.7945652                    0.0017081082
               4.7956982                    0.0017504145
               4.7968311                    0.0017911505
               4.7979641                    0.0018302558
               4.7990971                    0.0018677228
                 4.80023                    0.0019035882
                4.801363                    0.0019379116
                4.802496                    0.0019707496
               4.8036289                    0.0020021314
               4.8047619                    0.0020320469
               4.8058949                    0.0020604446
               4.8070273                    0.0020872462
               4.8081603                     0.002112366
               4.8092933                    0.0021357329
               4.8104262                    0.0021573056
               4.8115592                    0.0021770797
               4.8126922                    0.0021950821
               4.8138251                    0.0022113579
               4.8149581                    0.0022259536
               4.8160911                     0.002238902
                4.817224                     0.002250216
                4.818357                    0.0022598896
                 4.81949                    0.0022679055
               4.8206229                    0.0022742471
               4.8217559                    0.0022789107
               4.8228884                    0.0022819117
               4.8240213                    0.0022832849
               4.8251543                    0.0022830782
               4.8262873                    0.0022813429
               4.8274202                    0.0022781237
               4.8285532                    0.0022734534
               4.8296862                    0.0022673521
               4.8308191                    0.0022598326
               4.8319521                    0.0022509082
               4.8330851                    0.0022406029
                4.834218                    0.0022289539
                4.835351                    0.0022160106
                4.836484                     0.002201831
               4.8376169                    0.0021864721
               4.8387494                    0.0021699816
               4.8398824                     0.002152394
               4.8410153                    0.0021337313
               4.8421483                    0.0021140079
               4.8432813                     0.002093242
               4.8444142                     0.002071463
               4.8455472                     0.002048719
               4.8466802                    0.0020250762
               4.8478131                    0.0020006122
               4.8489461                    0.0019754074
               4.8500791                     0.001949533
                4.851212                     0.001923044
                4.852345                    0.0018959758
                4.853478                    0.0018683498
               4.8546104                    0.0018401813
               4.8557434                    0.0018114907
               4.8568764                    0.0017823132
               4.8580093                    0.0017527019
               4.8591423                     0.001722726
               4.8602753                    0.0016924619
               4.8614082                    0.0016619826
               4.8625412                    0.0016313472
               4.8636742                    0.0016005954
               4.8648071                    0.0015697491
               4.8659401                      0.00153882
               4.8670731                    0.0015078216
                4.868206                    0.0014767802
                4.869339                    0.0014457419
                4.870472                    0.0014147727
               4.8716044                     0.001383952
               4.8727374                    0.0013533587
               4.8738704                     0.001323059
               4.8750033                    0.0012930948
               4.8761363                    0.0012634812
               4.8772693                    0.0012342106
               4.8784022                    0.0012052633
               4.8795352                    0.0011766225
               4.8806682                    0.0011482872
               4.8818011                    0.0011202814
               4.8829341                    0.0010926534
               4.8840671                    0.0010654697
                  4.8852                    0.0010388024
                4.886333                    0.0010127148
               4.8874655                   0.00098725036
               4.8885984                   0.00096242683
               4.8897314                   0.00093823939
               4.8908644                   0.00091466808
               4.8919973                   0.00089168956
               4.8931303                    0.0008692884
               4.8942633                   0.00084746408
               4.8953962                   0.00082623214
               4.8965292                   0.00080562022
               4.8976622                      0.00078566
               4.8987951                   0.00076637801
               4.8999281                   0.00074778876
               4.9010611                   0.00072989165
                4.902194                   0.00071267266
               4.9033265                   0.00069610926
               4.9044595                   0.00068017765
               4.9055924                    0.0006648585
               4.9067254                   0.00065014034
               4.9078584                   0.00063601945
               4.9089913                   0.00062249706
               4.9101243                   0.00060957402
               4.9112573                   0.00059724593
               4.9123902                   0.00058549928
               4.9135232                   0.00057430996
               4.9146562                   0.00056364521
               4.9157891                   0.00055346702
               4.9169221                   0.00054373743
               4.9180551                   0.00053442281
               4.9191875                   0.00052549748
               4.9203205                   0.00051694433
               4.9214535                   0.00050875399
               4.9225864                   0.00050092116
               4.9237194                   0.00049344008
               4.9248524                   0.00048629931
               4.9259853                   0.00047947743
               4.9271183                   0.00047294033
               4.9282513                   0.00046664145
               4.9293842                   0.00046052449
               4.9305172                   0.00045452907
               4.9316502                   0.00044859792
               4.9327831                   0.00044268413
               4.9339161                   0.00043675653
               4.9350486                   0.00043080156
               4.9361815                   0.00042482128
               4.9373145                   0.00041882676
               4.9384475                   0.00041282931
               4.9395804                   0.00040683075
               4.9407134                   0.00040081606
               4.9418464                   0.00039475024
               4.9429793                   0.00038858078
               4.9441123                   0.00038224523
               4.9452453                   0.00037568159
               4.9463782                   0.00036883907
               4.9475112                    0.0003616859
               4.9486442                   0.00035421207
               4.9497771                   0.00034642592
               4.9509096                   0.00033834577
               4.9520426                   0.00032998927
               4.9531755                   0.00032136397
               4.9543085                   0.00031246216
               4.9554415                   0.00030326148
               4.9565744                    0.0002937307
               4.9577074                   0.00028383863
               4.9588404                   0.00027356291
               4.9599733                   0.00026289636
               4.9611063                   0.00025184813
               4.9622393                   0.00024043988
               4.9633722                   0.00022869825
               4.9645052                   0.00021664589
               4.9656382                   0.00020429431
               4.9667706                    0.0001916413
               4.9679036                   0.00017867293
               4.9690366                   0.00016537026
               4.9701695                   0.00015171783
               4.9713025                   0.00013771099
               4.9724355                   0.00012336043
               4.9735684                   0.00010869243
               4.9747014                   9.3745402e-05
               4.9758344                   7.8563622e-05
               4.9769673                   6.3190892e-05
               4.9781003                   4.7665333e-05
               4.9792333                   3.2016691e-05
               4.9803662                    1.626632e-05
               4.9814992                    4.285117e-07
               4.9826317                  -1.5488004e-05
               4.9837646                  -3.1479005e-05
               4.9848976                  -4.7544141e-05
               4.9860306                  -6.3685613e-05
               4.9871635                  -7.9905483e-05
               4.9882965                  -9.6201329e-05
               4.9894295                  -0.00011256068
               4.9905624                  -0.00012895538
               4.9916954                  -0.00014533829
               4.9928284                  -0.00016164423
               4.9939613                   -0.0001777967
               4.9950943                  -0.00019371996
               4.9962273                  -0.00020935296
               4.9973602                  -0.00022466196
               4.9984932                  -0.00023964688
               4.9996257                  -0.00025433872
               5.0007586                  -0.00026878761
               5.0018916                  -0.00028304366
               5.0030246                  -0.00029713596
               5.0041575                  -0.00031105638
               5.0052905                   -0.0003247534
               5.0064235                  -0.00033813878
               5.0075564                  -0.00035110523
               5.0086894                  -0.00036355131
               5.0098224                   -0.0003754051
               5.0109553                  -0.00038664052
               5.0120883                  -0.00039728012
               5.0132213                  -0.00040738311
               5.0143542                  -0.00041702267
               5.0154867                   -0.0004262588
               5.0166197                   -0.0004351153
               5.0177526                  -0.00044356805
               5.0188856                  -0.00045154829
               5.0200186                  -0.00045896019
               5.0211515                  -0.00046570634
               5.0222845                  -0.00047171421
               5.0234175                  -0.00047695433
               5.0245504                  -0.00048144482
               5.0256834                   -0.0004852406
               5.0268164                  -0.00048841164
               5.0279493                  -0.00049101678
               5.0290823                  -0.00049308187
               5.0302153                  -0.00049458968
               5.0313478                  -0.00049548334
               5.0324807                  -0.00049568352
               5.0336137                  -0.00049511268
               5.0347466                  -0.00049371849
               5.0358796                  -0.00049148919
               5.0370126                  -0.00048845552
               5.0381455                  -0.00048467988
               5.0392785                  -0.00048023503
               5.0404115                    -0.000475181
               5.0415444                  -0.00046954615
               5.0426774                  -0.00046331913
               5.0438104                  -0.00045645324
               5.0449433                  -0.00044888124
               5.0460763                  -0.00044053618
               5.0472088                  -0.00043137022
               5.0483418                  -0.00042136727
               5.0494747                  -0.00041054527
               5.0506077                  -0.00039894826
               5.0517406                   -0.0003866328
               5.0528736                  -0.00037365247
               5.0540066                  -0.00036004596
               5.0551395                   -0.0003458322
               5.0562725                  -0.00033101355
               5.0574055                  -0.00031558395
               5.0585384                  -0.00029953913
               5.0596714                   -0.0002828842
               5.0608044                   -0.0002656361
               5.0619373                  -0.00024782092
               5.0630698                  -0.00022946724
               5.0642028                  -0.00021059878
               5.0653358                  -0.00019122982
               5.0664687                  -0.00017136522
               5.0676017                  -0.00015100521
               5.0687346                  -0.00013015338
               5.0698676                  -0.00010882445
               5.0710006                  -8.7049295e-05
               5.0721335                  -6.4874861e-05
               5.0732665                   -4.235909e-05
               5.0743995                   -1.956254e-05
               5.0755324                   3.4603063e-06
               5.0766654                   2.6666936e-05
               5.0777984                   5.0027666e-05
               5.0789309                   7.3521631e-05
               5.0800638                   9.7129836e-05
               5.0811968                    0.0001208281
               5.0823298                   0.00014458256
               5.0834627                   0.00016834939
               5.0845957                   0.00019207865
               5.0857286                   0.00021572053
               5.0868616                   0.00023923157
               5.0879946                   0.00026257747
               5.0891275                   0.00028573177
               5.0902605                   0.00030866993
               5.0913935                   0.00033136169
               5.0925264                   0.00035376457
               5.0936594                    0.0003758214
               5.0947919                   0.00039746382
               5.0959249                   0.00041862074
               5.0970578                   0.00043922951
               5.0981908                   0.00045924541
               5.0993237                   0.00047864666
               5.1004567                    0.0004974312
               5.1015897                   0.00051560707
               5.1027226                   0.00053317752
               5.1038556                   0.00055012718
               5.1049886                   0.00056641345
               5.1061215                   0.00058196648
               5.1072545                   0.00059669901
               5.1083875                    0.0006105224
               5.1095204                   0.00062336482
               5.1106529                   0.00063518557
               5.1117859                   0.00064598123
               5.1129189                   0.00065578055
               5.1140518                   0.00066462986
               5.1151848                    0.0006725741
               5.1163177                   0.00067963783
               5.1174507                   0.00068581419
               5.1185837                   0.00069106306
               5.1197166                   0.00069532148
               5.1208496                    0.0006985208
               5.1219826                   0.00070060673
               5.1231155                   0.00070155459
               5.1242485                     0.000701376
               5.1253815                   0.00070011424
                5.126514                   0.00069783087
               5.1276469                   0.00069458788
               5.1287799                   0.00069043157
               5.1299129                   0.00068538322
               5.1310458                    0.0006794394
               5.1321788                   0.00067258207
               5.1333117                   0.00066479319
               5.1344447                    0.0006560699
               5.1355777                   0.00064643443
               5.1367106                   0.00063593552
               5.1378436                    0.0006246416
               5.1389766                   0.00061262707
               5.1401095                   0.00059995835
               5.1412425                   0.00058668322
               5.1423755                   0.00057282735
                5.143508                   0.00055839983
               5.1446409                    0.0005434042
               5.1457739                   0.00052785286
               5.1469069                    0.0005117777
               5.1480398                   0.00049523404
               5.1491728                   0.00047829666
               5.1503057                   0.00046104871
               5.1514387                   0.00044356822
               5.1525717                   0.00042591686
               5.1537046                   0.00040813454
               5.1548376                   0.00039024156
               5.1559706                   0.00037224809
               5.1571035                   0.00035416719
               5.1582365                   0.00033602642
                5.159369                   0.00031787431
                5.160502                   0.00029977949
               5.1616349                   0.00028182278
               5.1627679                   0.00026408499
               5.1639009                    0.0002466345
               5.1650338                   0.00022951918
               5.1661668                   0.00021276463
               5.1672997                   0.00019637954
               5.1684327                    0.0001803661
               5.1695657                   0.00016473194
               5.1706986                    0.0001494992
               5.1718316                   0.00013470787
               5.1729646                   0.00012041244
               5.1740975                   0.00010667369
                 5.17523                   9.3548064e-05
                5.176363                   8.1078717e-05
                5.177496                   6.9290189e-05
               5.1786289                   5.8188318e-05
               5.1797619                   4.7764897e-05
               5.1808949                   3.8004993e-05
               5.1820278                   2.8894243e-05
               5.1831608                   2.0424091e-05
               5.1842937                   1.2593787e-05
               5.1854267                    5.409433e-06
               5.1865597                  -1.1186892e-06
               5.1876926                  -6.9791904e-06
               5.1888256                  -1.2161894e-05
               5.1899586                  -1.6659058e-05
               5.1910911                  -2.0465908e-05
                5.192224                  -2.3581553e-05
                5.193357                   -2.601077e-05
                 5.19449                  -2.7766553e-05
               5.1956229                  -2.8872561e-05
               5.1967559                  -2.9364073e-05
               5.1978889                  -2.9286293e-05
               5.1990218                  -2.8689541e-05
               5.2001548                  -2.7622205e-05
               5.2012877                   -2.612338e-05
               5.2024207                  -2.4217921e-05
               5.2035537                  -2.1916254e-05
               5.2046866                  -1.9219637e-05
               5.2058196                  -1.6129783e-05
               5.2069521                  -1.2659704e-05
               5.2080851                  -8.8424795e-06
                5.209218                  -4.7343683e-06
                5.210351                   -4.106405e-07
                5.211484                    4.045135e-06
               5.2126169                   8.5548945e-06
               5.2137499                   1.3058529e-05
               5.2148829                   1.7520622e-05
               5.2160158                    2.192883e-05
               5.2171488                   2.6284037e-05
               5.2182817                   3.0585277e-05
               5.2194147                    3.481462e-05
               5.2205477                   3.8927585e-05
               5.2216806                   4.2852636e-05
               5.2228131                   4.6500292e-05
               5.2239461                   4.9778657e-05
               5.2250791                   5.2610234e-05
                5.226212                   5.4943986e-05
                5.227345                   5.6758137e-05
                5.228478                    5.805257e-05
               5.2296109                   5.8833244e-05
               5.2307439                   5.9094182e-05
               5.2318769                   5.8803849e-05
               5.2330098                   5.7901121e-05
               5.2341428                   5.6302804e-05
               5.2352757                   5.3920525e-05
               5.2364087                   5.0680857e-05
               5.2375417                   4.6541616e-05
               5.2386742                   4.1497777e-05
               5.2398071                   3.5574267e-05
               5.2409401                   2.8807393e-05
               5.2420731                   2.1221076e-05
                5.243206                   1.2806549e-05
                5.244339                   3.5131925e-06
                5.245472                  -6.7455089e-06
               5.2466049                  -1.8072187e-05
               5.2477379                  -3.0558265e-05
               5.2488708                  -4.4257864e-05
               5.2500038                  -5.9172027e-05
               5.2511368                  -7.5249292e-05
               5.2522697                  -9.2403512e-05
               5.2534027                  -0.00011054341
               5.2545352                  -0.00012960444
               5.2556682                   -0.0001495722
               5.2568011                  -0.00017048948
               5.2579341                   -0.0001924441
               5.2590671                  -0.00021554128
                  5.2602                  -0.00023986908
                5.261333                  -0.00026546861
                5.262466                  -0.00029231771
               5.2635989                  -0.00032033428
               5.2647319                  -0.00034939733
               5.2658648                  -0.00037937923
               5.2669978                  -0.00041017903
               5.2681308                  -0.00044174574
               5.2692637                  -0.00047408478
               5.2703967                  -0.00050724548
               5.2715292                   -0.0005412951
               5.2726622                  -0.00057628733
               5.2737951                  -0.00061223598
               5.2749281                  -0.00064910227
               5.2760611                  -0.00068679842
                5.277194                  -0.00072520575
                5.278327                  -0.00076420006
                 5.27946                  -0.00080367585
               5.2805929                  -0.00084356172
               5.2817259                   -0.0008838228
               5.2828588                  -0.00092445186
               5.2839918                  -0.00096545182
               5.2851248                   -0.0010068177
               5.2862577                   -0.0010485236
               5.2873902                   -0.0010905191
               5.2885232                   -0.0011327344
               5.2896562                   -0.0011750915
               5.2907891                   -0.0012175157
               5.2919221                   -0.0012599416
               5.2930551                   -0.0013023129
                5.294188                   -0.0013445761
                5.295321                   -0.0013866706
                5.296454                    -0.001428523
               5.2975869                   -0.0014700453
               5.2987199                   -0.0015111417
               5.2998528                   -0.0015517204
               5.3009858                   -0.0015917075
               5.3021188                   -0.0016310541
               5.3032513                   -0.0016697386
               5.3043842                   -0.0017077562
               5.3055172                   -0.0017451029
               5.3066502                   -0.0017817564
               5.3077831                   -0.0018176637
               5.3089161                   -0.0018527367
               5.3100491                   -0.0018868587
                5.311182                   -0.0019199043
                5.312315                   -0.0019517604
                5.313448                   -0.0019823457
               5.3145809                   -0.0020116195
               5.3157139                   -0.0020395792
               5.3168468                   -0.0020662455
               5.3179798                   -0.0020916383
               5.3191123                   -0.0021157567
               5.3202453                   -0.0021385662
               5.3213782                   -0.0021599948
               5.3225112                   -0.0021799468
               5.3236442                   -0.0021983217
               5.3247771                   -0.0022150376
               5.3259101                   -0.0022300472
               5.3270431                   -0.0022433449
                5.328176                    -0.002254958
                5.329309                   -0.0022649306
                5.330442                      -0.0022733
               5.3315749                   -0.0022800784
               5.3327079                    -0.002285243
               5.3338408                   -0.0022887378
               5.3349733                   -0.0022904868
               5.3361063                   -0.0022904165
               5.3372393                    -0.002288474
               5.3383722                   -0.0022846425
               5.3395052                   -0.0022789447
               5.3406382                   -0.0022714338
               5.3417711                   -0.0022621779
               5.3429041                   -0.0022512404
               5.3440371                   -0.0022386641
                 5.34517                   -0.0022244616
                5.346303                   -0.0022086194
                5.347436                   -0.0021911066
               5.3485689                   -0.0021718924
               5.3497019                   -0.0021509607
               5.3508344                   -0.0021283217
               5.3519673                   -0.0021040156
               5.3531003                   -0.0020781071
               5.3542333                   -0.0020506755
               5.3553662                    -0.002021801
               5.3564992                   -0.0019915532
               5.3576322                   -0.0019599837
               5.3587651                   -0.0019271261
               5.3598981                   -0.0018929986
               5.3610311                   -0.0018576127
                5.362164                   -0.0018209821
                5.363297                   -0.0017831289
                 5.36443                   -0.0017440892
               5.3655629                   -0.0017039136
               5.3666954                   -0.0016626657
               5.3678284                   -0.0016204189
               5.3689613                   -0.0015772517
               5.3700943                   -0.0015332436
               5.3712273                   -0.0014884715
               5.3723602                   -0.0014430075
               5.3734932                   -0.0013969175
               5.3746262                   -0.0013502608
               5.3757591                   -0.0013030901
               5.3768921                   -0.0012554523
               5.3780251                   -0.0012073907
                5.379158                   -0.0011589482
                5.380291                   -0.0011101697
                5.381424                   -0.0010611055
               5.3825564                    -0.001011814
               5.3836894                  -0.00096236134
               5.3848224                   -0.0009128215
               5.3859553                   -0.0008632734
               5.3870883                    -0.000813797
               5.3882213                  -0.00076446909
               5.3893542                  -0.00071535935
               5.3904872                  -0.00066652772
               5.3916202                  -0.00061802374
               5.3927531                  -0.00056988717
               5.3938861                  -0.00052215171
               5.3950191                  -0.00047484934
                5.396152                  -0.00042801548
                5.397285                  -0.00038169351
               5.3984175                  -0.00033593725
               5.3995504                  -0.00029081083
               5.4006834                   -0.0002463852
               5.4018164                  -0.00020273193
               5.4029493                  -0.00015991587
               5.4040823                  -0.00011798809
               5.4052153                  -7.6981327e-05
               5.4063482                  -3.6909718e-05
               5.4074812                   2.2268086e-06
               5.4086142                    4.043429e-05
               5.4097471                   7.7714583e-05
               5.4108801                   0.00011405621
               5.4120131                   0.00014942874
                5.413146                    0.0001837828
                5.414279                   0.00021705597
               5.4154115                   0.00024918347
               5.4165444                   0.00028011054
               5.4176774                   0.00030980329
               5.4188104                   0.00033825429
               5.4199433                    0.0003654816
               5.4210763                   0.00039152091
               5.4222093                   0.00041641382
               5.4233422                    0.0004401948
               5.4244752                   0.00046288123
               5.4256082                   0.00048446908
               5.4267411                   0.00050493528
               5.4278741                   0.00052424555
               5.4290071                   0.00054236565
                 5.43014                   0.00055927207
               5.4312725                   0.00057495903
               5.4324055                   0.00058944052
               5.4335384                   0.00060274609
               5.4346714                   0.00061491388
               5.4358044                   0.00062598259
               5.4369373                   0.00063598529
               5.4380703                   0.00064494694
               5.4392033                   0.00065288594
               5.4403362                   0.00065981859
               5.4414692                   0.00066576287
               5.4426022                   0.00067074131
               5.4437351                   0.00067478075
               5.4448681                   0.00067790935
               5.4460011                   0.00068015314
               5.4471335                   0.00068153284
               5.4482665                   0.00068206375
               5.4493995                    0.0006817595
               5.4505324                   0.00068063801
               5.4516654                   0.00067872816
               5.4527984                   0.00067607401
               5.4539313                   0.00067273434
               5.4550643                   0.00066877715
               5.4561973                   0.00066427013
               5.4573302                   0.00065927004
               5.4584632                   0.00065381441
               5.4595962                   0.00064791925
               5.4607291                     0.000641583
               5.4618621                   0.00063479732
               5.4629946                   0.00062755978
               5.4641275                   0.00061988627
               5.4652605                   0.00061181781
               5.4663935                   0.00060341961
               5.4675264                   0.00059477182
               5.4686594                    0.0005859558
               5.4697924                   0.00057703949
               5.4709253                   0.00056806713
               5.4720583                   0.00055905635
               5.4731913                   0.00055000419
               5.4743242                     0.000540899
               5.4754572                   0.00053173589
               5.4765902                    0.0005225293
               5.4777231                   0.00051331928
               5.4788556                   0.00050416891
               5.4799886                   0.00049515482
               5.4811215                   0.00048635266
               5.4822545                   0.00047782314
               5.4833875                   0.00046960259
               5.4845204                   0.00046170154
               5.4856534                   0.00045411111
               5.4867864                   0.00044681557
               5.4879193                   0.00043980585
               5.4890523                   0.00043309078
               5.4901853                    0.0004267013
               5.4913182                   0.00042068705
               5.4924512                   0.00041510654
               5.4935842                   0.00041001456
               5.4947166                   0.00040545125
               5.4958496                   0.00040143565
               5.4969826                   0.00039796598
               5.4981155                   0.00039502655
               5.4992485                   0.00039259825
               5.5003815                   0.00039066985
               5.5015144                    0.0003892461
               5.5026474                    0.0003883499
               5.5037804                   0.00038801887
               5.5049133                   0.00038829655
               5.5060463                   0.00038922168
               5.5071793                   0.00039081837
               5.5083122                   0.00039309039
               5.5094452                   0.00039602089
               5.5105777                   0.00039957784
               5.5117106                   0.00040372292
               5.5128436                   0.00040842171
               5.5139766                   0.00041365222
               5.5151095                   0.00041940936
               5.5162425                   0.00042570475
               5.5173755                   0.00043256144
               5.5185084                   0.00044000568
               5.5196414                   0.00044805731
               5.5207744                   0.00045672181
               5.5219073                   0.00046598562
               5.5230403                   0.00047581652
               5.5241733                    0.0004861682
               5.5253062                   0.00049698888
               5.5264387                   0.00050823053
               5.5275717                   0.00051985658
               5.5287046                   0.00053184602
               5.5298376                   0.00054419291
               5.5309706                   0.00055690022
               5.5321035                   0.00056997116
               5.5332365                   0.00058339944
               5.5343695                   0.00059716171
               5.5355024                   0.00061121513
               5.5366354                   0.00062550022
               5.5377684                   0.00063994981
               5.5389013                    0.0006545005
               5.5400343                   0.00066910387
               5.5411673                   0.00068373303
               5.5423002                   0.00069838285
               5.5434327                    0.0007130623
               5.5445657                   0.00072778109
               5.5456986                   0.00074253528
               5.5468316                   0.00075729447
               5.5479646                   0.00077199785
               5.5490975                    0.0007865582
               5.5502305                   0.00080087542
               5.5513635                   0.00081485481
               5.5524964                   0.00082842459
               5.5536294                   0.00084154843
               5.5547624                   0.00085422653
               5.5558953                   0.00086648634
               5.5570283                   0.00087836431
               5.5581613                   0.00088988367
               5.5592937                   0.00090103678
               5.5604267                   0.00091177609
               5.5615597                   0.00092201738
               5.5626926                   0.00093165558
               5.5638256                   0.00094058656
               5.5649586                    0.0009487301
               5.5660915                   0.00095604616
               5.5672245                   0.00096253894
               5.5683575                   0.00096824777
               5.5694904                   0.00097322767
               5.5706234                   0.00097752607
               5.5717564                   0.00098116137
               5.5728893                   0.00098411087
               5.5740223                   0.00098631263
               5.5751548                   0.00098767807
               5.5762877                   0.00098811288
               5.5774207                    0.0009875393
               5.5785537                   0.00098591251
               5.5796866                   0.00098322693
               5.5808196                   0.00097951223
               5.5819526                   0.00097481871
               5.5830855                    0.0009691997
               5.5842185                   0.00096269441
               5.5853515                   0.00095531851
               5.5864844                    0.0009470635
               5.5876174                   0.00093790313
               5.5887504                   0.00092780619
               5.5898833                   0.00091674691
               5.5910158                   0.00090471352
               5.5921488                   0.00089170947
               5.5932817                   0.00087774993
               5.5944147                   0.00086285471
               5.5955477                   0.00084704201
               5.5966806                   0.00083032553
               5.5978136                   0.00081271562
               5.5989466                   0.00079422386
               5.6000795                     0.000774869
               5.6012125                   0.00075468072
               5.6023455                   0.00073369907
               5.6034784                   0.00071196823
               5.6046114                   0.00068952702
               5.6057444                   0.00066639978
               5.6068769                   0.00064259057
               5.6080098                   0.00061808515
               5.6091428                   0.00059285946
               5.6102757                   0.00056689349
               5.6114087                   0.00054018653
               5.6125417                   0.00051276834
               5.6136746                   0.00048470235
               5.6148076                   0.00045607926
               5.6159406                   0.00042700153
               5.6170735                   0.00039756444
               5.6182065                   0.00036783825
               5.6193395                   0.00033785767
               5.6204724                   0.00030762138
               5.6216054                   0.00027710214
               5.6227379                   0.00024626451
               5.6238708                   0.00021508415
               5.6250038                   0.00018356355
               5.6261368                   0.00015173903
               5.6272697                   0.00011967689
               5.6284027                   8.7460845e-05
               5.6295357                   5.5174743e-05
               5.6306686                   2.2886206e-05
               5.6318016                  -9.3634699e-06
               5.6329346                  -4.1560401e-05
               5.6340675                  -7.3710078e-05
               5.6352005                  -0.00010582275
               5.6363335                  -0.00013789734
               5.6374664                  -0.00016990928
               5.6385989                  -0.00020180605
               5.6397319                  -0.00023351194
               5.6408648                  -0.00026494006
               5.6419978                  -0.00029600773
               5.6431308                  -0.00032665077
               5.6442637                   -0.0003568324
               5.6453967                  -0.00038654375
               5.6465297                  -0.00041579665
               5.6476626                  -0.00044461092
               5.6487956                  -0.00047300069
               5.6499286                  -0.00050096319
               5.6510615                  -0.00052847323
               5.6521945                   -0.0005554849
               5.6533275                  -0.00058193901
                 5.65446                  -0.00060777384
               5.6555929                  -0.00063293462
               5.6567259                  -0.00065738003
               5.6578588                  -0.00068108324
               5.6589918                  -0.00070402754
               5.6601248                  -0.00072619971
               5.6612577                   -0.0007475827
               5.6623907                  -0.00076815067
               5.6635237                  -0.00078786863
               5.6646566                  -0.00080669677
               5.6657896                  -0.00082459761
               5.6669226                   -0.0008415436
               5.6680555                  -0.00085752271
               5.6691885                   -0.0008725393
                5.670321                  -0.00088660954
                5.671454                  -0.00089975295
               5.6725869                  -0.00091198145
               5.6737199                  -0.00092329003
               5.6748528                  -0.00093365158
               5.6759858                  -0.00094301876
               5.6771188                  -0.00095133146
               5.6782517                   -0.0009585293
               5.6793847                   -0.0009645645
               5.6805177                  -0.00096941274
               5.6816506                  -0.00097307848
               5.6827836                  -0.00097559247
               5.6839166                  -0.00097700325
               5.6850495                  -0.00097736309
               5.6861825                  -0.00097671349
                5.687315                  -0.00097507465
                5.688448                  -0.00097244035
               5.6895809                  -0.00096878124
               5.6907139                  -0.00096405455
               5.6918468                  -0.00095821777
               5.6929798                  -0.00095124252
               5.6941128                  -0.00094312464
               5.6952457                  -0.00093388744
               5.6963787                   -0.0009235763
               5.6975117                  -0.00091224862
               5.6986446                  -0.00089996052
               5.6997776                   -0.0008867539
               5.7009106                  -0.00087264989
               5.7020435                   -0.0008576485
                5.703176                  -0.00084173499
                5.704309                  -0.00082489219
                5.705442                  -0.00080711284
               5.7065749                   -0.0007884095
               5.7077079                  -0.00076881878
               5.7088408                  -0.00074839854
               5.7099738                  -0.00072721962
               5.7111068                  -0.00070535368
               5.7122397                  -0.00068286201
               5.7133727                  -0.00065978814
               5.7145057                  -0.00063615618
               5.7156386                  -0.00061197608
               5.7167716                  -0.00058725307
               5.7179046                  -0.00056199869
               5.7190371                  -0.00053623901
                 5.72017                  -0.00051001861
                5.721303                   -0.0004833983
                5.722436                  -0.00045644733
               5.7235689                    -0.000429234
               5.7247019                  -0.00040181627
               5.7258348                  -0.00037423734
               5.7269678                  -0.00034652592
               5.7281008                  -0.00031870173
               5.7292337                  -0.00029078397
               5.7303667                  -0.00026279996
               5.7314997                  -0.00023479111
               5.7326326                  -0.00020681393
               5.7337656                    -0.000178936
               5.7348981                  -0.00015122787
               5.7360311                  -0.00012375394
                5.737164                  -9.6565593e-05
                5.738297                  -6.9698974e-05
                 5.73943                  -4.3177657e-05
               5.7405629                  -1.7019487e-05
               5.7416959                    8.754977e-06
               5.7428288                   3.4115037e-05
               5.7439618                   5.9016224e-05
               5.7450948                   8.3401901e-05
               5.7462277                   0.00010720953
               5.7473607                   0.00013037957
               5.7484937                   0.00015286398
               5.7496266                   0.00017463168
               5.7507591                     0.000195669
               5.7518921                   0.00021597472
               5.7530251                   0.00023555163
                5.754158                    0.0002543974
                5.755291                   0.00027249797
                5.756424                   0.00028982508
               5.7575569                   0.00030633903
               5.7586899                   0.00032199538
               5.7598228                   0.00033675344
               5.7609558                   0.00035058329
               5.7620888                    0.0003634688
               5.7632217                   0.00037540612
               5.7643547                    0.0003863977
               5.7654877                   0.00039644487
               5.7666202                   0.00040554104
               5.7677531                   0.00041366869
               5.7688861                   0.00042080192
               5.7700191                   0.00042691367
                5.771152                   0.00043198551
                5.772285                   0.00043601578
               5.7734179                   0.00043902401
               5.7745509                   0.00044104902
               5.7756839                   0.00044214094
               5.7768168                   0.00044234894
               5.7779498                   0.00044170854
               5.7790828                   0.00044023158
               5.7802157                   0.00043790409
               5.7813487                    0.0004346917
               5.7824812                   0.00043055153
               5.7836142                   0.00042544748
               5.7847471                    0.0004193639
               5.7858801                    0.0004123142
               5.7870131                   0.00040434115
                5.788146                   0.00039550924
                5.789279                   0.00038589112
               5.7904119                   0.00037555286
               5.7915449                   0.00036454244
               5.7926779                   0.00035288461
               5.7938108                    0.0003405833
               5.7949438                   0.00032763073
               5.7960768                   0.00031401997
               5.7972097                   0.00029975633
               5.7983422                   0.00028486381
               5.7994752                   0.00026938511
               5.8006082                    0.0002533753
               5.8017411                   0.00023689165
               5.8028741                   0.00021998277
               5.8040071                   0.00020268151
                 5.80514                   0.00018500384
                5.806273                   0.00016695372
               5.8074059                   0.00014853201
               5.8085389                   0.00012974608
               5.8096719                   0.00011061698
               5.8108048                   9.1181915e-05
               5.8119378                   7.1491013e-05
               5.8130708                   5.1599676e-05
               5.8142037                   3.1559804e-05
               5.8153362                   1.1413083e-05
               5.8164692                  -8.8113966e-06
               5.8176022                  -2.9094839e-05
               5.8187351                  -4.9422917e-05
               5.8198681                  -6.9778689e-05
               5.8210011                  -9.0137146e-05
                5.822134                  -0.00011046393
                5.823267                  -0.00013071846
               5.8243999                  -0.00015086019
               5.8255329                  -0.00017085555
               5.8266659                  -0.00019068267
               5.8277988                  -0.00021033177
               5.8289318                  -0.00022980063
               5.8300648                  -0.00024908668
               5.8311973                  -0.00026817858
               5.8323302                  -0.00028705076
               5.8334632                  -0.00030566315
               5.8345962                  -0.00032396626
               5.8357291                  -0.00034191067
               5.8368621                  -0.00035945716
               5.8379951                  -0.00037658465
                5.839128                  -0.00039329217
                5.840261                  -0.00040959445
               5.8413939                  -0.00042551279
               5.8425269                  -0.00044106378
               5.8436599                  -0.00045624984
               5.8447928                  -0.00047105548
               5.8459258                  -0.00048544965
               5.8470583                  -0.00049939431
               5.8481913                  -0.00051285495
               5.8493242                     -0.00052581
               5.8504572                  -0.00053825503
               5.8515902                  -0.00055020046
               5.8527231                  -0.00056166429
               5.8538561                  -0.00057266111
               5.8549891                  -0.00058319373
                5.856122                  -0.00059324922
                5.857255                  -0.00060280215
               5.8583879                  -0.00061182387
               5.8595209                  -0.00062029419
               5.8606539                  -0.00062821229
               5.8617868                  -0.00063560094
               5.8629193                  -0.00064250326
               5.8640523                  -0.00064897217
               5.8651853                  -0.00065505522
               5.8663182                  -0.00066078099
               5.8674512                  -0.00066615123
               5.8685842                  -0.00067114132
               5.8697171                  -0.00067570957
               5.8708501                  -0.00067981263
               5.8719831                  -0.00068342127
                5.873116                   -0.0006865313
                5.874249                  -0.00068916695
               5.8753819                  -0.00069137441
               5.8765149                  -0.00069320865
               5.8776479                   -0.0006947181
               5.8787804                   -0.0006959319
               5.8799133                  -0.00069685536
               5.8810463                  -0.00069747382
               5.8821793                  -0.00069776428
               5.8833122                  -0.00069770997
               5.8844452                  -0.00069731212
               5.8855782                  -0.00069659471
               5.8867111                  -0.00069560041
               5.8878441                   -0.0006943781
               5.8889771                  -0.00069296762
                 5.89011                  -0.00069138606
                5.891243                  -0.00068962132
               5.8923759                  -0.00068763574
               5.8935089                   -0.0006853785
               5.8946414                  -0.00068280339
               5.8957744                  -0.00067988673
               5.8969073                   -0.0006766381
               5.8980403                  -0.00067310088
               5.8991733                  -0.00066934281
               5.9003062                  -0.00066543813
               5.9014392                  -0.00066144834
               5.9025722                  -0.00065740646
               5.9037051                  -0.00065330946
               5.9048381                  -0.00064912078
               5.9059711                  -0.00064478227
                5.907104                   -0.0006402306
                5.908237                  -0.00063541351
               5.9093699                  -0.00063030078
               5.9105024                  -0.00062488765
               5.9116354                  -0.00061919034
               5.9127684                  -0.00061323633
               5.9139013                  -0.00060705293
               5.9150343                  -0.00060065836
               5.9161673                  -0.00059405609
               5.9173002                  -0.00058723573
               5.9184332                  -0.00058017665
               5.9195662                  -0.00057285361
               5.9206991                  -0.00056524202
               5.9218321                  -0.00055732083
                5.922965                  -0.00054907263
                5.924098                  -0.00054048275
                5.925231                  -0.00053153822
               5.9263635                  -0.00052222732
               5.9274964                  -0.00051254081
               5.9286294                  -0.00050247309
               5.9297624                  -0.00049202325
               5.9308953                  -0.00048119324
               5.9320283                  -0.00046998577
               5.9331613                  -0.00045839953
               5.9342942                  -0.00044642625
               5.9354272                   -0.0004340492
               5.9365602                  -0.00042124582
               5.9376931                  -0.00040799289
               5.9388261                  -0.00039427349
                5.939959                  -0.00038008223
                5.941092                  -0.00036542735
                5.942225                  -0.00035032679
               5.9433575                  -0.00033479976
               5.9444904                   -0.0003188563
               5.9456234                  -0.00030248848
               5.9467564                  -0.00028566731
               5.9478893                   -0.0002683475
               5.9490223                  -0.00025047938
               5.9501553                  -0.00023202504
               5.9512882                  -0.00021297333
               5.9524212                   -0.0001933483
               5.9535542                  -0.00017320711
               5.9546871                  -0.00015262738
               5.9558201                  -0.00013168711
                5.956953                  -0.00011044262
                5.958086                  -8.8912471e-05
               5.9592185                  -6.7072702e-05
               5.9603515                  -4.4866159e-05
               5.9614844                  -2.2223212e-05
               5.9626174                   9.1205402e-07
               5.9637504                   2.4558467e-05
               5.9648833                   4.8684975e-05
               5.9660163                   7.3212708e-05
               5.9671493                   9.8032047e-05
               5.9682822                   0.00012302944
               5.9694152                   0.00014811577
               5.9705482                   0.00017324695
               5.9716811                   0.00019843032
               5.9728141                   0.00022371423
                5.973947                   0.00024916473
               5.9750795                   0.00027483626
               5.9762125                   0.00030074586
               5.9773455                   0.00032685933
               5.9784784                   0.00035309332
               5.9796114                   0.00037933237
               5.9807444                   0.00040545527
               5.9818773                   0.00043136298
               5.9830103                   0.00045699815
               5.9841433                   0.00048235146
               5.9852762                    0.0005074527
               5.9864092                   0.00053235033
               5.9875422                   0.00055708614
               5.9886751                   0.00058167445
               5.9898081                   0.00060609001
               5.9909406                   0.00063026976
               5.9920735                   0.00065412588
               5.9932065                   0.00067756581
               5.9943395                   0.00070051115
               5.9954724                   0.00072291121
               5.9966054                   0.00074474607
               5.9977384                    0.0007660191

