        Time / ns                o2,1/real
----------------------------------------------------------------------
                       0                               0
            0.0011329313                               0
            0.0022658627                               0
             0.003398794                               0
            0.0045317253                               0
            0.0056646564                               0
             0.006797588                               0
            0.0079305191                               0
            0.0090634506                               0
             0.010196382                               0
             0.011329313                               0
             0.012462244                               0
             0.013595176                               0
             0.014728107                               0
             0.015861038                               0
              0.01699397                               0
             0.018126901                               0
             0.019259833                               0
             0.020392764                               0
             0.021525694                               0
             0.022658626                               0
             0.023791557                               0
             0.024924489                               0
              0.02605742                               0
             0.027190352                               0
             0.028323283                               0
             0.029456215                               0
             0.030589145                               0
             0.031722076                               0
             0.032855008                               0
             0.033987939                               0
             0.035120871                               0
             0.036253802                               0
             0.037386734                               0
             0.038519666                               0
             0.039652597                               0
             0.040785529                               0
              0.04191846                               0
             0.043051388                               0
              0.04418432                               0
             0.045317251                               0
             0.046450183                               0
             0.047583114                               0
             0.048716046                               0
             0.049848977                               0
             0.050981909                               0
             0.052114841                               0
             0.053247772                               0
             0.054380704                               0
             0.055513635                               0
             0.056646567                               0
             0.057779498                               0
              0.05891243                               0
             0.060045358                               0
             0.061178289                               0
             0.062311221                               0
             0.063444152                               0
             0.064577088                               0
             0.065710016                               0
             0.066842951                               0
             0.067975879                               0
             0.069108807                               0
             0.070241742                               0
              0.07137467                               0
             0.072507605                               0
             0.073640533                               0
             0.074773468                               0
             0.075906396                               0
             0.077039331                               0
             0.078172259                               0
             0.079305194                               0
             0.080438122                               0
             0.081571057                               0
             0.082703985                               0
             0.083836921                               0
             0.084969848                               0
             0.086102776                               0
             0.087235712                               0
             0.088368639                               0
             0.089501575                               0
             0.090634502                               0
             0.091767438                               0
             0.092900366                               0
             0.094033301                               0
             0.095166229                               0
             0.096299164                               0
             0.097432092                               0
             0.098565027                               0
             0.099697955                               0
              0.10083089                               0
              0.10196382                               0
              0.10309675                               0
              0.10422968                               0
              0.10536261                               0
              0.10649554                               0
              0.10762847                               0
              0.10876141                               0
              0.10989434                               0
              0.11102727                               0
               0.1121602                               0
              0.11329313                               0
              0.11442606                               0
                0.115559                               0
              0.11669192                               0
              0.11782486                               0
              0.11895779                               0
              0.12009072                               0
              0.12122365                               0
              0.12235658                               0
              0.12348951                               0
              0.12462244                               0
              0.12575537                               0
               0.1268883                               0
              0.12802124                               0
              0.12915418                               0
               0.1302871                               0
              0.13142003                               0
              0.13255297                               0
               0.1336859                               0
              0.13481882                               0
              0.13595176                               0
              0.13708469                               0
              0.13821761                  -7.6472147e-38
              0.13935055                  -5.4406989e-37
              0.14048348                   -2.507221e-36
              0.14161642                  -1.0002882e-35
              0.14274934                  -3.7363068e-35
              0.14388227                   -1.333917e-34
              0.14501521                  -4.5803803e-34
              0.14614815                  -1.5176243e-33
              0.14728107                  -4.8606901e-33
                0.148414                  -1.5062084e-32
              0.14954694                  -4.5176302e-32
              0.15067987                  -1.3118237e-31
              0.15181279                  -3.6884441e-31
              0.15294573                  -1.0042883e-30
              0.15407866                  -2.6482105e-30
              0.15521158                  -6.7631069e-30
              0.15634452                  -1.6728236e-29
              0.15747745                  -4.0074203e-29
              0.15861039                   -9.297827e-29
              0.15974331                  -2.0892096e-28
              0.16087624                  -4.5461172e-28
              0.16200918                  -9.5790892e-28
              0.16314211                  -1.9543164e-27
              0.16427504                  -3.8602219e-27
              0.16540797                  -7.3813861e-27
              0.16654091                  -1.3662834e-26
              0.16767384                  -2.4479668e-26
              0.16880676                  -4.2456494e-26
               0.1699397                  -7.1287289e-26
              0.17107263                  -1.1591261e-25
              0.17220555                  -1.8260678e-25
              0.17333849                   -2.789475e-25
              0.17447142                  -4.1369685e-25
              0.17560436                  -5.9671756e-25
              0.17673728                  -8.3916272e-25
              0.17787021                  -1.1542585e-24
              0.17900315                  -1.5589725e-24
              0.18013608                  -2.0766408e-24
                0.181269                  -2.7401861e-24
              0.18240194                  -3.5949472e-24
              0.18353488                  -4.6995962e-24
              0.18466781                   -6.123431e-24
              0.18580073                  -7.9388816e-24
              0.18693367                   -1.020951e-23
               0.1880666                   -1.297586e-23
              0.18919952                  -1.6243597e-23
              0.19033246                  -1.9979341e-23
              0.19146539                  -2.4118441e-23
              0.19259833                   -2.858534e-23
              0.19373125                  -3.3321832e-23
              0.19486418                  -3.8313478e-23
              0.19599712                  -4.3602311e-23
              0.19713005                  -4.9276727e-23
              0.19826297                  -5.5437307e-23
              0.19939591                  -6.2147813e-23
              0.20052885                   -6.938895e-23
              0.20166178                  -7.7034356e-23
               0.2027947                  -8.4861251e-23
              0.20392764                  -9.2594518e-23
              0.20506057                  -9.9968758e-23
              0.20619349                  -1.0678488e-22
              0.20732643                   -1.129407e-22
              0.20845936                  -1.1842684e-22
               0.2095923                  -1.2329414e-22
              0.21072522                  -1.2760931e-22
              0.21185815                  -1.3141703e-22
              0.21299109                  -1.3472155e-22
              0.21412402                  -1.3749275e-22
              0.21525694                  -1.3969458e-22
              0.21638988                  -1.4132776e-22
              0.21752281                  -1.4247243e-22
              0.21865575                  -1.4331187e-22
              0.21978867                   -1.441197e-22
              0.22092161                  -1.4520587e-22
              0.22205454                  -1.4683707e-22
              0.22318746                  -1.4916432e-22
               0.2243204                   -1.521899e-22
              0.22545333                   -1.557862e-22
              0.22658627                  -1.5975181e-22
              0.22771919                  -1.6387515e-22
              0.22885212                  -1.6798193e-22
              0.22998506                  -1.7196073e-22
              0.23111799                  -1.7577246e-22
              0.23225091                  -1.7944586e-22
              0.23338385                  -1.8305011e-22
              0.23451678                  -1.8663653e-22
              0.23564972                  -1.9015834e-22
              0.23678264                  -1.9339969e-22
              0.23791558                  -1.9594957e-22
              0.23904851                  -1.9724047e-22
              0.24018143                  -1.9664345e-22
              0.24131437                   -1.935927e-22
               0.2424473                  -1.8770596e-22
              0.24358024                  -1.7886673e-22
              0.24471316                  -1.6723758e-22
              0.24584609                  -1.5318667e-22
              0.24697903                  -1.3714318e-22
              0.24811196                  -1.1943721e-22
              0.24924488                  -1.0019871e-22
              0.25037783                  -7.9368034e-23
              0.25151074                  -5.6815504e-23
              0.25264367                  -3.2516323e-23
              0.25377661                  -6.7079304e-24
              0.25490955                    2.002968e-23
              0.25604248                   4.6802527e-23
              0.25717542                   7.2543466e-23
              0.25830835                   9.6237358e-23
              0.25944126                   1.1716753e-22
              0.26057419                   1.3509694e-22
              0.26170713                   1.5030837e-22
              0.26284006                   1.6347934e-22
                0.263973                   1.7543469e-22
              0.26510593                   1.8686827e-22
              0.26623887                   1.9813554e-22
               0.2673718                   2.0919069e-22
              0.26850471                   2.1969198e-22
              0.26963764                   2.2923667e-22
              0.27077058                   2.3763217e-22
              0.27190351                   2.4508669e-22
              0.27303645                   2.5222905e-22
              0.27416939                   2.5993893e-22
              0.27530232                   2.6904994e-22
              0.27643523                   2.8003848e-22
              0.27756816                   2.9281325e-22
               0.2787011                   3.0668037e-22
              0.27983403                   3.2049901e-22
              0.28096697                   3.3297809e-22
               0.2820999                   3.4301298e-22
              0.28323284                   3.4994577e-22
              0.28436577                   3.5365995e-22
              0.28549868                     3.54492e-22
              0.28663161                   3.5301624e-22
              0.28776455                   3.4980582e-22
              0.28889748                    3.452695e-22
              0.29003042                   3.3962191e-22
              0.29116336                     3.32985e-22
              0.29229629                   3.2556231e-22
               0.2934292                   3.1779349e-22
              0.29456213                   3.1039854e-22
              0.29569507                   3.0426438e-22
                0.296828                   3.0019553e-22
              0.29796094                   2.9861634e-22
              0.29909387                   2.9934187e-22
              0.30022681                   3.0151443e-22
              0.30135974                   3.0374303e-22
              0.30249265                   3.0441112e-22
              0.30362558                   3.0205984e-22
              0.30475852                   2.9573093e-22
              0.30589145                   2.8517392e-22
              0.30702439                   2.7087297e-22
              0.30815732                     2.53911e-22
              0.30929026                   2.3572951e-22
              0.31042317                   2.1785322e-22
               0.3115561                   2.0163305e-22
              0.31268904                   1.8804118e-22
              0.31382197                    1.775359e-22
              0.31495491                   1.7000955e-22
              0.31608784                   1.6482732e-22
              0.31722078                   1.6096064e-22
              0.31835371                   1.5720834e-22
              0.31948662                   1.5248096e-22
              0.32061955                   1.4609335e-22
              0.32175249                   1.3798289e-22
              0.32288542                   1.2876888e-22
              0.32401836                   1.1961122e-22
              0.32515129                   1.1190306e-22
              0.32628423                   1.0690372e-22
              0.32741714                   1.0544651e-22
              0.32855007                   1.0782449e-22
              0.32968301                   1.1388237e-22
              0.33081594                   1.2325599e-22
              0.33194888                   1.3563537e-22
              0.33308181                   1.5091482e-22
              0.33421475                    1.691455e-22
              0.33534768                   1.9030111e-22
              0.33648059                   2.1396422e-22
              0.33761352                   2.3909218e-22
              0.33874646                   2.6399999e-22
              0.33987939                   2.8660937e-22
              0.34101233                   3.0489638e-22
              0.34214526                   3.1738204e-22
               0.3432782                   3.2348992e-22
               0.3444111                   3.2364484e-22
              0.34554404                   3.1908633e-22
              0.34667698                   3.1147326e-22
              0.34780991                   3.0242097e-22
              0.34894285                   2.9311032e-22
              0.35007578                   2.8405203e-22
              0.35120872                   2.7501766e-22
              0.35234165                    2.650951e-22
              0.35347456                   2.5281144e-22
              0.35460749                   2.3627684e-22
              0.35574043                   2.1331677e-22
              0.35687336                   1.8156435e-22
               0.3580063                   1.3848276e-22
              0.35913923                   8.1286443e-23
              0.36027217                   6.7395653e-24
              0.36140507                  -8.9161982e-23
              0.36253801                  -2.1157531e-22
              0.36367095                  -3.6717716e-22
              0.36480388                  -5.6443525e-22
              0.36593682                   -8.137674e-22
              0.36706975                  -1.1276583e-21
              0.36820269                  -1.5208668e-21
              0.36933562                  -2.0108646e-21
              0.37046853                  -2.6185889e-21
              0.37160146                  -3.3695069e-21
               0.3727344                  -4.2949237e-21
              0.37386733                  -5.4334586e-21
              0.37500027                  -6.8326678e-21
               0.3761332                  -8.5508851e-21
              0.37726614                  -1.0659421e-20
              0.37839904                  -1.3245298e-20
              0.37953198                    -1.64147e-20
              0.38066491                  -2.0297251e-20
              0.38179785                  -2.5051288e-20
              0.38293079                  -3.0870212e-20
              0.38406372                  -3.7990195e-20
              0.38519666                  -4.6699438e-20
              0.38632959                   -5.734933e-20
               0.3874625                  -7.0367828e-20
              0.38859543                  -8.6275429e-20
              0.38972837                  -1.0570426e-19
               0.3908613                  -1.2942108e-19
              0.39199424                  -1.5835494e-19
              0.39312717                  -1.9363068e-19
              0.39426011                  -2.3660969e-19
              0.39539301                    -2.88939e-19
              0.39652595                  -3.5261081e-19
              0.39765888                  -4.3003375e-19
              0.39879182                  -5.2411865e-19
              0.39992476                  -6.3838155e-19
              0.40105769                  -7.7706691e-19
              0.40219063                   -9.452957e-19
              0.40332356                  -1.1492426e-18
              0.40445647                  -1.3963485e-18
               0.4055894                  -1.6955753e-18
              0.40672234                  -2.0577083e-18
              0.40785527                  -2.4957207e-18
              0.40898821                  -3.0252075e-18
              0.41012114                  -3.6649035e-18
              0.41125408                  -4.4373029e-18
              0.41238698                  -5.3693948e-18
              0.41351992                  -6.4935457e-18
              0.41465285                  -7.8485419e-18
              0.41578579                  -9.4808398e-18
              0.41691872                  -1.1446044e-17
              0.41805166                   -1.381067e-17
               0.4191846                  -1.6654241e-17
              0.42031753                  -2.0071771e-17
              0.42145044                  -2.4176714e-17
              0.42258337                  -2.9104469e-17
              0.42371631                  -3.5016511e-17
              0.42484924                  -4.2105316e-17
              0.42598218                   -5.060017e-17
              0.42711511                  -6.0774045e-17
              0.42824805                  -7.2951692e-17
              0.42938095                  -8.7519282e-17
              0.43051389                  -1.0493572e-16
              0.43164682                  -1.2574599e-16
              0.43277976                  -1.5059691e-16
              0.43391269                  -1.8025581e-16
              0.43504563                  -2.1563226e-16
              0.43617857                  -2.5780382e-16
               0.4373115                  -3.0804643e-16
              0.43844441                  -3.6786988e-16
              0.43957734                  -4.3905953e-16
              0.44071028                   -5.237255e-16
              0.44184321                  -6.2436016e-16
              0.44297615                  -7.4390542e-16
              0.44410908                  -8.8583193e-16
              0.44524202                  -1.0542315e-15
              0.44637492                  -1.2539253e-15
              0.44750786                  -1.4905908e-15
              0.44864079                  -1.7709088e-15
              0.44977373                  -2.1027368e-15
              0.45090666                  -2.4953104e-15
               0.4520396                  -2.9594783e-15
              0.45317253                  -3.5079766e-15
              0.45430547                  -4.1557469e-15
              0.45543838                  -4.9203085e-15
              0.45657131                  -5.8221911e-15
              0.45770425                   -6.885436e-15
              0.45883718                  -8.1381782e-15
              0.45997012                  -9.6133259e-15
              0.46110305                  -1.1349349e-14
              0.46223599                   -1.339118e-14
              0.46336889                  -1.5791286e-14
              0.46450183                  -1.8610877e-14
              0.46563476                  -2.1921323e-14
               0.4667677                  -2.5805796e-14
              0.46790063                  -3.0361157e-14
              0.46903357                  -3.5700145e-14
               0.4701665                  -4.1953881e-14
              0.47129944                   -4.927479e-14
              0.47243235                  -5.7839943e-14
              0.47356528                  -6.7854928e-14
              0.47469822                  -7.9558274e-14
              0.47583115                   -9.322656e-14
              0.47696409                  -1.0918029e-13
              0.47809702                  -1.2779067e-13
              0.47922996                   -1.494873e-13
              0.48036286                  -1.7476709e-13
               0.4814958                  -2.0420445e-13
              0.48262873                  -2.3846295e-13
              0.48376167                  -2.7830871e-13
               0.4848946                  -3.2462558e-13
              0.48602754                  -3.7843272e-13
              0.48716047                  -4.4090458e-13
              0.48829341                  -5.1339369e-13
              0.48942631                  -5.9745671e-13
              0.49055925                  -6.9488387e-13
              0.49169219                  -8.0773306e-13
              0.49282512                  -9.3836831e-13
              0.49395806                  -1.0895033e-12
              0.49509099                  -1.2642515e-12
              0.49622393                  -1.4661828e-12
              0.49735683                  -1.6993873e-12
              0.49848977                   -1.968549e-12
               0.4996227                  -2.2790281e-12
              0.50075567                  -2.6369545e-12
              0.50188857                  -3.0493347e-12
              0.50302148                  -3.5241705e-12
              0.50415444                  -4.0705972e-12
              0.50528735                  -4.6990346e-12
              0.50642031                   -5.421363e-12
              0.50755322                  -6.2511159e-12
              0.50868618                  -7.2037029e-12
              0.50981909                  -8.2966585e-12
                0.510952                  -9.5499181e-12
              0.51208496                   -1.098614e-11
              0.51321787                  -1.2631052e-11
              0.51435083                  -1.4513861e-11
              0.51548374                  -1.6667679e-11
               0.5166167                  -1.9130053e-11
              0.51774961                  -2.1943504e-11
              0.51888251                  -2.5156167e-11
              0.52001548                  -2.8822496e-11
              0.52114838                  -3.3004054e-11
              0.52228135                  -3.7770394e-11
              0.52341425                  -4.3200037e-11
              0.52454722                  -4.9381596e-11
              0.52568012                  -5.6414984e-11
              0.52681309                  -6.4412788e-11
                0.527946                  -7.3501781e-11
               0.5290789                  -8.3824669e-11
              0.53021187                  -9.5541894e-11
              0.53134477                  -1.0883381e-10
              0.53247774                  -1.2390296e-10
              0.53361064                  -1.4097669e-10
              0.53474361                  -1.6031006e-10
              0.53587651                  -1.8218892e-10
              0.53700942                  -2.0693347e-10
              0.53814238                  -2.3490215e-10
              0.53927529                  -2.6649602e-10
              0.54040825                  -3.0216335e-10
              0.54154116                  -3.4240505e-10
              0.54267412                  -3.8778031e-10
              0.54380703                  -4.3891299e-10
              0.54493994                  -4.9649879e-10
               0.5460729                  -5.6131266e-10
              0.54720581                  -6.3421762e-10
              0.54833877                  -7.1617401e-10
              0.54947168                  -8.0824947e-10
              0.55060464                  -9.1163055e-10
              0.55173755                  -1.0276348e-09
              0.55287045                  -1.1577239e-09
              0.55400342                  -1.3035193e-09
              0.55513632                  -1.4668174e-09
              0.55626929                  -1.6496079e-09
              0.55740219                   -1.854092e-09
              0.55853516                  -2.0827047e-09
              0.55966806                  -2.3381361e-09
              0.56080103                  -2.6233573e-09
              0.56193393                  -2.9416467e-09
              0.56306684                  -3.2966201e-09
              0.56419981                  -3.6922623e-09
              0.56533271                  -4.1329602e-09
              0.56646568                  -4.6235433e-09
              0.56759858                  -5.1693201e-09
              0.56873155                  -5.7761254e-09
              0.56986445                  -6.4503651e-09
              0.57099736                  -7.1990693e-09
              0.57213032                  -8.0299483e-09
              0.57326323                  -8.9514449e-09
              0.57439619                  -9.9728075e-09
               0.5755291                  -1.1104157e-08
              0.57666206                  -1.2356553e-08
              0.57779497                  -1.3742084e-08
              0.57892787                  -1.5273942e-08
              0.58006084                  -1.6966519e-08
              0.58119375                  -1.8835507e-08
              0.58232671                  -2.0897996e-08
              0.58345962                  -2.3172586e-08
              0.58459258                  -2.5679512e-08
              0.58572549                  -2.8440759e-08
              0.58685839                  -3.1480212e-08
              0.58799136                  -3.4823781e-08
              0.58912426                  -3.8499561e-08
              0.59025723                  -4.2537991e-08
              0.59139013                  -4.6972026e-08
               0.5925231                  -5.1837322e-08
                0.593656                  -5.7172418e-08
              0.59478897                  -6.3018923e-08
              0.59592187                  -6.9421759e-08
              0.59705478                  -7.6429359e-08
              0.59818774                  -8.4093905e-08
              0.59932065                  -9.2471574e-08
              0.60045362                   -1.016228e-07
              0.60158652                  -1.1161254e-07
              0.60271949                  -1.2251054e-07
              0.60385239                  -1.3439166e-07
               0.6049853                  -1.4733611e-07
              0.60611826                  -1.6142982e-07
              0.60725117                  -1.7676479e-07
              0.60838413                  -1.9343936e-07
              0.60951704                  -2.1155863e-07
                 0.61065                  -2.3123472e-07
              0.61178291                  -2.5258726e-07
              0.61291581                  -2.7574362e-07
              0.61404878                  -3.0083953e-07
              0.61518168                  -3.2801927e-07
              0.61631465                  -3.5743608e-07
              0.61744756                  -3.8925262e-07
              0.61858052                   -4.236415e-07
              0.61971343                  -4.6078554e-07
              0.62084633                  -5.0087817e-07
               0.6219793                  -5.4412391e-07
               0.6231122                  -5.9073886e-07
              0.62424517                  -6.4095093e-07
              0.62537807                  -6.9500032e-07
              0.62651104                  -7.5314011e-07
              0.62764394                  -8.1563644e-07
              0.62877691                  -8.8276869e-07
              0.62990981                  -9.5483028e-07
              0.63104272                  -1.0321286e-06
              0.63217568                  -1.1149854e-06
              0.63330859                  -1.2037373e-06
              0.63444155                   -1.298736e-06
              0.63557446                   -1.400348e-06
              0.63670743                  -1.5089551e-06
              0.63784033                  -1.6249545e-06
              0.63897324                  -1.7487589e-06
               0.6401062                  -1.8807967e-06
              0.64123911                  -2.0215114e-06
              0.64237207                  -2.1713615e-06
              0.64350498                  -2.3308212e-06
              0.64463794                   -2.500379e-06
              0.64577085                  -2.6805374e-06
              0.64690375                   -2.871813e-06
              0.64803672                   -3.074736e-06
              0.64916962                  -3.2898483e-06
              0.65030259                  -3.5177047e-06
              0.65143549                  -3.7588707e-06
              0.65256846                  -4.0139212e-06
              0.65370136                  -4.2834386e-06
              0.65483427                  -4.5680149e-06
              0.65596724                  -4.8682464e-06
              0.65710014                  -5.1847337e-06
              0.65823311                  -5.5180803e-06
              0.65936601                  -5.8688897e-06
              0.66049898                   -6.237763e-06
              0.66163188                  -6.6252978e-06
              0.66276485                  -7.0320848e-06
              0.66389775                  -7.4587065e-06
              0.66503066                  -7.9057318e-06
              0.66616362                  -8.3737177e-06
              0.66729653                  -8.8631969e-06
              0.66842949                  -9.3746839e-06
               0.6695624                  -9.9086665e-06
              0.67069536                  -1.0465605e-05
              0.67182827                  -1.1045921e-05
              0.67296118                  -1.1650002e-05
              0.67409414                  -1.2278193e-05
              0.67522705                  -1.2930789e-05
              0.67636001                  -1.3608036e-05
              0.67749292                  -1.4310124e-05
              0.67862588                  -1.5037178e-05
              0.67975879                  -1.5789254e-05
              0.68089169                  -1.6566337e-05
              0.68202466                  -1.7368333e-05
              0.68315756                   -1.819506e-05
              0.68429053                  -1.9046247e-05
              0.68542343                   -1.992153e-05
               0.6865564                   -2.082044e-05
               0.6876893                  -2.1742395e-05
              0.68882221                  -2.2686701e-05
              0.68995517                  -2.3652548e-05
              0.69108808                  -2.4638986e-05
              0.69222105                  -2.5644942e-05
              0.69335395                  -2.6669195e-05
              0.69448692                  -2.7710386e-05
              0.69561982                  -2.8766995e-05
              0.69675279                  -2.9837352e-05
              0.69788569                  -3.0919629e-05
               0.6990186                   -3.201182e-05
              0.70015156                  -3.3111744e-05
              0.70128447                   -3.421705e-05
              0.70241743                  -3.5325211e-05
              0.70355034                  -3.6433496e-05
               0.7046833                  -3.7539001e-05
              0.70581621                  -3.8638627e-05
              0.70694911                  -3.9729071e-05
              0.70808208                  -4.0806848e-05
              0.70921499                  -4.1868261e-05
              0.71034795                  -4.2909436e-05
              0.71148086                  -4.3926288e-05
              0.71261382                  -4.4914534e-05
              0.71374673                  -4.5869703e-05
              0.71487963                  -4.6787136e-05
               0.7160126                  -4.7661972e-05
               0.7171455                  -4.8489168e-05
              0.71827847                  -4.9263515e-05
              0.71941137                  -4.9979615e-05
              0.72054434                  -5.0631923e-05
              0.72167724                  -5.1214731e-05
              0.72281015                  -5.1722185e-05
              0.72394311                  -5.2148302e-05
              0.72507602                  -5.2486954e-05
              0.72620898                  -5.2731913e-05
              0.72734189                  -5.2876854e-05
              0.72847486                  -5.2915369e-05
              0.72960776                  -5.2840987e-05
              0.73074073                  -5.2647185e-05
              0.73187363                  -5.2327396e-05
              0.73300654                  -5.1875064e-05
               0.7341395                   -5.128363e-05
              0.73527241                  -5.0546576e-05
              0.73640537                  -4.9657428e-05
              0.73753828                  -4.8609789e-05
              0.73867124                  -4.7397371e-05
              0.73980415                     -4.6014e-05
              0.74093705                  -4.4453664e-05
              0.74207002                  -4.2710533e-05
              0.74320292                  -4.0778974e-05
              0.74433589                  -3.8653598e-05
               0.7454688                  -3.6329282e-05
              0.74660176                  -3.3801189e-05
              0.74773467                  -3.1064807e-05
              0.74886757                  -2.8115965e-05
              0.75000054                  -2.4950874e-05
              0.75113344                  -2.1566158e-05
              0.75226641                  -1.7958875e-05
              0.75339931                  -1.4126546e-05
              0.75453228                  -1.0067195e-05
              0.75566518                  -5.7793609e-06
              0.75679809                  -1.2621308e-06
              0.75793105                   3.4848356e-06
              0.75906396                   8.4612821e-06
              0.76019692                   1.3666332e-05
              0.76132983                   1.9098467e-05
              0.76246279                   2.4755507e-05
               0.7635957                   3.0634586e-05
              0.76472867                   3.6732137e-05
              0.76586157                   4.3043889e-05
              0.76699448                    4.956482e-05
              0.76812744                   5.6289202e-05
              0.76926035                   6.3210529e-05
              0.77039331                    7.032157e-05
              0.77152622                   7.7614335e-05
              0.77265918                   8.5080057e-05
              0.77379209                   9.2709233e-05
              0.77492499                    0.0001004916
              0.77605796                   0.00010841617
              0.77719086                   0.00011647123
              0.77832383                   0.00012464431
              0.77945673                   0.00013292229
               0.7805897                   0.00014129137
              0.78172261                   0.00014973707
              0.78285551                   0.00015824429
              0.78398848                   0.00016679733
              0.78512138                   0.00017537993
              0.78625435                   0.00018397532
              0.78738725                   0.00019256628
              0.78852022                   0.00020113506
              0.78965312                   0.00020966359
              0.79078603                   0.00021813343
              0.79191899                   0.00022652581
               0.7930519                   0.00023482174
              0.79418486                   0.00024300205
              0.79531777                   0.00025104749
              0.79645073                   0.00025893864
              0.79758364                   0.00026665616
               0.7987166                   0.00027418075
              0.79984951                   0.00028149324
              0.80098242                   0.00028857467
              0.80211538                   0.00029540627
              0.80324829                   0.00030196965
              0.80438125                   0.00030824682
              0.80551416                   0.00031422029
              0.80664712                   0.00031987307
              0.80778003                   0.00032518888
              0.80891293                   0.00033015199
               0.8100459                   0.00033474737
               0.8111788                   0.00033896096
              0.81231177                   0.00034277947
              0.81344467                   0.00034619059
              0.81457764                   0.00034918296
              0.81571054                   0.00035174628
              0.81684345                   0.00035387138
              0.81797642                   0.00035555026
              0.81910932                   0.00035677615
              0.82024229                   0.00035754347
              0.82137519                   0.00035784801
              0.82250816                   0.00035768672
              0.82364106                   0.00035705807
              0.82477397                   0.00035596179
              0.82590693                   0.00035439909
              0.82703984                   0.00035237256
               0.8281728                   0.00034988622
              0.82930571                   0.00034694563
              0.83043867                   0.00034355771
              0.83157158                   0.00033973085
              0.83270454                   0.00033547485
              0.83383745                    0.0003308008
              0.83497036                   0.00032572128
              0.83610332                   0.00032025028
              0.83723623                   0.00031440303
              0.83836919                   0.00030819606
               0.8395021                   0.00030164717
              0.84063506                   0.00029477532
              0.84176797                   0.00028760068
              0.84290087                   0.00028014442
              0.84403384                   0.00027242873
              0.84516674                   0.00026447678
              0.84629971                   0.00025631257
              0.84743261                   0.00024796097
              0.84856558                   0.00023944744
              0.84969848                   0.00023079822
              0.85083139                   0.00022204002
              0.85196435                   0.00021320005
              0.85309726                   0.00020430583
              0.85423023                   0.00019538513
              0.85536313                    0.0001864659
               0.8564961                   0.00017757615
                0.857629                   0.00016874392
              0.85876191                   0.00015999707
              0.85989487                   0.00015136329
              0.86102778                   0.00014286995
              0.86216074                     0.000134544
              0.86329365                   0.00012641186
              0.86442661                    0.0001184994
              0.86555952                   0.00011083176
              0.86669248                   0.00010343325
              0.86782539                   9.6327341e-05
              0.86895829                   8.9536559e-05
              0.87009126                   8.3082399e-05
              0.87122416                    7.698527e-05
              0.87235713                   7.1264389e-05
              0.87349004                   6.5937769e-05
                0.874623                   6.1022125e-05
              0.87575591                   5.6532808e-05
              0.87688881                   5.2483767e-05
              0.87802178                   4.8887512e-05
              0.87915468                   4.5755056e-05
              0.88028765                   4.3095897e-05
              0.88142055                   4.0918017e-05
              0.88255352                   3.9227845e-05
              0.88368642                   3.8030259e-05
              0.88481933                   3.7328566e-05
              0.88595229                   3.7124511e-05
               0.8870852                   3.7418293e-05
              0.88821816                   3.8208545e-05
              0.88935107                    3.949237e-05
              0.89048404                   4.1265372e-05
              0.89161694                   4.3521679e-05
              0.89274985                   4.6253997e-05
              0.89388281                   4.9453669e-05
              0.89501572                   5.3110711e-05
              0.89614868                   5.7213878e-05
              0.89728159                    6.175071e-05
              0.89841455                   6.6707616e-05
              0.89954746                   7.2069895e-05
              0.90068042                   7.7821845e-05
              0.90181333                   8.3946827e-05
              0.90294623                   9.0427333e-05
               0.9040792                   9.7245123e-05
               0.9052121                   0.00010438125
              0.90634507                    0.0001118162
              0.90747797                   0.00011952997
              0.90861094                   0.00012750211
              0.90974385                   0.00013571189
              0.91087675                   0.00014413839
              0.91200972                   0.00015276053
              0.91314262                   0.00016155718
              0.91427559                   0.00017050722
              0.91540849                   0.00017958973
              0.91654146                   0.00018878396
              0.91767436                   0.00019806955
              0.91880727                   0.00020742651
              0.91994023                   0.00021683529
              0.92107314                   0.00022627709
               0.9222061                   0.00023573352
              0.92333901                   0.00024518708
              0.92447197                   0.00025462094
              0.92560488                   0.00026401912
              0.92673779                   0.00027336658
              0.92787075                    0.0002826493
              0.92900366                   0.00029185423
              0.93013662                   0.00030096938
              0.93126953                   0.00030998388
              0.93240249                   0.00031888805
               0.9335354                   0.00032767339
              0.93466836                   0.00033633251
              0.93580127                   0.00034485932
              0.93693417                   0.00035324891
              0.93806714                   0.00036149769
              0.93920004                   0.00036960328
              0.94033301                   0.00037756463
              0.94146591                   0.00038538195
              0.94259888                    0.0003930566
              0.94373178                   0.00040059129
              0.94486469                   0.00040798989
              0.94599766                   0.00041525753
              0.94713056                   0.00042240042
              0.94826353                   0.00042942603
              0.94939643                   0.00043634276
               0.9505294                   0.00044316018
               0.9516623                   0.00044988879
              0.95279521                   0.00045654015
              0.95392817                   0.00046312658
              0.95506108                   0.00046966155
              0.95619404                   0.00047615918
              0.95732695                   0.00048263438
              0.95845991                   0.00048910268
              0.95959282                   0.00049558037
              0.96072572                   0.00050208421
              0.96185869                   0.00050863146
               0.9629916                   0.00051523972
              0.96412456                   0.00052192714
              0.96525747                   0.00052871212
              0.96639043                   0.00053561328
              0.96752334                   0.00054264948
               0.9686563                   0.00054983963
              0.96978921                   0.00055720279
              0.97092211                   0.00056475779
              0.97205508                   0.00057252339
              0.97318798                   0.00058051816
              0.97432095                   0.00058876036
              0.97545385                   0.00059726788
              0.97658682                   0.00060605857
              0.97771972                   0.00061514956
              0.97885263                   0.00062455772
              0.97998559                   0.00063429936
               0.9811185                   0.00064439001
              0.98225147                   0.00065484486
              0.98338437                   0.00066567806
              0.98451734                   0.00067690318
              0.98565024                   0.00068853283
              0.98678315                   0.00070057897
              0.98791611                   0.00071305252
              0.98904902                   0.00072596362
              0.99018198                   0.00073932146
              0.99131489                   0.00075313431
              0.99244785                   0.00076740945
              0.99358076                   0.00078215293
              0.99471366                   0.00079736992
              0.99584663                   0.00081306446
              0.99697953                   0.00082923961
               0.9981125                   0.00084589713
              0.99924541                   0.00086303789
               1.0003784                   0.00088066177
               1.0015113                   0.00089876732
               1.0026442                   0.00091735192
               1.0037771                    0.0009364119
               1.0049101                   0.00095594279
                1.006043                   0.00097593863
               1.0071759                    0.0009963928
               1.0083089                    0.0010172975
               1.0094419                    0.0010386439
               1.0105747                    0.0010604222
               1.0117077                    0.0010826214
               1.0128406                      0.00110523
               1.0139735                    0.0011282351
               1.0151064                    0.0011516233
               1.0162394                    0.0011753802
               1.0173724                    0.0011994907
               1.0185052                    0.0012239389
               1.0196382                    0.0012487082
               1.0207711                    0.0012737814
                1.021904                    0.0012991404
                1.023037                    0.0013247667
               1.0241699                    0.0013506414
               1.0253029                    0.0013767448
               1.0264357                    0.0014030571
               1.0275687                    0.0014295584
               1.0287017                    0.0014562279
               1.0298345                    0.0014830446
               1.0309675                    0.0015099877
               1.0321004                    0.0015370357
               1.0332334                    0.0015641673
               1.0343663                    0.0015913612
               1.0354992                    0.0016185963
               1.0366322                    0.0016458506
                1.037765                    0.0016731034
                1.038898                    0.0017003334
                1.040031                    0.0017275199
               1.0411639                    0.0017546423
               1.0422968                    0.0017816803
               1.0434297                    0.0018086139
               1.0445627                    0.0018354235
               1.0456955                    0.0018620897
               1.0468285                    0.0018885942
               1.0479615                    0.0019149184
               1.0490944                    0.0019410448
               1.0502273                    0.0019669563
               1.0513602                    0.0019926364
               1.0524932                    0.0020180691
               1.0536262                    0.0020432398
                1.054759                     0.002068134
                1.055892                    0.0020927377
                1.057025                    0.0021170378
               1.0581578                    0.0021410217
               1.0592908                    0.0021646777
               1.0604237                    0.0021879948
               1.0615567                    0.0022109626
               1.0626895                    0.0022335721
               1.0638225                    0.0022558148
               1.0649555                    0.0022776832
               1.0660883                      0.00229917
               1.0672213                    0.0023202687
               1.0683542                    0.0023409734
               1.0694872                    0.0023612792
               1.0706201                    0.0023811823
                1.071753                    0.0024006786
                1.072886                    0.0024197658
               1.0740188                    0.0024384419
               1.0751518                    0.0024567053
               1.0762848                    0.0024745555
               1.0774177                    0.0024919924
               1.0785506                    0.0025090165
               1.0796835                     0.002525629
               1.0808165                     0.002541831
               1.0819494                    0.0025576248
               1.0830823                    0.0025730131
               1.0842153                     0.002587999
               1.0853482                    0.0026025865
               1.0864811                    0.0026167794
               1.0876141                    0.0026305828
                1.088747                    0.0026440015
               1.0898799                     0.002657041
               1.0910128                    0.0026697074
               1.0921458                    0.0026820062
               1.0932788                    0.0026939444
               1.0944116                    0.0027055289
               1.0955446                    0.0027167671
               1.0966775                    0.0027276669
               1.0978104                     0.002738236
               1.0989434                    0.0027484829
               1.1000763                    0.0027584159
               1.1012093                    0.0027680444
               1.1023421                    0.0027773771
               1.1034751                    0.0027864242
               1.1046081                    0.0027951952
               1.1057409                     0.002803701
               1.1068739                    0.0028119518
               1.1080068                    0.0028199588
               1.1091398                    0.0028277333
               1.1102726                    0.0028352865
               1.1114056                    0.0028426312
               1.1125386                    0.0028497798
               1.1136714                    0.0028567461
               1.1148044                    0.0028635433
               1.1159374                    0.0028701853
               1.1170703                    0.0028766871
               1.1182032                    0.0028830629
               1.1193361                    0.0028893289
               1.1204691                    0.0028955007
               1.1216021                    0.0029015951
               1.1227349                    0.0029076298
               1.1238679                    0.0029136227
               1.1250008                    0.0029195929
               1.1261337                    0.0029255601
               1.1272666                    0.0029315443
               1.1283996                     0.002937566
               1.1295326                    0.0029436469
               1.1306654                    0.0029498092
               1.1317984                    0.0029560761
               1.1329314                    0.0029624715
               1.1340642                    0.0029690207
               1.1351972                    0.0029757498
               1.1363301                    0.0029826849
               1.1374631                    0.0029898542
               1.1385959                    0.0029972859
               1.1397289                    0.0030050091
               1.1408619                    0.0030130541
               1.1419947                    0.0030214523
               1.1431277                    0.0030302352
               1.1442606                    0.0030394355
               1.1453936                     0.003049087
               1.1465265                    0.0030592247
               1.1476594                    0.0030698846
               1.1487924                    0.0030811026
               1.1499252                    0.0030929169
               1.1510582                     0.003105365
               1.1521912                    0.0031184859
               1.1533241                    0.0031323195
                1.154457                    0.0031469064
               1.1555899                    0.0031622872
               1.1567229                    0.0031785043
               1.1578557                    0.0031956001
               1.1589887                    0.0032136182
               1.1601217                    0.0032326025
               1.1612546                    0.0032525978
               1.1623875                    0.0032736487
               1.1635205                    0.0032958011
               1.1646534                    0.0033191005
               1.1657863                    0.0033435936
               1.1669192                    0.0033693265
               1.1680522                     0.003396346
               1.1691852                    0.0034246997
                1.170318                    0.0034544342
                1.171451                    0.0034855984
               1.1725839                    0.0035182391
               1.1737168                    0.0035524047
               1.1748497                    0.0035881419
               1.1759827                    0.0036254977
               1.1771157                    0.0036645199
               1.1782485                    0.0037052548
               1.1793815                    0.0037477494
               1.1805145                    0.0037920494
               1.1816474                    0.0038382015
               1.1827803                    0.0038862512
               1.1839132                    0.0039362432
               1.1850462                    0.0039882218
                1.186179                     0.004042231
                1.187312                     0.004098312
                1.188445                    0.0041565076
               1.1895779                    0.0042168582
               1.1907108                    0.0042794039
               1.1918437                    0.0043441849
               1.1929767                    0.0044112382
               1.1941096                    0.0044806022
               1.1952425                    0.0045523108
               1.1963755                     0.004626398
               1.1975085                    0.0047028968
               1.1986413                     0.004781839
               1.1997743                    0.0048632529
               1.2009072                    0.0049471674
               1.2020401                     0.005033609
                1.203173                    0.0051226025
                1.204306                    0.0052141715
                1.205439                    0.0053083375
               1.2065718                    0.0054051201
               1.2077048                     0.005504536
               1.2088377                     0.005606601
               1.2099706                    0.0057113259
               1.2111036                    0.0058187223
               1.2122365                    0.0059287981
               1.2133695                    0.0060415594
               1.2145023                    0.0061570103
               1.2156353                    0.0062751523
               1.2167683                    0.0063959844
               1.2179011                     0.006519503
               1.2190341                    0.0066457018
                1.220167                    0.0067745708
                  1.2213                    0.0069060968
               1.2224329                    0.0070402646
               1.2235658                    0.0071770558
               1.2246988                    0.0073164497
               1.2258316                    0.0074584242
               1.2269646                    0.0076029515
               1.2280976                    0.0077500008
               1.2292305                    0.0078995395
               1.2303634                    0.0080515314
               1.2314963                    0.0082059363
               1.2326293                    0.0083627123
               1.2337621                     0.008521813
               1.2348951                     0.008683186
               1.2360281                    0.0088467812
                1.237161                    0.0090125408
               1.2382939                    0.0091804052
               1.2394269                    0.0093503119
               1.2405598                     0.009522194
               1.2416927                    0.0096959826
               1.2428256                    0.0098716039
               1.2439586                     0.010048981
               1.2450916                     0.010228032
               1.2462244                     0.010408675
               1.2473574                     0.010590822
               1.2484903                     0.010774383
               1.2496233                     0.010959266
               1.2507561                     0.011145372
               1.2518891                     0.011332601
               1.2530221                     0.011520851
               1.2541549                     0.011710017
               1.2552879                     0.011899987
               1.2564209                     0.012090649
               1.2575538                     0.012281888
               1.2586867                     0.012473586
               1.2598196                     0.012665621
               1.2609526                      0.01285787
               1.2620854                     0.013050208
               1.2632184                     0.013242504
               1.2643514                     0.013434628
               1.2654843                     0.013626449
               1.2666172                     0.013817832
               1.2677501                     0.014008637
               1.2688831                     0.014198725
                1.270016                     0.014387954
               1.2711489                     0.014576183
               1.2722819                     0.014763267
               1.2734149                     0.014949061
               1.2745477                     0.015133417
               1.2756807                     0.015316192
               1.2768136                     0.015497236
               1.2779465                     0.015676398
               1.2790794                      0.01585353
               1.2802124                     0.016028479
               1.2813454                     0.016201096
               1.2824782                      0.01637123
               1.2836112                     0.016538728
               1.2847441                     0.016703445
                1.285877                     0.016865227
                 1.28701                     0.017023927
               1.2881429                     0.017179396
               1.2892759                      0.01733149
               1.2904087                     0.017480057
               1.2915417                     0.017624952
               1.2926747                     0.017766029
               1.2938075                     0.017903144
               1.2949405                     0.018036161
               1.2960734                     0.018164936
               1.2972064                     0.018289337
               1.2983392                     0.018409226
               1.2994722                     0.018524472
               1.3006052                     0.018634941
                1.301738                     0.018740507
                1.302871                     0.018841041
                1.304004                     0.018936422
               1.3051369                     0.019026529
               1.3062698                     0.019111246
               1.3074027                     0.019190455
               1.3085357                     0.019264044
               1.3096685                     0.019331906
               1.3108015                     0.019393932
               1.3119345                     0.019450026
               1.3130674                     0.019500084
               1.3142003                     0.019544011
               1.3153332                     0.019581717
               1.3164662                      0.01961311
               1.3175992                     0.019638108
                1.318732                     0.019656632
                1.319865                     0.019668596
                1.320998                     0.019673929
               1.3221308                     0.019672561
               1.3232638                     0.019664422
               1.3243967                     0.019649446
               1.3255297                     0.019627573
               1.3266625                     0.019598749
               1.3277955                     0.019562919
               1.3289285                     0.019520026
               1.3300613                      0.01947003
               1.3311943                     0.019412883
               1.3323272                     0.019348541
               1.3334602                     0.019276969
               1.3345931                     0.019198129
                1.335726                     0.019111993
                1.336859                     0.019018531
               1.3379918                     0.018917715
               1.3391248                     0.018809523
               1.3402578                     0.018693939
               1.3413907                     0.018570937
               1.3425236                     0.018440507
               1.3436565                     0.018302634
               1.3447895                     0.018157305
               1.3459224                     0.018004509
               1.3470553                     0.017844239
               1.3481883                     0.017676495
               1.3493212                      0.01750127
               1.3504541                     0.017318565
               1.3515871                     0.017128384
                 1.35272                     0.016930733
               1.3538529                     0.016725607
               1.3549858                     0.016513016
               1.3561188                     0.016292967
               1.3572518                     0.016065462
               1.3583846                     0.015830509
               1.3595176                     0.015588123
               1.3606505                     0.015338314
               1.3617834                     0.015081091
               1.3629164                     0.014816468
               1.3640493                     0.014544459
               1.3651823                     0.014265075
               1.3663151                     0.013978333
               1.3674481                     0.013684251
               1.3685811                      0.01338284
               1.3697139                     0.013074117
               1.3708469                     0.012758097
               1.3719798                     0.012434799
               1.3731128                     0.012104237
               1.3742456                     0.011766427
               1.3753786                     0.011421384
               1.3765116                     0.011069125
               1.3776444                     0.010709669
               1.3787774                     0.010343029
               1.3799103                    0.0099692261
               1.3810433                    0.0095882742
               1.3821762                    0.0092001911
               1.3833091                    0.0088049965
               1.3844421                    0.0084027033
               1.3855751                    0.0079933302
               1.3867079                    0.0075768912
               1.3878409                    0.0071533993
               1.3889738                    0.0067228698
               1.3901067                    0.0062853172
               1.3912396                    0.0058407569
               1.3923726                    0.0053892042
               1.3935056                     0.004930676
               1.3946384                    0.0044651879
               1.3957714                    0.0039927559
               1.3969043                    0.0035133963
               1.3980372                    0.0030271236
               1.3991702                    0.0025339522
               1.4003031                    0.0020338951
               1.4014361                    0.0015269658
               1.4025689                    0.0010131784
               1.4037019                    0.0004925481
               1.4048349                   -3.490883e-05
               1.4059677                   -0.0005691757
               1.4071007                   -0.0011102357
               1.4082336                   -0.0016580721
               1.4093666                   -0.0022126688
               1.4104995                   -0.0027740104
               1.4116324                   -0.0033420809
               1.4127654                   -0.0039168643
               1.4138982                   -0.0044983439
               1.4150312                   -0.0050865002
               1.4161642                    -0.005681314
               1.4172971                   -0.0062827636
                 1.41843                   -0.0068908259
               1.4195629                   -0.0075054802
               1.4206959                   -0.0081267012
               1.4218287                   -0.0087544676
               1.4229617                    -0.009388756
               1.4240947                    -0.010029544
               1.4252276                    -0.010676803
               1.4263605                    -0.011330506
               1.4274935                    -0.011990624
               1.4286264                    -0.012657122
               1.4297593                    -0.013329967
               1.4308922                    -0.014009124
               1.4320252                    -0.014694555
               1.4331582                    -0.015386221
                1.434291                    -0.016084081
                1.435424                    -0.016788097
               1.4365569                    -0.017498229
               1.4376898                    -0.018214425
               1.4388227                    -0.018936642
               1.4399557                     -0.01966482
               1.4410887                    -0.020398906
               1.4422215                    -0.021138839
               1.4433545                    -0.021884557
               1.4444875                    -0.022635998
               1.4456203                    -0.023393089
               1.4467533                     -0.02415576
               1.4478862                    -0.024923939
               1.4490192                    -0.025697548
                1.450152                    -0.026476506
                1.451285                    -0.027260724
                1.452418                     -0.02805011
               1.4535509                    -0.028844567
               1.4546838                    -0.029643992
               1.4558167                     -0.03044828
               1.4569497                    -0.031257316
               1.4580826                    -0.032070991
               1.4592155                     -0.03288918
               1.4603485                    -0.033711758
               1.4614815                    -0.034538586
               1.4626143                    -0.035369527
               1.4637473                    -0.036204427
               1.4648802                    -0.037043143
               1.4660131                    -0.037885513
                1.467146                    -0.038731366
                1.468279                    -0.039580528
                1.469412                    -0.040432822
               1.4705448                    -0.041288067
               1.4716778                    -0.042146064
               1.4728107                    -0.043006614
               1.4739436                    -0.043869499
               1.4750766                    -0.044734504
               1.4762095                    -0.045601398
               1.4773425                    -0.046469934
               1.4784753                    -0.047339879
               1.4796083                    -0.048210975
               1.4807413                    -0.049082961
               1.4818741                    -0.049955565
               1.4830071                    -0.050828516
                 1.48414                    -0.051701516
                1.485273                    -0.052574273
               1.4864058                    -0.053446483
               1.4875388                    -0.054317817
               1.4886718                    -0.055187955
               1.4898046                    -0.056056552
               1.4909376                    -0.056923263
               1.4920706                    -0.057787724
               1.4932035                    -0.058649585
               1.4943364                    -0.059508462
               1.4954693                    -0.060363963
               1.4966023                    -0.061215702
               1.4977351                    -0.062063277
               1.4988681                    -0.062906258
               1.5000011                    -0.063744232
                1.501134                    -0.064576752
               1.5022669                    -0.065403387
               1.5033998                    -0.066223674
               1.5045328                    -0.067037143
               1.5056657                     -0.06784334
               1.5067986                    -0.068641782
               1.5079316                    -0.069431983
               1.5090646                     -0.07021343
               1.5101974                    -0.070985623
               1.5113304                    -0.071748048
               1.5124633                    -0.072500169
               1.5135962                    -0.073241472
               1.5147291                    -0.073971406
               1.5158621                    -0.074689433
               1.5169951                    -0.075394996
               1.5181279                    -0.076087534
               1.5192609                    -0.076766461
               1.5203938                    -0.077431217
               1.5215268                    -0.078081228
               1.5226597                    -0.078715898
               1.5237926                    -0.079334654
               1.5249256                    -0.079936892
               1.5260584                    -0.080522016
               1.5271914                     -0.08108943
               1.5283244                    -0.081638515
               1.5294573                    -0.082168691
               1.5305902                    -0.082679324
               1.5317231                    -0.083169803
               1.5328561                     -0.08363951
                1.533989                    -0.084087834
               1.5351219                    -0.084514156
               1.5362549                    -0.084917866
               1.5373878                    -0.085298359
               1.5385207                    -0.085655004
               1.5396537                     -0.08598721
               1.5407866                    -0.086294368
               1.5419195                    -0.086575866
               1.5430524                    -0.086831115
               1.5441854                    -0.087059505
               1.5453184                    -0.087260455
               1.5464512                    -0.087433375
               1.5475842                    -0.087577686
               1.5487171                    -0.087692827
                 1.54985                    -0.087778248
                1.550983                    -0.087833382
               1.5521159                    -0.087857701
               1.5532489                     -0.08785066
               1.5543817                    -0.087811746
               1.5555147                    -0.087740451
               1.5566477                    -0.087636285
               1.5577805                    -0.087498754
               1.5589135                    -0.087327398
               1.5600464                     -0.08712177
               1.5611794                    -0.086881414
               1.5623122                    -0.086605936
               1.5634452                    -0.086294934
               1.5645782                    -0.085948013
                1.565711                    -0.085564822
                1.566844                    -0.085145012
                1.567977                    -0.084688261
               1.5691099                    -0.084194273
               1.5702428                    -0.083662778
               1.5713757                    -0.083093502
               1.5725087                    -0.082486227
               1.5736415                    -0.081840739
               1.5747745                    -0.081156865
               1.5759075                    -0.080434449
               1.5770404                    -0.079673365
               1.5781733                    -0.078873508
               1.5793062                    -0.078034803
               1.5804392                    -0.077157222
               1.5815721                    -0.076240733
                1.582705                    -0.075285345
                1.583838                     -0.07429111
                1.584971                    -0.073258124
               1.5861038                    -0.072186485
               1.5872368                    -0.071076334
               1.5883697                    -0.069927841
               1.5895027                     -0.06874121
               1.5906355                    -0.067516685
               1.5917685                    -0.066254526
               1.5929015                    -0.064955056
               1.5940343                      -0.0636186
               1.5951673                    -0.062245529
               1.5963002                    -0.060836256
               1.5974332                     -0.05939123
               1.5985661                    -0.057910934
                1.599699                    -0.056395877
                1.600832                      -0.0548466
               1.6019648                    -0.053263687
               1.6030978                    -0.051647745
               1.6042308                    -0.049999423
               1.6053637                    -0.048319392
               1.6064966                    -0.046608374
               1.6076295                    -0.044867124
               1.6087625                    -0.043096431
               1.6098953                    -0.041297104
               1.6110283                    -0.039470002
               1.6121613                    -0.037615996
               1.6132942                    -0.035736002
               1.6144271                    -0.033830959
               1.6155601                    -0.031901836
                1.616693                     -0.02994963
               1.6178259                    -0.027975373
               1.6189588                    -0.025980124
               1.6200918                    -0.023964977
               1.6212248                    -0.021931048
               1.6223576                    -0.019879485
               1.6234906                    -0.017811446
               1.6246235                    -0.015728122
               1.6257564                    -0.013630721
               1.6268893                    -0.011520471
               1.6280223                   -0.0093986262
               1.6291553                   -0.0072664563
               1.6302881                   -0.0051252558
               1.6314211                   -0.0029763384
               1.6325541                  -0.00082103611
               1.6336869                    0.0013393038
               1.6348199                      0.00350332
               1.6359528                    0.0056696394
               1.6370858                    0.0078368792
               1.6382186                     0.010003645
               1.6393516                     0.012168537
               1.6404846                     0.014330139
               1.6416174                     0.016487034
               1.6427504                     0.018637789
               1.6438833                     0.020780973
               1.6450163                      0.02291514
               1.6461492                     0.025038851
               1.6472821                     0.027150666
               1.6484151                     0.029249145
               1.6495479                     0.031332854
               1.6506809                     0.033400357
               1.6518139                     0.035450235
               1.6529468                     0.037481058
               1.6540797                       0.0394914
               1.6552126                     0.041479852
               1.6563456                     0.043445013
               1.6574786                     0.045385487
               1.6586114                     0.047299884
               1.6597444                     0.049186841
               1.6608773                     0.051044993
               1.6620102                     0.052873015
               1.6631432                     0.054669585
               1.6642761                     0.056433391
               1.6654091                     0.058163162
               1.6665419                     0.059857626
               1.6676749                     0.061515544
               1.6688079                     0.063135691
               1.6699407                     0.064716868
               1.6710737                     0.066257901
               1.6722066                     0.067757636
               1.6733396                     0.069214955
               1.6744725                     0.070628777
               1.6756054                      0.07199803
               1.6767384                     0.073321693
               1.6778712                     0.074598752
               1.6790042                     0.075828232
               1.6801372                     0.077009201
               1.6812701                     0.078140751
                1.682403                     0.079222016
               1.6835359                     0.080252156
               1.6846689                     0.081230365
               1.6858017                     0.082155891
               1.6869347                     0.083028018
               1.6880677                      0.08384607
               1.6892006                     0.084609397
               1.6903335                     0.085317418
               1.6914665                     0.085969567
               1.6925994                     0.086565323
               1.6937323                     0.087104216
               1.6948652                     0.087585807
               1.6959982                     0.088009708
               1.6971312                     0.088375568
                1.698264                     0.088683099
                1.699397                     0.088932052
               1.7005299                     0.089122228
               1.7016628                      0.08925347
               1.7027957                     0.089325666
               1.7039287                     0.089338765
               1.7050617                      0.08929275
               1.7061945                     0.089187644
               1.7073275                     0.089023523
               1.7084605                     0.088800527
               1.7095933                     0.088518836
               1.7107263                     0.088178664
               1.7118592                     0.087780312
               1.7129922                     0.087324113
                1.714125                     0.086810432
                1.715258                     0.086239718
                1.716391                     0.085612431
               1.7175238                     0.084929101
               1.7186568                     0.084190309
               1.7197897                     0.083396688
               1.7209227                     0.082548909
               1.7220556                     0.081647694
               1.7231885                     0.080693826
               1.7243215                     0.079688117
               1.7254544                     0.078631461
               1.7265873                     0.077524789
               1.7277203                     0.076369047
               1.7288532                     0.075165257
               1.7299861                     0.073914483
                1.731119                     0.072617806
                1.732252                     0.071276404
                1.733385                     0.069891445
               1.7345178                     0.068464205
               1.7356508                     0.066995963
               1.7367837                      0.06548807
               1.7379166                     0.063941911
               1.7390496                     0.062358901
               1.7401825                     0.060740501
               1.7413155                     0.059088204
               1.7424483                      0.05740355
               1.7435813                     0.055688102
               1.7447143                     0.053943478
               1.7458471                     0.052171331
               1.7469801                     0.050373357
                1.748113                     0.048551299
                1.749246                     0.046706926
               1.7503788                     0.044842046
               1.7515118                     0.042958491
               1.7526448                     0.041058108
               1.7537776                     0.039142787
               1.7549106                     0.037214443
               1.7560436                     0.035275012
               1.7571765                     0.033326473
               1.7583094                      0.03137083
               1.7594423                     0.029410133
               1.7605753                     0.027446441
               1.7617081                     0.025481837
               1.7628411                     0.023518428
               1.7639741                     0.021558329
                1.765107                     0.019603677
               1.7662399                     0.017656611
               1.7673728                     0.015719295
               1.7685058                     0.013793917
               1.7696387                      0.01188268
               1.7707716                    0.0099878032
               1.7719046                    0.0081115272
               1.7730376                    0.0062560933
               1.7741704                    0.0044237478
               1.7753034                    0.0026167359
               1.7764363                   0.00083730044
               1.7775692                  -0.00091231731
               1.7787021                    -0.002629875
               1.7798351                   -0.0043131267
               1.7809681                   -0.0059598223
               1.7821009                   -0.0075677102
               1.7832339                   -0.0091345394
               1.7843668                     -0.01065807
               1.7854997                    -0.012136078
               1.7866327                    -0.013566355
               1.7877656                    -0.014946723
               1.7888986                    -0.016275024
               1.7900314                    -0.017549124
               1.7911644                    -0.018766908
               1.7922974                     -0.01992628
               1.7934303                     -0.02102517
               1.7945632                    -0.022061531
               1.7956961                    -0.023033345
               1.7968291                    -0.023938635
                1.797962                    -0.024775466
               1.7990949                    -0.025541959
               1.8002279                    -0.026236285
               1.8013608                    -0.026856668
               1.8024937                    -0.027401382
               1.8036267                    -0.027868755
               1.8047596                    -0.028257165
               1.8058925                    -0.028565053
               1.8070254                    -0.028790928
               1.8081584                    -0.028933359
               1.8092914                    -0.028991008
               1.8104242                    -0.028962603
               1.8115572                     -0.02884697
               1.8126901                    -0.028643019
                1.813823                    -0.028349753
               1.8149559                    -0.027966263
               1.8160889                    -0.027491726
               1.8172219                    -0.026925428
               1.8183547                    -0.026266742
               1.8194877                    -0.025515161
               1.8206207                    -0.024670292
               1.8217535                    -0.023731858
               1.8228865                    -0.022699708
               1.8240194                    -0.021573817
               1.8251524                    -0.020354286
               1.8262852                    -0.019041339
               1.8274182                    -0.017635336
               1.8285512                    -0.016136764
                1.829684                    -0.014546248
                1.830817                    -0.012864553
               1.8319499                    -0.011092597
               1.8330829                   -0.0092314407
               1.8342158                   -0.0072823032
               1.8353487                   -0.0052465526
               1.8364817                   -0.0031257123
               1.8376145                  -0.00092145748
               1.8387475                    0.0013643831
               1.8398805                    0.0037298279
               1.8410134                    0.0061727385
               1.8421463                    0.0086908201
               1.8432792                      0.01128162
               1.8444122                     0.013942525
               1.8455451                     0.016670762
                1.846678                     0.019463403
                1.847811                     0.022317372
               1.8489439                     0.025229435
               1.8500768                     0.028196217
               1.8512098                     0.031214196
               1.8523427                     0.034279697
               1.8534756                     0.037388906
               1.8546085                     0.040537879
               1.8557415                     0.043722529
               1.8568745                     0.046938639
               1.8580073                     0.050181877
               1.8591403                     0.053447787
               1.8602732                     0.056731805
               1.8614062                     0.060029265
               1.8625391                     0.063335396
                1.863672                     0.066645347
                1.864805                     0.069954179
               1.8659378                     0.073256858
               1.8670708                     0.076548301
               1.8682038                     0.079823345
               1.8693367                     0.083076783
               1.8704696                     0.086303368
               1.8716025                     0.089497849
               1.8727355                     0.092654914
               1.8738683                     0.095769271
               1.8750013                     0.098835595
               1.8761343                      0.10184859
               1.8772672                      0.10480298
               1.8784001                      0.10769349
               1.8795331                      0.11051489
                1.880666                      0.11326202
               1.8817989                      0.11592974
               1.8829318                      0.11851303
               1.8840648                      0.12100694
               1.8851978                      0.12340663
               1.8863306                      0.12570734
               1.8874636                      0.12790444
               1.8885965                      0.12999341
               1.8897294                      0.13196988
               1.8908623                      0.13382962
               1.8919953                      0.13556854
               1.8931283                      0.13718271
               1.8942611                      0.13866843
               1.8953941                      0.14002217
               1.8965271                      0.14124058
               1.8976599                      0.14232054
               1.8987929                      0.14325911
               1.8999258                      0.14405355
               1.9010588                      0.14470136
               1.9021916                      0.14520025
               1.9033246                      0.14554816
               1.9044576                      0.14574336
               1.9055904                      0.14578424
               1.9067234                      0.14566959
               1.9078563                      0.14539835
               1.9089893                      0.14496973
               1.9101222                      0.14438327
               1.9112551                      0.14363869
               1.9123881                      0.14273602
               1.9135209                      0.14167553
               1.9146539                      0.14045773
               1.9157869                      0.13908342
               1.9169198                      0.13755363
               1.9180527                      0.13586971
               1.9191856                      0.13403325
               1.9203186                      0.13204606
               1.9214514                      0.12991023
               1.9225844                       0.1276281
               1.9237174                      0.12520222
               1.9248503                      0.12263539
               1.9259832                      0.11993064
               1.9271162                      0.11709119
               1.9282491                      0.11412051
               1.9293821                      0.11102226
               1.9305149                       0.1078003
               1.9316479                      0.10445873
               1.9327809                      0.10100178
               1.9339137                     0.097433865
               1.9350467                     0.093759544
               1.9361796                     0.089983545
               1.9373126                     0.086110696
               1.9384454                     0.082145996
               1.9395784                     0.078094535
               1.9407114                     0.073961526
               1.9418442                     0.069752321
               1.9429772                     0.065472312
               1.9441102                     0.061127003
               1.9452431                     0.056721926
                1.946376                     0.052262697
               1.9475089                     0.047754951
               1.9486419                     0.043204352
               1.9497747                     0.038616598
               1.9509077                      0.03399739
               1.9520407                     0.029352432
               1.9531736                     0.024687421
               1.9543065                     0.020008035
               1.9554394                     0.015319927
               1.9565724                      0.01062871
               1.9577053                    0.0059399428
               1.9588382                    0.0012591227
               1.9599712                    -0.003408323
               1.9611042                   -0.0080570448
                1.962237                    -0.012681777
                 1.96337                    -0.017277343
               1.9645029                    -0.021838658
               1.9656358                    -0.026360743
               1.9667687                    -0.030838724
               1.9679017                    -0.035267849
               1.9690347                    -0.039643474
               1.9701675                      -0.0439611
               1.9713005                    -0.048216373
               1.9724334                    -0.052405052
               1.9735663                    -0.056523055
               1.9746993                     -0.06056644
               1.9758322                    -0.064531438
               1.9769652                    -0.068414398
                1.978098                    -0.072211824
                1.979231                    -0.075920381
                1.980364                    -0.079536878
               1.9814968                    -0.083058298
               1.9826298                     -0.08648178
               1.9837627                    -0.089804605
               1.9848957                    -0.093024239
               1.9860286                    -0.096138299
               1.9871615                    -0.099144563
               1.9882945                     -0.10204098
               1.9894273                     -0.10482565
               1.9905603                     -0.10749684
               1.9916933                     -0.11005299
               1.9928262                     -0.11249268
               1.9939591                     -0.11481465
                1.995092                     -0.11701779
                1.996225                     -0.11910112
                1.997358                     -0.12106386
               1.9984908                     -0.12290534
               1.9996238                     -0.12462504
               2.0007567                     -0.12622263
               2.0018897                      -0.1276979
               2.0030227                     -0.12905076
               2.0041554                     -0.13028131
               2.0052884                     -0.13138977
               2.0064213                     -0.13237646
               2.0075543                     -0.13324186
               2.0086873                     -0.13398658
               2.0098202                     -0.13461132
               2.0109532                     -0.13511698
               2.0120859                     -0.13550448
               2.0132189                     -0.13577497
               2.0143518                     -0.13592966
               2.0154848                     -0.13596989
               2.0166178                     -0.13589713
               2.0177507                     -0.13571298
               2.0188837                     -0.13541913
               2.0200164                     -0.13501732
               2.0211494                     -0.13450944
               2.0222824                     -0.13389745
               2.0234153                     -0.13318339
               2.0245483                      -0.1323694
               2.0256813                     -0.13145779
               2.0268142                     -0.13045084
               2.0279469                     -0.12935103
               2.0290799                     -0.12816085
               2.0302129                      -0.1268829
               2.0313458                     -0.12551983
               2.0324788                     -0.12407437
               2.0336118                      -0.1225493
               2.0347447                     -0.12094745
               2.0358775                     -0.11927171
               2.0370104                     -0.11752506
               2.0381434                     -0.11571049
               2.0392764                     -0.11383104
               2.0404093                     -0.11188982
               2.0415423                     -0.10988997
               2.0426753                     -0.10783464
                2.043808                     -0.10572699
               2.0449409                     -0.10357025
               2.0460739                     -0.10136759
               2.0472069                    -0.099122249
               2.0483398                    -0.096837461
               2.0494728                    -0.094516464
               2.0506058                     -0.09216252
               2.0517385                    -0.089778841
               2.0528715                    -0.087368667
               2.0540044                    -0.084935181
               2.0551374                    -0.082481563
               2.0562704                    -0.080010936
               2.0574033                     -0.07752642
               2.0585363                     -0.07503105
                2.059669                    -0.072527878
                2.060802                    -0.070019886
               2.0619349                    -0.067510009
               2.0630679                     -0.06500113
               2.0642009                    -0.062496059
               2.0653338                    -0.059997562
               2.0664668                    -0.057508294
               2.0675995                    -0.055030845
               2.0687325                    -0.052567732
               2.0698655                    -0.050121393
               2.0709984                    -0.047694184
               2.0721314                    -0.045288391
               2.0732644                    -0.042906221
               2.0743973                    -0.040549785
               2.0755301                    -0.038221102
                2.076663                    -0.035922088
                2.077796                    -0.033654552
               2.0789289                    -0.031420186
               2.0800619                    -0.029220574
               2.0811949                    -0.027057212
               2.0823278                    -0.024931494
               2.0834606                    -0.022844721
               2.0845935                    -0.020798108
               2.0857265                    -0.018792775
               2.0868595                    -0.016829744
               2.0879924                    -0.014909929
               2.0891254                    -0.013034139
               2.0902584                    -0.011203073
               2.0913911                   -0.0094173234
               2.0925241                   -0.0076773828
                2.093657                   -0.0059836535
                 2.09479                   -0.0043364558
               2.0959229                   -0.0027360329
               2.0970559                   -0.0011825524
               2.0981889                   0.00032389481
               2.0993218                     0.001783298
               2.1004546                    0.0031957284
               2.1015875                    0.0045613404
               2.1027205                    0.0058803679
               2.1038535                    0.0071531171
               2.1049864                    0.0083799558
               2.1061194                    0.0095613049
               2.1072524                     0.010697633
               2.1083851                     0.011789451
               2.1095181                     0.012837308
                2.110651                     0.013841795
                2.111784                     0.014803549
               2.1129169                     0.015723245
               2.1140499                       0.0166016
               2.1151829                     0.017439365
               2.1163156                     0.018237317
               2.1174486                     0.018996255
               2.1185815                      0.01971698
               2.1197145                     0.020400306
               2.1208475                     0.021047045
               2.1219804                     0.021658015
               2.1231134                     0.022234034
               2.1242461                     0.022775931
               2.1253791                     0.023284536
               2.1265121                     0.023760676
                2.127645                     0.024205185
                2.128778                     0.024618873
               2.1299109                     0.025002537
               2.1310439                     0.025356965
               2.1321766                     0.025682917
               2.1333096                     0.025981132
               2.1344426                     0.026252335
               2.1355755                     0.026497234
               2.1367085                     0.026716517
               2.1378415                     0.026910856
               2.1389744                     0.027080897
               2.1401072                     0.027227264
               2.1412401                     0.027350552
               2.1423731                     0.027451329
               2.1435061                     0.027530132
                2.144639                     0.027587473
                2.145772                     0.027623855
               2.1469049                     0.027639743
               2.1480377                     0.027635593
               2.1491706                     0.027611844
               2.1503036                     0.027568916
               2.1514366                     0.027507201
               2.1525695                      0.02742707
               2.1537025                     0.027328871
               2.1548355                     0.027212936
               2.1559682                     0.027079575
               2.1571012                      0.02692908
               2.1582341                      0.02676175
               2.1593671                     0.026577868
                  2.1605                     0.026377704
                2.161633                      0.02616154
                2.162766                     0.025929635
               2.1638987                     0.025682244
               2.1650317                     0.025419608
               2.1661646                      0.02514196
               2.1672976                     0.024849538
               2.1684306                     0.024542579
               2.1695635                     0.024221329
               2.1706965                     0.023886044
               2.1718292                     0.023536995
               2.1729622                     0.023174465
               2.1740952                     0.022798739
               2.1752281                     0.022410119
               2.1763611                     0.022008905
                2.177494                     0.021595411
                2.178627                     0.021169959
               2.1797597                      0.02073288
               2.1808927                     0.020284524
               2.1820257                     0.019825263
               2.1831586                     0.019355487
               2.1842916                     0.018875606
               2.1854246                     0.018386055
               2.1865575                     0.017887285
               2.1876903                      0.01737977
               2.1888232                     0.016863994
               2.1899562                     0.016340464
               2.1910892                     0.015809707
               2.1922221                     0.015272268
               2.1933551                     0.014728716
                2.194488                      0.01417964
               2.1956208                      0.01362565
               2.1967537                     0.013067372
               2.1978867                     0.012505451
               2.1990197                     0.011940547
               2.2001526                     0.011373332
               2.2012856                     0.010804493
               2.2024186                     0.010234734
               2.2035513                    0.0096647711
               2.2046843                      0.00909534
               2.2058172                    0.0085271876
               2.2069502                    0.0079610711
               2.2080832                     0.007397755
               2.2092161                    0.0068380078
               2.2103491                    0.0062826015
               2.2114818                    0.0057323119
               2.2126148                    0.0051879152
               2.2137477                    0.0046501891
               2.2148807                    0.0041199136
               2.2160137                    0.0035978665
               2.2171466                     0.003084824
               2.2182796                    0.0025815563
               2.2194123                    0.0020888252
               2.2205453                    0.0016073813
               2.2216783                     0.001137963
               2.2228112                   0.00068129436
               2.2239442                     0.000238084
               2.2250772                  -0.00019097539
               2.2262101                  -0.00060520892
               2.2273428                   -0.0010039615
               2.2284758                   -0.0013866002
               2.2296088                   -0.0017525172
               2.2307417                   -0.0021011317
               2.2318747                   -0.0024318907
               2.2330077                   -0.0027442691
               2.2341406                   -0.0030377703
               2.2352736                   -0.0033119253
               2.2364063                   -0.0035662928
               2.2375393                    -0.003800462
               2.2386723                   -0.0040140543
               2.2398052                   -0.0042067282
               2.2409382                   -0.0043781814
               2.2420712                   -0.0045281556
               2.2432041                   -0.0046564336
               2.2443368                   -0.0047628414
               2.2454698                   -0.0048472425
               2.2466028                   -0.0049095368
               2.2477357                   -0.0049496596
               2.2488687                   -0.0049675787
               2.2500017                   -0.0049632979
               2.2511346                   -0.0049368627
               2.2522674                   -0.0048883604
               2.2534003                   -0.0048179263
               2.2545333                   -0.0047257436
               2.2556663                   -0.0046120435
               2.2567992                   -0.0044770972
               2.2579322                   -0.0043212147
               2.2590652                   -0.0041447384
               2.2601979                   -0.0039480412
               2.2613308                   -0.0037315269
               2.2624638                   -0.0034956324
               2.2635968                   -0.0032408321
               2.2647297                   -0.0029676408
               2.2658627                   -0.0026766136
               2.2669957                   -0.0023683484
               2.2681284                    -0.002043478
               2.2692614                   -0.0017026651
               2.2703943                    -0.001346598
               2.2715273                  -0.00097598485
               2.2726603                  -0.00059155264
               2.2737932                   -0.0001940497
               2.2749262                   0.00021575141
               2.2760589                   0.00063705008
               2.2771919                    0.0010690161
               2.2783248                    0.0015107907
               2.2794578                    0.0019614918
               2.2805908                     0.002420221
               2.2817237                    0.0028860716
               2.2828567                    0.0033581322
               2.2839894                    0.0038354911
               2.2851224                    0.0043172347
               2.2862554                    0.0048024436
               2.2873883                    0.0052901879
               2.2885213                    0.0057795225
               2.2896543                    0.0062694899
               2.2907872                    0.0067591197
               2.2919199                    0.0072474391
               2.2930529                    0.0077334805
               2.2941859                    0.0082162879
               2.2953188                    0.0086949253
               2.2964518                    0.0091684731
               2.2975848                    0.0096360296
               2.2987177                     0.010096699
               2.2998505                      0.01054959
               2.3009834                     0.010993814
               2.3021164                     0.011428487
               2.3032494                     0.011852731
               2.3043823                     0.012265684
               2.3055153                     0.012666509
               2.3066483                       0.0130544
                2.307781                     0.013428587
               2.3089139                     0.013788333
               2.3100469                     0.014132928
               2.3111799                     0.014461683
               2.3123128                     0.014773929
               2.3134458                     0.015069008
               2.3145788                     0.015346279
               2.3157115                      0.01560513
               2.3168445                     0.015844977
               2.3179774                     0.016065279
               2.3191104                     0.016265541
               2.3202434                     0.016445307
               2.3213763                     0.016604166
               2.3225093                     0.016741738
                2.323642                     0.016857661
                2.324775                     0.016951613
               2.3259079                     0.017023284
               2.3270409                     0.017072402
               2.3281739                     0.017098727
               2.3293068                     0.017102065
               2.3304398                     0.017082263
               2.3315725                     0.017039225
               2.3327055                     0.016972898
               2.3338385                     0.016883265
               2.3349714                     0.016770346
               2.3361044                     0.016634185
               2.3372374                     0.016474852
               2.3383703                     0.016292445
                2.339503                     0.016087094
                2.340636                     0.015858971
                2.341769                     0.015608283
               2.3429019                     0.015335291
               2.3440349                     0.015040297
               2.3451679                     0.014723643
               2.3463008                     0.014385706
               2.3474336                      0.01402688
               2.3485665                     0.013647586
               2.3496995                     0.013248261
               2.3508325                     0.012829365
               2.3519654                     0.012391388
               2.3530984                     0.011934849
               2.3542314                     0.011460306
               2.3553641                     0.010968353
                2.356497                     0.010459613
                 2.35763                    0.0099347392
                2.358763                    0.0093943989
               2.3598959                     0.008839271
               2.3610289                    0.0082700439
               2.3621619                    0.0076874122
               2.3632948                    0.0070920847
               2.3644276                    0.0064847823
               2.3655605                      0.00586625
               2.3666935                    0.0052372529
               2.3678265                    0.0045985775
               2.3689594                    0.0039510247
               2.3700924                    0.0032954032
               2.3712254                    0.0026325232
               2.3723581                    0.0019631898
                2.373491                    0.0012882014
                2.374624                   0.00060835062
                2.375757                  -7.5572636e-05
               2.3768899                  -0.00076277665
               2.3780229                   -0.0014524648
               2.3791559                   -0.0021438345
               2.3802886                   -0.0028360796
               2.3814216                    -0.003528394
               2.3825545                    -0.004219979
               2.3836875                    -0.004910049
               2.3848205                   -0.0055978331
               2.3859534                   -0.0062825792
               2.3870864                   -0.0069635543
               2.3882191                   -0.0076400395
               2.3893521                   -0.0083113266
                2.390485                   -0.0089767184
                2.391618                   -0.0096355258
                2.392751                     -0.01028707
               2.3938839                    -0.010930683
               2.3950169                    -0.011565717
               2.3961496                    -0.012191541
               2.3972826                    -0.012807546
               2.3984156                    -0.013413152
               2.3995485                    -0.014007794
               2.4006815                    -0.014590935
               2.4018145                     -0.01516205
               2.4029474                    -0.015720636
               2.4040802                    -0.016266201
               2.4052131                    -0.016798273
               2.4063461                    -0.017316405
                2.407479                    -0.017820165
                2.408612                    -0.018309144
                2.409745                    -0.018782966
               2.4108779                    -0.019241272
               2.4120107                     -0.01968373
               2.4131436                    -0.020110037
               2.4142766                    -0.020519905
               2.4154096                    -0.020913064
               2.4165425                    -0.021289263
               2.4176755                    -0.021648262
               2.4188085                    -0.021989839
               2.4199412                    -0.022313789
               2.4210742                    -0.022619933
               2.4222071                    -0.022908119
               2.4233401                    -0.023178229
                2.424473                    -0.023430161
                2.425606                    -0.023663851
                2.426739                    -0.023879251
               2.4278717                    -0.024076326
               2.4290047                    -0.024255056
               2.4301376                    -0.024415426
               2.4312706                    -0.024557434
               2.4324036                    -0.024681095
               2.4335365                    -0.024786433
               2.4346695                    -0.024873503
               2.4358022                    -0.024942389
               2.4369352                    -0.024993204
               2.4380682                     -0.02502609
               2.4392011                    -0.025041213
               2.4403341                    -0.025038749
                2.441467                    -0.025018888
                  2.4426                    -0.024981823
               2.4437327                    -0.024927754
               2.4448657                    -0.024856895
               2.4459987                    -0.024769474
               2.4471316                    -0.024665739
               2.4482646                    -0.024545962
               2.4493976                    -0.024410442
               2.4505305                    -0.024259504
               2.4516633                     -0.02409349
               2.4527962                    -0.023912754
               2.4539292                     -0.02371766
               2.4550622                    -0.023508571
               2.4561951                     -0.02328586
               2.4573281                    -0.023049908
                2.458461                    -0.022801109
               2.4595938                    -0.022539876
               2.4607267                    -0.022266652
               2.4618597                    -0.021981893
               2.4629927                    -0.021686072
               2.4641256                    -0.021379672
               2.4652586                    -0.021063183
               2.4663916                    -0.020737084
               2.4675243                     -0.02040186
               2.4686573                    -0.020057995
               2.4697902                    -0.019705975
               2.4709232                    -0.019346301
               2.4720562                    -0.018979494
               2.4731891                    -0.018606083
               2.4743221                    -0.018226625
               2.4754548                    -0.017841673
               2.4765878                    -0.017451776
               2.4777207                     -0.01705748
               2.4788537                    -0.016659314
               2.4799867                    -0.016257796
               2.4811196                     -0.01585344
               2.4822526                    -0.015446754
               2.4833853                    -0.015038257
               2.4845183                    -0.014628471
               2.4856513                    -0.014217923
               2.4867842                    -0.013807148
               2.4879172                    -0.013396666
               2.4890501                    -0.012986987
               2.4901831                    -0.012578594
               2.4913158                    -0.012171949
               2.4924488                    -0.011767494
               2.4935818                    -0.011365653
               2.4947147                    -0.010966846
               2.4958477                    -0.010571487
               2.4969807                    -0.010179989
               2.4981136                   -0.0097927591
               2.4992466                   -0.0094101913
               2.5003793                   -0.0090326639
               2.5015123                   -0.0086605251
               2.5026453                   -0.0082940916
               2.5037782                   -0.0079336483
               2.5049112                   -0.0075794552
               2.5060441                   -0.0072317519
               2.5071771                   -0.0068907607
               2.5083098                   -0.0065566939
               2.5094428                   -0.0062297522
               2.5105758                   -0.0059101204
               2.5117087                    -0.005597963
               2.5128417                   -0.0052934201
               2.5139747                   -0.0049966006
               2.5151076                   -0.0047075832
               2.5162404                   -0.0044264174
               2.5173733                   -0.0041531292
               2.5185063                   -0.0038877258
               2.5196393                   -0.0036301995
               2.5207722                   -0.0033805282
               2.5219052                   -0.0031386768
               2.5230381                   -0.0029045914
               2.5241709                   -0.0026781964
               2.5253038                   -0.0024593913
               2.5264368                   -0.0022480495
               2.5275698                   -0.0020440214
               2.5287027                   -0.0018471377
               2.5298357                   -0.0016572147
               2.5309687                    -0.001474058
               2.5321014                   -0.0012974655
               2.5332344                   -0.0011272265
               2.5343673                  -0.00096312095
               2.5355003                  -0.00080491771
               2.5366333                  -0.00065237225
               2.5377662                  -0.00050522748
               2.5388992                   -0.0003632154
               2.5400319                  -0.00022606071
               2.5411649                  -9.3484326e-05
               2.5422978                     3.47934e-05
               2.5434308                   0.00015905153
               2.5445638                   0.00027956892
               2.5456967                   0.00039662531
               2.5468297                   0.00051050266
               2.5479624                   0.00062148535
               2.5490954                   0.00072985823
               2.5502284                    0.0008359038
               2.5513613                   0.00093989744
               2.5524943                    0.0010421039
               2.5536273                    0.0011427748
               2.5547602                    0.0012421488
               2.5558929                    0.0013404527
               2.5570259                    0.0014379049
               2.5581589                    0.0015347176
               2.5592918                    0.0016310981
               2.5604248                    0.0017272461
               2.5615578                    0.0018233496
               2.5626907                    0.0019195802
               2.5638235                     0.002016088
               2.5649564                    0.0021129993
               2.5660894                    0.0022104168
               2.5672224                    0.0023084232
               2.5683553                    0.0024070863
               2.5694883                    0.0025064652
               2.5706213                    0.0026066115
                2.571754                    0.0027075708
               2.5728869                    0.0028093776
               2.5740199                     0.002912051
               2.5751529                    0.0030155857
               2.5762858                    0.0031199502
               2.5774188                    0.0032250849
               2.5785518                    0.0033309045
               2.5796845                    0.0034373049
               2.5808175                    0.0035441699
               2.5819504                    0.0036513782
               2.5830834                    0.0037588042
               2.5842164                      0.00386632
               2.5853493                    0.0039737895
               2.5864823                    0.0040810648
                2.587615                    0.0041879797
                2.588748                    0.0042943475
               2.5898809                    0.0043999641
               2.5910139                    0.0045046113
               2.5921469                    0.0046080635
               2.5932798                    0.0047100973
               2.5944128                     0.004810492
               2.5955455                     0.004909032
               2.5966785                     0.005005504
               2.5978115                    0.0050996928
               2.5989444                    0.0051913755
               2.6000774                    0.0052803196
               2.6012104                     0.005366283
               2.6023433                    0.0054490189
                2.603476                    0.0055282833
                2.604609                    0.0056038429
                2.605742                    0.0056754807
               2.6068749                    0.0057429955
               2.6080079                    0.0058062053
               2.6091409                     0.005864942
               2.6102738                     0.005919043
               2.6114066                    0.0059683495
               2.6125395                    0.0060127042
               2.6136725                    0.0060519539
               2.6148055                    0.0060859532
               2.6159384                    0.0061145728
               2.6170714                    0.0061377017
               2.6182044                    0.0061552539
               2.6193371                    0.0061671687
                 2.62047                    0.0061734072
                2.621603                    0.0061739478
                2.622736                    0.0061687846
               2.6238689                    0.0061579221
               2.6250019                    0.0061413776
               2.6261349                    0.0061191823
               2.6272676                    0.0060913861
               2.6284006                    0.0060580601
               2.6295335                    0.0060193026
               2.6306665                    0.0059752357
               2.6317995                    0.0059260055
               2.6329324                    0.0058717774
               2.6340654                    0.0058127344
               2.6351984                    0.0057490701
               2.6363311                    0.0056809918
                2.637464                    0.0056087202
                2.638597                     0.005532492
                 2.63973                    0.0054525598
               2.6408629                    0.0053691962
               2.6419959                    0.0052826931
               2.6431289                    0.0051933578
               2.6442616                    0.0051015108
               2.6453946                    0.0050074831
               2.6465275                    0.0049116132
               2.6476605                    0.0048142457
               2.6487935                    0.0047157351
               2.6499264                    0.0046164426
               2.6510594                    0.0045167417
               2.6521921                    0.0044170138
               2.6533251                    0.0043176515
                2.654458                    0.0042190501
                2.655591                    0.0041216072
                2.656724                    0.0040257182
               2.6578569                    0.0039317715
               2.6589899                    0.0038401512
               2.6601226                    0.0037512346
               2.6612556                    0.0036653958
               2.6623886                    0.0035830073
               2.6635215                    0.0035044404
               2.6646545                    0.0034300659
               2.6657875                    0.0033602477
               2.6669204                    0.0032953429
               2.6680532                    0.0032356957
               2.6691861                    0.0031816345
               2.6703191                    0.0031334711
                2.671452                    0.0030914997
                2.672585                    0.0030559979
                2.673718                    0.0030272282
               2.6748509                    0.0030054378
               2.6759837                    0.0029908596
               2.6771166                    0.0029837105
               2.6782496                    0.0029841897
               2.6793826                     0.002992477
               2.6805155                    0.0030087312
               2.6816485                    0.0030330915
               2.6827815                    0.0030656755
               2.6839142                    0.0031065801
               2.6850471                     0.003155882
               2.6861801                    0.0032136366
               2.6873131                    0.0032798774
                2.688446                    0.0033546137
                2.689579                    0.0034378304
                2.690712                    0.0035294869
               2.6918447                    0.0036295187
               2.6929777                     0.003737838
               2.6941106                    0.0038543364
               2.6952436                    0.0039788885
               2.6963766                    0.0041113491
               2.6975095                    0.0042515569
               2.6986425                    0.0043993304
               2.6997752                    0.0045544691
               2.7009082                    0.0047167498
               2.7020411                    0.0048859245
               2.7031741                    0.0050617224
               2.7043071                    0.0052438527
                 2.70544                     0.005432006
                2.706573                     0.005625858
               2.7077057                    0.0058250735
               2.7088387                     0.006029305
               2.7099717                    0.0062381956
               2.7111046                    0.0064513739
               2.7122376                    0.0066684573
               2.7133706                    0.0068890457
               2.7145035                    0.0071127275
               2.7156363                    0.0073390757
               2.7167692                    0.0075676558
               2.7179022                    0.0077980282
               2.7190351                    0.0080297487
               2.7201681                    0.0082623707
               2.7213011                    0.0084954472
                2.722434                    0.0087285303
               2.7235668                    0.0089611663
               2.7246997                    0.0091928998
               2.7258327                    0.0094232708
               2.7269657                    0.0096518174
               2.7280986                    0.0098780803
               2.7292316                     0.010101605
               2.7303646                     0.010321941
               2.7314973                     0.010538644
               2.7326303                     0.010751281
               2.7337632                     0.010959422
               2.7348962                     0.011162646
               2.7360291                      0.01136054
               2.7371621                     0.011552698
               2.7382951                     0.011738723
               2.7394278                      0.01191823
               2.7405608                     0.012090847
               2.7416937                     0.012256216
               2.7428267                     0.012413995
               2.7439597                     0.012563858
               2.7450926                     0.012705492
               2.7462256                     0.012838597
               2.7473583                     0.012962893
               2.7484913                     0.013078109
               2.7496243                     0.013184001
               2.7507572                     0.013280338
               2.7518902                     0.013366915
               2.7530231                     0.013443545
               2.7541561                      0.01351006
               2.7552888                     0.013566311
               2.7564218                     0.013612164
               2.7575548                     0.013647503
               2.7586877                     0.013672229
               2.7598207                     0.013686254
               2.7609537                     0.013689516
               2.7620866                     0.013681977
               2.7632194                     0.013663623
               2.7643523                     0.013634464
               2.7654853                     0.013594532
               2.7666183                     0.013543876
               2.7677512                     0.013482566
               2.7688842                     0.013410684
               2.7700171                     0.013328325
               2.7711501                       0.0132356
               2.7722828                     0.013132632
               2.7734158                     0.013019565
               2.7745488                     0.012896565
               2.7756817                     0.012763817
               2.7768147                     0.012621526
               2.7779477                     0.012469908
               2.7790806                     0.012309195
               2.7802134                     0.012139627
               2.7813463                     0.011961449
               2.7824793                     0.011774915
               2.7836123                     0.011580284
               2.7847452                     0.011377824
               2.7858782                     0.011167819
               2.7870111                     0.010950557
               2.7881439                      0.01072634
               2.7892768                     0.010495478
               2.7904098                     0.010258285
               2.7915428                     0.010015078
               2.7926757                    0.0097661735
               2.7938087                     0.009511888
               2.7949417                    0.0092525342
               2.7960744                    0.0089884223
               2.7972074                    0.0087198606
               2.7983403                    0.0084471554
               2.7994733                    0.0081706094
               2.8006063                    0.0078905225
               2.8017392                    0.0076071918
               2.8028722                    0.0073209079
               2.8040049                    0.0070319548
               2.8051379                    0.0067406138
               2.8062708                    0.0064471588
               2.8074038                    0.0061518587
               2.8085368                    0.0058549736
               2.8096697                    0.0055567524
               2.8108027                    0.0052574305
               2.8119354                    0.0049572284
               2.8130684                    0.0046563512
               2.8142014                    0.0043549882
               2.8153343                    0.0040533179
               2.8164673                     0.003751511
               2.8176003                    0.0034497327
               2.8187332                    0.0031481462
               2.8198659                    0.0028469095
               2.8209989                    0.0025461724
               2.8221319                     0.002246073
               2.8232648                    0.0019467317
               2.8243978                    0.0016482498
               2.8255308                    0.0013507092
               2.8266637                    0.0010541768
               2.8277965                   0.00075870985
               2.8289294                   0.00046436209
               2.8300624                   0.00017118822
               2.8311954                  -0.00012075448
               2.8323283                  -0.00041140811
               2.8334613                  -0.00070071843
               2.8345942                  -0.00098864047
                2.835727                    -0.001275142
               2.8368599                   -0.0015602049
               2.8379929                   -0.0018438225
               2.8391259                   -0.0021259938
               2.8402588                   -0.0024067163
               2.8413918                   -0.0026859797
               2.8425248                   -0.0029637627
               2.8436575                    -0.003240034
               2.8447905                   -0.0035147567
               2.8459234                   -0.0037878919
               2.8470564                    -0.004059406
               2.8481894                   -0.0043292725
               2.8493223                   -0.0045974678
               2.8504553                   -0.0048639695
                2.851588                   -0.0051287459
                2.852721                   -0.0053917491
               2.8538539                   -0.0056529115
               2.8549869                   -0.0059121451
               2.8561199                   -0.0061693466
               2.8572528                   -0.0064244042
               2.8583858                   -0.0066772029
               2.8595185                   -0.0069276304
               2.8606515                   -0.0071755769
               2.8617845                   -0.0074209291
               2.8629174                   -0.0076635657
               2.8640504                   -0.0079033477
               2.8651834                   -0.0081401113
               2.8663163                   -0.0083736693
                2.867449                   -0.0086038131
                2.868582                   -0.0088303192
                2.869715                   -0.0090529583
               2.8708479                   -0.0092715034
               2.8719809                   -0.0094857309
               2.8731139                    -0.009695421
               2.8742468                   -0.0099003501
               2.8753796                    -0.010100284
               2.8765125                    -0.010294966
               2.8776455                    -0.010484124
               2.8787785                    -0.010667462
               2.8799114                    -0.010844676
               2.8810444                    -0.011015455
               2.8821774                    -0.011179495
               2.8833101                    -0.011336499
                2.884443                     -0.01148618
                2.885576                    -0.011628261
                2.886709                    -0.011762463
               2.8878419                     -0.01188851
               2.8889749                    -0.012006111
               2.8901079                     -0.01211497
               2.8912406                     -0.01221479
               2.8923736                    -0.012305276
               2.8935065                    -0.012386141
               2.8946395                    -0.012457119
               2.8957725                    -0.012517959
               2.8969054                    -0.012568427
               2.8980384                    -0.012608305
               2.8991711                    -0.012637381
               2.9003041                    -0.012655456
                2.901437                    -0.012662331
                 2.90257                    -0.012657819
                2.903703                    -0.012641747
               2.9048359                    -0.012613962
               2.9059689                    -0.012574332
               2.9071019                    -0.012522748
               2.9082346                    -0.012459124
               2.9093676                    -0.012383399
               2.9105005                    -0.012295522
               2.9116335                    -0.012195459
               2.9127665                    -0.012083195
               2.9138994                    -0.011958732
               2.9150324                    -0.011822093
               2.9161651                    -0.011673331
               2.9172981                    -0.011512529
                2.918431                    -0.011339796
                2.919564                    -0.011155266
                2.920697                    -0.010959095
               2.9218299                    -0.010751452
               2.9229629                     -0.01053252
               2.9240956                    -0.010302491
               2.9252286                    -0.010061578
               2.9263616                     -0.00981001
               2.9274945                   -0.0095480457
               2.9286275                   -0.0092759719
               2.9297605                   -0.0089941006
               2.9308934                   -0.0087027717
               2.9320261                   -0.0084023438
               2.9331591                   -0.0080931839
               2.9342921                   -0.0077756629
                2.935425                   -0.0074501615
                2.936558                   -0.0071170609
                2.937691                   -0.0067767543
               2.9388239                    -0.006429649
               2.9399567                   -0.0060761715
               2.9410896                   -0.0057167662
               2.9422226                   -0.0053518936
               2.9433556                   -0.0049820254
               2.9444885                   -0.0046076365
               2.9456215                   -0.0042291991
               2.9467545                   -0.0038471806
               2.9478872                    -0.003462041
               2.9490201                   -0.0030742381
               2.9501531                   -0.0026842288
               2.9512861                   -0.0022924731
                2.952419                   -0.0018994361
                2.953552                   -0.0015055866
                2.954685                   -0.0011113934
               2.9558177                  -0.00071732089
               2.9569507                  -0.00032382301
               2.9580836                   6.8659909e-05
               2.9592166                    0.0004597033
               2.9603496                   0.00084889814
               2.9614825                     0.001235849
               2.9626155                    0.0016201721
               2.9637482                    0.0020014928
               2.9648812                    0.0023794449
               2.9660141                     0.002753672
               2.9671471                    0.0031238282
               2.9682801                    0.0034895805
                2.969413                    0.0038506116
                2.970546                    0.0042066211
               2.9716787                    0.0045573274
               2.9728117                    0.0049024671
               2.9739447                    0.0052417964
               2.9750776                    0.0055750888
               2.9762106                    0.0059021376
               2.9773436                    0.0062227543
               2.9784765                    0.0065367669
               2.9796093                    0.0068440195
               2.9807422                    0.0071443706
               2.9818752                     0.007437692
               2.9830081                    0.0077238707
               2.9841411                    0.0080028065
               2.9852741                    0.0082744136
                2.986407                    0.0085386261
               2.9875398                    0.0087953992
               2.9886727                     0.009044705
               2.9898057                    0.0092865378
               2.9909387                     0.009520906
               2.9920716                    0.0097478321
               2.9932046                    0.0099673448
               2.9943376                     0.010179476
               2.9954703                     0.010384264
               2.9966033                     0.010581753
               2.9977362                     0.010771994
               2.9988692                     0.010955053
               3.0000021                     0.011131013
               3.0011351                     0.011299971
               3.0022681                      0.01146204
               3.0034008                     0.011617344
               3.0045338                     0.011766004
               3.0056667                     0.011908147
               3.0067997                      0.01204389
               3.0079327                     0.012173344
               3.0090656                     0.012296624
               3.0101986                     0.012413839
               3.0113313                     0.012525111
               3.0124643                     0.012630564
               3.0135972                     0.012730339
               3.0147302                     0.012824571
               3.0158632                     0.012913398
               3.0169961                     0.012996954
               3.0181291                     0.013075355
               3.0192618                      0.01314871
               3.0203948                      0.01321712
               3.0215278                     0.013280677
               3.0226607                      0.01333948
               3.0237937                     0.013393629
               3.0249267                     0.013443226
               3.0260596                     0.013488375
               3.0271924                     0.013529174
               3.0283253                     0.013565712
               3.0294583                     0.013598053
               3.0305912                     0.013626251
               3.0317242                     0.013650337
               3.0328572                     0.013670339
               3.0339901                     0.013686275
               3.0351229                     0.013698166
               3.0362558                     0.013706038
               3.0373888                     0.013709911
               3.0385218                     0.013709804
               3.0396547                     0.013705728
               3.0407877                     0.013697676
               3.0419207                     0.013685623
               3.0430536                     0.013669533
               3.0441864                      0.01364935
               3.0453193                     0.013625023
               3.0464523                     0.013596497
               3.0475852                     0.013563719
               3.0487182                     0.013526634
               3.0498512                     0.013485189
               3.0509841                     0.013439321
               3.0521169                     0.013388957
               3.0532498                     0.013334005
               3.0543828                     0.013274363
               3.0555158                     0.013209917
               3.0566487                     0.013140551
               3.0577817                     0.013066153
               3.0589147                     0.012986618
               3.0600474                     0.012901848
               3.0611804                     0.012811748
               3.0623133                     0.012716227
               3.0634463                     0.012615185
               3.0645792                      0.01250852
               3.0657122                     0.012396117
               3.0668452                     0.012277859
               3.0679779                     0.012153627
               3.0691109                     0.012023306
               3.0702438                     0.011886787
               3.0713768                     0.011743972
               3.0725098                     0.011594771
               3.0736427                     0.011439101
               3.0747757                     0.011276884
               3.0759084                     0.011108045
               3.0770414                     0.010932516
               3.0781744                     0.010750234
               3.0793073                     0.010561145
               3.0804403                     0.010365209
               3.0815732                     0.010162394
               3.0827062                    0.0099526811
               3.0838389                    0.0097360583
               3.0849719                    0.0095125213
               3.0861049                     0.009282073
               3.0872378                    0.0090447236
               3.0883708                    0.0088004908
               3.0895038                    0.0085494099
               3.0906367                    0.0082915341
               3.0917695                    0.0080269296
               3.0929024                    0.0077556875
               3.0940354                    0.0074779131
               3.0951684                    0.0071937279
               3.0963013                      0.00690326
               3.0974343                    0.0066066487
               3.0985672                    0.0063040373
                  3.0997                    0.0059955809
               3.1008329                    0.0056814491
               3.1019659                    0.0053618304
               3.1030989                    0.0050369333
               3.1042318                      0.00470699
               3.1053648                    0.0043722494
               3.1064978                    0.0040329737
               3.1076305                    0.0036894339
               3.1087635                     0.003341906
               3.1098964                    0.0029906705
               3.1110294                    0.0026360154
               3.1121624                    0.0022782397
               3.1132953                    0.0019176595
               3.1144283                    0.0015546096
                3.115561                    0.0011894437
                3.116694                   0.00082253123
               3.1178269                   0.00045424941
               3.1189599                    8.497887e-05
               3.1200929                  -0.00028490188
               3.1212258                  -0.00065501762
               3.1223588                   -0.0010249942
               3.1234915                   -0.0013944537
               3.1246245                    -0.001763009
               3.1257575                   -0.0021302595
               3.1268904                    -0.002495792
               3.1280234                   -0.0028591836
               3.1291564                   -0.0032200089
               3.1302893                   -0.0035778489
                3.131422                   -0.0039322954
                3.132555                   -0.0042829555
                3.133688                   -0.0046294495
               3.1348209                   -0.0049714074
               3.1359539                   -0.0053084604
               3.1370869                   -0.0056402367
               3.1382198                   -0.0059663588
               3.1393526                    -0.006286446
               3.1404855                   -0.0066001196
               3.1416185                   -0.0069070151
               3.1427515                    -0.007206786
               3.1438844                   -0.0074991114
               3.1450174                   -0.0077836951
               3.1461504                   -0.0080602625
               3.1472831                   -0.0083285533
                3.148416                   -0.0085883141
                3.149549                   -0.0088392952
                3.150682                   -0.0090812473
               3.1518149                   -0.0093139317
               3.1529479                   -0.0095371213
               3.1540809                   -0.0097506139
               3.1552136                   -0.0099542374
               3.1563466                    -0.010147851
               3.1574795                    -0.010331344
               3.1586125                    -0.010504627
               3.1597455                    -0.010667629
               3.1608784                    -0.010820286
               3.1620114                    -0.010962546
               3.1631441                    -0.011094357
               3.1642771                    -0.011215687
                 3.16541                    -0.011326518
                3.166543                    -0.011426862
                3.167676                    -0.011516764
               3.1688089                    -0.011596295
               3.1699419                    -0.011665553
               3.1710746                    -0.011724657
               3.1722076                    -0.011773738
               3.1733406                    -0.011812934
               3.1744735                     -0.01184239
               3.1756065                     -0.01186226
               3.1767395                    -0.011872712
               3.1778724                    -0.011873933
               3.1790054                     -0.01186613
               3.1801381                    -0.011849537
               3.1812711                    -0.011824403
                3.182404                    -0.011790995
                3.183537                    -0.011749584
                 3.18467                     -0.01170045
               3.1858029                    -0.011643872
               3.1869359                    -0.011580137
               3.1880686                    -0.011509534
               3.1892016                    -0.011432366
               3.1903346                    -0.011348947
               3.1914675                    -0.011259606
               3.1926005                    -0.011164681
               3.1937335                    -0.011064515
               3.1948664                     -0.01095945
               3.1959991                    -0.010849825
               3.1971321                    -0.010735971
               3.1982651                    -0.010618212
                3.199398                    -0.010496873
                3.200531                    -0.010372276
                3.201664                    -0.010244749
               3.2027969                    -0.010114621
               3.2039297                   -0.0099822273
               3.2050626                   -0.0098478999
               3.2061956                   -0.0097119641
               3.2073286                   -0.0095747309
               3.2084615                   -0.0094364984
               3.2095945                   -0.0092975507
               3.2107275                   -0.0091581587
               3.2118602                   -0.0090185851
               3.2129931                   -0.0088790869
               3.2141261                   -0.0087399185
               3.2152591                   -0.0086013312
                3.216392                   -0.0084635662
                3.217525                   -0.0083268536
                3.218658                   -0.0081914058
               3.2197907                   -0.0080574164
               3.2209237                   -0.0079250578
               3.2220566                   -0.0077944845
               3.2231896                   -0.0076658344
               3.2243226                   -0.0075392369
               3.2254555                   -0.0074148141
               3.2265885                   -0.0072926856
               3.2277212                   -0.0071729589
               3.2288542                   -0.0070557324
               3.2299871                   -0.0069410875
               3.2311201                   -0.0068290848
               3.2322531                   -0.0067197615
                3.233386                   -0.0066131335
                3.234519                   -0.0065091946
               3.2356517                   -0.0064079277
               3.2367847                   -0.0063093044
               3.2379177                   -0.0062132925
               3.2390506                   -0.0061198561
               3.2401836                   -0.0060289521
               3.2413166                   -0.0059405277
               3.2424495                   -0.0058545177
               3.2435822                   -0.0057708379
               3.2447152                   -0.0056893858
               3.2458482                   -0.0056100418
               3.2469811                   -0.0055326717
               3.2481141                   -0.0054571298
               3.2492471                   -0.0053832671
                 3.25038                   -0.0053109312
               3.2515128                   -0.0052399705
               3.2526457                   -0.0051702308
               3.2537787                   -0.0051015518
               3.2549117                   -0.0050337659
               3.2560446                   -0.0049666949
               3.2571776                   -0.0049001491
               3.2583106                   -0.0048339311
               3.2594433                   -0.0047678375
               3.2605762                   -0.0047016647
               3.2617092                   -0.0046352097
               3.2628422                   -0.0045682751
               3.2639751                   -0.0045006699
               3.2651081                   -0.0044322042
               3.2662411                   -0.0043626903
               3.2673738                   -0.0042919386
               3.2685068                   -0.0042197569
               3.2696397                   -0.0041459491
               3.2707727                   -0.0040703216
               3.2719057                   -0.0039926833
               3.2730386                   -0.0039128512
               3.2741716                    -0.003830652
               3.2753043                   -0.0037459219
               3.2764373                   -0.0036585093
               3.2775702                   -0.0035682693
               3.2787032                   -0.0034750663
               3.2798362                   -0.0033787673
               3.2809691                   -0.0032792462
               3.2821021                   -0.0031763823
               3.2832348                   -0.0030700641
               3.2843678                   -0.0029601925
               3.2855008                   -0.0028466815
               3.2866337                   -0.0027294615
               3.2877667                   -0.0026084771
               3.2888997                   -0.0024836876
               3.2900326                   -0.0023550619
               3.2911654                   -0.0022225792
               3.2922983                   -0.0020862268
               3.2934313                   -0.0019460008
               3.2945642                   -0.0018019081
               3.2956972                   -0.0016539696
               3.2968302                   -0.0015022205
               3.2979631                   -0.0013467132
               3.2990959                   -0.0011875171
               3.3002288                   -0.0010247168
               3.3013618                  -0.00085841084
               3.3024948                  -0.00068870909
               3.3036277                  -0.00051573233
               3.3047607                  -0.00033961178
               3.3058937                  -0.00016049008
               3.3070264                    2.147739e-05
               3.3081594                   0.00020612107
               3.3092923                   0.00039325689
               3.3104253                   0.00058268697
               3.3115582                   0.00077420141
               3.3126912                   0.00096758024
               3.3138242                    0.0011625959
               3.3149571                    0.0013590138
               3.3160899                    0.0015565926
               3.3172228                    0.0017550834
               3.3183558                    0.0019542282
               3.3194888                    0.0021537587
               3.3206217                    0.0023533967
               3.3217547                    0.0025528544
               3.3228877                    0.0027518359
               3.3240204                    0.0029500402
               3.3251534                    0.0031471641
               3.3262863                    0.0033429021
               3.3274193                    0.0035369471
               3.3285522                    0.0037289921
               3.3296852                    0.0039187269
               3.3308182                    0.0041058394
               3.3319509                    0.0042900145
               3.3330839                     0.004470936
               3.3342168                    0.0046482878
               3.3353498                    0.0048217583
               3.3364828                    0.0049910415
               3.3376157                    0.0051558367
               3.3387487                    0.0053158496
               3.3398814                      0.00547079
               3.3410144                    0.0056203734
               3.3421474                    0.0057643196
               3.3432803                    0.0059023509
               3.3444133                    0.0060341959
               3.3455462                    0.0061595934
               3.3466792                    0.0062782951
               3.3478119                    0.0063900659
               3.3489449                    0.0064946851
               3.3500779                    0.0065919454
               3.3512108                    0.0066816518
               3.3523438                     0.006763617
               3.3534768                    0.0068376614
               3.3546097                    0.0069036135
               3.3557425                    0.0069613131
               3.3568754                    0.0070106126
               3.3580084                    0.0070513864
               3.3591413                    0.0070835287
               3.3602743                    0.0071069608
               3.3614073                    0.0071216226
               3.3625402                    0.0071274727
                3.363673                    0.0071244854
               3.3648059                    0.0071126428
               3.3659389                    0.0070919339
               3.3670719                    0.0070623579
               3.3682048                    0.0070239273
               3.3693378                    0.0069766683
               3.3704708                    0.0069206329
               3.3716035                    0.0068558967
               3.3727365                    0.0067825569
               3.3738694                    0.0067007365
               3.3750024                    0.0066105714
               3.3761353                    0.0065122093
               3.3772683                    0.0064058038
               3.3784013                    0.0062915157
                3.379534                    0.0061695133
                3.380667                    0.0060399775
               3.3817999                    0.0059031053
               3.3829329                    0.0057591144
               3.3840659                    0.0056082457
               3.3851988                    0.0054507572
               3.3863318                    0.0052869213
               3.3874645                    0.0051170178
               3.3885975                    0.0049413303
               3.3897305                     0.004760141
               3.3908634                    0.0045737349
               3.3919964                     0.004382398
               3.3931293                     0.004186424
               3.3942623                    0.0039861179
                3.395395                    0.0037817974
                3.396528                     0.003573793
                3.397661                    0.0033624421
               3.3987939                    0.0031480868
               3.3999269                    0.0029310666
               3.4010599                    0.0027117163
               3.4021928                    0.0024903645
               3.4033256                    0.0022673339
               3.4044585                    0.0020429455
               3.4055915                    0.0018175213
               3.4067245                    0.0015913867
               3.4078574                    0.0013648707
               3.4089904                    0.0011383035
               3.4101233                   0.00091201311
               3.4112561                   0.00068632048
                3.412389                    0.0004615371
                3.413522                   0.00023796254
                3.414655                   1.5884914e-05
               3.4157879                  -0.00020441745
               3.4169209                  -0.00042267339
               3.4180539                  -0.00063861714
               3.4191866                  -0.00085198728
               3.4203196                   -0.0010625279
               3.4214525                   -0.0012699906
               3.4225855                   -0.0014741364
               3.4237185                   -0.0016747379
               3.4248514                   -0.0018715803
               3.4259844                   -0.0020644593
               3.4271171                   -0.0022531825
               3.4282501                   -0.0024375645
                3.429383                   -0.0026174295
                3.430516                   -0.0027926099
                3.431649                   -0.0029629488
               3.4327819                   -0.0031283014
               3.4339149                   -0.0032885366
               3.4350476                   -0.0034435391
               3.4361806                   -0.0035932069
               3.4373136                    -0.003737451
               3.4384465                   -0.0038761906
               3.4395795                   -0.0040093516
               3.4407125                   -0.0041368646
               3.4418454                   -0.0042586662
               3.4429781                   -0.0043747001
               3.4441111                    -0.004484918
               3.4452441                   -0.0045892852
                3.446377                   -0.0046877791
                 3.44751                   -0.0047803889
                3.448643                    -0.004867116
               3.4497759                   -0.0049479697
               3.4509089                   -0.0050229649
               3.4520416                   -0.0050921203
               3.4531746                   -0.0051554581
               3.4543076                   -0.0052130073
               3.4554405                    -0.005264801
               3.4565735                   -0.0053108837
               3.4577065                   -0.0053513083
               3.4588394                   -0.0053861374
               3.4599721                   -0.0054154391
               3.4611051                   -0.0054392861
               3.4622381                   -0.0054577491
                3.463371                   -0.0054708999
                3.464504                   -0.0054788091
                3.465637                   -0.0054815481
               3.4667699                   -0.0054791919
               3.4679027                   -0.0054718237
               3.4690356                   -0.0054595345
               3.4701686                   -0.0054424242
               3.4713016                    -0.005420601
               3.4724345                   -0.0053941747
               3.4735675                   -0.0053632562
               3.4747005                   -0.0053279516
               3.4758332                   -0.0052883658
               3.4769661                   -0.0052445978
               3.4780991                   -0.0051967469
               3.4792321                   -0.0051449118
                3.480365                   -0.0050891968
                3.481498                   -0.0050297081
                3.482631                   -0.0049665594
               3.4837637                   -0.0048998659
               3.4848967                   -0.0048297439
               3.4860296                   -0.0047563096
               3.4871626                   -0.0046796771
               3.4882956                   -0.0045999582
               3.4894285                   -0.0045172647
               3.4905615                   -0.0044317096
               3.4916942                   -0.0043434082
               3.4928272                   -0.0042524785
               3.4939601                   -0.0041590407
               3.4950931                    -0.004063216
               3.4962261                   -0.0039651231
                3.497359                   -0.0038648786
                3.498492                   -0.0037625963
               3.4996247                   -0.0036583887
               3.5007577                   -0.0035523667
               3.5018907                   -0.0034446444
               3.5030236                   -0.0033353404
               3.5041566                   -0.0032245782
               3.5052896                   -0.0031124852
               3.5064225                   -0.0029991902
               3.5075552                   -0.0028848224
               3.5086882                   -0.0027695072
               3.5098212                   -0.0026533662
               3.5109541                   -0.0025365157
               3.5120871                    -0.002419071
               3.5132201                   -0.0023011474
                3.514353                   -0.0021828627
               3.5154858                   -0.0020643405
               3.5166187                   -0.0019457093
               3.5177517                   -0.0018271015
               3.5188847                   -0.0017086517
               3.5200176                   -0.0015904934
               3.5211506                   -0.0014727574
               3.5222836                   -0.0013555704
               3.5234163                   -0.0012390553
               3.5245492                   -0.0011233327
               3.5256822                   -0.0010085229
               3.5268152                  -0.00089474837
               3.5279481                  -0.00078213378
               3.5290811                  -0.00067080662
               3.5302141                  -0.00056089601
               3.5313468                  -0.00045253031
               3.5324798                  -0.00034583511
               3.5336127                  -0.00024093172
               3.5347457                  -0.00013793682
               3.5358787                  -3.6962982e-05
               3.5370116                   6.1879873e-05
               3.5381446                   0.00015848303
               3.5392773                   0.00025273749
               3.5404103                   0.00034453336
               3.5415432                   0.00043376043
               3.5426762                   0.00052030972
               3.5438092                   0.00060407544
               3.5449421                    0.0006849569
               3.5460751                   0.00076286041
               3.5472078                   0.00083769928
               3.5483408                    0.0009093933
               3.5494738                   0.00097786763
               3.5506067                    0.0010430517
               3.5517397                    0.0011048776
               3.5528727                    0.0011632795
               3.5540056                     0.001218195
               3.5551383                    0.0012695654
               3.5562713                    0.0013173386
               3.5574043                    0.0013614697
               3.5585372                    0.0014019234
               3.5596702                    0.0014386723
               3.5608032                    0.0014716976
               3.5619361                    0.0015009863
               3.5630689                    0.0015265311
               3.5642018                    0.0015483282
               3.5653348                    0.0015663775
               3.5664678                    0.0015806837
               3.5676007                    0.0015912581
               3.5687337                    0.0015981207
               3.5698667                    0.0016013025
               3.5709994                    0.0016008455
               3.5721323                    0.0015968024
               3.5732653                    0.0015892345
               3.5743983                    0.0015782099
               3.5755312                    0.0015638006
               3.5766642                    0.0015460808
               3.5777972                    0.0015251269
               3.5789301                    0.0015010188
               3.5800629                    0.0014738421
               3.5811958                    0.0014436906
               3.5823288                     0.001410668
               3.5834618                    0.0013748882
               3.5845947                    0.0013364746
               3.5857277                    0.0012955569
               3.5868607                    0.0012522696
               3.5879934                    0.0012067483
               3.5891263                    0.0011591279
               3.5902593                    0.0011095437
               3.5913923                    0.0010581319
               3.5925252                    0.0010050328
               3.5936582                   0.00095039187
               3.5947912                   0.00089436083
               3.5959239                   0.00083709636
               3.5970569                   0.00077875861
               3.5981898                   0.00071950693
               3.5993228                   0.00065949792
               3.6004558                   0.00059888384
               3.6015887                    0.0005378123
               3.6027217                   0.00047642857
               3.6038544                   0.00041487778
               3.6049874                   0.00035330775
               3.6061203                   0.00029186968
               3.6072533                    0.0002307173
               3.6083863                   0.00017000377
               3.6095192                   0.00010987751
               3.6106522                   5.0478127e-05
               3.6117849                  -8.0665086e-06
               3.6129179                   -6.564051e-05
               3.6140509                  -0.00012213775
               3.6151838                  -0.00017745771
               3.6163168                  -0.00023150114
               3.6174498                  -0.00028416701
               3.6185827                  -0.00033535203
               3.6197155                  -0.00038495287
               3.6208484                   -0.0004328709
               3.6219814                   -0.0004790175
               3.6231143                  -0.00052331889
               3.6242473                  -0.00056571781
               3.6253803                  -0.00060617243
               3.6265132                  -0.00064465217
                3.627646                  -0.00068113266
               3.6287789                  -0.00071559037
               3.6299119                  -0.00074800005
               3.6310449                   -0.0007783352
               3.6321778                  -0.00080657145
               3.6333108                  -0.00083269161
               3.6344438                   -0.0008566911
               3.6355765                   -0.0008785809
               3.6367095                  -0.00089838845
               3.6378424                  -0.00091615453
               3.6389754                  -0.00093192753
               3.6401083                  -0.00094575796
               3.6412413                   -0.0009576939
               3.6423743                  -0.00096777978
                3.643507                  -0.00097605761
                 3.64464                  -0.00098257151
               3.6457729                  -0.00098737236
               3.6469059                  -0.00099052198
               3.6480389                  -0.00099209452
               3.6491718                  -0.00099217368
               3.6503048                   -0.0009908491
               3.6514375                  -0.00098821125
               3.6525705                  -0.00098434614
               3.6537035                    -0.000979334
               3.6548364                   -0.0009732492
               3.6559694                  -0.00096616382
               3.6571023                  -0.00095815171
               3.6582353                  -0.00094929244
                3.659368                  -0.00093967281
                3.660501                  -0.00092938507
                3.661634                  -0.00091852271
               3.6627669                  -0.00090717548
               3.6638999                  -0.00089542416
               3.6650329                  -0.00088333845
               3.6661658                   -0.0008709773
               3.6672986                  -0.00085839233
               3.6684315                   -0.0008456331
               3.6695645                  -0.00083275116
               3.6706975                  -0.00081980298
               3.6718304                   -0.0008068491
               3.6729634                  -0.00079395034
               3.6740963                  -0.00078116241
               3.6752291                  -0.00076853012
                3.676362                  -0.00075608434
                3.677495                  -0.00074384146
                3.678628                  -0.00073180633
               3.6797609                  -0.00071997754
               3.6808939                  -0.00070835324
               3.6820269                  -0.00069693424
               3.6831596                  -0.00068572536
               3.6842926                  -0.00067473296
               3.6854255                  -0.00066396053
               3.6865585                  -0.00065340358
               3.6876915                  -0.00064304576
               3.6888244                  -0.00063285773
               3.6899574                   -0.0006227991
               3.6910901                  -0.00061282289
               3.6922231                   -0.0006028809
                3.693356                   -0.0005929278
                3.694489                  -0.00058292312
                3.695622                  -0.00057282957
               3.6967549                   -0.0005626097
               3.6978879                  -0.00055222103
               3.6990206                  -0.00054161274
               3.7001536                  -0.00053072459
               3.7012866                  -0.00051948917
               3.7024195                   -0.0005078364
               3.7035525                  -0.00049570017
               3.7046854                  -0.00048302294
               3.7058184                  -0.00046975928
               3.7069511                   -0.0004558744
               3.7080841                  -0.00044134018
               3.7092171                  -0.00042612938
                 3.71035                  -0.00041020993
                3.711483                  -0.00039354112
                3.712616                  -0.00037607364
               3.7137489                  -0.00035775331
               3.7148819                  -0.00033852752
               3.7160146                   -0.0003183526
               3.7171476                  -0.00029719991
               3.7182806                  -0.00027505864
               3.7194135                  -0.00025193518
               3.7205465                  -0.00022784882
               3.7216794                  -0.00020282599
               3.7228124                  -0.00017689433
               3.7239451                   -0.0001500787
               3.7250781                  -0.00012240015
               3.7262111                  -9.3878203e-05
                3.727344                  -6.4535372e-05
                3.728477                   -3.440255e-05
                 3.72961                  -3.5233825e-06
               3.7307429                   2.8043334e-05
               3.7318757                   6.0223978e-05
               3.7330086                   9.2932831e-05
               3.7341416                   0.00012607609
               3.7352746                   0.00015955602
               3.7364075                   0.00019327378
               3.7375405                   0.00022713054
               3.7386734                   0.00026102652
               3.7398062                   0.00029485888
               3.7409391                   0.00032851877
               3.7420721                   0.00036188908
               3.7432051                    0.0003948432
                3.744338                   0.00042724554
                3.745471                   0.00045895344
                3.746604                   0.00048981968
               3.7477367                   0.00051969534
               3.7488697                   0.00054843217
               3.7500026                   0.00057588395
               3.7511356                   0.00060190685
               3.7522686                   0.00062635902
               3.7534015                   0.00064909912
               3.7545345                   0.00066998554
               3.7556672                   0.00068887451
               3.7568002                   0.00070562039
               3.7579331                   0.00072007591
               3.7590661                   0.00073209382
               3.7601991                   0.00074152916
                3.761332                   0.00074824179
                3.762465                   0.00075209863
               3.7635977                   0.00075297547
               3.7647307                   0.00075075787
               3.7658637                   0.00074534107
               3.7669966                   0.00073662866
               3.7681296                   0.00072453142
               3.7692626                   0.00070896605
               3.7703955                   0.00068985432
               3.7715282                   0.00066712336
               3.7726612                   0.00064070686
               3.7737942                   0.00061054749
               3.7749271                   0.00057659816
               3.7760601                   0.00053882477
               3.7771931                   0.00049720693
                3.778326                   0.00045173801
               3.7794588                    0.0004024246
               3.7805917                   0.00034928511
               3.7817247                   0.00029234801
               3.7828577                   0.00023165096
               3.7839906                   0.00016724064
               3.7851236                   9.9173449e-05
               3.7862566                   2.7516971e-05
               3.7873893                  -4.7648806e-05
               3.7885222                   -0.0001262304
               3.7896552                   -0.0002081204
               3.7907882                   -0.0002931979
               3.7919211                  -0.00038132971
               3.7930541                  -0.00047237196
               3.7941871                  -0.00056617137
               3.7953198                  -0.00066256576
               3.7964528                  -0.00076138391
               3.7975857                  -0.00086244469
               3.7987187                  -0.00096555665
               3.7998517                   -0.0010705171
               3.8009846                   -0.0011771133
               3.8021176                   -0.0012851226
               3.8032503                    -0.001394315
               3.8043833                   -0.0015044557
               3.8055162                   -0.0016153066
               3.8066492                   -0.0017266273
               3.8077822                   -0.0018381757
               3.8089151                   -0.0019497062
               3.8100481                   -0.0020609696
               3.8111808                    -0.002171709
               3.8123138                   -0.0022816618
               3.8134468                   -0.0023905579
               3.8145797                   -0.0024981222
               3.8157127                   -0.0026040783
               3.8168457                   -0.0027081494
               3.8179786                   -0.0028100652
               3.8191113                   -0.0029095595
               3.8202443                   -0.0030063749
               3.8213773                   -0.0031002606
               3.8225102                    -0.003190971
               3.8236432                   -0.0032782636
               3.8247762                   -0.0033618975
               3.8259091                   -0.0034416323
               3.8270419                   -0.0035172296
               3.8281748                   -0.0035884525
               3.8293078                   -0.0036550711
               3.8304408                   -0.0037168623
               3.8315737                   -0.0037736157
               3.8327067                   -0.0038251337
               3.8338397                   -0.0038712323
               3.8349724                   -0.0039117411
               3.8361053                   -0.0039465008
               3.8372383                   -0.0039753616
               3.8383713                   -0.0039981818
               3.8395042                   -0.0040148264
               3.8406372                   -0.0040251678
               3.8417702                   -0.0040290873
               3.8429029                   -0.0040264772
               3.8440359                   -0.0040172441
               3.8451688                   -0.0040013096
               3.8463018                   -0.0039786147
               3.8474348                   -0.0039491151
               3.8485677                   -0.0039127828
               3.8497007                   -0.0038696001
               3.8508337                   -0.0038195606
               3.8519664                   -0.0037626661
               3.8530993                   -0.0036989274
               3.8542323                   -0.0036283634
               3.8553653                    -0.003551007
               3.8564982                   -0.0034669056
               3.8576312                   -0.0033761251
               3.8587642                   -0.0032787463
               3.8598969                   -0.0031748668
               3.8610299                   -0.0030645973
               3.8621628                   -0.0029480583
               3.8632958                    -0.002825377
               3.8644288                   -0.0026966862
               3.8655617                   -0.0025621234
               3.8666947                   -0.0024218345
               3.8678274                   -0.0022759764
               3.8689604                   -0.0021247191
               3.8700933                   -0.0019682487
               3.8712263                   -0.0018067654
               3.8723593                   -0.0016404823
               3.8734922                   -0.0014696216
               3.8746252                   -0.0012944093
               3.8757579                   -0.0011150733
               3.8768909                  -0.00093184219
               3.8780239                  -0.00074494554
               3.8791568                  -0.00055461633
               3.8802898                  -0.00036109466
               3.8814228                  -0.00016462934
               3.8825557                   3.4520777e-05
               3.8836884                   0.00023608832
               3.8848214                   0.00043980047
               3.8859544                   0.00064538268
               3.8870873                    0.0008525622
               3.8882203                    0.0010610698
               3.8893533                    0.0012706394
               3.8904862                    0.0014810067
                3.891619                    0.0016919066
               3.8927519                    0.0019030707
               3.8938849                     0.002114227
               3.8950179                    0.0023251011
               3.8961508                    0.0025354177
               3.8972838                    0.0027449057
               3.8984168                    0.0029533007
               3.8995495                    0.0031603468
               3.9006824                    0.0033657944
               3.9018154                    0.0035694009
               3.9029484                    0.0037709235
               3.9040813                     0.003970121
               3.9052143                    0.0041667488
               3.9063473                     0.004360565
                 3.90748                    0.0045513278
                3.908613                    0.0047388077
               3.9097459                    0.0049227858
               3.9108789                    0.0051030586
               3.9120119                    0.0052794358
               3.9131448                    0.0054517388
               3.9142778                    0.0056197955
               3.9154105                    0.0057834345
               3.9165435                    0.0059424848
               3.9176764                    0.0060967752
               3.9188094                    0.0062461365
               3.9199424                    0.0063904063
               3.9210753                    0.0065294346
               3.9222083                    0.0066630873
                3.923341                    0.0067912466
                3.924474                    0.0069138082
                3.925607                    0.0070306789
               3.9267399                    0.0071417745
               3.9278729                    0.0072470093
               3.9290059                    0.0073463032
               3.9301388                     0.007439578
               3.9312716                    0.0075267623
               3.9324045                    0.0076077962
               3.9335375                    0.0076826317
               3.9346704                    0.0077512371
               3.9358034                    0.0078135915
               3.9369364                    0.0078696823
               3.9380693                    0.0079195043
               3.9392021                    0.0079630502
                3.940335                    0.0080003198
                3.941468                    0.0080313142
                3.942601                    0.0080560427
               3.9437339                    0.0080745248
               3.9448669                    0.0080867968
               3.9459999                    0.0080929101
               3.9471326                     0.008092925
               3.9482656                    0.0080869067
               3.9493985                    0.0080749197
               3.9505315                    0.0080570281
               3.9516644                    0.0080332924
               3.9527974                    0.0080037722
               3.9539304                    0.0079685319
               3.9550631                    0.0079276478
               3.9561961                    0.0078812111
                3.957329                    0.0078293309
                3.958462                    0.0077721239
                3.959595                    0.0077097132
               3.9607279                     0.007642223
               3.9618609                    0.0075697666
               3.9629936                    0.0074924487
               3.9641266                    0.0074103698
               3.9652596                    0.0073236288
               3.9663925                    0.0072323321
               3.9675255                    0.0071365992
               3.9686584                    0.0070365681
               3.9697914                    0.0069323909
               3.9709241                    0.0068242266
               3.9720571                    0.0067122346
               3.9731901                    0.0065965652
                3.974323                     0.006477356
                3.975456                    0.0063547329
                3.976589                     0.006228812
               3.9777219                    0.0060997121
               3.9788547                    0.0059675593
               3.9799876                    0.0058324966
               3.9811206                    0.0056946813
               3.9822536                    0.0055542802
               3.9833865                     0.005411468
               3.9845195                    0.0052664112
               3.9856524                    0.0051192674
               3.9867854                    0.0049701808
               3.9879181                    0.0048192833
               3.9890511                    0.0046667024
               3.9901841                    0.0045125689
                3.991317                    0.0043570232
                 3.99245                     0.004200215
                3.993583                    0.0040423088
               3.9947159                    0.0038834722
               3.9958487                    0.0037238733
               3.9969816                    0.0035636721
               3.9981146                    0.0034030178
               3.9992476                    0.0032420505
               4.0003805                    0.0030809036
               4.0015135                    0.0029197098
               4.0026464                    0.0027586082
               4.0037794                     0.002597746
               4.0049124                    0.0024372789
               4.0060453                    0.0022773673
               4.0071778                    0.0021181712
               4.0083108                    0.0019598443
               4.0094438                    0.0018025307
               4.0105767                    0.0016463662
               4.0117097                    0.0014914805
               4.0128427                    0.0013380019
               4.0139756                    0.0011860633
               4.0151086                     0.001035804
               4.0162416                   0.00088737032
               4.0173745                   0.00074091117
               4.0185075                   0.00059657433
               4.0196404                   0.00045450102
               4.0207734                   0.00031482268
               4.0219064                    0.0001776607
               4.0230389                   4.3128573e-05
               4.0241718                  -8.8663932e-05
               4.0253048                  -0.00021760668
               4.0264378                  -0.00034358626
               4.0275707                  -0.00046648565
               4.0287037                  -0.00058618636
               4.0298367                  -0.00070257252
               4.0309696                  -0.00081553508
               4.0321026                  -0.00092497503
               4.0332355                   -0.0010308038
               4.0343685                   -0.0011329422
               4.0355015                   -0.0012313167
               4.0366344                   -0.0013258569
               4.0377674                    -0.001416492
               4.0388999                   -0.0015031516
               4.0400329                   -0.0015857674
               4.0411658                   -0.0016642759
               4.0422988                   -0.0017386228
               4.0434318                   -0.0018087653
               4.0445647                   -0.0018746721
               4.0456977                   -0.0019363227
               4.0468307                   -0.0019937037
               4.0479636                   -0.0020468077
               4.0490966                   -0.0020956304
               4.0502295                   -0.0021401704
               4.0513625                   -0.0021804308
               4.0524955                   -0.0022164229
               4.0536284                    -0.002248168
               4.0547614                   -0.0022756984
               4.0558939                   -0.0022990583
               4.0570269                   -0.0023183022
               4.0581598                   -0.0023334925
               4.0592928                   -0.0023446954
               4.0604258                   -0.0023519816
               4.0615587                   -0.0023554256
               4.0626917                   -0.0023551064
               4.0638247                   -0.0023511113
               4.0649576                   -0.0023435378
               4.0660906                   -0.0023324946
               4.0672235                   -0.0023181024
               4.0683565                   -0.0023004911
               4.0694895                   -0.0022797966
               4.0706224                   -0.0022561585
               4.0717549                   -0.0022297183
               4.0728879                   -0.0022006182
               4.0740209                   -0.0021690023
               4.0751538                    -0.002135017
               4.0762868                   -0.0020988141
               4.0774198                    -0.002060551
               4.0785527                   -0.0020203902
               4.0796857                   -0.0019785003
               4.0808187                    -0.001935053
               4.0819516                   -0.0018902225
               4.0830846                    -0.001844184
               4.0842175                   -0.0017971133
               4.0853505                   -0.0017491875
               4.0864835                   -0.0017005835
                4.087616                    -0.001651479
               4.0887489                   -0.0016020503
               4.0898819                   -0.0015524707
               4.0910149                   -0.0015029097
               4.0921478                   -0.0014535305
               4.0932808                   -0.0014044913
               4.0944138                   -0.0013559462
               4.0955467                   -0.0013080477
               4.0966797                   -0.0012609481
               4.0978127                    -0.001214801
               4.0989456                   -0.0011697597
               4.1000786                   -0.0011259734
               4.1012115                   -0.0010835844
               4.1023445                    -0.001042722
                4.103477                   -0.0010035016
                 4.10461                   -0.0009660229
               4.1057429                  -0.00093037309
               4.1068759                  -0.00089663197
               4.1080089                  -0.00086487696
               4.1091418                  -0.00083518674
               4.1102748                  -0.00080764323
               4.1114078                  -0.00078232889
               4.1125407                  -0.00075932161
               4.1136737                  -0.00073868735
               4.1148067                  -0.00072047522
               4.1159396                  -0.00070471287
               4.1170726                  -0.00069140765
               4.1182055                   -0.0006805507
                4.119338                  -0.00067212357
                4.120471                  -0.00066610525
                4.121604                  -0.00066247722
               4.1227369                    -0.000661225
               4.1238699                  -0.00066233554
               4.1250029                  -0.00066579191
               4.1261358                  -0.00067156635
               4.1272688                  -0.00067961484
               4.1284018                  -0.00068987452
               4.1295347                   -0.0007022653
               4.1306677                  -0.00071669457
               4.1318007                  -0.00073306379
               4.1329336                  -0.00075127435
               4.1340666                  -0.00077123143
               4.1351991                   -0.0007928437
                4.136332                  -0.00081602053
                4.137465                  -0.00084066723
                4.138598                  -0.00086668017
               4.1397309                  -0.00089394418
               4.1408639                  -0.00092233252
               4.1419969                  -0.00095171051
               4.1431298                  -0.00098193996
               4.1442628                   -0.0010128842
               4.1453958                    -0.001044411
               4.1465287                   -0.0010763931
               4.1476617                   -0.0011087058
               4.1487947                   -0.0011412243
               4.1499276                   -0.0011738194
               4.1510601                   -0.0012063555
               4.1521931                   -0.0012386915
                4.153326                   -0.0012706838
                4.154459                   -0.0013021913
                4.155592                   -0.0013330794
               4.1567249                   -0.0013632235
               4.1578579                   -0.0013925086
               4.1589909                   -0.0014208261
               4.1601238                   -0.0014480697
               4.1612568                   -0.0014741314
               4.1623898                   -0.0014988981
               4.1635227                    -0.001522253
               4.1646557                   -0.0015440773
               4.1657887                   -0.0015642564
               4.1669211                   -0.0015826841
               4.1680541                   -0.0015992672
               4.1691871                   -0.0016139261
                 4.17032                   -0.0016265929
                4.171453                   -0.0016372066
                4.172586                   -0.0016457094
               4.1737189                   -0.0016520417
               4.1748519                   -0.0016561424
               4.1759849                   -0.0016579505
               4.1771178                   -0.0016574076
               4.1782508                   -0.0016544638
               4.1793838                   -0.0016490812
               4.1805167                   -0.0016412351
               4.1816497                   -0.0016309121
               4.1827822                   -0.0016181071
               4.1839151                   -0.0016028185
               4.1850481                   -0.0015850442
               4.1861811                   -0.0015647809
                4.187314                   -0.0015420247
                4.188447                   -0.0015167743
                 4.18958                   -0.0014890361
               4.1907129                   -0.0014588282
               4.1918459                   -0.0014261815
               4.1929789                   -0.0013911389
               4.1941118                   -0.0013537519
               4.1952448                   -0.0013140747
               4.1963778                   -0.0012721613
               4.1975107                   -0.0012280605
               4.1986437                   -0.0011818178
               4.1997762                   -0.0011334773
               4.2009091                    -0.001083086
               4.2020421                   -0.0010306984
               4.2031751                  -0.00097638043
                4.204308                  -0.00092021003
                4.205441                  -0.00086227525
                4.206574                  -0.00080267072
               4.2077069                   -0.0007414922
               4.2088399                  -0.00067883282
               4.2099729                   -0.0006147807
               4.2111058                  -0.00054941891
               4.2122388                  -0.00048282769
               4.2133718                  -0.00041508808
               4.2145047                  -0.00034628523
               4.2156372                  -0.00027651066
               4.2167702                  -0.00020586271
               4.2179031                  -0.00013444529
               4.2190361                  -6.2364925e-05
               4.2201691                   1.0271984e-05
                4.221302                   8.3361541e-05
                4.222435                    0.0001568033
                4.223568                    0.0002305001
               4.2247009                   0.00030435668
               4.2258339                   0.00037827805
               4.2269669                   0.00045216797
               4.2280998                   0.00052592775
               4.2292328                   0.00059945637
               4.2303658                   0.00067265099
               4.2314982                   0.00074540835
               4.2326312                    0.0008176259
               4.2337642                   0.00088920275
               4.2348971                   0.00096003973
               4.2360301                    0.0010300402
               4.2371631                    0.0010991095
                4.238296                    0.0011671555
                4.239429                    0.0012340877
                4.240562                    0.0012998187
               4.2416949                    0.0013642621
               4.2428279                    0.0014273331
               4.2439609                    0.0014889472
               4.2450938                    0.0015490198
               4.2462268                    0.0016074658
               4.2473593                    0.0016641992
               4.2484922                    0.0017191346
               4.2496252                    0.0017721889
               4.2507582                    0.0018232814
               4.2518911                    0.0018723364
               4.2530241                    0.0019192824
               4.2541571                    0.0019640524
                 4.25529                    0.0020065825
                4.256423                    0.0020468098
                4.257556                    0.0020846713
               4.2586889                    0.0021201032
               4.2598219                    0.0021530413
               4.2609549                    0.0021834215
               4.2620878                    0.0022111824
               4.2632203                    0.0022362671
               4.2643533                    0.0022586246
               4.2654862                    0.0022782083
               4.2666192                    0.0022949765
               4.2677522                    0.0023088893
               4.2688851                    0.0023199071
               4.2700181                    0.0023279896
               4.2711511                    0.0023330951
                4.272284                    0.0023351822
                4.273417                    0.0023342122
                 4.27455                    0.0023301512
               4.2756829                    0.0023229704
               4.2768159                    0.0023126486
               4.2779489                      0.00229917
               4.2790813                    0.0022825231
               4.2802143                    0.0022626978
               4.2813473                    0.0022396829
               4.2824802                    0.0022134664
               4.2836132                     0.002184035
               4.2847462                    0.0021513766
               4.2858791                    0.0021154827
               4.2870121                    0.0020763513
               4.2881451                    0.0020339889
                4.289278                      0.00198841
                4.290411                     0.001939636
                4.291544                    0.0018876918
               4.2926769                    0.0018326043
               4.2938099                    0.0017743999
               4.2949424                    0.0017131035
               4.2960753                    0.0016487401
               4.2972083                    0.0015813361
               4.2983413                    0.0015109226
               4.2994742                    0.0014375375
               4.3006072                    0.0013612269
               4.3017402                    0.0012820452
               4.3028731                    0.0012000536
               4.3040061                    0.0011153184
               4.3051391                     0.001027907
                4.306272                   0.00093788782
                4.307405                   0.00084532838
                4.308538                   0.00075029692
               4.3096709                   0.00065286388
               4.3108034                   0.00055310485
               4.3119364                   0.00045110277
               4.3130693                   0.00034694938
               4.3142023                   0.00024074523
               4.3153353                   0.00013259823
               4.3164682                   2.2620919e-05
               4.3176012                  -8.9072448e-05
               4.3187342                  -0.00020236822
               4.3198671                  -0.00031715431
               4.3210001                  -0.00043331974
               4.3221331                  -0.00055075256
                4.323266                  -0.00066933711
                4.324399                  -0.00078895071
                4.325532                  -0.00090946216
               4.3266649                   -0.0010307311
               4.3277974                   -0.0011526092
               4.3289304                   -0.0012749435
               4.3300633                   -0.0013975794
               4.3311963                   -0.0015203649
               4.3323293                   -0.0016431519
               4.3334622                   -0.0017657969
               4.3345952                   -0.0018881593
               4.3357282                   -0.0020100987
               4.3368611                   -0.0021314702
               4.3379941                   -0.0022521215
               4.3391271                   -0.0023718928
                 4.34026                   -0.0024906164
                4.341393                   -0.0026081193
                4.342526                   -0.0027242291
               4.3436584                   -0.0028387771
               4.3447914                   -0.0029516015
               4.3459244                   -0.0030625495
               4.3470573                   -0.0031714744
               4.3481903                    -0.003278234
               4.3493233                   -0.0033826863
               4.3504562                   -0.0034846852
               4.3515892                   -0.0035840813
               4.3527222                     -0.00368072
               4.3538551                   -0.0037744455
               4.3549881                    -0.003865107
               4.3561211                   -0.0039525595
                4.357254                   -0.0040366715
                4.358387                   -0.0041173217
               4.3595195                   -0.0041944007
               4.3606524                   -0.0042678034
               4.3617854                   -0.0043374272
               4.3629184                   -0.0044031683
               4.3640513                   -0.0044649187
               4.3651843                   -0.0045225695
               4.3663173                   -0.0045760139
               4.3674502                   -0.0046251547
               4.3685832                   -0.0046699066
               4.3697162                   -0.0047102016
               4.3708491                   -0.0047459863
               4.3719821                   -0.0047772205
               4.3731151                   -0.0048038731
                4.374248                   -0.0048259152
               4.3753805                   -0.0048433174
               4.3765135                   -0.0048560505
               4.3776464                   -0.0048640855
               4.3787794                   -0.0048674005
               4.3799124                   -0.0048659826
               4.3810453                   -0.0048598358
               4.3821783                   -0.0048489803
               4.3833113                   -0.0048334524
               4.3844442                   -0.0048132995
               4.3855772                   -0.0047885766
               4.3867102                   -0.0047593401
               4.3878431                    -0.004725643
               4.3889761                   -0.0046875416
               4.3901091                   -0.0046450915
               4.3912416                     -0.00459836
               4.3923745                    -0.004547426
               4.3935075                   -0.0044923867
               4.3946404                   -0.0044333572
               4.3957734                   -0.0043704635
               4.3969064                   -0.0043038414
               4.3980393                    -0.004233629
               4.3991723                   -0.0041599586
               4.4003053                   -0.0040829577
               4.4014382                   -0.0040027518
               4.4025712                   -0.0039194655
               4.4037042                   -0.0038332324
               4.4048371                   -0.0037441989
               4.4059701                   -0.0036525258
               4.4071026                   -0.0035583884
               4.4082355                    -0.003461973
               4.4093685                    -0.003363468
               4.4105015                   -0.0032630598
               4.4116344                   -0.0031609247
               4.4127674                   -0.0030572312
               4.4139004                   -0.0029521405
               4.4150333                   -0.0028458135
               4.4161663                   -0.0027384139
               4.4172993                   -0.0026301162
               4.4184322                   -0.0025211058
               4.4195652                   -0.0024115776
               4.4206982                   -0.0023017297
               4.4218311                   -0.0021917582
               4.4229636                   -0.0020818496
               4.4240966                   -0.0019721782
               4.4252295                   -0.0018629052
               4.4263625                   -0.0017541808
               4.4274955                   -0.0016461511
               4.4286284                   -0.0015389632
               4.4297614                     -0.00143277
               4.4308944                    -0.001327732
               4.4320273                   -0.0012240137
               4.4331603                   -0.0011217804
               4.4342933                     -0.00102119
               4.4354262                  -0.00092238851
               4.4365592                  -0.00082550675
               4.4376922                  -0.00073065958
               4.4388247                  -0.00063794921
               4.4399576                  -0.00054747035
               4.4410906                  -0.00045931549
               4.4422235                   -0.0003735786
               4.4433565                  -0.00029035629
               4.4444895                  -0.00020974583
               4.4456224                  -0.00013184093
               4.4467554                  -5.6726461e-05
               4.4478884                   1.5525799e-05
               4.4490213                   8.4859326e-05
               4.4501543                   0.00015123225
               4.4512873                   0.00021461412
               4.4524202                   0.00027498126
               4.4535532                   0.00033231196
               4.4546857                   0.00038658371
               4.4558187                   0.00043777272
               4.4569516                   0.00048585626
               4.4580846                   0.00053081673
               4.4592175                   0.00057264679
               4.4603505                   0.00061135326
               4.4614835                   0.00064695854
               4.4626164                   0.00067949941
               4.4637494                   0.00070902338
               4.4648824                   0.00073558296
               4.4660153                    0.0007592311
               4.4671483                   0.00078001781
               4.4682813                    0.0007979896
               4.4694142                   0.00081319176
               4.4705472                   0.00082567293
               4.4716797                   0.00083548948
               4.4728127                   0.00084270956
               4.4739456                   0.00084741425
               4.4750786                   0.00084969646
               4.4762115                    0.0008496563
               4.4773445                   0.00084739632
               4.4784775                   0.00084301608
               4.4796104                   0.00083660951
               4.4807434                    0.0008282651
               4.4818764                    0.0008180681
               4.4830093                   0.00080610602
               4.4841423                   0.00079247321
               4.4852753                   0.00077727478
               4.4864082                   0.00076062721
               4.4875407                   0.00074265571
               4.4886737                   0.00072348909
               4.4898067                    0.0007032532
               4.4909396                   0.00068206521
               4.4920726                   0.00066003128
               4.4932055                   0.00063724688
               4.4943385                    0.0006138013
               4.4954715                   0.00058978377
               4.4966044                   0.00056528975
               4.4977374                   0.00054042513
               4.4988704                   0.00051530672
               4.5000033                   0.00049005868
               4.5011363                   0.00046480657
               4.5022693                   0.00043966938
               4.5034018                   0.00041475365
               4.5045347                   0.00039015035
               4.5056677                   0.00036593626
               4.5068007                    0.0003421788
               4.5079336                   0.00031894323
               4.5090666                   0.00029629943
               4.5101995                   0.00027432662
               4.5113325                   0.00025311374
               4.5124655                   0.00023275577
               4.5135984                    0.0002133469
               4.5147314                   0.00019497276
               4.5158644                   0.00017770485
               4.5169973                    0.0001615981
               4.5181303                     0.000146693
               4.5192628                   0.00013302077
               4.5203958                   0.00012061072
               4.5215287                   0.00010949658
               4.5226617                   9.9720179e-05
               4.5237947                   9.1331036e-05
               4.5249276                   8.4382023e-05
               4.5260606                   7.8922829e-05
               4.5271935                    7.499331e-05
               4.5283265                   7.2619048e-05
               4.5294595                   7.1810522e-05
               4.5305924                   7.2565883e-05
               4.5317254                   7.4876574e-05
               4.5328584                   7.8733654e-05
               4.5339913                   8.4132713e-05
               4.5351238                   9.1075912e-05
               4.5362568                    9.957049e-05
               4.5373898                   0.00010962476
               4.5385227                   0.00012124285
               4.5396557                   0.00013442025
               4.5407887                   0.00014914163
               4.5419216                    0.0001653817
               4.5430546                   0.00018310861
               4.5441875                   0.00020228839
               4.5453205                   0.00022288895
               4.5464535                   0.00024488187
               4.5475864                   0.00026824162
               4.5487194                   0.00029294271
               4.5498524                   0.00031895612
               4.5509849                     0.000346246
               4.5521178                   0.00037476883
               4.5532508                   0.00040447465
               4.5543838                   0.00043531074
               4.5555167                   0.00046722568
               4.5566497                    0.0005001729
               4.5577826                   0.00053411128
               4.5589156                   0.00056900375
               4.5600486                    0.0006048131
               4.5611815                   0.00064149778
               4.5623145                   0.00067900872
               4.5634475                   0.00071728806
               4.5645804                   0.00075627159
               4.5657134                   0.00079589366
               4.5668459                   0.00083609228
               4.5679789                   0.00087681372
               4.5691118                   0.00091801368
               4.5702448                    0.0009596555
               4.5713778                    0.0010017049
               4.5725107                    0.0010441242
               4.5736437                    0.0010868671
               4.5747766                    0.0011298752
               4.5759096                    0.0011730796
               4.5770426                    0.0012164064
               4.5781755                    0.0012597833
               4.5793085                    0.0013031471
               4.5804415                    0.0013464477
               4.5815744                     0.001389649
               4.5827069                    0.0014327241
               4.5838399                    0.0014756485
               4.5849729                    0.0015183927
               4.5861058                    0.0015609156
               4.5872388                    0.0016031632
               4.5883718                    0.0016450705
               4.5895047                    0.0016865677
               4.5906377                    0.0017275885
               4.5917706                    0.0017680754
               4.5929036                    0.0018079852
               4.5940366                    0.0018472874
               4.5951695                    0.0018859592
               4.5963025                      0.00192398
               4.5974355                    0.0019613234
               4.5985684                    0.0019979528
               4.5997009                    0.0020338208
               4.6008339                    0.0020688705
               4.6019669                    0.0021030414
               4.6030998                     0.002136277
               4.6042328                    0.0021685283
               4.6053658                    0.0021997564
               4.6064987                    0.0022299311
               4.6076317                    0.0022590272
               4.6087646                    0.0022870193
               4.6098976                    0.0023138779
               4.6110306                    0.0023395666
               4.6121635                    0.0023640436
               4.6132965                    0.0023872624
               4.6144295                    0.0024091783
                4.615562                    0.0024297498
               4.6166949                    0.0024489402
               4.6178279                    0.0024667173
               4.6189609                    0.0024830515
               4.6200938                    0.0024979129
               4.6212268                    0.0025112685
               4.6223598                    0.0025230804
               4.6234927                    0.0025333089
               4.6246257                    0.0025419118
               4.6257586                    0.0025488494
               4.6268916                    0.0025540867
               4.6280246                    0.0025575934
               4.6291575                    0.0025593441
               4.6302905                    0.0025593168
                4.631423                      0.00255749
                4.632556                    0.0025538406
               4.6336889                    0.0025483428
               4.6348219                    0.0025409686
               4.6359549                    0.0025316891
               4.6370878                    0.0025204765
               4.6382208                    0.0025073043
               4.6393538                    0.0024921498
               4.6404867                    0.0024749925
               4.6416197                    0.0024558133
               4.6427526                    0.0024345936
               4.6438856                     0.002411315
               4.6450186                    0.0023859614
               4.6461515                    0.0023585183
                4.647284                    0.0023289765
                4.648417                    0.0022973304
                 4.64955                    0.0022635811
               4.6506829                    0.0022277324
               4.6518159                    0.0021897899
               4.6529489                    0.0021497577
               4.6540818                    0.0021076384
               4.6552148                    0.0020634313
               4.6563478                    0.0020171369
               4.6574807                     0.001968757
               4.6586137                    0.0019183004
               4.6597466                    0.0018657831
               4.6608796                    0.0018112295
               4.6620126                    0.0017546706
               4.6631451                    0.0016961407
                4.664278                    0.0016356732
                4.665411                    0.0015732981
                4.666544                    0.0015090414
               4.6676769                    0.0014429268
               4.6688099                    0.0013749797
               4.6699429                    0.0013052316
               4.6710758                    0.0012337231
               4.6722088                    0.0011605059
               4.6733418                    0.0010856413
               4.6744747                     0.001009196
               4.6756077                   0.00093123753
               4.6767406                   0.00085182925
               4.6778736                   0.00077102851
               4.6790061                    0.0006888865
               4.6801391                   0.00060545211
                4.681272                    0.0005207776
                4.682405                   0.00043492345
                4.683538                   0.00034796144
               4.6846709                     0.000259975
               4.6858039                   0.00017105597
               4.6869369                   8.1299222e-05
               4.6880698                  -9.2031078e-06
               4.6892028                  -0.00010036588
               4.6903358                  -0.00019211229
               4.6914687                  -0.00028437172
               4.6926017                  -0.00037707516
               4.6937346                   -0.0004701493
               4.6948671                  -0.00056351174
               4.6960001                  -0.00065706851
               4.6971331                  -0.00075071515
                4.698266                  -0.00084434066
                4.699399                  -0.00093783351
                4.700532                   -0.0010310865
               4.7016649                   -0.0011240011
               4.7027979                    -0.001216488
               4.7039309                   -0.0013084644
               4.7050638                   -0.0013998504
               4.7061968                   -0.0014905629
               4.7073298                   -0.0015805124
               4.7084627                   -0.0016696018
               4.7095957                   -0.0017577275
               4.7107282                   -0.0018447833
               4.7118611                   -0.0019306637
               4.7129941                   -0.0020152687
               4.7141271                   -0.0020985042
                 4.71526                   -0.0021802834
                4.716393                   -0.0022605243
                4.717526                   -0.0023391459
               4.7186589                   -0.0024160659
               4.7197919                   -0.0024911989
               4.7209249                   -0.0025644572
               4.7220578                   -0.0026357516
               4.7231908                   -0.0027049943
               4.7243237                   -0.0027721005
               4.7254567                   -0.0028369916
               4.7265897                   -0.0028995934
               4.7277222                   -0.0029598381
               4.7288551                   -0.0030176605
               4.7299881                   -0.0030729983
               4.7311211                   -0.0031257898
                4.732254                   -0.0031759748
                4.733387                   -0.0032234944
                 4.73452                   -0.0032682917
               4.7356529                   -0.0033103121
               4.7367859                   -0.0033495051
               4.7379189                   -0.0033858235
               4.7390518                   -0.0034192228
               4.7401848                   -0.0034496617
               4.7413177                   -0.0034771035
               4.7424507                   -0.0035015158
               4.7435832                   -0.0035228687
               4.7447162                   -0.0035411413
               4.7458491                   -0.0035563156
               4.7469821                   -0.0035683797
               4.7481151                   -0.0035773236
                4.749248                   -0.0035831397
                4.750381                   -0.0035858208
                4.751514                   -0.0035853614
               4.7526469                   -0.0035817567
               4.7537799                   -0.0035750074
               4.7549129                   -0.0035651205
               4.7560458                   -0.0035521116
               4.7571788                   -0.0035360036
               4.7583117                    -0.003516827
               4.7594442                   -0.0034946157
               4.7605772                   -0.0034694038
               4.7617102                   -0.0034412236
               4.7628431                   -0.0034101047
               4.7639761                    -0.003376076
               4.7651091                    -0.003339167
                4.766242                   -0.0032994135
                4.767375                   -0.0032568611
                4.768508                   -0.0032115667
               4.7696409                   -0.0031635975
               4.7707739                   -0.0031130277
               4.7719069                    -0.003059933
               4.7730398                   -0.0030043875
               4.7741728                   -0.0029464595
               4.7753053                   -0.0028862108
               4.7764382                   -0.0028237007
               4.7775712                   -0.0027589884
               4.7787042                   -0.0026921402
               4.7798371                   -0.0026232305
               4.7809701                   -0.0025523456
               4.7821031                     -0.00247958
                4.783236                   -0.0024050316
                4.784369                   -0.0023287972
                4.785502                   -0.0022509678
               4.7866349                   -0.0021716272
               4.7877679                   -0.0020908534
               4.7889009                   -0.0020087212
               4.7900338                   -0.0019253104
               4.7911663                   -0.0018407063
               4.7922993                   -0.0017550051
               4.7934322                   -0.0016683105
               4.7945652                   -0.0015807298
               4.7956982                   -0.0014923688
               4.7968311                   -0.0014033248
               4.7979641                   -0.0013136847
               4.7990971                   -0.0012235253
                 4.80023                   -0.0011329153
                4.801363                   -0.0010419228
                4.802496                  -0.00095062162
               4.8036289                  -0.00085909478
               4.8047619                  -0.00076743594
               4.8058949                  -0.00067574607
               4.8070273                  -0.00058412738
               4.8081603                  -0.00049267669
               4.8092933                  -0.00040147908
               4.8104262                  -0.00031060603
               4.8115592                  -0.00022011627
               4.8126922                   -0.0001300608
               4.8138251                  -4.0489609e-05
               4.8149581                   4.8542057e-05
               4.8160911                   0.00013697003
                4.817224                   0.00022472133
                4.818357                   0.00031171768
                 4.81949                   0.00039788146
               4.8206229                   0.00048314175
               4.8217559                   0.00056743895
               4.8228884                   0.00065072649
               4.8240213                   0.00073296844
               4.8251543                    0.0008141353
               4.8262873                   0.00089419814
               4.8274202                   0.00097312382
               4.8285532                    0.0010508733
               4.8296862                    0.0011274024
               4.8308191                    0.0012026649
               4.8319521                    0.0012766178
               4.8330851                    0.0013492245
                4.834218                    0.0014204577
                4.835351                    0.0014902983
                4.836484                    0.0015587327
               4.8376169                    0.0016257485
               4.8387494                    0.0016913312
               4.8398824                    0.0017554619
               4.8410153                    0.0018181173
               4.8421483                    0.0018792719
               4.8432813                    0.0019389023
               4.8444142                    0.0019969908
               4.8455472                    0.0020535279
               4.8466802                    0.0021085115
               4.8478131                    0.0021619448
               4.8489461                    0.0022138334
               4.8500791                    0.0022641816
                4.851212                    0.0023129894
                4.852345                     0.002360252
                4.853478                    0.0024059617
               4.8546104                    0.0024501111
               4.8557434                    0.0024926958
               4.8568764                    0.0025337166
               4.8580093                    0.0025731798
               4.8591423                    0.0026110949
               4.8602753                    0.0026474728
               4.8614082                    0.0026823217
               4.8625412                    0.0027156454
               4.8636742                    0.0027474435
               4.8648071                    0.0027777129
               4.8659401                    0.0028064507
               4.8670731                    0.0028336574
                4.868206                    0.0028593398
                4.869339                    0.0028835102
                4.870472                    0.0029061865
               4.8716044                    0.0029273864
               4.8727374                     0.002947126
               4.8738704                    0.0029654158
               4.8750033                    0.0029822595
               4.8761363                    0.0029976561
               4.8772693                    0.0030116027
               4.8784022                    0.0030240992
               4.8795352                      0.00303515
               4.8806682                    0.0030447675
               4.8818011                    0.0030529699
               4.8829341                    0.0030597788
               4.8840671                    0.0030652152
                  4.8852                    0.0030692965
                4.886333                     0.003072032
               4.8874655                    0.0030734257
               4.8885984                    0.0030734772
               4.8897314                    0.0030721843
               4.8908644                    0.0030695486
               4.8919973                    0.0030655779
               4.8931303                    0.0030602869
               4.8942633                    0.0030536961
               4.8953962                    0.0030458295
               4.8965292                    0.0030367095
               4.8976622                    0.0030263553
               4.8987951                    0.0030147806
               4.8999281                    0.0030019935
               4.9010611                    0.0029879997
                4.902194                    0.0029728054
               4.9033265                    0.0029564204
               4.9044595                    0.0029388601
               4.9055924                    0.0029201438
               4.9067254                    0.0029002945
               4.9078584                    0.0028793346
               4.9089913                    0.0028572849
               4.9101243                    0.0028341606
               4.9112573                    0.0028099739
               4.9123902                    0.0027847348
               4.9135232                     0.002758455
               4.9146562                    0.0027311502
               4.9157891                    0.0027028422
               4.9169221                    0.0026735575
               4.9180551                     0.002643327
               4.9191875                     0.002612181
               4.9203205                    0.0025801468
               4.9214535                    0.0025472455
               4.9225864                    0.0025134915
               4.9237194                    0.0024788955
               4.9248524                    0.0024434656
               4.9259853                    0.0024072137
               4.9271183                    0.0023701573
               4.9282513                    0.0023323223
               4.9293842                    0.0022937406
               4.9305172                    0.0022544479
               4.9316502                    0.0022144795
               4.9327831                    0.0021738657
               4.9339161                    0.0021326304
               4.9350486                    0.0020907908
               4.9361815                    0.0020483595
               4.9373145                     0.002005348
               4.9384475                    0.0019617712
               4.9395804                    0.0019176516
               4.9407134                    0.0018730185
               4.9418464                    0.0018279075
               4.9429793                    0.0017823566
               4.9441123                    0.0017364012
               4.9452453                     0.001690072
               4.9463782                    0.0016433924
               4.9475112                      0.00159638
               4.9486442                    0.0015490488
               4.9497771                    0.0015014139
               4.9509096                    0.0014534947
               4.9520426                    0.0014053173
               4.9531755                     0.001356915
               4.9543085                     0.001308325
               4.9554415                    0.0012595854
               4.9565744                     0.001210731
               4.9577074                    0.0011617907
               4.9588404                    0.0011127864
               4.9599733                    0.0010637356
               4.9611063                    0.0010146546
               4.9622393                     0.000965563
               4.9633722                   0.00091648608
               4.9645052                   0.00086745707
               4.9656382                   0.00081851537
               4.9667706                   0.00076970342
               4.9679036                   0.00072106288
               4.9690366                   0.00067263027
               4.9701695                   0.00062443491
               4.9713025                   0.00057649915
               4.9724355                   0.00052884058
               4.9735684                   0.00048147593
               4.9747014                   0.00043442557
               4.9758344                    0.0003877164
               4.9769673                   0.00034138293
               4.9781003                   0.00029546581
               4.9792333                   0.00025000845
               4.9803662                   0.00020505289
               4.9814992                   0.00016063607
               4.9826317                   0.00011678782
               4.9837646                     7.35309e-05
               4.9848976                   3.0883144e-05
               4.9860306                  -1.1139009e-05
               4.9871635                  -5.2516694e-05
               4.9882965                  -9.3226023e-05
               4.9894295                  -0.00013323718
               4.9905624                  -0.00017251557
               4.9916954                  -0.00021102472
               4.9928284                  -0.00024872951
               4.9939613                  -0.00028559894
               4.9950943                  -0.00032160769
               4.9962273                  -0.00035673569
               4.9973602                  -0.00039096651
               4.9984932                   -0.0004242844
               4.9996257                  -0.00045667178
               5.0007586                  -0.00048810756
               5.0018916                  -0.00051856739
               5.0030246                   -0.0005480253
               5.0041575                  -0.00057645596
               5.0052905                  -0.00060383754
               5.0064235                  -0.00063015375
               5.0075564                  -0.00065539457
               5.0086894                  -0.00067955529
               5.0098224                  -0.00070263422
               5.0109553                  -0.00072462956
               5.0120883                   -0.0007455367
               5.0132213                  -0.00076534657
               5.0143542                  -0.00078404567
               5.0154867                  -0.00080161786
               5.0166197                  -0.00081804732
               5.0177526                  -0.00083332189
               5.0188856                  -0.00084743614
               5.0200186                  -0.00086039258
               5.0211515                  -0.00087220094
               5.0222845                  -0.00088287593
               5.0234175                  -0.00089243345
               5.0245504                  -0.00090088742
               5.0256834                   -0.0009082472
               5.0268164                  -0.00091451569
               5.0279493                  -0.00091969105
               5.0290823                  -0.00092376885
               5.0302153                  -0.00092674623
               5.0313478                  -0.00092862581
               5.0324807                  -0.00092941779
               5.0336137                  -0.00092914107
               5.0347466                  -0.00092782197
               5.0358796                   -0.0009254904
               5.0370126                  -0.00092217658
               5.0381455                  -0.00091790641
               5.0392785                  -0.00091269973
               5.0404115                  -0.00090656942
               5.0415444                  -0.00089952385
               5.0426774                  -0.00089156959
               5.0438104                  -0.00088271557
               5.0449433                   -0.0008729765
               5.0460763                  -0.00086237409
               5.0472088                  -0.00085093675
               5.0483418                  -0.00083869736
               5.0494747                  -0.00082568917
               5.0506077                  -0.00081194285
               5.0517406                  -0.00079748384
               5.0528736                  -0.00078233198
               5.0540066                  -0.00076650333
               5.0551395                   -0.0007500127
               5.0562725                  -0.00073287718
               5.0574055                  -0.00071511843
               5.0585384                  -0.00069676363
               5.0596714                   -0.0006778441
               5.0608044                   -0.0006583925
               5.0619373                  -0.00063843973
               5.0630698                  -0.00061801245
               5.0642028                   -0.0005971319
               5.0653358                  -0.00057581486
               5.0664687                   -0.0005540768
               5.0676017                  -0.00053193548
               5.0687346                  -0.00050941366
               5.0698676                  -0.00048654084
               5.0710006                  -0.00046335201
               5.0721335                  -0.00043988437
               5.0732665                  -0.00041617345
               5.0743995                  -0.00039224897
               5.0755324                  -0.00036813275
               5.0766654                  -0.00034383932
               5.0777984                  -0.00031937889
               5.0789309                  -0.00029476231
               5.0800638                  -0.00027000622
               5.0811968                  -0.00024513662
               5.0823298                  -0.00022018985
               5.0834627                   -0.0001952102
               5.0845957                  -0.00017024505
               5.0857286                  -0.00014533893
               5.0868616                  -0.00012052855
               5.0879946                  -9.5840398e-05
               5.0891275                  -7.1291492e-05
               5.0902605                  -4.6893227e-05
               5.0913935                  -2.2657234e-05
               5.0925264                   1.3988069e-06
               5.0936594                   2.5246984e-05
               5.0947919                   4.8848131e-05
               5.0959249                   7.2154187e-05
               5.0970578                   9.5113253e-05
               5.0981908                   0.00011767559
               5.0993237                   0.00013979866
               5.1004567                   0.00016144967
               5.1015897                   0.00018260474
               5.1027226                   0.00020324528
               5.1038556                   0.00022335263
               5.1049886                   0.00024290281
               5.1061215                   0.00026186329
               5.1072545                   0.00028019238
               5.1083875                   0.00029784127
               5.1095204                   0.00031475857
               5.1106529                   0.00033089521
               5.1117859                   0.00034620819
               5.1129189                   0.00036066226
               5.1140518                    0.0003742289
               5.1151848                    0.0003868835
               5.1163177                   0.00039860141
               5.1174507                   0.00040935416
               5.1185837                   0.00041910782
               5.1197166                   0.00042782331
               5.1208496                   0.00043545885
               5.1219826                   0.00044197336
               5.1231155                   0.00044733041
               5.1242485                   0.00045150003
               5.1253815                   0.00045445911
                5.126514                   0.00045618945
               5.1276469                   0.00045667458
               5.1287799                   0.00045589689
               5.1299129                   0.00045383506
               5.1310458                   0.00045046367
               5.1321788                   0.00044575473
               5.1333117                   0.00043968039
               5.1344447                   0.00043221642
               5.1355777                   0.00042334513
               5.1367106                   0.00041305675
               5.1378436                   0.00040134887
               5.1389766                   0.00038822417
               5.1401095                   0.00037368768
               5.1412425                   0.00035774338
               5.1423755                   0.00034039203
                5.143508                   0.00032163115
               5.1446409                   0.00030145637
               5.1457739                   0.00027986465
               5.1469069                    0.0002568576
               5.1480398                   0.00023244446
               5.1491728                   0.00020664351
               5.1503057                   0.00017948193
               5.1514387                   0.00015099371
               5.1525717                   0.00012121659
               5.1537046                   9.0188332e-05
               5.1548376                   5.7944104e-05
               5.1559706                   2.4515281e-05
               5.1571035                  -1.0069786e-05
               5.1582365                  -4.5783407e-05
                5.159369                  -8.2595252e-05
                5.160502                  -0.00012046892
               5.1616349                  -0.00015935949
               5.1627679                  -0.00019921298
               5.1639009                  -0.00023996789
               5.1650338                  -0.00028155834
               5.1661668                  -0.00032391783
               5.1672997                  -0.00036698268
               5.1684327                  -0.00041069384
               5.1695657                  -0.00045499686
               5.1706986                  -0.00049983984
               5.1718316                  -0.00054516981
               5.1729646                  -0.00059092866
               5.1740975                  -0.00063705025
                 5.17523                   -0.0006834594
                5.176363                  -0.00073007325
                5.177496                   -0.0007768051
               5.1786289                  -0.00082356873
               5.1797619                   -0.0008702827
               5.1808949                  -0.00091687322
               5.1820278                  -0.00096327404
               5.1831608                   -0.0010094244
               5.1842937                   -0.0010552638
               5.1854267                   -0.0011007276
               5.1865597                   -0.0011457439
               5.1876926                   -0.0011902315
               5.1888256                   -0.0012341025
               5.1899586                   -0.0012772664
               5.1910911                   -0.0013196352
                5.192224                   -0.0013611286
                5.193357                   -0.0014016766
                 5.19449                   -0.0014412191
               5.1956229                    -0.001479703
               5.1967559                   -0.0015170778
               5.1978889                   -0.0015532898
               5.1990218                   -0.0015882794
               5.2001548                   -0.0016219805
               5.2012877                   -0.0016543227
               5.2024207                   -0.0016852363
               5.2035537                   -0.0017146575
               5.2046866                   -0.0017425317
               5.2058196                   -0.0017688154
               5.2069521                    -0.001793475
               5.2080851                   -0.0018164816
                5.209218                   -0.0018378056
                5.210351                   -0.0018574141
                5.211484                   -0.0018752683
               5.2126169                   -0.0018913252
               5.2137499                   -0.0019055428
               5.2148829                   -0.0019178842
               5.2160158                   -0.0019283241
               5.2171488                   -0.0019368501
               5.2182817                   -0.0019434623
               5.2194147                   -0.0019481692
               5.2205477                   -0.0019509813
               5.2216806                   -0.0019519061
               5.2228131                   -0.0019509448
               5.2239461                   -0.0019480913
               5.2250791                   -0.0019433375
                5.226212                   -0.0019366781
                5.227345                    -0.001928117
                5.228478                   -0.0019176718
               5.2296109                   -0.0019053738
               5.2307439                   -0.0018912664
               5.2318769                   -0.0018753991
               5.2330098                   -0.0018578214
               5.2341428                   -0.0018385765
               5.2352757                   -0.0018177012
               5.2364087                    -0.001795226
               5.2375417                    -0.001771181
               5.2386742                    -0.001745601
               5.2398071                   -0.0017185311
               5.2409401                   -0.0016900294
               5.2420731                   -0.0016601651
                5.243206                   -0.0016290158
                5.244339                     -0.00159666
                5.245472                   -0.0015631731
               5.2466049                   -0.0015286233
               5.2477379                   -0.0014930719
               5.2488708                    -0.001456577
               5.2500038                   -0.0014191994
               5.2511368                    -0.001381007
               5.2522697                   -0.0013420784
               5.2534027                   -0.0013025024
               5.2545352                   -0.0012623749
               5.2556682                   -0.0012217928
               5.2568011                   -0.0011808489
               5.2579341                   -0.0011396282
               5.2590671                    -0.001098207
                  5.2602                    -0.001056655
                5.261333                   -0.0010150414
                5.262466                  -0.00097343983
               5.2635989                  -0.00093193166
               5.2647319                  -0.00089060748
               5.2658648                  -0.00084956462
               5.2669978                  -0.00080890214
               5.2681308                  -0.00076871528
               5.2692637                  -0.00072909053
               5.2703967                  -0.00069010386
               5.2715292                  -0.00065182167
               5.2726622                  -0.00061430514
               5.2737951                   -0.0005776154
               5.2749281                  -0.00054181792
               5.2760611                  -0.00050698512
                5.277194                  -0.00047319531
                5.278327                  -0.00044052867
                 5.27946                  -0.00040906266
               5.2805929                  -0.00037886671
               5.2817259                  -0.00034999911
               5.2828588                  -0.00032250694
               5.2839918                  -0.00029642828
               5.2851248                  -0.00027179674
               5.2862577                  -0.00024864596
               5.2873902                  -0.00022701311
               5.2885232                  -0.00020693973
               5.2896562                  -0.00018847005
               5.2907891                  -0.00017164739
               5.2919221                  -0.00015651008
               5.2930551                  -0.00014308807
                5.294188                  -0.00013140123
                5.295321                  -0.00012145986
                5.296454                  -0.00011326681
               5.2975869                   -0.0001068206
               5.2987199                  -0.00010211783
               5.2998528                  -9.9154779e-05
               5.3009858                  -9.7927354e-05
               5.3021188                  -9.8429722e-05
               5.3032513                  -0.00010065247
               5.3043842                  -0.00010458076
               5.3055172                  -0.00011019337
               5.3066502                   -0.0001174629
               5.3077831                  -0.00012635681
               5.3089161                   -0.0001368388
               5.3100491                  -0.00014887017
                5.311182                  -0.00016241038
                5.312315                  -0.00017741707
                5.313448                  -0.00019384534
               5.3145809                  -0.00021164682
               5.3157139                  -0.00023076881
               5.3168468                  -0.00025115395
               5.3179798                  -0.00027274041
               5.3191123                  -0.00029546264
               5.3202453                  -0.00031925191
               5.3213782                  -0.00034403673
               5.3225112                  -0.00036974301
               5.3236442                  -0.00039629432
               5.3247771                  -0.00042361199
               5.3259101                   -0.0004516159
               5.3270431                  -0.00048022519
                5.328176                  -0.00050935894
                5.329309                  -0.00053893705
                5.330442                  -0.00056888047
               5.3315749                  -0.00059911044
               5.3327079                  -0.00062954723
               5.3338408                   -0.0006601084
               5.3349733                  -0.00069070759
               5.3361063                  -0.00072125404
               5.3372393                  -0.00075165345
               5.3383722                  -0.00078181009
               5.3395052                  -0.00081162929
               5.3406382                  -0.00084102002
               5.3417711                  -0.00086989626
               5.3429041                  -0.00089817744
               5.3440371                  -0.00092578691
                 5.34517                  -0.00095264963
                5.346303                  -0.00097868976
                5.347436                   -0.0010038288
               5.3485689                   -0.0010279861
               5.3497019                   -0.0010510796
               5.3508344                   -0.0010730295
               5.3519673                   -0.0010937593
               5.3531003                   -0.0011131995
               5.3542333                   -0.0011312873
               5.3553662                   -0.0011479654
               5.3564992                   -0.0011631798
               5.3576322                   -0.0011768768
               5.3587651                   -0.0011890018
               5.3598981                   -0.0011994984
               5.3610311                   -0.0012083093
                5.362164                   -0.0012153805
                5.363297                   -0.0012206633
                 5.36443                   -0.0012241175
               5.3655629                    -0.001225711
               5.3666954                   -0.0012254197
               5.3678284                    -0.001223224
               5.3689613                   -0.0012191064
               5.3700943                   -0.0012130484
               5.3712273                   -0.0012050305
               5.3723602                   -0.0011950328
               5.3734932                   -0.0011830383
               5.3746262                   -0.0011690358
               5.3757591                   -0.0011530223
               5.3768921                    -0.001135004
               5.3780251                   -0.0011149944
                5.379158                   -0.0010930119
                5.380291                   -0.0010690758
                5.381424                   -0.0010432034
               5.3825564                   -0.0010154101
               5.3836894                  -0.00098570925
               5.3848224                  -0.00095411681
               5.3859553                  -0.00092065427
               5.3870883                  -0.00088535261
               5.3882213                  -0.00084825302
               5.3893542                  -0.00080940616
               5.3904872                  -0.00076886849
               5.3916202                  -0.00072669773
               5.3927531                  -0.00068294903
               5.3938861                  -0.00063767238
               5.3950191                  -0.00059091317
                5.396152                   -0.0005427149
                5.397285                  -0.00049312349
               5.3984175                  -0.00044219135
               5.3995504                  -0.00038998018
               5.4006834                  -0.00033656083
               5.4018164                  -0.00028201085
               5.4029493                  -0.00022641053
               5.4040823                  -0.00016983846
               5.4052153                  -0.00011236858
               5.4063482                  -5.4069293e-05
               5.4074812                   4.9949413e-06
               5.4086142                   6.4760272e-05
               5.4097471                   0.00012515968
               5.4108801                   0.00018612032
               5.4120131                   0.00024756271
                5.413146                   0.00030940215
                5.414279                   0.00037155184
               5.4154115                   0.00043392627
               5.4165444                   0.00049644406
               5.4176774                   0.00055902899
               5.4188104                   0.00062160904
               5.4199433                   0.00068411417
               5.4210763                   0.00074647379
               5.4222093                   0.00080861466
               5.4233422                   0.00087046053
               5.4244752                   0.00093193335
               5.4256082                   0.00099295552
               5.4267411                    0.0010534525
               5.4278741                    0.0011133545
               5.4290071                    0.0011725961
                 5.43014                     0.001231115
               5.4312725                    0.0012888492
               5.4324055                    0.0013457346
               5.4335384                     0.001401704
               5.4346714                    0.0014566877
               5.4358044                    0.0015106153
               5.4369373                    0.0015634199
               5.4380703                    0.0016150407
               5.4392033                    0.0016654247
               5.4403362                    0.0017145262
               5.4414692                    0.0017623047
               5.4426022                    0.0018087217
               5.4437351                    0.0018537375
               5.4448681                     0.001897309
               5.4460011                    0.0019393894
               5.4471335                    0.0019799313
               5.4482665                    0.0020188887
               5.4493995                     0.002056221
               5.4505324                    0.0020918939
               5.4516654                    0.0021258802
               5.4527984                    0.0021581566
               5.4539313                    0.0021887014
               5.4550643                    0.0022174921
               5.4561973                    0.0022445025
               5.4573302                    0.0022697055
               5.4584632                     0.002293074
               5.4595962                    0.0023145871
               5.4607291                    0.0023342315
               5.4618621                    0.0023520039
               5.4629946                    0.0023679102
               5.4641275                    0.0023819609
               5.4652605                    0.0023941651
               5.4663935                     0.002404527
               5.4675264                    0.0024130412
               5.4686594                    0.0024196953
               5.4697924                    0.0024244732
               5.4709253                    0.0024273605
               5.4720583                    0.0024283524
               5.4731913                    0.0024274571
               5.4743242                    0.0024246976
               5.4754572                    0.0024201071
               5.4765902                    0.0024137252
               5.4777231                    0.0024055897
               5.4788556                    0.0023957302
               5.4799886                    0.0023841665
               5.4811215                    0.0023709082
               5.4822545                    0.0023559609
               5.4833875                    0.0023393326
               5.4845204                    0.0023210386
               5.4856534                    0.0023011074
               5.4867864                    0.0022795801
               5.4879193                    0.0022565068
               5.4890523                    0.0022319411
               5.4901853                     0.002205933
               5.4913182                    0.0021785253
               5.4924512                    0.0021497519
               5.4935842                    0.0021196404
               5.4947166                    0.0020882175
               5.4958496                    0.0020555141
               5.4969826                    0.0020215702
               5.4981155                    0.0019864365
               5.4992485                    0.0019501729
               5.5003815                    0.0019128441
               5.5015144                    0.0018745128
               5.5026474                    0.0018352361
               5.5037804                    0.0017950627
               5.5049133                    0.0017540331
               5.5060463                    0.0017121844
               5.5071793                     0.001669554
               5.5083122                    0.0016261867
               5.5094452                    0.0015821367
               5.5105777                    0.0015374685
               5.5117106                    0.0014922535
               5.5128436                    0.0014465662
               5.5139766                    0.0014004776
               5.5151095                    0.0013540513
               5.5162425                     0.001307342
               5.5173755                    0.0012603967
               5.5185084                    0.0012132576
               5.5196414                    0.0011659666
               5.5207744                    0.0011185706
               5.5219073                    0.0010711229
               5.5230403                    0.0010236847
               5.5241733                   0.00097632175
               5.5253062                   0.00092910184
               5.5264387                   0.00088209054
               5.5275717                    0.0008353485
               5.5287046                   0.00078892987
               5.5298376                   0.00074288331
               5.5309706                   0.00069725356
               5.5321035                   0.00065208448
               5.5332365                   0.00060742104
               5.5343695                   0.00056331092
               5.5355024                   0.00051980413
               5.5366354                   0.00047695142
               5.5377684                   0.00043480273
               5.5389013                   0.00039340506
               5.5400343                   0.00035280143
               5.5411673                   0.00031303038
               5.5423002                   0.00027412688
               5.5434327                   0.00023612358
               5.5445657                   0.00019905268
               5.5456986                   0.00016294693
               5.5468316                   0.00012783984
               5.5479646                   9.3764953e-05
               5.5490975                   6.0754235e-05
               5.5502305                   2.8836374e-05
               5.5513635                  -1.9646623e-06
               5.5524964                  -3.1630487e-05
               5.5536294                   -6.014805e-05
               5.5547624                  -8.7508459e-05
               5.5558953                  -0.00011370513
               5.5570283                  -0.00013873169
               5.5581613                   -0.0001625805
               5.5592937                   -0.0001852422
               5.5604267                  -0.00020670633
               5.5615597                  -0.00022696317
               5.5626926                  -0.00024600615
               5.5638256                  -0.00026383408
               5.5649586                  -0.00028045266
               5.5660915                  -0.00029587472
               5.5672245                  -0.00031011907
               5.5683575                  -0.00032320796
               5.5694904                  -0.00033516443
               5.5706234                   -0.0003460095
               5.5717564                   -0.0003557608
               5.5728893                  -0.00036443246
               5.5740223                  -0.00037203685
               5.5751548                   -0.0003785876
               5.5762877                  -0.00038410255
               5.5774207                  -0.00038860628
               5.5785537                  -0.00039213084
               5.5796866                  -0.00039471488
               5.5808196                  -0.00039640145
               5.5819526                  -0.00039723469
               5.5830855                   -0.0003972569
               5.5842185                  -0.00039650651
               5.5853515                  -0.00039501837
               5.5864844                  -0.00039282496
               5.5876174                  -0.00038995896
               5.5887504                  -0.00038645591
               5.5898833                  -0.00038235603
               5.5910158                  -0.00037770468
               5.5921488                  -0.00037255086
               5.5932817                  -0.00036694482
               5.5944147                  -0.00036093558
               5.5955477                  -0.00035456856
               5.5966806                  -0.00034788522
               5.5978136                  -0.00034092387
               5.5989466                   -0.0003337221
               5.6000795                  -0.00032631925
               5.6012125                  -0.00031875822
               5.6023455                  -0.00031108625
               5.6034784                  -0.00030335342
               5.6046114                   -0.0002956104
               5.6057444                  -0.00028790513
               5.6068769                  -0.00028028057
               5.6080098                  -0.00027277321
               5.6091428                  -0.00026541416
               5.6102757                   -0.0002582313
               5.6114087                  -0.00025125258
               5.6125417                   -0.0002445089
               5.6136746                  -0.00023803572
               5.6148076                  -0.00023187278
               5.6159406                  -0.00022606202
               5.6170735                  -0.00022064455
               5.6182065                  -0.00021565717
               5.6193395                  -0.00021113023
               5.6204724                  -0.00020708691
               5.6216054                  -0.00020354449
               5.6227379                  -0.00020051695
               5.6238708                  -0.00019801786
               5.6250038                  -0.00019606254
               5.6261368                   -0.0001946689
               5.6272697                  -0.00019385674
               5.6284027                  -0.00019364584
               5.6295357                  -0.00019405359
               5.6306686                  -0.00019509309
               5.6318016                  -0.00019677254
               5.6329346                   -0.0001990959
               5.6340675                  -0.00020206464
               5.6352005                  -0.00020567956
               5.6363335                  -0.00020994204
               5.6374664                  -0.00021485431
               5.6385989                  -0.00022041853
               5.6397319                  -0.00022663514
               5.6408648                  -0.00023350131
               5.6419978                     -0.00024101
               5.6431308                  -0.00024915012
               5.6442637                  -0.00025790796
               5.6453967                  -0.00026726921
               5.6465297                   -0.0002772205
               5.6476626                  -0.00028775024
               5.6487956                  -0.00029884788
               5.6499286                  -0.00031050202
               5.6510615                  -0.00032269827
               5.6521945                  -0.00033541731
               5.6533275                  -0.00034863446
                 5.65446                  -0.00036232054
               5.6555929                  -0.00037644416
               5.6567259                  -0.00039097486
               5.6578588                  -0.00040588566
               5.6589918                  -0.00042115443
               5.6601248                  -0.00043676287
               5.6612577                  -0.00045269408
               5.6623907                  -0.00046892909
               5.6635237                  -0.00048544386
               5.6646566                  -0.00050220708
               5.6657896                  -0.00051918055
               5.6669226                   -0.0005363216
               5.6680555                  -0.00055358646
               5.6691885                  -0.00057093462
                5.670321                  -0.00058833114
                5.671454                  -0.00060574734
               5.6725869                  -0.00062315905
               5.6737199                   -0.0006405437
               5.6748528                  -0.00065787625
               5.6759858                  -0.00067512679
               5.6771188                  -0.00069225894
               5.6782517                  -0.00070923154
               5.6793847                  -0.00072600134
               5.6805177                  -0.00074252667
               5.6816506                  -0.00075877074
               5.6827836                  -0.00077470322
               5.6839166                  -0.00079029973
               5.6850495                  -0.00080553943
               5.6861825                  -0.00082040159
                5.687315                  -0.00083486247
                5.688448                  -0.00084889343
               5.6895809                  -0.00086246099
               5.6907139                  -0.00087552849
               5.6918468                  -0.00088805868
               5.6929798                  -0.00090001692
               5.6941128                  -0.00091137266
               5.6952457                  -0.00092210062
               5.6963787                  -0.00093218009
               5.6975117                  -0.00094159332
               5.6986446                  -0.00095032394
               5.6997776                  -0.00095835549
               5.7009106                  -0.00096567086
               5.7020435                  -0.00097225228
                5.703176                   -0.0009780823
                5.704309                  -0.00098314392
                5.705442                  -0.00098742056
               5.7065749                  -0.00099089614
               5.7077079                  -0.00099355506
               5.7088408                  -0.00099538162
               5.7099738                  -0.00099636114
               5.7111068                  -0.00099648105
               5.7122397                  -0.00099573273
               5.7133727                  -0.00099411292
               5.7145057                  -0.00099162408
               5.7156386                  -0.00098827376
               5.7167716                  -0.00098407152
               5.7179046                  -0.00097902608
               5.7190371                   -0.0009731421
                 5.72017                  -0.00096641865
                5.721303                  -0.00095884962
                5.722436                  -0.00095042627
               5.7235689                  -0.00094114209
               5.7247019                  -0.00093099731
               5.7258348                  -0.00092000235
               5.7269678                  -0.00090817828
               5.7281008                  -0.00089555501
               5.7292337                   -0.0008821662
               5.7303667                  -0.00086804433
               5.7314997                  -0.00085321494
               5.7326326                  -0.00083769439
               5.7337656                  -0.00082149077
               5.7348981                  -0.00080460787
               5.7360311                  -0.00078705046
                5.737164                  -0.00076883065
                5.738297                  -0.00074997102
                 5.73943                  -0.00073050481
               5.7405629                  -0.00071047363
               5.7416959                  -0.00068992149
               5.7428288                  -0.00066888944
               5.7439618                  -0.00064741093
               5.7450948                   -0.0006255107
               5.7462277                  -0.00060320675
               5.7473607                  -0.00058051542
               5.7484937                  -0.00055745669
               5.7496266                  -0.00053405849
               5.7507591                  -0.00051035854
               5.7518921                  -0.00048640172
               5.7530251                    -0.000462236
                5.754158                  -0.00043790639
                5.755291                  -0.00041345067
                5.756424                  -0.00038889734
               5.7575569                  -0.00036426703
               5.7586899                  -0.00033957709
               5.7598228                  -0.00031484745
               5.7609558                  -0.00029010591
               5.7620888                   -0.0002653907
               5.7632217                  -0.00024074939
               5.7643547                  -0.00021623453
               5.7654877                  -0.00019189707
               5.7666202                  -0.00016778028
               5.7677531                  -0.00014391572
               5.7688861                  -0.00012032306
               5.7700191                  -9.7013748e-05
                5.771152                  -7.3997115e-05
                5.772285                  -5.1286974e-05
               5.7734179                  -2.8906365e-05
               5.7745509                  -6.8889422e-06
               5.7756839                   1.4723472e-05
               5.7768168                   3.5886042e-05
               5.7779498                   5.6557186e-05
               5.7790828                   7.6703756e-05
               5.7802157                   9.6303476e-05
               5.7813487                   0.00011534394
               5.7824812                   0.00013381867
               5.7836142                   0.00015172163
               5.7847471                   0.00016904232
               5.7858801                   0.00018576297
               5.7870131                   0.00020185877
                5.788146                   0.00021730104
                5.789279                   0.00023206181
               5.7904119                   0.00024611846
               5.7915449                   0.00025945654
               5.7926779                      0.00027207
               5.7938108                   0.00028395848
               5.7949438                   0.00029512346
               5.7960768                   0.00030556406
               5.7972097                   0.00031527446
               5.7983422                   0.00032424348
               5.7994752                   0.00033245617
               5.8006082                   0.00033989738
               5.8017411                   0.00034655552
               5.8028741                   0.00035242504
               5.8040071                    0.0003575072
                 5.80514                   0.00036180872
                5.806273                   0.00036533896
               5.8074059                   0.00036810659
               5.8085389                    0.0003701176
               5.8096719                   0.00037137436
               5.8108048                   0.00037187658
               5.8119378                   0.00037162352
               5.8130708                   0.00037061647
               5.8142037                   0.00036886038
               5.8153362                    0.0003663644
               5.8164692                   0.00036314086
               5.8176022                   0.00035920346
               5.8187351                   0.00035456539
               5.8198681                   0.00034923817
               5.8210011                   0.00034323151
                5.822134                   0.00033655454
                5.823267                   0.00032921732
               5.8243999                   0.00032123234
               5.8255329                   0.00031261527
               5.8266659                   0.00030338464
               5.8277988                   0.00029356056
               5.8289318                   0.00028316275
               5.8300648                   0.00027220909
               5.8311973                   0.00026071502
               5.8323302                   0.00024869421
               5.8334632                   0.00023616006
               5.8345962                   0.00022312751
               5.8357291                   0.00020961452
               5.8368621                   0.00019564276
               5.8379951                   0.00018123692
                5.839128                   0.00016642304
                5.840261                   0.00015122656
               5.8413939                   0.00013567087
               5.8425269                   0.00011977709
               5.8436599                   0.00010356493
               5.8447928                   8.7054083e-05
               5.8459258                   7.0266076e-05
               5.8470583                   5.3225158e-05
               5.8481913                    3.595799e-05
               5.8493242                   1.8492159e-05
               5.8504572                   8.5382862e-07
               5.8515902                  -1.6934364e-05
               5.8527231                  -3.4854274e-05
               5.8538561                  -5.2891646e-05
               5.8549891                  -7.1033959e-05
                5.856122                  -8.9267203e-05
                5.857255                  -0.00010757295
               5.8583879                  -0.00012592654
               5.8595209                  -0.00014429734
               5.8606539                  -0.00016265103
               5.8617868                  -0.00018095349
               5.8629193                  -0.00019917462
               5.8640523                  -0.00021729119
               5.8651853                  -0.00023528737
               5.8663182                  -0.00025315268
               5.8674512                  -0.00027087831
               5.8685842                  -0.00028845298
               5.8697171                  -0.00030585975
               5.8708501                  -0.00032307481
               5.8719831                    -0.000340069
                5.873116                  -0.00035681142
                5.874249                  -0.00037327374
               5.8753819                  -0.00038943416
               5.8765149                  -0.00040527905
               5.8776479                  -0.00042080221
               5.8787804                  -0.00043600163
               5.8799133                  -0.00045087468
               5.8810463                  -0.00046541402
               5.8821793                  -0.00047960476
               5.8833122                  -0.00049342425
               5.8844452                  -0.00050684548
               5.8855782                  -0.00051984104
               5.8867111                  -0.00053238834
               5.8878441                  -0.00054447283
               5.8889771                  -0.00055608834
                 5.89011                  -0.00056723587
                5.891243                   -0.0005779193
               5.8923759                  -0.00058814068
               5.8935089                  -0.00059789687
               5.8946414                  -0.00060717779
               5.8957744                  -0.00061596767
               5.8969073                  -0.00062424806
               5.8980403                  -0.00063200173
               5.8991733                  -0.00063921668
               5.9003062                  -0.00064588763
               5.9014392                  -0.00065201591
               5.9025722                  -0.00065760704
               5.9037051                  -0.00066266721
               5.9048381                  -0.00066719973
               5.9059711                  -0.00067120284
                5.907104                   -0.0006746694
                5.908237                  -0.00067758863
               5.9093699                  -0.00067994924
               5.9105024                  -0.00068174244
               5.9116354                  -0.00068296405
               5.9127684                  -0.00068361574
               5.9139013                   -0.0006837034
               5.9150343                  -0.00068323489
               5.9161673                  -0.00068221748
               5.9173002                  -0.00068065559
               5.9184332                  -0.00067854964
               5.9195662                  -0.00067589706
               5.9206991                  -0.00067269342
               5.9218321                  -0.00066893449
                5.922965                  -0.00066461775
                5.924098                  -0.00065974309
                5.925231                  -0.00065431267
               5.9263635                  -0.00064833002
               5.9274964                   -0.0006417993
               5.9286294                  -0.00063472398
               5.9297624                  -0.00062710675
               5.9308953                  -0.00061894994
               5.9320283                  -0.00061025581
               5.9331613                   -0.0006010271
               5.9342942                  -0.00059126684
               5.9354272                  -0.00058097817
               5.9365602                  -0.00057016307
               5.9376931                  -0.00055882247
               5.9388261                  -0.00054695626
                5.939959                  -0.00053456344
                5.941092                  -0.00052164355
                5.942225                  -0.00050819747
               5.9433575                  -0.00049422885
               5.9444904                  -0.00047974382
               5.9456234                  -0.00046475057
               5.9467564                  -0.00044925755
               5.9478893                  -0.00043327181
               5.9490223                  -0.00041679776
               5.9501553                  -0.00039983678
               5.9512882                  -0.00038238827
               5.9524212                   -0.0003644517
               5.9535542                  -0.00034602889
               5.9546871                   -0.0003271256
               5.9558201                  -0.00030775234
                5.956953                  -0.00028792309
                5.958086                  -0.00026765309
               5.9592185                   -0.0002469561
               5.9603515                  -0.00022584206
               5.9614844                  -0.00020431608
               5.9626174                  -0.00018237942
               5.9637504                  -0.00016003208
               5.9648833                  -0.00013727642
               5.9660163                  -0.00011412006
               5.9671493                  -9.0577494e-05
               5.9682822                  -6.6669367e-05
               5.9694152                   -4.241987e-05
               5.9705482                   -1.785301e-05
               5.9716811                   7.0109677e-06
               5.9728141                   3.2157754e-05
                5.973947                   5.7578927e-05
               5.9750795                   8.3269602e-05
               5.9762125                   0.00010922457
               5.9773455                   0.00013543406
               5.9784784                   0.00016188082
               5.9796114                   0.00018853934
               5.9807444                   0.00021537778
               5.9818773                    0.0002423618
               5.9830103                   0.00026945892
               5.9841433                   0.00029664225
               5.9852762                   0.00032389176
               5.9864092                   0.00035119333
               5.9875422                    0.0003785353
               5.9886751                   0.00040590408
               5.9898081                   0.00043328037
               5.9909406                   0.00046063674
               5.9920735                   0.00048793841
               5.9932065                   0.00051514572
               5.9943395                   0.00054221874
               5.9954724                   0.00056912156
               5.9966054                   0.00059582444
               5.9977384                    0.0006223048

